-- phpMyAdmin SQL Dump
-- version 4.8.5
-- https://www.phpmyadmin.net/
--
-- Host: 127.0.0.1
-- Generation Time: Apr 12, 2024 at 02:08 AM
-- Server version: 10.1.38-MariaDB
-- PHP Version: 5.6.40

SET SQL_MODE = "NO_AUTO_VALUE_ON_ZERO";
SET AUTOCOMMIT = 0;
START TRANSACTION;
SET time_zone = "+00:00";


/*!40101 SET @OLD_CHARACTER_SET_CLIENT=@@CHARACTER_SET_CLIENT */;
/*!40101 SET @OLD_CHARACTER_SET_RESULTS=@@CHARACTER_SET_RESULTS */;
/*!40101 SET @OLD_COLLATION_CONNECTION=@@COLLATION_CONNECTION */;
/*!40101 SET NAMES utf8mb4 */;

--
-- Database: `erp_db`
--

-- --------------------------------------------------------

--
-- Table structure for table `tbl_agent_product_transactions`
--

CREATE TABLE `tbl_agent_product_transactions` (
  `agent_transaction_id` int(11) NOT NULL,
  `user_id` int(11) NOT NULL,
  `customer_reference_id` int(11) NOT NULL,
  `sku_id` int(11) NOT NULL,
  `product_id` int(11) NOT NULL,
  `quantity` decimal(12,2) NOT NULL,
  `packaging_id` int(11) NOT NULL,
  `actual_qty` decimal(12,2) NOT NULL,
  `cost` decimal(12,5) NOT NULL,
  `price` decimal(12,2) NOT NULL,
  `header_id` int(11) NOT NULL,
  `detail_id` int(11) NOT NULL,
  `module` varchar(3) NOT NULL COMMENT 'SLS=Sales',
  `type` varchar(3) NOT NULL COMMENT 'IN,OUT',
  `status` int(1) NOT NULL DEFAULT '0' COMMENT '1=Finished;0=Saved',
  `date_added` datetime NOT NULL DEFAULT CURRENT_TIMESTAMP,
  `date_last_modified` datetime NOT NULL DEFAULT CURRENT_TIMESTAMP ON UPDATE CURRENT_TIMESTAMP,
  `actual_kg` decimal(12,2) NOT NULL,
  `served_qty` decimal(12,2) NOT NULL,
  `served_transaction_id` int(11) NOT NULL,
  `served_status` int(1) NOT NULL DEFAULT '0' COMMENT '1=Finished;0=Saved',
  `transaction_date` date NOT NULL
) ENGINE=InnoDB DEFAULT CHARSET=latin1;

--
-- Dumping data for table `tbl_agent_product_transactions`
--

INSERT INTO `tbl_agent_product_transactions` (`agent_transaction_id`, `user_id`, `customer_reference_id`, `sku_id`, `product_id`, `quantity`, `packaging_id`, `actual_qty`, `cost`, `price`, `header_id`, `detail_id`, `module`, `type`, `status`, `date_added`, `date_last_modified`, `actual_kg`, `served_qty`, `served_transaction_id`, `served_status`, `transaction_date`) VALUES
(1, 16, 0, 21, 1, '50.00', 17, '50.00', '105.00000', '110.00', 2, 15, 'PUL', 'IN', 1, '2024-04-04 14:03:00', '2024-04-04 14:04:22', '50.00', '0.00', 0, 0, '2024-04-04'),
(2, 16, 0, 22, 1, '50.00', 17, '50.00', '105.00000', '110.00', 2, 16, 'PUL', 'IN', 1, '2024-04-04 14:03:07', '2024-04-04 14:04:22', '50.00', '0.00', 0, 0, '2024-04-04'),
(3, 16, 0, 41, 2, '50.00', 17, '50.00', '105.00000', '110.00', 2, 17, 'PUL', 'IN', 1, '2024-04-04 14:03:19', '2024-04-04 14:04:22', '50.00', '0.00', 0, 0, '2024-04-04'),
(4, 16, 0, 42, 2, '50.00', 17, '50.00', '105.00000', '110.00', 2, 18, 'PUL', 'IN', 1, '2024-04-04 14:03:23', '2024-04-04 14:04:22', '50.00', '0.00', 0, 0, '2024-04-04'),
(5, 16, 0, 62, 3, '50.00', 17, '50.00', '105.00000', '110.00', 2, 19, 'PUL', 'IN', 1, '2024-04-04 14:03:29', '2024-04-04 14:04:22', '50.00', '0.00', 0, 0, '2024-04-04'),
(6, 16, 0, 63, 3, '50.00', 17, '50.00', '105.00000', '110.00', 2, 20, 'PUL', 'IN', 1, '2024-04-04 14:03:33', '2024-04-04 14:04:22', '50.00', '0.00', 0, 0, '2024-04-04'),
(7, 16, 0, 82, 6, '50.00', 15, '50.00', '105.00000', '110.00', 2, 21, 'PUL', 'IN', 1, '2024-04-04 14:03:41', '2024-04-04 14:04:22', '57.00', '0.00', 0, 0, '2024-04-04'),
(8, 16, 0, 83, 6, '50.00', 15, '50.00', '105.00000', '110.00', 2, 22, 'PUL', 'IN', 1, '2024-04-04 14:03:44', '2024-04-04 14:04:22', '57.00', '0.00', 0, 0, '2024-04-04'),
(9, 16, 0, 102, 7, '50.00', 18, '50.00', '105.00000', '110.00', 2, 23, 'PUL', 'IN', 1, '2024-04-04 14:03:49', '2024-04-04 14:04:22', '12.50', '0.00', 0, 0, '2024-04-04'),
(10, 16, 0, 103, 7, '50.00', 18, '50.00', '105.00000', '110.00', 2, 24, 'PUL', 'IN', 1, '2024-04-04 14:03:53', '2024-04-04 14:04:22', '12.50', '0.00', 0, 0, '2024-04-04'),
(11, 16, 0, 122, 11, '50.00', 19, '50.00', '105.00000', '110.00', 2, 25, 'PUL', 'IN', 1, '2024-04-04 14:03:59', '2024-04-04 14:04:22', '10.00', '0.00', 0, 0, '2024-04-04'),
(12, 16, 0, 123, 11, '50.00', 19, '50.00', '105.00000', '110.00', 2, 26, 'PUL', 'IN', 1, '2024-04-04 14:04:05', '2024-04-04 14:04:22', '10.00', '0.00', 0, 0, '2024-04-04'),
(13, 16, 0, 142, 13, '50.00', 21, '50.00', '105.00000', '110.00', 2, 27, 'PUL', 'IN', 1, '2024-04-04 14:04:10', '2024-04-04 14:04:22', '57.50', '0.00', 0, 0, '2024-04-04'),
(14, 16, 0, 143, 13, '50.00', 21, '50.00', '105.00000', '110.00', 2, 28, 'PUL', 'IN', 1, '2024-04-04 14:04:14', '2024-04-04 14:04:22', '57.50', '0.00', 0, 0, '2024-04-04');

-- --------------------------------------------------------

--
-- Table structure for table `tbl_agent_sales`
--

CREATE TABLE `tbl_agent_sales` (
  `agent_sales_id` int(11) NOT NULL,
  `withdrawal_status` int(1) DEFAULT '0' COMMENT '0 = Fully served ; 1 = Pending',
  `sales_invoice` int(11) NOT NULL,
  `reference_number` varchar(30) NOT NULL DEFAULT '',
  `customer_id` int(11) NOT NULL,
  `for_pick_up` int(1) NOT NULL DEFAULT '0' COMMENT '1 = Yes; 0 = No',
  `status` varchar(1) NOT NULL DEFAULT 'S' COMMENT 'F',
  `sales_type` varchar(1) NOT NULL DEFAULT 'C' COMMENT 'C=Cash;H=Charge',
  `remarks` varchar(255) NOT NULL DEFAULT '',
  `sales_date` date NOT NULL,
  `paid_status` varchar(1) NOT NULL DEFAULT '0' COMMENT 'COMMENT ''1 = Paid; 0 = Unpaid'',',
  `sales_summary_id` int(11) NOT NULL,
  `reward_points` decimal(6,2) NOT NULL DEFAULT '0.00',
  `terms` int(3) NOT NULL,
  `encoded_by` int(11) NOT NULL,
  `date_added` datetime NOT NULL DEFAULT CURRENT_TIMESTAMP,
  `date_last_modified` datetime NOT NULL DEFAULT CURRENT_TIMESTAMP ON UPDATE CURRENT_TIMESTAMP,
  `discount_id` int(11) NOT NULL DEFAULT '0' COMMENT 'Manual Discounts',
  `pullout_detail_id` int(11) NOT NULL DEFAULT '0'
) ENGINE=InnoDB DEFAULT CHARSET=latin1;

--
-- Triggers `tbl_agent_sales`
--
DELIMITER $$
CREATE TRIGGER `cancel_agent_sales` AFTER UPDATE ON `tbl_agent_sales` FOR EACH ROW UPDATE tbl_agent_product_transactions SET status = 0,user_id = NEW.encoded_by WHERE header_id = NEW.agent_sales_id AND module = 'ASLS' AND NEW.status = 'C'
$$
DELIMITER ;
DELIMITER $$
CREATE TRIGGER `delete_agent_sales` AFTER DELETE ON `tbl_agent_sales` FOR EACH ROW DELETE FROM tbl_agent_sales_details WHERE agent_sales_id = OLD.agent_sales_id
$$
DELIMITER ;

-- --------------------------------------------------------

--
-- Table structure for table `tbl_agent_sales_details`
--

CREATE TABLE `tbl_agent_sales_details` (
  `agent_sales_detail_id` int(11) NOT NULL,
  `agent_sales_id` int(11) NOT NULL,
  `product_category_id` int(11) NOT NULL,
  `pullout_detail_id` int(11) NOT NULL,
  `discount_id` int(11) NOT NULL,
  `product_id` int(11) NOT NULL,
  `packaging_id` int(11) NOT NULL,
  `actual_qty` decimal(12,5) NOT NULL,
  `actual_kg` decimal(12,2) NOT NULL,
  `sku_id` int(11) NOT NULL,
  `discount` decimal(8,2) NOT NULL,
  `quantity` decimal(12,2) NOT NULL,
  `cost` decimal(12,5) NOT NULL,
  `price` decimal(12,2) NOT NULL,
  `user_id` int(11) NOT NULL,
  `date_added` datetime NOT NULL DEFAULT CURRENT_TIMESTAMP,
  `date_last_modified` datetime NOT NULL DEFAULT CURRENT_TIMESTAMP ON UPDATE CURRENT_TIMESTAMP,
  `agent_transaction_id` int(11) NOT NULL,
  `status` varchar(1) NOT NULL COMMENT 'S = Saved; F = Finish',
  `pullout_return_status` varchar(1) NOT NULL COMMENT 'Y = Returned'
) ENGINE=InnoDB DEFAULT CHARSET=latin1;

--
-- Triggers `tbl_agent_sales_details`
--
DELIMITER $$
CREATE TRIGGER `delete_agent_sales_detail` AFTER DELETE ON `tbl_agent_sales_details` FOR EACH ROW DELETE FROM tbl_agent_product_transactions WHERE header_id = OLD.agent_sales_id AND detail_id = OLD.agent_sales_detail_id AND module = 'ASLS'
$$
DELIMITER ;
DELIMITER $$
CREATE TRIGGER `update_agent_sales_detail` AFTER UPDATE ON `tbl_agent_sales_details` FOR EACH ROW UPDATE tbl_agent_product_transactions SET quantity = NEW.quantity,actual_qty = NEW.actual_qty,cost = NEW.cost,price = NEW.price WHERE header_id = OLD.agent_sales_id AND detail_id = OLD.agent_sales_detail_id AND module = 'ASLS'
$$
DELIMITER ;

-- --------------------------------------------------------

--
-- Table structure for table `tbl_assign_branches`
--

CREATE TABLE `tbl_assign_branches` (
  `assign_id` int(11) NOT NULL,
  `branch_id` int(11) NOT NULL,
  `module_id` int(11) NOT NULL,
  `module` varchar(5) NOT NULL,
  `visibility_status` int(1) NOT NULL,
  `date_added` datetime NOT NULL DEFAULT CURRENT_TIMESTAMP,
  `date_last_modified` datetime NOT NULL DEFAULT CURRENT_TIMESTAMP ON UPDATE CURRENT_TIMESTAMP
) ENGINE=InnoDB DEFAULT CHARSET=latin1;

--
-- Dumping data for table `tbl_assign_branches`
--

INSERT INTO `tbl_assign_branches` (`assign_id`, `branch_id`, `module_id`, `module`, `visibility_status`, `date_added`, `date_last_modified`) VALUES
(1, 7, 3, 'USE', 1, '2024-04-04 12:33:36', '2024-04-04 12:33:36'),
(2, 8, 3, 'USE', 1, '2024-04-04 12:33:36', '2024-04-04 12:33:36'),
(3, 6, 3, 'USE', 1, '2024-04-04 12:33:36', '2024-04-04 12:33:36'),
(4, 5, 3, 'USE', 1, '2024-04-04 12:33:36', '2024-04-04 12:33:36'),
(5, 4, 3, 'USE', 1, '2024-04-04 12:33:36', '2024-04-04 12:33:36'),
(6, 3, 3, 'USE', 1, '2024-04-04 12:33:36', '2024-04-04 12:33:36'),
(7, 2, 3, 'USE', 1, '2024-04-04 12:33:36', '2024-04-04 12:33:36'),
(8, 2, 10, 'USE', 1, '2024-04-04 12:42:51', '2024-04-04 12:42:51'),
(9, 2, 32, 'USE', 1, '2024-04-04 13:01:31', '2024-04-04 14:30:40'),
(10, 5, 32, 'USE', 1, '2024-04-04 13:01:35', '2024-04-04 14:30:40'),
(11, 2, 32, 'EMP', 1, '2024-04-04 14:12:19', '2024-04-04 14:12:19'),
(12, 8, 32, 'USE', 1, '2024-04-04 14:30:40', '2024-04-04 14:30:40'),
(13, 8, 33, 'USE', 1, '2024-04-04 15:34:37', '2024-04-04 15:34:37'),
(14, 8, 33, 'EMP', 1, '2024-04-04 15:35:22', '2024-04-04 15:35:22');

-- --------------------------------------------------------

--
-- Table structure for table `tbl_barcode_request`
--

CREATE TABLE `tbl_barcode_request` (
  `barcode_request_id` int(11) NOT NULL,
  `product_id` int(11) NOT NULL,
  `branch_id` int(11) NOT NULL,
  `product_code` varchar(100) NOT NULL,
  `quantity` int(11) NOT NULL,
  `is_approved` varchar(1) NOT NULL COMMENT 'P = Pending; A = Approved',
  `date_added` datetime NOT NULL DEFAULT CURRENT_TIMESTAMP,
  `date_last_modified` datetime NOT NULL DEFAULT CURRENT_TIMESTAMP ON UPDATE CURRENT_TIMESTAMP,
  `sequence_number` int(11) NOT NULL,
  `transaction_id` int(11) NOT NULL,
  `module` varchar(50) NOT NULL DEFAULT ''
) ENGINE=InnoDB DEFAULT CHARSET=latin1;

--
-- Dumping data for table `tbl_barcode_request`
--

INSERT INTO `tbl_barcode_request` (`barcode_request_id`, `product_id`, `branch_id`, `product_code`, `quantity`, `is_approved`, `date_added`, `date_last_modified`, `sequence_number`, `transaction_id`, `module`) VALUES
(1, 1, 2, 'PJ', 12, 'A', '2024-02-25 07:46:19', '2024-02-25 07:46:28', 12, 0, ''),
(2, 7, 2, 'SB250g', 12, 'A', '2024-02-25 07:46:26', '2024-02-25 07:46:29', 12, 0, ''),
(3, 6, 2, 'BKS', 12, 'A', '2024-02-29 12:35:48', '2024-02-29 12:35:51', 12, 0, ''),
(4, 1, 2, 'PJ', 10, 'A', '2024-03-07 04:10:12', '2024-03-07 04:11:04', 22, 0, ''),
(5, 6, 2, 'BKS', 10, 'A', '2024-03-07 04:10:19', '2024-03-07 04:11:06', 22, 0, ''),
(6, 7, 2, 'SB250g', 10, 'A', '2024-03-07 04:10:25', '2024-03-07 04:11:07', 22, 0, ''),
(7, 1, 2, 'PJ', 8, 'A', '2024-03-10 08:56:12', '2024-03-10 08:56:26', 30, 0, ''),
(8, 6, 2, 'BKS', 8, 'A', '2024-03-10 08:56:19', '2024-03-10 08:56:28', 30, 0, ''),
(9, 7, 2, 'SB250g', 8, 'A', '2024-03-10 08:56:24', '2024-03-10 08:56:30', 30, 0, ''),
(10, 2, 2, 'PMR', 14, 'A', '2024-03-13 07:51:23', '2024-03-13 07:52:55', 14, 0, ''),
(11, 3, 2, 'CLQT', 14, 'A', '2024-03-13 07:52:10', '2024-03-13 07:52:58', 14, 0, ''),
(12, 11, 2, 'CS200g', 14, 'A', '2024-03-13 07:52:40', '2024-03-13 07:53:02', 14, 0, ''),
(13, 13, 2, 'CF', 14, 'A', '2024-03-13 07:52:46', '2024-03-13 07:53:09', 14, 0, ''),
(14, 2, 2, 'PMR', 16, 'A', '2024-03-14 12:03:24', '2024-03-14 12:03:57', 30, 0, ''),
(15, 3, 2, 'CLQT', 16, 'A', '2024-03-14 12:03:33', '2024-03-14 12:04:01', 30, 0, ''),
(16, 11, 2, 'CS200g', 16, 'A', '2024-03-14 12:03:42', '2024-03-14 12:04:11', 30, 0, ''),
(17, 13, 2, 'CF', 16, 'A', '2024-03-14 12:03:48', '2024-03-14 12:04:18', 30, 0, ''),
(18, 4, 2, 'CSM', 10, 'A', '2024-04-03 02:13:20', '2024-04-03 02:13:38', 10, 0, ''),
(19, 1, 2, 'PJB', 100, 'A', '2024-04-04 12:58:11', '2024-04-04 12:59:09', 130, 0, ''),
(20, 23, 8, 'PJSLAB', 1, 'A', '2024-04-04 16:48:31', '2024-04-04 16:48:31', 1, 12, 'DPR'),
(21, 22, 8, 'PJSLICE', 1, 'A', '2024-04-04 16:48:31', '2024-04-04 16:48:31', 1, 13, 'DPR');

-- --------------------------------------------------------

--
-- Table structure for table `tbl_beginning_balance`
--

CREATE TABLE `tbl_beginning_balance` (
  `bb_id` int(11) NOT NULL,
  `branch_id` int(11) NOT NULL,
  `chart_id` int(11) NOT NULL,
  `reference_number` varchar(30) NOT NULL,
  `bb_ref_id` varchar(30) NOT NULL,
  `bb_amount` decimal(12,2) NOT NULL,
  `bb_date` datetime NOT NULL,
  `bb_remarks` varchar(255) NOT NULL,
  `bb_paid_status` int(1) NOT NULL,
  `encoded_by` int(11) NOT NULL,
  `date_added` datetime NOT NULL DEFAULT CURRENT_TIMESTAMP,
  `date_last_modified` datetime NOT NULL DEFAULT CURRENT_TIMESTAMP ON UPDATE CURRENT_TIMESTAMP,
  `bb_module` varchar(3) NOT NULL,
  `bb_qty` decimal(12,2) NOT NULL
) ENGINE=InnoDB DEFAULT CHARSET=latin1;

-- --------------------------------------------------------

--
-- Table structure for table `tbl_branch`
--

CREATE TABLE `tbl_branch` (
  `branch_id` int(11) NOT NULL,
  `branch_name` varchar(50) NOT NULL,
  `receipt_header` text NOT NULL,
  `receipt_footer` text NOT NULL,
  `date_added` datetime NOT NULL DEFAULT CURRENT_TIMESTAMP,
  `date_last_modified` datetime NOT NULL DEFAULT CURRENT_TIMESTAMP ON UPDATE CURRENT_TIMESTAMP,
  `file_upload` longtext NOT NULL
) ENGINE=InnoDB DEFAULT CHARSET=latin1;

--
-- Dumping data for table `tbl_branch`
--

INSERT INTO `tbl_branch` (`branch_id`, `branch_name`, `receipt_header`, `receipt_footer`, `date_added`, `date_last_modified`, `file_upload`) VALUES
(2, 'E & S MEAT CORPORATION - HEAD OFFICE', 'San-Rey ERSI Distribution - Bacolod <br> Magsaysay Ave, Bacolod, 6100 Negros Occidental', '', '2024-01-15 10:31:01', '2024-03-13 08:21:17', 'data:image/jpeg;base64,/9j/4AAQSkZJRgABAQAAAQABAAD/4gHYSUNDX1BST0ZJTEUAAQEAAAHIAAAAAAQwAABtbnRyUkdCIFhZWiAH4AABAAEAAAAAAABhY3NwAAAAAAAAAAAAAAAAAAAAAAAAAAAAAAAAAAAAAQAA9tYAAQAAAADTLQAAAAAAAAAAAAAAAAAAAAAAAAAAAAAAAAAAAAAAAAAAAAAAAAAAAAAAAAAAAAAAAAAAAAlkZXNjAAAA8AAAACRyWFlaAAABFAAAABRnWFlaAAABKAAAABRiWFlaAAABPAAAABR3dHB0AAABUAAAABRyVFJDAAABZAAAAChnVFJDAAABZAAAAChiVFJDAAABZAAAAChjcHJ0AAABjAAAADxtbHVjAAAAAAAAAAEAAAAMZW5VUwAAAAgAAAAcAHMAUgBHAEJYWVogAAAAAAAAb6IAADj1AAADkFhZWiAAAAAAAABimQAAt4UAABjaWFlaIAAAAAAAACSgAAAPhAAAts9YWVogAAAAAAAA9tYAAQAAAADTLXBhcmEAAAAAAAQAAAACZmYAAPKnAAANWQAAE9AAAApbAAAAAAAAAABtbHVjAAAAAAAAAAEAAAAMZW5VUwAAACAAAAAcAEcAbwBvAGcAbABlACAASQBuAGMALgAgADIAMAAxADb/2wBDAAMCAgICAgMCAgIDAwMDBAYEBAQEBAgGBgUGCQgKCgkICQkKDA8MCgsOCwkJDRENDg8QEBEQCgwSExIQEw8QEBD/2wBDAQMDAwQDBAgEBAgQCwkLEBAQEBAQEBAQEBAQEBAQEBAQEBAQEBAQEBAQEBAQEBAQEBAQEBAQEBAQEBAQEBAQEBD/wAARCAHVAyADASIAAhEBAxEB/8QAHgABAAICAgMBAAAAAAAAAAAAAAgJBQcEBgEDCgL/xABnEAABAwMDAgMEBAQPCgsEBgsBAgMEAAUGBwgREiEJEzEiQVFhFDJxgSNCUpEVFhk0VmJyc4KVobGytNIkMzY4dYOSs8HRFxg3OUNTY3R2lqIlNVfwJkRUVaPT4fFkhZPCw8QnZYT/xAAcAQEAAgMBAQEAAAAAAAAAAAAAAwYCBAUHAQj/xAA8EQEAAQMCAgcHAgUCBgMAAAAAAQIDBAURITEGEjJBUWFxEyKBkaGx0TPBFCNC4fAVUgcWQ5Ki8SQ0gv/aAAwDAQACEQMRAD8AtTpSlApSlApSlApSlApSlApSlApSlApSlApSlApSlApSlApSlApSlApSlApSlApSlApSlApSlApSlApSlApSlApSlApSvBIHqQKDzSuDJvlkhHiZeILB/wC1kIT/ADmsPP1P02tf/vLUHG4n79dWEfzqoOzUrXUncdt8hqKJeuWAsqHqHMjhpI/O5XBd3VbYmP79uI01b4/KymCP/wCrQbTpWqmt1+15/wDvO4vTNfP5OVQT/wD1a5jO5bbrIIDGvGnzhPp05LDPP/4lBsmldTgat6V3Xj9DNSsWl9Xp5N4jr5/Mus1GyXHJhAiX+2vk+gblNq/mNBkqV+UrQsdSFhQPvB5r9UClKUClKUClKUClKUClKUClKUClKUClKUClKUClKUClKUClKUClKUClKUClKUClKUClKUClKUClKUClKUClKUClKUClKUClKUClKUClKUClKUClKUClKUClKUClKUClKUClKUClKUClKUClKUClKUClKUClKUClKUClcO7Xi0WG3vXa+XSJboMdJW9JlPJaabSPepaiAB9pqLOrvie7TNKW5MePmj2YXNgEJh46z9JClj3F5RS0B8+o/IGgllXgkDuTVPep3jV6pXlT8XSnTGyY3HJIbk3N9c+Rx7ldICG0n5cK+01EjU/ejuh1gU63mmsmRORHieqBBlGFE4+BZY6UqH7oE0F/2ca+6J6aocXnmqmMWQtfXbl3JpLg/gc9X8lRyz/xZ9n2Fh1qz5Hfcvktnp8uyWpYST++SC0gj5gmqPLFjGY5zdBbcasF3v8AcXT2YgxXJTyj+5QCakFgXhubw8/Q29D0jmWhhwch69SG4QA+PSs9f3dPNBL3M/G9jDzGtPtC3T6hD14uoHP2oaSeP9I1pnJ/GU3SXdKmsesuGWFKvRbduckOJ+wuuFP5013HAvBM1Zuflvakau4zYGz3Uzaor1xdHyJX5KQfsJrfWL+C1t+tiGzlGoGY3twD2/LWxFQr7AlCiP8ASNBXdlXiIbzMuWoz9eL9DQfRFsbYgAfewhJ/Oa1le9weu+SEm/6y5rcOokkSL7JWOT8iurusX8L3ZdjJQtzSxy8uI44XdLpJdB+1CVpQfvFbWx/aZthxbpNi2/afxloAAcOPxXHP9NaCo/noPnHVecvvbhC7rd56+e/Lzrp7/ea5sXTvUe7KCoWEZHMK/RTVtfX1feE19N1uxTF7O0GLRjdqgtgABEaG20kD7EgVkUR47fZthtP2JAoPmcY2+67y+DH0ezNwe4iySP7FZFna3uQfA8nQ/NlA/Cyv/wBmvpV7CnI9OaD5rXNq+5Rju5obmyf/ANyv/wBmsfI266+xOfpGjeZo49ebJI/sV9MXI+NeaD5gZ2lmqFrWU3DTzJoqk/8AW2mQjj86Kxq38ush5W/doJT27qdaI/mr6jVMtL+u0hX2pBrhy7DY57RYnWaDJbV6oejoWk/cRQfM1ZtbNY8dKTYdVcutxSOE/Rr1Ib4H8FdbIxjfpvBxFxDlq3AZU75fTwm4SEzkHj3FMhKwaviyHbPt1yvrOR6FYDcFrJUpx7HYhWSff1eX1c/PmtWZT4auy/KupTmjEO1uq/6S1TZMXj7EJc6P/TQVp4t4wO7ixJbavb+KZChHHUuZaA04r72FIH/prcmHeN5f2lNt57odBkp9FuWq6KaV9oS4lQ+7mt2ZR4M+2a7hasfybMrGpX1emY1ISk/YtHPH31ozPPBDy2K24/plrjariruW418tjkTt8C6yp3k/wBQSHwHxhNqWVKQxlTWV4c8r6y7hbRJYB+S4ynFH7SgVI/BN1e3HUtLf6SdZ8VuLjvHSz9PQy9yfcW3OlYPyIqmLOfC23j4Qhx5GnsXImW+fwljuLcjqHxCFdDn/AKajnmWmOpemcz6LnmC3/HHwopSLjAdjdR/aqUAFfcTQfT62426hLrS0rQscpUk8gj4g1+q+aLTfcrr7pC+27p1qzk1kbbIIisz1qjK+SmFktqH2pqW+mnjLbg8XDMfULFsczKOngOOdCoElQ/dtgoB/zdBdNSoSaQ+Lfte1FQ1DzB674DclABaLqyHovV+1kNc8j5rSj7Kl9h2dYZqFZ28gwXKrVf7a72TKt0tD7fPHPBKCeD39D3oM7SlKBSlKBSlKBSlKBSlKBSlKBSlKBSlKBSlKBSlKBSlKBSlKBSlKBSlKBSlKBSlKBSlKBSlKBSlKBSlKBSlKBSlKBSlKBSlKBSlKBSlKBSlKBSlKBSlKBSlKBSlKBSlKBSlKBSlePTuaDzSo57jt+m3rbY05b8lylF6yQIKm7DZyJEnn/tVA9DA/dkE+4GqtNxXiobhdZn37ThM//g+xtXUlMW0uH6Y8k+96Ufa5+TYQO/fn1oLcNdd4O3zbsypvUnUGCxdCjrbs8NQkz3B7j5KOSgH3KX0j51Xhrr40GaXgvWjQDBItginlP6L3siVLWPi2ykhtv+EXPsFVwMR8iy+8eXGZuF4uk5z6qErkSH3FH4DlSlE/aamdoF4S+4fVaPFvuoKGNO7LIAWn9E0eZcFoPvEVJBbPycKD8qCLuqmvWsmt0/8ARHVHUK95CpKittmVJUY7J/7NkcNo+5IrIaS7Z9eNdJCWtL9Mr7fGOrpXNbjFuG0fgqQvhtJ+XVz8qul0M8Mba5owyxMm4u7m18b4Uq45EpLyAv8A7OOkBpI59OUqV8VGpWwoMG2RGoFuhsRYrCQhplhsIbQkegSkcAD5CgqH0f8ABZ1HvRYuGtGpFsxuKeFLgWhn6bLUPyS4opbQfmOv7KmVpp4XO0HTnynpGCycrlt8Ev5BLMgKI95aQEN/d01IzNdUtOdOYS7hnOa2iytIHPEqUlLivklvnrWfkkE1GTPfEs0tsq3I2BYxdskcRyEvvcQmFH4jrBc4+1IqK5ft2u3Ozfw9MzM+dse3NX2+c8ErMYw7EsItiLLh2MWqxQG/qxbdDbjND+CgAVlHn2Y7anX3kNoSOVKWoAAfEk1Vjn/iEa/5gXGLBMtmJw1cgItsfrfI+bzvUefmkJrROUaj5/myyvLszvN36u5TLmuOI/0SeP5K0q9St09mJlZ8XoPmXY3v1xR5c5/aPqt1y3dHt+wl1yNfdVrB9Ja7Ljw5P0t1J+BQz1EH7eK1NkniPaDWgrTZYmRXtQ9PIhpZQfvdUk/yVWAAT2A9PdXtbiSnfqR3D8+OB/LWpXqdzuiIWDH6DYVHG7VVV8oj7b/VOzIvFFeUlbeJaQpBP1XbjduePhy223//AD1re7eJDuBnrV+h8LFbag89IZt7jikj7XHSD+aoxos81XqlCftV/urxKti4jPnOOpPcDgCtarULtXDrOva6J6bZjeLET6zM/eW77nvm3M3Pkf8ACB9FB/8As0Fhvj7PYrrcvdduMnE+dq9kCef+qeS3/RSK6TAxmPLsf6LOSXUr6inoSBx9bivULNDHqXT/AAh/uqCc2qeHWl07eg4tuImmzRH/AOY/DsUncBrlKUVydXswUT68XmQgfmCuK4D2sWrj/wDftUsuVz8b5J/t1jxaYI/6In7VGsdc4KYqwtpP4NX8hrGMmqrhvKWdMs2o39nT8o/DPs6uasR/71qflyfsvcr+3XNY151ujceRq7mKSP8A/dyD/OqsBFhQJMdDvkDkjvwo+tcS6wmo/luMpKQrkEck96RkzvtvJVpljq9abdMx6R+Gw4m6XcTB48nWDIzx6ByT5n9IGuwWze1uYtZBTqS/JA78SYjDvP50Vp63W+PLjlx0rCuoj2TX6l2llhlbyHV+yOwPFZ/xdUcOtKCvRMS5T1qrNM/CPwkZbPEX3F28JEl3GbiE+v0q1kE/b5TiK2Hjfih5EyEoy7Sa3S/ynbbc1sfeEOIX/SqGlrxxy6WyRcm5SWxHUUlCkk88AH1++uKqzTE/VKF/Yrj+epadQuxO3XaN3orpt6nebERv4bx9pWR454lmjFzUlF/xvJLMo+qi03IQPvQrn+Stq4xvC235UptqHqraYbrhADdzKoXf4dTwSn8xqoByDLa+vHWB8QOR/JXpII7EEfbWzTqd2Oe0uPf6D4Ff6c1Uz67x9Y3+q+C33O23aMibarhGmR3Byh2O6lxCh8QpJINLlbLZeIbttu9vizoj6Sl2PJaS62sH3KSoEEfbVGeP5ZlGKPiVi+RXK0u889UKUtnk/PpI5rdeB76dxeDuNoeyxnI4iOAY16jh4EfviSl0H+H9xrbo1Oie3GzgZXQbKojfHuRV5Twn94+ya2pfh07Q9Ty89cdJoFllvckybCowFAn39Lf4P/01DzWHwT3m/NuOherHmpHdFrySOAv7BKZAB+wtD91W+8F8TjFZpaj6iYBOtajwHJNsfElsfFXQvpUB8uSftqTene4HRzVWOh7CM/tc11Q7xHHfIlI/dMudKx9vHHzrdt5Fq72ZVnM0fOwP/sW5iPHnHzjeFBmsWyXc3oY2/PznSu7foVH7rutub+mQ0j8pTjXPlj92E1rDBtRc/wBML2jIdPsuvGOXJvgfSLdLWwtQH4qukjqT+1PI+VfUGQlaSlQBB7EH31HvWvYVtg12bkv5RpzFtd3kAn9GLHxClpUfxiUjoWf3aFCpnMVu6G+MRrng7rFs1esdvzy0pASt9PEK4oHxDiQW1/YpAJ/KFWI6DeIZtk19fj2iyZsiwX+RwEWi/dMR5xf5LayfLcPySok/CoBa6+DZqziDcm8aIZREzaE3ytNumdEK4BPwSSfKcP3o59w91QIy3Bs207vT1gzfFrtj90irKXItxiOR3UqH7VYB+wjsfdQfUSCCAQQQfSvNfPdt88Qnclt9lxY1rzB3I8eZ4S5Y74tUlhSB7m1k+Y0ePQpVx6cgjtVpO23xRNvmur8XHcnm/pByeQAlMS8PJTDfc/JalHhBJPolfQTyAOTQTIpX4aeafbS8w6lxtYCkrQeUqB9CCPUV+6BSlKBSlKBSlKBSlKBSlKBSlKBSlKBSlKBSlKBSlKBSlKBSlKBSlKBSlKBSlKBSlKBSlKBSlKBSlKBSlKBSlKBSlKBSlKBSlKBSlKBSlKBSlKBSlKBSlKBSvBUEgqUQAO5Jqvveh4qOIaSGVp7oG5CyjLkFbMu6qIct1tUO3CSD+HdB9w9ge8k9qCXOum43SLbni7mU6qZYxbWyhRiwkfhZk1Y9EMtD2lEntyeEj3kDvVR26bxW9YNZW5WJaUIdwHFXipDi47oNzlt+nSt4f3pJ96W+D7iojkGHuo2p+e6t5XMzXUTKLhfbxOWVuyJbpWQPchA9EIHoEpAAHoK3ttR8P7WrdDOiXiJAOOYUXAZGQXBpQQ4gH2hGb7F9fu7cIB55UOOKCN8KBfMnu7cO3w5tzuM93pbaZQp559xR9wHKlE1PnbR4Q2qeo8eLlWuF0Vgtke4Wi2JQHbq8j4qSfYYBHp1Eq+KR77JttmyjQnbBbwrB8Zbm39xsIk5BckJenOfEIURwygn8VHAPbnngVvlSkoSVKUAAOSSfQUGptDNq2he3W0NW3THA4MKUlID11kID8+Sr3qW+r2vj7KeEjnsBW1n5DEVlciS8hpptJUta1BKUgepJPYCoy66b9NLtL0yLJhxTmGQoJR5cR4JhsK54PmPjkEj8lAJPoSn1qBOse5zV7W58tZZkjjFqCupu0wSWYifh1JB5cI+Kyrj3cVp3861Z4RxlZtL6K52o7V1R1KJ755/COf2hYPrBvs0U0wDlus9yVl16SSkxLUoKZaUP+tfPsDv7k9Svl76htqnv61y1BQ5bsfnM4dbHOQW7X+uVp+CpCvaH8Dp++o1Dv2HevY5HeZSlbiCkK+qT765N7Pu3OG+0eS/af0V0/B96aevV41cfpy+72XC43C7Slz7rPkTZLpJW9IdU44o/NSiSa9CEKcUEIHKlHgD412oY9bo9ohz+lbjsgBR61cgcjnjiutXp2NYiu4SX0sxmh5pWo8BIB9Pz1z6b3tKtqea012P4e31qtopj6Q8zYybXb37nc5TUZiOgrWpR9BWv8X1hx28ZKm1TY6osR1RQzIdWAFH3dQ/F5+2tfap6pzM2mmDBLke0R18tNc8F0+nWv5/Ae6tfIJ6ua7WNp29re/2p+n93m2r9M6qMymnTuNumeMz/AFfiE4kMstgeU0hPwIFfutF6P6v+T5OKZXKAaSA3DmOH6vwbWfh8D7vQ1vQce6uHlY9zFudW5x8J8Xo2javjazjxfx59Y74nw/E97zXAvX6y/hj+Y1z64F6/WX8Mf7aio7UOld7Es7ZT/wDQ0fvp/p1wT61zrL/gcP30/wCsrgn1qP8AqlJHYp9IeFEJBUTwB3r3Yrgmomqk9y2YFidzvKmeCtERnqSge4rWeEp+8iuLJQpyO4hHqUnj81WsbN7Rg9s284k7hBbdbmQ0v3F7pAcXPI/ugOcehSvlIHPZKU10NNxoyq5iqeSq9K9br0XGprt07zVO3l8VX2Z6QawaStokZ1gl2s0VxQSHX2wthSj7vMQVI5/hc11i6OpfhMvJPZSufs7VdnqDZ8QvmEXu2Z2zFcx96C9+iH0ogNoYCCVLJP1ekdwr1BAI7iqUpsGMpwxLa647CEl0sOLTwpTAUegke4lPH3mps/Epxa6aqZ4S0+i+v3dbtXKLtG007cuXH173stbRaho59Vkq/P6V+rj+snfsFcgAJASPQDgVx7j+snfsFcvfeYnzXKY6tuY8mSxL/Bi4fvi/6Ca4orlYl/gxcP3xf9BNcUV8ntyzo/Ro9HmvwtppwcLbSr7QDX7rV+rOrLWKtOWGwupcuywQ64OCIo/2r+Xu9amsWK79cUW44tHUtSx9Lx5yMmdqY+cz4R4y8akamY9h81u1wov0ycPakIbX0pZT8Ce/tH4fnrsWNTIOW2Zq82aWhxtwcKbV2U2v3pV8DUTZEh+Q6p55xbji1FalqPJUT6kk+tdiwPPbtgt2TOgqLsdzhMmOo+y6n/YR7jXfuaZEWYi1PvR497y/D6b3Ks+a8un+TV3Rzp89+/z+iTLsWSweHWlD58dq/DTjrDiXmXFNuIPKVIVwoH4gj0rKY1k1pyy1NXazyQ6y4OFoP1m1cd0qHuIrlSLbFkcqKOlXxT2rhzcmierXG0w9Oot28i3F2xVE0zxjzhtHSveZrvpUpqLFypd9tLfA/Q688yEAfBDhPmI+QCun5Gpi6ReIppZmbrVo1EhPYdcFjgSXCX4Divh5iR1Nn92np/bVWjDgSrg8piG0XFpSV9IPcgV6XELaWptxCkLSeClQ4INb9nOu2uU7x5q1qPRjAz4mqqjqz408P7T8l7dmvdnyG3tXWxXSLcIb46m5EZ5Ljax8lJJFdZ1P0Z0t1nsLuN6oYNashgupKQJbALjfzbcHC21fNKgap90x1m1L0euwu2n+VS7aVEedG6uuNIA9zjSuUq+3jke4ip0aH+IziWTLZsGsVsTjlwXwhF0jcuQXT+3SfbZP+kn5p9K61jPt3eFXCVB1TojmYO9yx/Mo8ufy/G6NW5DwarnBamZLtrydVxQ31Opxy8upQ+R69DEnshR9wDnT81/GtnNsCzPTfIZOK51jNysV2iK6XYk5hTTifnwfUfAjkGvp+td1tl7t7F2s9xjToUpAcYkR3UuNuoPopKkkgj5iuga4bdNH9xOMqxjVXDol1aTyY0sDy5cRZH12Xk+0g/Ec9J47git5VJiYnaVI+13xENd9tT7NmbuisrxAEBdjuzylpZT8Y7vdTJ+Q5R+1571cDtf3uaJbp7Sj9KF5NqyNtPMvHrkpLcxsj1U3wel5HvCkE9vUJPaqvd3fhbao6Guysx0oTLzfCkJU64GWebjb0juQ60n++IA/6RH3pTxyYU2i9XvGbrGvFiuku2XGC6l2PKiuqZeZcSeQpK08KSQfeKPj6mK81VNs18WyUJUHTrdE8HWFhLEXLm0ALQr0AmNpHBB/61Pcce0DyVC0yzXq05Faol9sNyjXC3T2kvxpUZ0ONPNqHKVJUOxBFBzaUpQKUpQKUpQKUpQKUpQKUpQKUpQKUpQKUpQKUpQKUpQKUpQKUpQKUpQKUpQKUpQKUpQKUpQKUpQKUpQKUpQKUpQKUpQKUpQKUpQKUpQKUpQKxWU5TjuE49cMsyy8RbVZ7WwqTMmSnAhpltI7qUT/APJrgaiaiYZpTh1zz3Pr/Fs9ktDCn5MmQsJHAHZCR6qWo8BKRyVEgAEmqJ98e+3Md1uULs9pMmyaf2x3/wBnWkOnqlKH/wBYk8dlLPuT6IHA7nlRDaO+nxNcn1okT9MtEp8yw4IUqjypyQWpd5B7K5Pq0yR26B3UCer16RBCzWW8ZNd4ljsNslXK5XB9EaLEisqdefdWeEoQhIJUokgAAcms3plplm+sOa2zT7T2xP3a93Z4MsMNjsn4rWr0QhI7qUewFXk7JvD9wHazZ2MmvyI2Q6iym/7quykctQgR3ZipP1R68rPtK+Q4FBHfZX4TkGy/RNSd0EJqbNPS9CxNK+plj3hUxQPDiv8Ash7I/GKuekWbwoUO3RGYFvitRosZtLTLLKAhDaEjhKUpHYAAAACvcSB6+lRP3R747DpUqZg2mxi3vLEo8t+T1hcW2qP5XH98dH5APCT9b06aju3aLNPWrnaG3hYORqN2LOPTvV9vOfCG6dZdf9NNDLOLjm18QiW+lSodtYIXLlcfkN8/V57FR4SPeara193l6n62vS7PFlOY5iz3KE2qI6ep5v8A/aHRwXOfensn3cH1rTGV5dk2c32Tk2XXqVdbnMV1OyJDnUo/AD3BI9yRwB7hWMYYdkuBtpPJPqfcK4eTnV3eFPCHqmi9FcbTtrl737n0j0j95euuRCiGY95QX08DqJ493yrJJtDTUZzrPW6Ung+4Hj3VwbSspmo7/WSR/JzXNm5vE9VcIszTVEVd7LxoMeLwUI5V+Urua4V9+qz/AAv9lZWsVfPRgD3lX+yoaJ3qiW1fpim3O0Ow3edEteHwrjcJCI8aOylbjizwEjp/+e3vNRP1Q1OmZ5cBbrchbVqZc4YaH1nVenWr5n3D3VyNW9Wrrmi2cfjhcWz2zhttnnu8tPYuL/2D3fbXV9PLhltjzG15XhVufl3XHpLd2ZDcVUgNlhQWFrQAfYBSOee3FWHTtOixHtbnanl5f3eSdLelc6lVOHhztajhM/7pj9vu37sr0K0I10ynJdJ9YstuuKZlcoqGMRc5DbH00dfW26lQ9pfZHDZKeR1gHq4rZOiFpwvZ/q7mG2rejpZaJmOZs0zGOQLjeYuIhKlhqVHe46wwoklRRwpKkJJ7pIrbWWYjp54mmnn/AAx6OJjYjuBxJhpd5syH0tfon0J9laFcg+qR5bvqk+wv8VQ42leqWG73sJO0Pdy09j2rdh82LjOTzo/lSjJR28l4K6VB72eFoPAdA9ywCeuoKLe8nZpk+2LJWb5aH1ZBpzkCvPx/IWSHG3ELHWhl1SPZDnSeQR7Kx7SfeB1vR/WEI8nFcsl+x2bhy1n6nuDayfd8D7vQ/KV2lmqt52xZDdtjO+mwC86Z3Qpj2+dIQpxuAhauG5DDnHUY5JB5T7TSknjghQqPG83Zlk22DJI95ssv9MOneQrLtgv0dQcQUH2ksvKT7IcCeCCPZWO494EGRj0ZNHUr/wDTp6Tq2Ro+RGRjz6x3THhLZoIPoa4N5/WX8Mf7a03o5q8vqYxHKJBUFENQpazyQfc2s/D4H7vs3Jev1mR+3H+2qnexq8S9FFfwe6aZrGPrWJ7exPHvjvifD8M7Zf8AA3/On+nXBPrXOsv+BvH/AGp/p1wT61qx2pdmOxT6Q8fbXd9Mda9UtHHpC9PMrdgR5a/NkQnm0vxXF/leWr6qvmngnt8BXSCAQUn0I4rjwnlOIWy4fwjCihXz+BqWiuq3PWonaWtk49jLo9jkURVTPdMbtlav7ndb9VrGqxZflyBanVJ82DAjJjMu8dx18e0scgHgnjnjtWu2lBTSFJ9CkGuNdkhUFfyIP8te2EeYjR/aCsrt2u9tXXO8osPDsYO9rGoimnntEPfXGuP6yd+wVya41x/WTv2Cou+G5X2ZZLEv8GLh++L/AKCa4orlYl/gxcP3xf8AQTWp9XdV28SZcx+xuJXd3ke256iMk+/93x6D3djUlqzXkXpooji0s/UcfSsGnJyJ2piPjM+Eebxq1q0zirTlgsDyHLusdLrgPIigj+n8vd610jbjtw1L3Vakt4XhMVxSeRIu93eQpUe3sKV3ddV7yTz0p55UR29CR+tuG2/UvdXqS1huFxHfL5+k3e7yEkx7exz7Trqj6qPolAPUo+nYEiZmsesWPaH2GLsO2HQX7rkl0fRb8lyaCoOS50xQ6XGm3E8J6ySQtwEJaSCkccEptuJiUYlHVp598+LwnXNcyNbyPa3eFMdmnuiPz4y6buia0Ws1jsOwvahp5GzLKGrs3+jOTJjtuzpVyQOlTTbqR689XmHkNtpT0+5RHSN1e07Rzaxo5jON3/NZN01zuzzc64W6G+lcOHCUFcoUjjkcEJCVE8rIWQOnjjfaG9MvCx0zCli1ZduQy2ErpHPnsWNlY4HIHHSgH7FOqB9EDtwtINIMf0Px6Vvz35TXbvkt3cE3GsamgOTJktY5adcaV26uOClBHS0kdSuCAkbTiK+sPzHIdNr6Vhl1tJUEzIT6SjzE+vBB7pVweQalJjWTWnLbQ3ebO/5jLnZST2U2r3pUPcRWgdyOq+ea/anXTW7NLCq3JyRwJhBqKpuMmOykNttNrI4cKEJSCrkknkn4V1PAc8u+DXZM2CsuR3CBJjKPsOp/2Ee41zc/Apyo69PCqPquHRfpRc0av2F+ZmzP/j5x+8Jb4Hx+j3+ZX/srk3aIxJlPJebB/CK4PvHf41jNMJ7N1mxblGCg1KiF5IUOCAek8GsxcFdMp9R9y1n+WqxXE03Zie57VjVU3ceKo4xPH6Q6o80kSFMsFS+FdI+Jr0kEEgggjsQa5tpQXp4cV+KFL/8An89ZWXAYlglSelfuUPX/APTU03OrO0tWLM3KetS7doxuO1T0Mnpcw6+KctinPMkWiWS5DePvPRz7Cj+Ukg/HmrKNv27rTTXltm1RZH6C5R5fU7Zpax1LIHKiwvsHUjuewCgO5Aqo6VDeiK4cHKT6KHpXiHMl2+WzPgSXY8mO4l1l5pZQttaTyFJUO4IPvFdDGza7PnCraz0ZxdTiapjqXPGP3jv+6+Tse1QX3o+GHgOu7E7PdImYWI52oqkOstthu33ZZ7q81KR+CdUe/mJHc89QPPUOBtf3/OdcLAtdZSVdSksQ8j6eOOeyUygO3r280AduOoeqqnpHkMSmG5MZ5DrTqQttxCgpKknuCCOxBHvrvWb1F+nrUPKNS0vJ0q77LIp28J7p9JfMLqXpfnmkGXTsF1FxqXZL1b1dL0aQnjkH6q0qHZaFDuFJJBFb+2Z7+dS9rF7jWaZJk5Dp++9/dthdeP4AKPtOxVHkNr9/T9VXv4J6hchum2j6Xbq8NcsOZQEQ73FbV+hN+jtJMqC56gc9vMbJ+s2Twe/BB7iiDclto1K2wagP4NqDbj0rBet1yYQoxbgxzwHGlkevuUn1SexHpzK576F9G9aNOtecHh6gaZ5CxdbXK9hYQoB2K8ACpl5Hq24ORyk+4gjkEE94r5u9sO6TUra3n7GY4NcC7CdUhF2tD6z9GuMcHuhY9ygCelY7pPxHIN+O3Tcdpvua09i59p5cgoHhq4W50gSbfIA9pp1P8qVD2VDuD68BtOlKUClKUClKUClKUClKUClKUClKUClKUClKUClKUClKUClKUClKUClKUClKUClKUClKUClKUClKUClKUClKUClKUClKUClKUClKUCsTlWVY7hGO3DLctvEa1We1MKkzJklwIbZbSOSok/8A6ye1ZaqYPFJ3tPaq5bJ0C04uaTh2OSQLtKYXyLpPQSCjkHgstHsB+MoE+gTQad32b28m3X5yYFqcft2AWN5aLNbe6TIPPH0t8e9xQ9B6IT2HcqJjPaLHcr5JRHgRH3eVJStbbDjobBPHUQgE8D5Ant2Fdq0Y0czvXnUK16cad2hyfdrk6ByBw3GaB9t51XoltI7kn7BySBX0CbWtqmnm13TSLhGNw2Z1ye4kXi7PNAvTpXABVyfqoHohA7AfMkkIW7OtZNnG0nDfoNqx3US95XckJN4yL9JMoF4/9Uz1DqQyk+ifUnue/pJiB4mG0N9xLN5zm84+tXqLvjVwYSk/AqDJSPz1KARo4HAjt8fDoFcSdj1gubSmLjY7fKbX2Uh+MhaT9oIoK/t0viH47k8d7TzbxmceQxJaCZ9/iuBK1pUO7MYK9pPY8Kc4B9Qnj61QmWtbi1OOLUtaiVKUo8kk9ySatr1T2HbU9XG3F5BpBZrbPXyRcbE0LbJCvyipjpCz+7Cqhzqz4WuruDIcu+37UJjLLc0Sv9L2RqDMoI/JZkj2Fn5K6B8ye1czLw7l6rr01b+S79HukuHpluLFy11d+dUcZn13/b5IxwYDktXUQUtj1V8fkKzrLDUdAbZR0j+esdcpmRYRkKMH1Wwi64RkCuzUS4slLUgDtyy7x0rH2H3j1rKntVev03LdXVuxs9X03KxM217bFriqPHw9e+D17V16IPLuLafTpcIrsNYFSei7lP8A2oP5zzUduYneG1fjjTPmz1Yq+fVZP7r/AGVlaxV9+qz/AA/9lfLfOGV/9OWn9WtIpK2/0y2WEQ8+gPusoHZ4EclaP2w94/8Ak+jaduXyTapqu1ndotke5wZbCrberbIQCJcJagVoSo/UWClKgfiODyCRUi7hHbk4vbWnRyChBB+B6aj1qxpMtbjt+sEcB/ut9hA7Oj3rSPyviPf/AD9zTtS638m98Jea9LeiM0752DTz41Ux94/eEutZNG49tat3iC+Hzeii2JcE6+2KED5trdPBfBY/6rnkOs+g56kco7py2XYlp14menKtZNHG4mKbgcUYC7vY2pIZ/RXoAKFoUSO/I/BvcjpJ6HD2SoQ42mbts/2oZ6b1ZFLuGO3HpZvtheX+BnM8+oB7IdSOelfzIPIJFSy1l0ej2pFu8Qnw+r2pu1NurnXuxRGely1ufWeBjjkeV3IdY9Eggp5SeU915e5+lmqWG73sKVtA3ctu47qvjvXGxnJ5bYalOSUez5LoXwfO7AKQezoHI4WATorVLVvcrta02zLZJq7j8K82OePLtEy6MqfEWOV8h6A4TwUHjlPPPlr57Agiu8bitR9vO8XTaw6w4sp/FtxKJMe1vY7a4jrrl7kBSQlSPLHuB6kPE9Q6ehXPCSJR2PZ/plZcRsmr/iHakXLNsskRmmkQbzdXUwrdw31fRmWmlAuFCUlTivq9lrUPVVBTA24pDiVJPBB5B94NSk0/yp7LMAjS5jhclxXPor6z6rUkdlH5kEc/Pmo+ai3LH7zqHkt3xG2t26xzbvMkWyG0npRHiLeWplpI9wSgpH3VtfQgE4bdCVcj9EU9vh+DFc3U6IqtRVPOJhc+g+TctajNmmfdrpnePSN4/wA82+7L/gcP30/6yuCfWudZf8Df86f6dcE+tVWO1L22OxT6QVjiryLwQk+y8jv9v/yKyNYyaeLpG4Pw/nNZ0xvwRXZ2iJ83Juf6xd+wfzivbGT0R20/BAr8zEeZHLQ/HUlP5yK9wHA4rCOUMtvfmXmuNcP1k79lcmuNcf1k79lfe+H2vsy/LV+YxjTe/wB9fT1CIlxSUflrKEBCfvUQKhfd7jMulwfuM50uSJDinHFn8Yk1KfUXqOiGRdKuniQ1zx7/AG2+1RMV61Y9Ht0xTXX3zOzyT/iBlXKr9jG392Kd/jMz+0QkpoDud10xvSi47WtDsdjJuud3XqNzgMK/RZ0OIShUdtYPCU8I+ue6UlfBHPIlW03pr4Wem3nyE23MNx2YRAUJCfOZsbKx8T3CAo/JTqh7kCoNbatyeZbXs2m55g1osk25zLW9bELucXzvo4cUlXmNkEFKwUD5EEg9jUt9uGL6bYrh0zxEN3+Xpyq53C4SXcZsTkhL0i43Btah1rQT9YLT7COOhtICiOOkV2HnjsGjukdl0Wx6Vv2333GTeMkujip2N4zPAVMnS1d23XG1cAK9ChHAQ2nhRA4SkYfT/T7UDxCNQ7pue3QX1eKaM4sVOIS48WI30ds8mJGKvRPYea8BySrge1wE+nAsDz/xCdQ7nue3QXs4poziyVq9qSWYyY7aufokUq9B/wBY9xyT2HKiANSb196Z1uMXR/SK3JxrSHFlJYtVsjI8n6f5fsoeeSPxfehB9OeTyo9g4O+XdxZ9wV3s2n2meNRsf0zwXzI2PxG2Ahbw4CC+oD6gKUjpR7hyTySeNSaW6Wu5A+1ebuwUwUqBaZUCC+R7z8Efz00u0tfyJ5u8XqOtMEHqZZV6vnn1PwR8/fUjoEBiAwGWkJHAA7DgAD0AHuHyrj6jqMWf5Vvn3+T0Hop0UnMmM3Nj3I4xH+7zny+7zgCEIvaUNpCUpYUEgDgAdu3Fcy7HhyWfgXD/AD1xMD/9/wD+ZX/srmXQdT0pI95WP56rtc/zN/R61Yjq2No7pn9mCsY5dcV7wkD+WszXVIl+Zg3Jmxw7dcLtebiQiHa7bGVIlSFd/qoT3+Pc/A1257GNaYbgjz9uWpzT6h1BCLEpwcfugePurajEv3feopmYcivXdNwZ9jkXqaavD87PUtCHElC0hQPuNYa4WxTHLzA6m/ePemvXdMxj43MRb81x/IcUlOK6UNX21OxCo/IqHSfz1mG5EeZDMmI+2+042ShxtQUlQ49xFQzbvY1Xv0zDbsZuHqVG+Ncir0nj+XW6lLtM3l3rR+ZGwjPpb9ywx9YQhxZK3rUSfrN+9TXfko93cp94MWvWnFbtq7VZq61EuZn6fY1KzNjIp3j6x5wvfs94td/tka9WS4R50CY2l6PIjuBbbqCOQpKh2IrX24Pb1pzuT08mae6i2vzmHUqXDmtcJk2+Rx7LzKvcoduQeyh2IIqAGzfdlM0YvTWDZrNW9hNye+uslRtbyu3mo/7Mn66R+6Hfnm0aFMiXGIzPgyWpEaS2l1l1pYUhxChyFJI7EEHkGrFj36cijrRzeNazo97R7/srnGmeU+Mfnxh83+6LbFqBta1Kl4NmURbsJwl60XZtH4C4xeeziD7lD0Ug90kfAgn17ZNy+oO2HUqHnmEznFMKUGbra1rIj3GKT7TTg+PvSr1SQCPeDfXuh21YNui0wm6f5ewGZSeZFouaEjzrfLAIS4k+9J9FJ9FJPxAI+enWDSXM9EdQrvprnlrcg3ezvltwKHsOo9UOtn8ZC08KSR6g/bU7kPo00K1vwXcLptatTcAn+dAuDYDzDnAehyAPwjDqQfZWk9vgRwQSCDWwa+ffYXvFvW1XVFo3WZIewPIXG4+QQRysNjnhEttPucb6jzx9ZJIPPs8X92W82rIrRDv1iuDE+3XFhEmLKYWFtvNLSFJWlQ7EEEGg5tKUoFKUoFKUoFKUoFKUoFKUoFKUoFKUoFKUoFKUoFKUoFKUoFKUoFKUoFKUoFKUoFKUoFKUoFKUoFKUoFKUoFKUoFKUoFKVxbpcoFmtsu8XSU3GhwWFyZDzh4S22hJUpRPwABNBDzxN92n/ABedH/0l4jdjHznN23IsFTSuHIMLjpflcjuk9whB9epRI+oaokKio8qPJrdW8LcHcNyuvGR6jOqdRalPmFZI6z/eLe0SloEe5ShytX7ZZrStBdV4O2jFlxPb7K1hdituXzN7jIaTIKR1NQYzhZS0D83UOrPx5T8Kn9VU3hk7+dJ9PdO7Ftv1PkyrJLauUhFru7yQYKhJe8xLTqh3aPmLWOpQ6O45I71ZzmWoGC6d2Q5LnuY2bHbUFBAm3Sc3GZKiCQkKWQCSASAO54oOwUqMWT+JVstxZS2ntaYdydRyOi1wJUsEj4LQ2UH7eriump8XHZsp/wAk5DkyU88eYbG50/b2PP8AJQTPpUdMF8QvZ1qC+3EtGuFkgSXDwGr0l229/h1yEoQT9iq37aL7ZMght3Gw3iDcorqQpD8SQh5tQPoQpBIIoOrau6Laaa64m5hWqOKQ73a1L85tLyeHI7vBAdacHtNrAJHUkjsSPQ8VX7rD4ces2mzrt20AyBnOsfRypOP3t4MXKMkfiNSfqPD4dXSR2HtetWc0qO7Zt3qercjeG5hZ+Tp1z2uLXNM+X7+KifKLjmOnLi2tWtJ8zwvy3A0uRcrU79E6z6BL4HQvn3EetY63ZBYcguzb1lu0WYlRSeGnAVDt70+o+8VfHMhw7hFdhT4rMmO+kodZeQFoWk+oUk9iPka0Fn2wTaVqK8uXedHLTCluKKjJtCnLe51fH8ApI/krm16PZnjbmY+q34vT7Po2pyqIrj/tn6bx9FYQST6An7BXT8rzGxQ7hFsrMhc+6Or8puBBbMiQtaiOlIQjk9R9w9astjeFTtValF6SM4mxirn6E/kr3kcfk+yAoj7VVvXSPbRoXoYx5el+m1osrxHCpiWvNlKHwL7hU5x8uriorOjxTVvcq39G9nf8Q67tuaMWz1Znvmd/pER9/grIxLbXvH1UtsGJjeiqMRgIQni4ZbL+jLUOPX6OB5ifsINbax7wqNXr2yl3UfcjAtajwTEsFh84J+x51aD/AOirKiUoSVKIAA5JPuqD+rniiYljuosvSnQnSjINWsgguqjvG0FQjl5J4WlsobcW4EkEFQT09jwSO9dC3g49rs0R91SzOkuq5073b9XpHCPlGzrULwXtv6nFysg1Lz25SXSVuOJdiMhSj3J4DJ/nrutn8LHbfhlolR4Oaai22C6krmlrJ1xWnUhJBLobSlJHSSOSPTmtMapbuPFAyIiLgW1Obg0OSgFt9dqcnSUc9vaeeKWUH5FsEVFbUTTrezqvNKtymrEDGLST1PHLcyhQoyB7+iG26VLPwCWia2+TiTMzO8po49qfsW2w5A9iW07T226gal/R5CUSoUgPojtttqW87IuTvUhllCEqU4W+ewINVo7mdymo24HO3sjzLMH7mWULjx2o/UzBjNKVypqM16pb7DlSuVr45Vx2SO/ZbmOmukuldy0j22Iu2WXrJ2/omXZ8qA6yiTG9Tb4DZHW2woj21K4Usdj7J4EcH8SyZhr6TIx64ttkclaoywB/JWPXp323Sxj3qo60UTt6Sw4PBBPets6I5dBtyZ+Nz3Q19OdadjKV6FwApKftIKePs+ddKwDTrL9T8xtmBYPY5F0vl3kJjxorKfaKj6lR9EpA5JUewAJNXF6WeGbt5wLQ9WlmsVztUrO82ABvH0lDUmPLSkqQ1bw4eVBvnkgAlffqHHAGF61F+iaJbWmahc0vKpybcbzT3eMTwmERbKP/AKGj99P+srgn1r25ph+e7ZMsd0K1hYKvNV52O5GhJTFu0fq7DqPYODjgpJ5BIB9QVer7ap9/Hrxrk0V/+3v2k6rjavi0X8ee7aY74nwn/OPcViXyHL0gD8Tj/fWUUoISVn0A5NYa2qU/ci6odz1K+yo6e+W3enjTT5s1x8eOxrzSlYwnK41x/WTv2Vyawy2Msz7Lrfo/pVaFXjMb6QhppP8Ae4bX4z7yvRCUjuefd9wMtmzXfriiiOLR1HPsabjVZGRVtTH1nwjza61hzi1wdPZGGx5KXblOnIcdaT3LbKUpPKvtIAA+2o7E8n0q7nGfDU26I0cm6GZhkNuuGqF3ji7Tb8h9BuUeSAQhxllR6xGSSU9JACxzyQogpqX3D7dtRNtmokzT3UK1qZeb/CwZyEn6NcIxJ6XmVehB4II9UkEHgirdi48Y1HUj4vBNb1e5rWV/EVxtERtEeER+/i1aAT6An7K2hpRtq191zYW/pZplf7/CZWW1y2WCiIhfvSXllLfV8uea5G1a26f3DcZgFr1ZjpcxWVemGbi06elC0q7Nhf7QuFvq/a81Ypvb8S296C5nK2/bb8esdtXjCURLhdHYgcajudAP0eKwOG09HIClKChyCAkcc1sOQ1I/sz8SzM9EbNohdY1vhYXYVqfiWhy7RmVuKKioBwoJLgSpSikKPAJ5+BEapu1nUbSjUGPiOtuJTrHKdQp6A06nli4hH1i08nlC0pHBUAeRyOQK4mX7392GbSFyL3rrlKQtXV5cKWYbafsSz0gCt/7MdWp+6K6TtqW43PrlcoeRtKnYne5r/mXC0XlgdaCw+5yeFoSoFtXIVx0jgq7x3aaq6JppnaW1hXreNkUXbtHXpiYmY8YY6BAZt7CWWkAcJCew4AA9APgK5B9K7BrTpDq5tmuIgar4+/cbAtflwsttMZbsGQOe3npTyqO5x6pV2PcpJHNdOiZHj8+EbjDvkB2KkcqeTIT0pH7Y8+z9/FVDIxL1qraun49z37Tda0/UrPWxbkcI5cpj1j/IcrA//f8A/mV/7K9OVXO4MXKJYcdtjl1yLIJ6bbZrc0OVyZTiwlA4/JBI5/2etcbSOLqLqflRsmh2ntxzCeUlpctKC1bYnUR7b8lXCEpHB7c8q/F5Nbsl3jTLw9p72VZvc4Wqe467RymBaoR5t2NIcBCU9h1BR6jz6LWngAIBK1b2Npdd67Fy7G1PD4qxrfTPGwsWrHwautdnfjHGKfPfvnw2+Pgk5onpToV4eWlR1P1vym1MZvfWf/bF4kkLfeeUAr6DBQPbKE8AcJHtdPUrgAAamyfxtdMoGQ/QsU0WyC8WdDnSqfJujMN1See6kMhDnPxHUtJPv4rQLOyffhvdvbWqmslwRYos8dcNeQvFgsMKPISxCQCppHwCgknse/rW+MJ8EbTWLFSrUXWjJblKIBUiyxGITaT7xy6HiofPhNWSIiI2h5BVVVXVNVU7zKZGkGsehm8/Sl28WSDAyCxyf7mutlvEVp1cV0jnyn2VdSQeO4I5BHcGobbu9g6dH7TP1m21QZZs0ELl5FhoWp1oRkjlciHzypKkJBKkd+w5Hp0nc2iPhu2DbTqTA1C0T1py6E2HENXe03dtiVGucPn2mVeUlopV6lKyFdKu/HqDMdxtt5tTTqAtCwUqSRyCD6g1jct03aZprjeE2LlXsK7F+xVNNUcphQDJyKC3jbuTx1h6KiMZCOD9YAdh8jz2qRu1bYHqZuN0zb1bzvVCRhFvvrS3MfgwbYh51bfUQmQ95hH4NXBKUjupJCuoAjnXG/zb/wD8WfUW/WixqSjCM+iyLxYUeggSEqBkw/s59pH7VSR3IJrf/iPawZPoztL0Z0k08uj9ni5NZ47E1+IstuKhRYbCQwFDuErU6kq47kI49CQdLFwqLVVXWjfw9Fn1vpJfz7dmqxXNPD3oidve3+3g1LqJsY3XaWKmzMXVY9WrPBUQ8bE50XFsd+OuN3UFdj7Kev07c1v7w394jF4uK9u+cvSIc2KpSLOzcEluRGdST5kNYV7uR7A7EHqSR3SBU/plq/qTo7kzeX6bZhcbDdEEFT0V3gPDnnpcSfZcTz7lAipJanbkrNr9m2lmrNptEaw6mx2JsLL3bayplEpxjy1w5qSOwUrlz0JUkt8HsE1NVZos73aI2mPq5uPqWTqHVwMqrr01TERvxmmZ4RMTz9Y74XyA8jmoS+J1s9Y190uc1Lw6CBnOFxlvthtHKrjb08qdjnjv1J5LiD37hSfx+Rvza1rdD100ogZG48n9GoB/Q+8s+hRKQkHrA/JWkpWD6dyPUGtvEAggjkHsRWxRVFdMVU8pcjIx7mLdqsXY2qpnafg+VlSS2spUOCk8GraPCF3bO3mC/tgzielUiA2ubir7i/aWyOS9E7/kf3xHyKx+KKit4nG2ePt+1+fvWNW0RMUzsOXa2obTw1Hf6h9JYT7gErUFAe5LiQOwqMOnWe5JpdnNk1CxC4LhXiwTW50R5PuWg88Ee9KhylQ9CCQfWskL6hqV0nRTVKya16VYxqnj6k/Q8it7csICufJc9HGz80LCkn9zXdqBSlKBSlKBSlKBSlKBSlKBSlKBSlKBSlKBSlKBSlKBSlKBSlKBSlKBSlKBSlKBSlKBSlKBSlKBSlKBSlKBSlKBSlKBUNfFV10OkO2ObjVrk+XfM/kCxxulXCm4vHXKc+zoAb+14H3VMqqVvGT1OVk24m1acMP9UbDbK15iArsmVK4eVyPj5fk/noIAE8nmlKUHltSkrSpJIIPIINfSBoXj9v1S2oaeWjVKzRL61ecOtn6Ix57QdS+VRUclXP4x5559Qa+djCcXuWb5jY8Os8db86+XGPbo7aBypbjriUJA+9VfTrhuOxsQxGyYpCSEsWa3x4DYHoEtNpQP6NB8+u+zbrb9su4S8YFjzzzmPy2m7rZ/NV1LbjPc/glK/GKFBSefUgAnvzUeqm74vuUM3zdw/Z2CCLDYYMRzj8tYU6QfucT+eoRUCtvbbhuRu+fQsZ243LKWb/IcBSizy3GkNp57uOkEIS2PepfatZY3j90yvILbjFjirk3G7S2oMRlA5U486sIQkD4lSgK+iHaBtXwzavpZCxWzQ2X8gmtokX+7KSPNlyikdSQr1DSD7KEjsAOfUkkOzbd8X1yxPTyJbtwGo1vzDJylKnZUO3IjJZHHdsqQEh4j8voQT8K7pm+bYrpxil0zjNr1HtNks0dUqbLfJ6Wm0jv2HJUT6BIBJJAAJNV3b8PE4y3RrV2NpZoaq2PqxqS2vJZcllL6X3gQVQU8/VAHZah7QUeAQUmoS7s/ED1h3WxWMbuyI2N4pGWHhZbctRRIeHo4+4r2nOPcnskHvxz3oLaNv/iK7bNxGQ/pNx6/TrDkDzymoduvrAjrmgE8FlaVKQpRHfo6gv5Hit8XfTrGbu26P/advee5JkWy6SYboV8eppaefsPI+INfM1g/6LLzOwt2Nx5FxcucVMRTSiFh4up6CkjuD1cccV9QluRKbt8ZuavrkJZQl5X5SwkdR/PzQQX1p1y132N6uYirOM7kaiaPZtO/Q/z7zFYRdLK6CnqH0hhDYdASrrHWklSUKHYjk7R3Ea06i7S72vVCRjE7NdKLy6FXliGebhjsrjjzmuohK4zvHJSojoWD7QC+K6H4rODTNRtKNMsPtiOubd9SrXb2Ugcq/DR5SFEfIDufkKmpIgw5sNdvmxWpMZ1stONPIC0LQRwUqSexBHuNBVHuu8XO1Z7gVx042743fbfJv8Uw5V8uaUMvx2nOy0x221L9tSSU9ZUCOolI5ANfnDZWQeHvtvxKBidptLmt+szyp0p+4teYqyW8IBSCj1V0Ag8H2fMWvnqCQKmrO8PraejOGNT7Lo5aIeRQH/p0Rpt99u3GUkctqXESvyekL6VdIQByPQ1V/cr9nWoGquZ5zq/dlXHNYd2k2KUlJ/uaC2wrpDEZPohr4cAE9ye5UTrZmR/DWpud/d6uzoGlf6xn0Y0ztTzn0jnt5v3lMjUXUuSq46uau5dlcpw9Sm3biuNFQT+Qy10pSPgBwPlWFh6aYJBc89vGozrp7lySVPrP3uE12elVSvLyLnarn5vcMbQNMxIiLVimNvGImfnO8sM5aYbMhiJDbDLagSUoAASB8B7q5BskYjgOug/Ekf7q5ga/unzj6BHSPt5//VXtqLr1eLo02aI34OtY9fM60J1KtmtOlEhpm+2sKRIiqbHk3KKo/hGHAPygOPj2BHBANWN4LA26eIq/p5uBXMvVuynTOYHJFkZnJbXGkhxLgakI6SVN+Y2FJWjoKhyD+SmAzrSH2y24OUn+SsDjWS6haCaixdYdIZ30e8xR0TIKufo11jH67LqBxzyB9vIBHcA129O1Dbazdn0l5x0t6J9ffOwo486qfHzjz8Y71yu4Lb7p5uS07m6eag27radBcgzmgBJt8nj2H2Ve4g8cg9lDkEEVT9qTgWou2fOJGkGr7SloWlRx3IUpIj3aN6J9r3ODngpPBBHB9xVbVtf3P4Bui0/Zy3E5CYt0ihLV6srzgMm2yeO6Fj1KCQelfHCgPcQQOg6y3na5u3zDJdmWVy3pWYWWJ+iAcRDWhdufSlCg4w+RwVpDiCpI9lSVFJ57gdbIx6Mmjq1/PwUHSNXyNFyPbWJ8pjumPCf28JVrSl9VvWtHvbBH31ibbKbivFTieyh0lXwrL5/p7qBtqz9ejOsCOtpzq/S9f0D+5rrF54T7R+q4AQCk9wex57E4KTHcjPKZWOSD2+Y91Ve5j1Y1U2rj23A1Wxq1inLx58pjvifCf28XZQQQCDyDXmvXGQpuO22v6yUgGsX/APTLNsut+lGkdkXfMyvKuhtlA5bhN/jPvK9EJSDzyrsPU+4GG1ZrvV+zt83Qz9QsaZjzk5M7Ux9Z8I83kfpvzbMbbpLpPZl3rMb2sIaaQOW4LZ+s+8r0QlIPPJ7Adz7gbVdoO0LENrWGraQ8i95peQHb9kDrf4WQ4e/lNk90MpPon3nue/Yao0oxvbn4bdoxrHtRsifm5/qbLTHm3wQ1vLfe5SCkEDlqMha0ge8lXJB90qdVtWcE0VwO46j6iXtu2WS2t9a3D3W6sj2Wm0+q3FccJSPX7OTVrxMSjEo2p5zzl4Vr2vZGuZHtLnCiOzT4f38ZaX1V0r28aG6t3ffTqHkt0tdzgWkwnWVSgqM6vy/LT5TIT1reUkBAQFdPPfgdzVaGuGtecbxtSo+fZhD/AEMxS0FbeM4+oAhlo+r7x/GcVwCfd2AA4Hf2a263ai7zM/RmOWx5Ftwy0FS8dxor5bab55+kSAOy3FAJ5J5/JHb19cSG1CbDTYHbsT8a0NR1GLe9q1PHvWnol0TnImnOzY93nTTPf5z5eTRmumCv21cXMLUlZA6WZKm08eWofUX29Phz8hWocgv15ye8y8gyG4SJ9ynuqflSpCytx5xR5UpSj6kn31NKXEiz4r0Kawl5h9BQ42ochST6g1G/VDRydihdvVkCpVo55UCeXI/PuV8U/tvz/NpmfFcexuTxjl5nTHovctXatRxKd6J41RHdPj6T3+DVtcyzXi5Y/dod8s016HPt76JMWQyspcZdQoKQtJHoQQCPsriKT0njnmvFdp5ytl0C8YnCbhjMfEtzOHTBMbjBh+8WyMiVHm8J46no6iClSuO/T1Dk+gHpzdvsTb7vy11uV6xrapi1g0/w5Ilz7nJjluZdZiyRHYU2wtLIQeFuLCg4eEJHI6u9RtbpwDd1rfpLpsrS/SbLHMRtkqQ5LuMm2soRNmPL4AUqQQXEBKQlICCnjg+vNBa7vl3bY/tMw6Fobt/skCNqBkLIat0G1wUdFoZX7CXvKSOlTyj2bRweSCVDjgK9OxXYBG0xS3rnr8g5Fqhe+JobuH4cWhS/aJJVz1yTz7Sz9X0T7ydfeGptKybIrgxvD3DXC5X3JbqgOY0i8OrkPhroCUznVuEqKins2Pcn2veOLIp02LbYjs6Y55bLKSpauCTx8gO5PyHc0HvrizbnbbagO3G4RoqD6KfdSgH7ya0dlt03NasT3rNpWxC0vxccoVk19jJl3aWPeqJA56GU/BchQV7/AC61HefC002zd9y7apa3aqZbeXyVPTpl6T3UfXpQUKCU/BI7AdhQTTYfYktJejPIdbWOUrQoKSR8iK9lQqw3ZhrjtdmPX7bDrjNv9tPtysJzJZXBmpHfhp9H63d9wWEd+wUeK3+vWnIndJLxnVu0gyWVlVjZUmXhwLKJqZSUgltLilBtxvv1Bxsq6k/VSVezQaC8Wp3TVjabcV5rb2JV8XcIrWLnr6XmppcHmLSR36QwHeoHsew9eCKvt1e8E7m8A00xaZhwss7AIr8Bbzcrzm5bSm2EIVwQClXDPcdxye1dZ3W7oNXtzGfuXjU91cBq0rciwLC2gtsWxPV7SOk9y5z9ZavaPAHYAAaRoArauhli824Sr+6tPEdHksp57lSvrHj4Afz1qquRFny4TiXocl1lxJ5Cm1lJH3ior1ubtuaInbdv6Xl0YGXRk3KetFM77b7eny5rSthesA021nj43dJPl2bMQm2vFSuEtyu5jrP2q/B/5wH0FWrV80uH67ZNj0yLInj6cYjqHW3fqPIUkgg9Q9SCAe/f51e9tk3kaKbkMctbWLZpEGUfQmlXCySz5Exp8IHmBKFf3xIVz7SCocd6hxLVyzTNuv4Op0jzcPU71OZi8JqjaqJ5xMcp8OMfZ1XxJdDmtbNreRpiQEv3vEUnIrYpKOXAWEqLyE+/2misce8hPwFfP6oFJ4NfVK800+0th9tLjbiShaFDlKkkcEEe8V81e6DS9OjO4DOtNmGyiJZ7w+iCD/8AZFnrZ/M2pI+6ttXFivgsa3yJ1ly/QG7zSsW1YyCzoWruhtwhuQ2n9qFhtfHxWs++rQq+dzYHqu7o9uwwHI1PdEC43FNiuIJ4SY8z8CSr5IWtDn+bFfRHQKUpQKUpQKUpQKUpQKUpQKUpQKUpQKUpQKUpQKUpQKUpQKUpQKUpQKUpQKUpQKUpQKUpQKUpQKUpQKUpQKUpQKUpQK+bHdrmz2ou5fUvMHnS4mbks1DCuef7nacLTI+5ttA+6vo+yKabdYLncQTzFhvPdjx9VBP+yvl3yKau5X65XBZJVJlvPEk8klSyf9tBj6Urtmk+mmU6xai2HTPC4P0q8ZBLTEjIJ4SjnkqcWfchCQpSj7gk0E5vB823OZvqhN19yK3KXZcKJjWpTifwb10cb7kc9iWm19XyUtB9QKuSfebjMOSHldLbSStavgAOSa6JoPo7jegmk+O6V4s0gRLJES246EhJkyD7TryvmtZUe/xA91djzmNKmYTkEOCCZL9qltsgepWplQT/ACkUHzd7j9UJ+s+umbam3BZJvt3feYSf+jjJV0MI/gtIQn7q1vXumoW3LeQ5z1JcUFA+4816UjlQB+NBPfwh9AbjnuvX/DJcrSXMewJp0tvuJ/BrubrZQ0hPPqpCFqc/anoPvFW6a8alxdHNG8w1PldJGO2l+Y2lXot4J4aT97ikD766ts70uxzSHbdgmKY2wylt20R7lLebA5kypDaXXXVH3klXAPwSkegFdE8TSPOk7IdS0QBypLFuccAHJLabjGK/5Bz91BQNfrzccivlxyC7ylyZ90lOzJTziupTrziytaifeSpRP31waHnnv61sTbzpTJ1u1rw3Sxha228iuzEWS8gclmN1dTzg+aW0rI+YFB3PbRoZuSyLKbDqto/otcspax65sz4kiTEIt7klhYWkFxSkJX0rSCQFeo4NWgY/nni15e23GXpXpni3mgBUu4OHlr5lCXnCfuSam5i2MWDC8dt2KYva2LdabVGREhxWEBKGmkDgAD/55PesrQaJ0j0CzyHd7fqJuJ1Qc1AzG3lTtujsRhEs9lcWgpWqNHH13elSk+e4OrpJACeTzvalKDjz3HWoMh1hHW4hpSkJ+KgDwPz1RDg0mbdG79kF3JN1u+QXGVcAr6yXy8QpJ+Y4/lq+aqlt82itm0K3K2q+4WHI1h1TjzJ023lRLUa6M+2440PxUuApPT7iVe7gDQ1K1Vdx56s8uPyWnobnW8HVqJuRv1/djymZjaf2+LVFKUqpvdylKUCuBef1nz8Fj/bXPrgXr9Zfwx/trKjtQju9iWJxHJ9SNCs4g616QSTEuyCW5kNQ5jXWOCOth1IPfnj5HnggggVbBtU1d0C3JRJOuWBYvZbdnkiM1bsmBiNpusVSQOGXnekLcb9kdCvQhIHqngVnWyO1JwktvICklxX5+uuqY1kuougmoMXVzR64GJeI5CZ0JRP0a7RueVsuo9CT+fngggjmu3p+o8fY3Z9Jea9K+iXXp/j8GnjMb1Ux3+cef3+9yu4Lb5p1uT09lae6iWxLzKyXoM1tI+kW+TwQl9lR+qockEeigSD2NU/ahadZ7tv1GTpDrQgPLJUvHchSCI92jBXAPUfRY5SCkkkE8H3FVtW2DdBp9ujwBvL8PfMW4xCli82d9Q+kW6Rx3Soe9B79Kx2I+BBAjz4iee4dqpHgbQcIwiPnmqWQvNvw20nhGOJ9TMddT3bV0c+zzx0nlXbgK62Rj0ZNHUrULSNXyNGyIvWZ4d8TymPCf84IHj9N+b5hA0l0lsyr1mV4UEtMo4LcNv8AGfeUeyEpHfk9h6n3A2q7QNoGH7WsQX0OJvObXtCXMhvzo5ckO+paa57oZSongep9T39Pxs82eYbtZwzpBavOb3dtK79f3EkuPr9fJbKu6WUn0HqojqV39Nras6s4Jolglz1G1FvrFrs1rb61rWr23ln6jTSfVbijwEpHck/Dk1hiYlGJR1aeM98p9d17I12/7S5wojs090fmfN17cJc9CcNw5vVPXe0WCRbsNfE+3yblDafdjy/RAjBY585RAACe5IB93IqI1411zzeFnSM2zOO9a8MtLi1Y1jRWVNttnsJD/uW6oAcnj38Dt6/vXPXHPt5GoKMwy+O7bMMtjqjjONlR6Gken0h/8txQ7k9vXgez9bjOw2odscabHfpHJ95NaOfqEUfybU8e+Vp6KdE5v7Z2bT7scaY8fOf2jvZbEG0Jxq4LDaQorUnkDvwEJ4H8prj1ysS/wYuH74v+gmuKKrk/qS9atxtZo9A1x3mY9yiSIktoOsPeYytCvxk9wR+auTXEtzgWl4fB5f8APX2ImOMMa4ir3ao3id0OsusSscyS42UlShDkLbSpQ4KkA+yfvBBrD1uncRiDzNyjZbEZJjyUBiSUj6jqfqk/Ip7fan51pjoUfxT+arni3oyLNNcf5L8763p9WmZ93GmOETO3pPGPo2/tq2zZ9uayS547gsIuuWyK2866oENoU66hpvqV+KB1qcUT+IyvjvwDblpL4Tm1zBLJb0ZpZ5uaXtgNuypk6Stphx0cEhLDZCQ3zyOlRUeOxJr9+FFohbdMdsVvzlamnrzqG6q7yXUj+9Rkktx2efklKln5uEe4VNKthyn4ZZajtIjx2kNtNpCEIQkBKUgcAAD0AFfpRSkFSiAB3JPurzUU/E21UyPSnaVkc/E7g7Bud+kxrEiUyrpcaafJ84oI7gltC08juOrkdxQbg0z3CacaxZdlGK6b3Fy9t4epti53OOkfQkyVlXDDbnP4RQCVElIKR8a0Zuo3ha06Ju/RMU0dxWK24CWZ+XZrb4Jf4PHLUUOhSh8y4PmKgDs48QXENp+3nJ8CjYFcbjm90ukm4w5vW2IhUthttnzuT18ILZPSAeefUc1HNzWHG81g6iX7W3GbvmWfZUhpVkvzl0W2LY8FkuKU36LQUkBKfQBPSAAeaCwXSbxc87hZ1Bse4vTzHIONXB8R1X3HZCnUQyo8Bailx1t5A9/SoKA5I544O+d93iBwtrlixuBp9arbkuR5fDNygPPOlUJiDzwiQfLILvWeQgBQB6VEn0B6/slxHQC/ozXVZnB8Qj2tWL40Lm+7bmBGgy1Wov3NvqUOlCR5rfmjsAQQfQ1p3xidD7NbNNNNNQsDx9mLacdckWN1MJv8CxFf6XWAOOyUBaXAn3fhOBQVu61au5BrpqJc9Tcqtdng3e7lK5YtcT6My6sDjzCjk+2QByr1JHJ78k9Gp6UoFKAE9gK9j8aRFX5UlhxlfAPS4kpPBHIPB+IINB6wSPSuVbLrcrLPYulonyIUyK4l5iRHdU2604k8hSVpIKSD6EHmuLSgnZt+8XDXrS4RbNqhHa1GsrfCFOTHizckI+IkAEOH98Son8oetag3463aZbitbkat6YsXCLGvNlhpuMSewGnmJrXW2tJ6SUqHlpaPUknnvUcqUHKtU961XSHdI5IdhyG5CCPUKQoKH8or6ftPshby3A8cylpfWm72qJOCvj5rSV8/y18u49a+jjY/fjkm0bSa6KWpahi8OKpR9SphPkn+Vs0G8KUpQKUpQKUpQKUpQKUpQKUpQKUpQKUpQKUpQKUpQKUpQKUpQKUpQKUpQKUpQKUpQKUpQKUpQKUpQKUpQKUpQKUpQYLPEKcwbIm0HhSrVLAPz8lVfLzLSUSnkK9QtQP2819TVyiJn2+VAWAUyWVsnn04Ukj/AG18vueWl2w5tkFkfR0OW+6Soq08cdJQ6pJH8lBgqm74QWMNX3dszdnm+sWGwzpiTx9VagloH/8AENQiqxPwUGG1685q+op628VISD68GUzz/NQXK14PevNKD58/EL24zdvO4m/R4kJbeM5TIdvdid6eEBp1ZU4wD6fglqKOPyeg++oxj1FfRzu/2x47uo0fn4HcUx416jczLDcnEd4c1KSE8qA6vLWD0rA9QeeCUivn3sOkeoeV6lr0kxnGZN0ypM963Kt8YpWoPNLUlz2uekJSUq5UT0gDnnigvx2CanWnVHalgFzt9yblSrTbG7NcWwsFbEmN+DKFj1SSlKVDn1SpJ99bc1U0/teq2nGSab3pfRCyS2v251YT1FsOJICwPeUngj5iqItoqt6OB5BlN+2vQLrOdxlaGMjt8bypUZ3lS0pSuOs8OnlC+FNgqABIIBqdWj29/f8A5zk8TCJm0qM9NdcDT06ZGmWyLHHPdxxa+UpSB8CSfcCe1BorL/BV1xg3ADC9SMQu8NS+OuaX4biU/EpCHAfuNTR2NeHti+09EnMMkujGSZ3cGfIVNQ2UxreyfrNxwruSo/WcV3IAACR1dUubeZ5gRjdQwJvko+k+Rz5Xm8Dq6Orv0888c9+K5FBj77fIWO2x66z25brTI58uJFckvLPuShttKlqJ+AFRqz3dlrbZ2blccH2n3m7W+1MOynlT8otceYpltJUtSYbbzj3PAJCeOr5c9q07rFrvlk3UXUTTfUSZdMQnWq2XDGipUx6PYb1aLkhz6HJbeJLUO4I9roW50od6FNqcRx7EXNoWg+5Ow6ixshsmIWHKoWMXP9MPmRckta58p1th1pphcht91xEdfm9S2gFJWUpH7YBbXbdVRkOluPat4rj0q8Wm9W2Ld3IsY8y24rzQcJbb4/CrR1d2wQo8EJ5Vwk9nxTLsazmxRslxG9RbrbJaepqTHX1JPxBHqlQPYpIBBBBANaf2ZZ/h+baMRoGMxpNql2C4TYV1x+Ynpk2KUqS44qEtP5DZWUNq7ctpR2B5A6FgTN3098QvNcExV5wYlmeFsZfdLen+8RboJPkeegeiFugK6uOOskE89IICWtV8+LLis+HF0s1gZS45AsF5ftE9PHKGkzG+EOH4d2yOfTkge+rBq1zuI0jtuuuiuW6V3JKeL7b1txnD/wBFKQQ4w4PgUuoQfurGumK6ZpnvTY1+rGvUXqOdMxPyndUJXmsDiE66LgyLFkUVyLfselO2i6x3BwtuSwooVyPdz08/bzWeqlXLc2q5oq5w/SOHl287HoybU+7VG8FKUqNslcC8/rL+GP8AbXPrgXn9Zfwx/trOjtQju9iWdsv+Bw/fT/rKxzzLb6FNuJ6kmsjZu2G/5wn/ANddXcVmOZ5dA0o0lsjl8zK8r6GmWhy3DbPq88fRCUjvyewHc+4FYs137vUojju1c/Px9NxIyMmdqYiPj5R5uBgcnWPHNerNbdrl2mxtQL2lUSQ1DSlUdcZY4U5KSoFASnnqKlA8cBXrxzbZtP2oWDblj0u6Xa5KyfUPJFmXkmTyuVvy3ldy2hSuVJaB9BzyT7R78AcbZ7s9xDaxiDiUvpvea3tKXL9fnUfhHnPXymie6WUnngeqj3PfgDa+q+q+C6KYLctRdRr23bLLbG+pxxXdbq+D0tNp9VuKI4CR6/Zyaudi3Nq3FFU7zHe/PmqZlGoZdeTRRFEVTyh41Z1ZwTRLBbnqLqNfGrXZrW0VrWru46v8VppA7rcUeyUj1Py71TXun1p1c3BaqY7kGtWL3jEMGucf6Zg1mmtluI+yVFIfdV+O8rgk8+4pAASR1Sw29tt+I9qlK111cvUBeDYJcPIxrThMgOFp0e0mZcGx2WVduOeQrpKeyRwqY2v23nTjcZpxK04zy0oMcpC7fMYSEyLdISPYdZV+KR6FPoocggg1lcp69M0xO26DEvxi36L1VMVRTO+08pVCw4bUNoNtAenc8eteLj+snfsFM9wHUTbPqGvR/WJPmNLJOPZClP8Ac11jA8J9o+iwCAQe4I4PPYlcP1k79lU7Ix7mPd6lz/2/QOlarjavie3xp7uMd8T4fhksS/wYuH74v+gmuKK5eJf4MXD98X/QTXEFa89uXWo/So9HmsVa3emXIjnt1KKhz8QaylYKUow7mpwD0X1/aD3/ANtZ0R1t4lDenq7VMxKiRZzC4s2M2+y4OlbbiQpKh8wa6DmmJYVjGNzrjbMXgpuD6DGipQ11KU+77CAkH0PKue3wrv7sqOxGVLffQ2y2jrU4tXCUpA9SfhW7djG2y57g9RrdrdnFjWzptiEv6RYWJSSn9HLig+w/0n1ZaUAe/ZSgB3HUBu6bZu3bu1MzFMcZVrpbn4eBhzXdppqu1RMUbxEzx7+PKI+6w3bVgUjS/QDT/AJjakSrJj8ONJSr1D/lguc/wyqtl14rEZhlVowbFLxmd/eU1bbHBfuEtaRyoNNIK1cD3ngHgfGrY8LZite6yaHYNrvbrDYtQ4Sp9nsl5ZvSoBPDUxxpCw2278W+pYUU/jdPB7Eg4DRLViXfdC4GuerVxgY3EyRg35tqVIS2xbLc73jNKcVwCryuhSj71LPA9BXJ0I3H4PuNXk9z0yRJm43jc9FpTenUeW1Pl9AcdDCD7RbQlbXtq46is8DgckNS7gvDQ23a/wB8iZNItk3D7ox0okvY55UdExpI4CXGlIUjqA7BaQFcevPA47VO8PnZ3dLZZrXc9DrM+ixRUxIriXpDLq0J97y2nEl5RJJKl9R5JrfF+uxsdrfuotc64JjjqWzCbDjxT7ylBIKuB36Ryo8dgTwDpK7b8dpdgalG960WiBJgqUiTBkNPtzGVp7FCo5R5gUPyenmg6bkWluotycte3DAdALVgujUqaleQ3mPeIyly4SFBx2MmOhXmgyCkNqcV1HpUrnueRJHNsGxXUTELngmY2WNc7Hd4qokqI8jlCmyOO3wI7EEdwQCOCKhjpbv7vW67c3aNJtB7E/AwW0eZdb9fZrXTKmRmeOEtoP8AeW1uKbT7XtqBPZPJFTsoPmu3SaG3Hbnrlk+k85TrrNqkhyBJWOPpMJ1IcZc59CehQB49FJUPdWqKsH8auHCZ3I4jLZQEyJGGMecQOOoJmygkn4n1H3Cq+KDZO2zBLRqbr9p/gOQcm2XzIIUSakHgrYLo8xAPu6kgp5+dW9+IH4e9h19xhWoOlFmh2zUCxQyhEdkBlq8Rm0+xHUB7KXEgcNr7evSo8cFNLunOaXLTjP8AHM/s4Sqbjl0i3RhKjwlS2XUuBJ+R6eD8jX0q6Q6pYxrTpvYNT8PfLlrv8NEppKiCtlR7LaXx260KBSfmKD5kblbZ1nuEi1XSI9FmRHVMvsPIKHGnEnhSVJPcEEcEGuNVk/jFbbLDhWVWbcBiUFMNvLn1QL6w2OG1TkI6kSAPQFbaSFceqkdXqpRNbFApSlAT9YfbX0M+HSy6xsq0rQ6CFG1vrHPwVLfUP5CK+eYeor6UNpuOqxPbJpbjzjfQ5ExO2h1PHHDio6FL/wDUo0G2KUpQKUpQKUpQKUpQKUpQKUpQKUpQKUpQKUpQKUpQKUpQKUpQKUpQKUpQKUpQKUpQKUpQKUpQKUpQKUpQKUpQKUpQK+d3xAtOnNMt3upFk8roj3C7KvcUj6pampEjt8gpxaf4Jr6IqqQ8bDSlyDluDazRIqvIukRywzXQOweZJdZBPxKFu8fuD8KCsapy+D5mcPGt1arFMdQ2cmsMuAyVHjqdQUPBI+ZDSvzVBqux6dZ7kml2c2PULEZxiXjH5rc6G7xyA4g88KHvSRyCPeCR76D6XtUcgViemmWZSl0tqtFknTgsfilpha+fu6a1zss1Tc1l2v6fZ3LmqlXCRakw7i4tZUtUyOpTDxUT35Kmyrv+UK0plG8TT/cpsR1Vy7B7i1GyGHhk5m82RxfEm3uuMKQo8Huts9RKVjkH0PBBA1F4KmrjVww/NNEpsofSLTKTf4LZV3LD3S090j4BaWyfm586CzWoPaM7QL5o7v8AM81ZbtX0jEcrsk+52ucgApizpEhovx1j8VXtOKT7ik9vQ8Thr8laCryiodRHPTz34+PFBX/4PmMpgae6sZO8OJU/On7c4Ce4TGZQsc/fJXVgNQJ8Pe8HTfcFuG223U+Q/Fyh3Jrc0rsVsvHpWUg+o6DGI+Rqe9ApSlBwZFjs0yQ/Kl2qI87KjpiPrcZSousgqIbXyPaSCtZAPYdSvia8WawWLHIYt+PWWBa4oJIYhRkMNgn1PSgAVz6UHFj2y2xJT82Lb4zMiVwX3m2kpW7x6dSgOVccn1+NYSz4DYLNmuQagMseZesiaiRpMhY7pjRkqDTKfgkKccUfipZ+XHZaUClKUFaviO7dbrgWYq3U4BaVSLLcktxs5hRkcqbUkBLU8JHr2ASs+7sTz1KIjFBnQ7nDZuFvkIfjSEBxpxB5Ckn31d9c7bb7zb5NpusJmXCmNLYkR3kBbbrahwpCknsQQSCDVWu6TYxmG3243PVDQq2Sb7py4pUu6Y21y5Msw9Vuxx3LjI7np9UjnnkDqHJ1HA/iP5lvtfdeeifSn/SZ/hMr9KZ4T/tn8T3tJUrG2i/Wy/xI9xtMpL7D4VwR6pI9UqHuI+BrJVW5iaZ2q4S9jt3aL1MV253ieUxykrg3n9ZH92P9tc6ut5u/fXmLVjOJQjMyHJLmxarVHHHLkh1XSn17epHr27j3VJZoquXIpp5y19RyreFi15F2fdpjeWQtlwyrMX7Xo1pJZ133N746pLUdsctwmurlTzyvRKQO/f0Hc+4G0zZ7s8w7a3iC19abzm98Qh3IL86OVvOfWLTXPdDKSew9VHue/AH42b7O8Q2tYZ1LDd2zq8thzIL6scrdcPcstE90spPoPVRHUfcBtrVnVnBNEsEueouot8ZtdntbfUtaz7byz2Q02n1W4o8AJHcn5cmrXi4lGLTtTznnLwfXdeyNcvRVd4UU8Kae6I/eZ75+XB51Y1YwbRTBblqLqJe2rZZrYjlxxRHW6s/UabT6rcUewSO5+zk1TNrzr1ne8HOm80zRl+14ZanVKxnGS4VIQgntIfHYLdUkDk8e/gdvX266a459vJ1CbzDMIztswy1uqOM431EobbPYSX/y3FDuTxx34HYd8PEhtmf5TXdtj6x93I//AE1pZ+oRRvatzx71n6LdFZvdXNzafd/ppnv858vJxsWyXUbQHUCLrDpBL+i3pgdM6Aefot0jngrZdQOOeeB8+QCO4q4HbBuh0+3RYC3lmIyUxrpECGb1Znl/3RbZJHdCh2KkEg9KwOCB7iCBU+8y3IbLbqQQawONZLqLoFqFG1d0duH0S7xzxOhEcxrtH55Uy6j0PPHyPPBB5ANQ6dqO+1q78Jb3Szol1t83Bp4/1U+PnHn/AJz53LbgtvmnW5LT2Xp9qJa0PMr5dgzkIH0m3SQCEvsqP1VDkgj0UCQexqnnU3A9Rds+bvaN6xDzw91Kx3IEA/R7rGSrgHk+iwCkFJ5IJ4J9Cbb9sG6DT/dHgLeXYg8YlyidLN5sz6h9Jt0jjulQ/GQfVKx2I+BBAzG4Hb9p5uS08maeah20OsO8uwprSR9IgSOCEvMqI7KHPceih2NdfIx6Mmjq1/DyULSdWyNGv+2sT5THdMeE/tPdKpTEeP0sXHn/AKxf9BNcQV5iYrlWi+cZrt7z2SiZd8ZIkRZ6BwmdCWlPlucEkj2eg8En6xHu5PgVT8izVYv1UVPfdK1CzqeDaybPKY+U78Yeawt/ShgiY4pKG+k9a1HgJ478k/ZXPul1t1lgu3K6y240ZkcrcWeAPl8yfcPfXt0bsen2rertlxvcJli9NcBfjIu0NF7acgfpmb6yEoRJcAbaZJSfaKvaAIHcjjYw8S5k1708u+XN6Qa7iaPYn2s71zyp75/Eefy3bA2lbWMh3bXxq95UxKt2kFnf/uh8FTTt/fQf1u0exDIP1lj4cA8+lu9hsVnxiywsdx+2x7fbLcwiNEix2whplpA4ShKR2AAFa+wzVbQK2xLbp/pblGP3JqCwiPDtOLLTcBGZA4T1JjdYaR+3WUp+JrZyFFaErKFJ5HPSr1H21arNmixR1KI4PDdQ1C/qd+cjIneZ+keEeT9V1zUfCrfqRgGRYBdXVNRMitki2uuJHKm0utlHUB8Rzz91djpUrSQC3y7eM71E2G4fbrbbZrWTaY22C/OtUVa1JeTGihiUlKB2dCeguIPHPSntx1EV1HwZdcsamaeX/QCcY8S/224u3yEOQlU+M8lCXDx+MttTY5/arR+SasqPftUItcfDCw7KM5b1g29Z1N0rzdiV9OC4jZcgre55K0oSUrZUSTz0kpIJHR3NBN6o6bpNiuie6eKu4ZNbVWXK0NBuPkNuQlMjgD2UvJ7B9A+Cu4HYKFZbR6/7pcWjxsS18wu0ZMtpQabyvF5aEpeR6BUmI90KQr4qbJB/IHHfetBFvYfssi7QcSv8a73WDe8nyCcTJucVtSEmE0VCO0kK7p7KUtQ7+0rjlQSDUpKUoKV/GnZlJ3O4w84D5DmExQ0fmJszq/nFV/1aT43mFPi7aaaiNRVFlUabZnngnsFBSXW0k/wnCPvqragVcD4MF+1Mj6aZtYMotE9jBokli5WS5S2lNsee4FiU20tXAUgBttZ6eyVFXPdVU/AckCrpMusma4N4QUaDhzshif8ApOiSpimOQ4IUh5LknjjuB5Li+r9r1UEXPFR3lYZr1eLHpXpZdDc8exiQ9Kn3BKeGZc48tpDR/HQhHPt+iivt2HJr+ryo8kk14oFKUoM9gGNS8yzrHcRgsl2RerrEt7SB6qU66lAH51V9PljtbFkssCzRgAzAitRmwBwOlCAkfyCqKvCo0iGpm7Gy32fF8614PHdvz/I5T56R0RgfmHVpWP3ur46BSlKBSlKBSlKBSlKBSlKBSlKBSlKBSlKBSlKBSlKBSlKBSlKBSlKBSlKBSlKBSlKBSlKBSlKBSlKBSlKBSlKBSlKBWh98Gh6NwG2rLsGjww/dmI4u1mITytM2P7aAn5rT1t/Y4a3xSg+Vl5pxh1bLqSlaFFKkkcEEe41+amb4o22g6Ha+ycyx+2FjFdQFu3WKW0cNMTSrmSwOOyfaV5gT+Svgdh2hlQZOyZNf8bVMVYrvLgmfEegSvIdKA9GdSUuNLA+shSSQQe1bN2ma6ztumveL6osPOiDCk/R7qy2f7/Ad9h5BH43Y9QH5SEn3Vp+gPB5oPqbst5tmRWeDf7LNamW+5R25cWQ0oKQ60tIUhaSOxBBBrRmp+dvYRu+0etUp8t27NrBkVlAJ4SZTSochsfaQhYH2n41CLwqN8cC0R4m2PVS6/R45cP6VLnJcHQlSlcmCsk9uSSWz6c8p7cprffirMZPi+nOnevWGpIummGYRrolwJ5CG3OAQr9oVoaSoe8Hig7Buu0MzPENX8c3r6GWxU3JsTaEbLLGwPbvtmA6XehP4z6Girgep6G+AVISkypw7LbHneLWrMsamJlWu8xG5kV1P4za0gjn4Ec8Ee4giuFprnlj1S0/x/UPHXg7bcht7M9gg89IcSCUn5pPKT8waylixuxYxGfhY9a2LfGkSXJa2GE9LfnOHqcUlI7J6lcqPAAKipXqSSGSpSlApSlApSvAUkqKQocj1HPeg80pSgVHPVG/685ndL7iGIaoac6aWiGs+bdVyxcL4zFQrlx7yVFLEflIPHX18A9yD6b/vchMWzzpK7ii3pajOrMtYBTHAQT5hB7EJ9e/wqtHB8ctuu+O23TWzXa0YRgGZXhEliO/EduGaZ7EbkBb8+a6kgxo7/SolZ7AdhwkAEOmblNr0JNwx/NduuULvmU5tLECxRbY22+rJw33lXKXwhqMwhPJ5caQGyOkkkqKq6brHtc3E7XNPIOqGqObYre4c24xbbItUbrD7Dr3PHlLCEpXwEnkenY+tWq4ThuAW7Um/Xy3y7dKyKHAiWdmHGKSmx2psEsxUNp7Nday44r0KuUj6qE8QK8VDVS05ZqHgGllqYnyWMWyBpV5kdJEH6Y8yFtxufRbqGihZ454DyR6kga1+xarpmqumJ4Oxpeo51i9bs496qmJqjhvO3GduXJH4Hkc11vLbhkOL3TGNRsRjNyL1ht6j3mIy4kqQ8ppQUUKA7kHpHPHfjnjvXZa4N5/WX8Mf7aqWNcqtXKa45w961PDoz8O5jXeVUbJ/2HxY9p83Ahk2QXy8Wi/tM/h8aVan3ZZeA+o24lHkqBPoorT8+PSoFa5a46ibxtQG8uzKO5asOtaz+lzGev2G0f8A2iR+W6r1JPyAHH1sXFwuPOt4vikxeeoj2mQV9jx61kosVmI30ND19SfU11cjVpro6luNpUjSegdvFvxfyq+vTHGI22+fGd/R6UMtW2GUsp9rjgdvrK9BXshRforPSSCtXtLI+Ne5TaVLStQ5KeePt+NfquNMzL0KKIiSuNPQh1DTKwCHHAn/AG1ya4ko8yoiD71lX5hXyOZc7LE41kuomgmocTV7SC4GLd4xAnQSSI13jc8rZeSOx5H388EcEA1Ydh/iybVrtgxv+Y3a8Y1kMdr+6ceetb78hTwH1WnEILSgT2BUpPz4qB7rLb6C26nlJrAzcahpKpi2I7ikd+pbQKvz12MTVZt0dS5G6ha70JtZ9+cjGq6kzz4bx6920uw37U667htd8516m2Vy0wLrBTBtMN3++oiNdKUKc47dRCeftJ47DvjLrPuqZtqx3GbO7d8hyGc3bLRAb9X5DigEgn3JBI5Pw+HrWaxFtAxu4uBACitSSeO/AQngfyn89evDNSbDoprzphrDlsd9yw45dZCLiphrzVstSIzjPmhPv6Cvq4Hc9PbvWtRVGfnfzeUupkY9fRro7MYU71UxM7+czG87eTc+MaY7UNpmpsRjfBl0y/ZsbTGvltS/b5EixxytbiVNsssIV5jjam+Op0dJBBCQRzXddRt+23XchlmPaR6Ybbf+Fu+PTEsWX9H4bUOGwvgguAqCnEthIKlcpT7I7jtW2NV2vDr3qW215JnOouMXB61tFMWa3fTbZjLSvaU2tKlJURz36VpPB5445rWOA514UGzrMHMgwXKG5OVRYzjAnxXLheHEoX2WhCkhTCVEDgkcHj39zza6aYojq0xweH3bty/XNy7VM1TzmeMpw6R4TccFxFm1XePj0WWvhxyHj9uTDt8T2QPKZT9dQHHdayVKJJ9kcJHYrFk+P5OmcrH7vFuCbZNct0tUdwLDMlsAraUR+MnqHI93PFVZ7nvGKRfrBNw/bXj92tL8xtTC8kuqG0PspPYmMylS+Fcei1nke5PIBqRmxCTK0A29aXYVqMt85fqxkM6e1Dkun6UlLzTr5eWFcqPDTCCrn3ujk19RpqUpSgUpSgUpSgUpXplymIMR6bKcS2zHbU64tR4CUpHJJ+wCg0puu0Ix3djoLkGnUebGM7zHHrPOSoFMW6RXFI4J9w6kuMrHuCl+8DivTbD4POTZSmfd9zk+54pGZdUzCtVnlRnJUjpJBdW7w6hCDwOkAFRB5PT77A9lVyvuR6Jrza9KPk5bkt9v1tQoEFEGRcHlsnj4LHLg+TgreE25QLcqOmdMZjmW8mNHDiwkuukEhCefVRCVHgd+xoKZtWPCD1lsOsFrx3S505Bgd3koQb5KeYbetTJV7f0lvlJWUp5ILaSFHtwk9quDbwfG04GjTd63ofsAtIsiorg5SuJ5Pkls/Io7Vn6hr4q2qubaU7aGrhgGYXDHLpdb5Ht6pUB4svrYU24XEJWPaTyEjkpIPzoKYNf9O4ukutWaabQZglRcdvUmAw8FdXU0hZ6OT7z08A/PmugV7pkyXcJTs2fJdkSH1lx111RUtaieSpRPck/E16aBQAn0pW5to+3u77l9cMf02hh1q2vPfSrzLbTz9FgNkF1fw6iPYTz+MtPuoLVvCM0Cc0y0Bf1Qvkby71qJIEtpKk8KZtrPKGEn92rzHPmlSPhU7K4NislsxuywMessNEW322M3EisIHCW2kJCUpH2ACudQKUpQKUpQKUpQKUpQKUpQKUpQKUpQKUpQKUpQKUpQKUpQKUpQKUpQKUpQKUpQKUpQKUpQKUpQKUpQKUpQKUpQKUpQKUpQad3YbdrHue0WvOmN1U1HnOJ+mWaa4nn6HPbSrynO3cJPUUq4/FWqvnWznCcl04y664NmFqdtt5sslcSZGd9W3Eng9/eD6gjsQQa+ouq/vE+2Nf8ADPjbuuOllkU5nNij8XOHGR1Lu8FA/FQO6n2x9XjupPKeCQngKW2lJHKVp5SfX4j7K/KwAohJ5Hxry4040opcQUkHjgjg1+aD9NuLaWlxtRSpJ5BHqDVkW1jxDMa1DwGdtf3myDcMZvluNrj5O+Sp1pJHCUyldySnhKkP/WSpI6ufrCtugJHoaC5nY3qNd9sGokrZrq3f2ZGP3V5V00zyNToMO6RXlc+Sy7z0nrJ6kpB7OKWnv1Jqw+vmbx/W7KrfiLGnmQuLvmMQ3zLgRJDyku2qQe/nQnh7UdfPBIHKFEe0g1P3Zz4tkqyNxNO9zan58FvpZhZUyjqkNIHYCW2O7g/7RPtfEK9QFs9Kw+K5jimc2OJk2HZHbb1ap7YdjTIMlDzTqT7wpJI+0eoPY1mKBSlKDh3i2t3m0zLS7KlxkTWFsKeiPqZfbCkkdTbie6FDnkKHcHvUPleGHptAtUuVi+seqNpzJ6QuTHypOQOqlsqPoFJSUhxI9/cKP5QqZtKCtjSvdxqvs91xvG33e7nUy/WR9ht/H8vcilQ8vv0rWoJ61tr7pUT1KQtBHJHep7aa6w6X6xWt686X51Z8lhxlht9yBIDhZWRyErT6pJHxArl5vplpzqXGYhahYLYclYiqK2EXW3tSg0o+pR5iT088Dnj14qNeo+wqxY/fpWrm1TL5ukecNNlbjVsZL1puKB3LL0MduDx26OwPfoJ4oN17jMRk5tpq9YnJDqbJ9MYk5FHac8tcy1NErkRwr3BYSAr4o6h76gJoLpjq1q5tCz7XXSXyGNWNSb19BRKYkfQ1W2xxn0J+gwlI6Sw2lCeAhBTylKR+KmpAaf7vtcYGLpf1a2+Tc2t6eqM5kmmy03Vh5SfZcS/byfpEZxPcLQoEhXIKU+la40a3fbedtcu/Yfbb1crPgEq4SLvDst7xu4wblZHXvaditcNLbfa6x7AUWijqIKlAA0E5dNNMsL0qxlGN4Vj0O1R3FfSJYjpVzJklKQt5xSiVrWrpHKlqJ4AHPaoD+Kcq1HN9HMGtDDDDiZ9yyGWyygJ5ACeXl8epUvkdR9Tz3rmav+Kn+miwRrHtewu6qv04oU/echt/lQ7c1yCohHUfNWR2Hu78+16VFC4T84zPLZuouqeYycnym4NCOuW6noajx0kqSww2OzbYJJ4HHck8c888/PzLdi1NO/vTHJa+jHR/L1DMt35omLVNUTMzw5cdo8d/J764F5/WX8Mf7a59cC8/rL+GP9tVa32oe43exLO2X/A0fvp/p1wT61zrL/gb/nT/AE64J9ajjtSkjsU+kFKUrIKx8tfFziJ+AJ/nrnggjkHkHvzWMmq/9qxuPcB/Oa+080dzs7+jKVxrj+snfsrk1xrj+snfsFfI5wyr7MsliX+DFw/fF/0E1wZEaNMYXFmR232XB0rbcSFJUPgQexrnYl/gxcP3xf8AQTXFFfJ/UnYimKrFFNXGNmgdctObVj8KJfsctQjMKcU1KS2olKVH6h4PoPUVP3w4dqOz3XTRm055kuGtXzMrO7Ig36DLuC3GA51r8pxUcEAJU0Ukc9upJ47io8XG3w7tBfttxjofjSEFDjaxyFD/AOeK1gjRfIMYvJvumGoVzx2T6JWw+6y8gfAPNKSrj7RVgwNSopt9S/PGO95Z0n6HZFzJnJ06iJpnnTG0bT5Rwjafut5xjw2doGJZOnLLPpmozGXA7GRIuD77MZwHlK0NrURyD3BVzweCO9bhxrQrS/FsvVqFCxxUzKlMmML3dJj9wmoaPq227IWtTaDyR0o6Rx24qpXRfdRvD26oehtZrbdQbXMPUYeUSJMlTS/epp0rDifsKin5c9633Y/FQ1x8vqvW23H7gAeCqBk6o/f39nGl/wA9dOnMx6o3iuPmptzo9qtqerVYq38o3+yy2lVz3HxXdQExybftTLbnp1yswa6Af4MfkitR6m+ItvauttlXDGLHhmMRm0KH0W3xnJszpIIKut1RSSnnkdKR3HofSvs5ViJiOvHzRxoepzTNX8PXtHP3ZSm8QHfwjavDs2K6eJtN4zq4vJkyIMsKcahwAD7boQoFKlq6Qkc88BR9w5i3hHiv7wdTpqce070Bx7ILov2eLbb5sgo596glwhI+aiBXWfDd0dxPXzWu5a3696j4/kF2gvrcZx+8T23rjcZqhx9IeYdPKmkDnpHBBVx6BPBuLtNss1nhphWO3woUVP1WYjSG2x9iUgCthypjbmjbt/xneVnqm8z3NZtCxOEVJciYjjTCGnVj15lyfaWkeg8ttXJHqofVqT9fhbzTY5W6hI+agK1prLedwsK0rToNh+F3ea437Ei/Xh9lLa/3ltrhY/zyaDZ1Qi3hbx9IZl6Y2vWnVi12ZeRvKh5nkCHSpmy2oc/SWEOJ55lOpBaSkfU6yVcdq0lqloR4tmuLsiz5bm9lstnlAodiWm8IhRSg+qSGh5ik8e5RPI9eahvus2M6hbTbRiU7Ncss13m5bIlMNw7WHVFksho8lSwCrqLvHYduB3PNBa/N8RHZDpXiEa02HU2LOhWWI3Fh2+zwnnnPLbQEoQgdIT6ADkkD4mtNbVtdNR9927NOqsyxP2TS3S2LKdstvUvrC7jIR5DbjygAlbxaW8vgdmwAkc9XUqNW2TwlNYNTX7fkutLysFxh0ofXEWkLuslr16Q36MdQ/GX3T+QfSre9JdIdPtD8JhafaaY7Hs9mggkNtjlbrh+s64s91rV71H5e4AUHcqqj8bHVy3yJmBaI2+UlyVDD+Q3RtJ/vfWPKjJPzID6uPh0n31ZvqLqHimleE3rP8zujcK0WKG5NlOEjqKUDnpSPxlKPCUj3kgV83+4HWS+6+6u5JqrkIUh++TFOssFXUI0ceyyyD+0QEj5kE0GvKUoAT2FB+2GHpLqGI7S3HFqCUoQOVKJPAAHvNXzeG3tFb21aQjIcqtnlZ5mTbcq6lwfhIUcclmIPySnqKl/FSuD9UcRI8KvY29lF1g7mtUbcpFmtznmYtbnmuPpklKu0xXP/AEbZB6Bx7S/a5AR7Vu1ApSlApSlApSlApSlApSlApSlApSlApSlApSlApSlApSlApSlApSlApSlApSlApSlApSlApSlApSlApSlApSlApSlApSlApSlArwQCOCOQa80oKpvEt8O15t+57iNCLA46051SsmsMRHUUK9VzI6B36T6uIHPHdYHHVxVipJQopUOCOxFfVMpKVpKFpCkqHBBHIIqrjxC/DMcurty1w25WJsSFdUq+YxFHT5qvx5ERPpz+Mpocc9ykc+yQqfpXsfjvxXlx5LK2nWlFC0LTwpKgeCCD6EGslidij5NkUCwSshtdjROfSx+iF0W4iJH6jx1uqbQtSU/EhJ49T25NBiaDnnkVbBol4M+D3Oxw8g1T1lXfG5raX2UYp0pirbI5BTIdSouA/EITUmrf4Ymz6z4nKx22acL+myEAJvMqc9JmtOD0WkrUW0/NIQEn3ik+TKmImqIqnaFEFkzPNMU4ON5VeLRyer+4prrHf4+wRWzcW3obqcMUlVg13y9oIPIQ/cFSEH7Uu9QP3ipV7mNlGQ6OzXFX/HGb7jCj/cl8ixylKE+5DvT7TKx8Oek+4+4Rkn6H4w+pSoUyZFJ7hJIcSPzjn+WtH+Pooq6t2JiVo/5UyMi3F7BuU3KZ8J2n5S3npp4w+6LEFsx83i41m8NJAcMyD9ElEftXY5SgH5qbVUwtIvGL2+Zk4xb9TbFesFlukJMhTZnQwfmtoeYkfPy/t4qrVegjZV+DyTpT8TG54/8AVXPibbw8A4cvbWj39EU8/wBKvs6hj086vuhp6I6xXO0Wv/Kn8r97JuA0MyOFHuNj1hwybHlIDjS2r3GPUk+nbr5H2HuKhF4rW5W62DTzGbLolrvZIbkyc8i+QLLdEKubzXQksqCmiVNtAhwK7p6ipHBPBFQCtu3TFIziV3G6T5fSeShJS2k/mBP8tZC7aOadx0NBmxKT1dXJ+lPH4fFXzqGdWx99o3n4N+joJqs0TXX1afKZ4/SJdP083sbpdMJ6J2L605GQlQUpi4SfpzDnyU2+FpI/lqW+H+NXrM3BZt+SaNYxfbjwG0vwZMiJ5qvcS3+E7n5ED4AVH287b8GfssCba5E+C88lJd/CB1KuRz2ChyPz1l8N0xxbCvw9uil+YRwZUjhSx8k+5I+z89YVaxYineneZ8E9joBqVV6KL8000eMTv8o57+uzs2q247crqxlrWpmLYxZNJLnyFPzcfmyY8ycnjgCWA6pDpHuKmkqHpzx2rg3DVbc9qvZ/0iazazTL/i63EPv28NNAyi2eUpccS2lZTzwSnqIPH3177wf7iI+KwP564ljRy664fxUgD7//ANVc+rVL9yidtoW7H6E6XjXqetE1THHjPCfhEMwhKW0JbQAlCAEpSOwAHoAK80pXK9V3iIjkVwL1+sv4Y/21z64F6/WX8MfzGsqO1DC72JZ2y/4Hf50/064J9a51l/wN/wA6f6dcE+tYR2pSR2KfSCvVKcLUZxweoSePtr21wbwvohKHvWoJ/wBtZRG87Ma56tMy5bXZlH7kfzVirr7E5hwduyT+ZVZSOeWGz+0H81Yy+g9bSvkRWVG3W2RXv0/ky9ca4/rJ37BXtjrDsdpwfjIBr1XH9ZO/YKwjnCSrjRPoyWJf4MXD98X/AEE1xRXKxL/Bi4fvi/6Ca4or5PbllR+jR6PNKUr7tu+sJe3eqQhv8hP89ZC1t+XCb7d1cq/Oawkl0yJK3U+11K9kfL3V2NpAabS2PxQBUlcbURDWsz1rk1ONdf1g4T8U/wA9e6I6XYrbh9Sgc/bXHvK+mF0c/XWB/t/2V+rUSYCOfnx+eo5j3N2XK5MeTFY9huLZHeyi9WKJK/BqV1KRwsEcd+ocEH581kX7BLtzzjFjzXMbQ0hakobg5DLbSkfAJKyBXIwP/wB/f5lf+yufP/Xj374r+ep5yL1uvaiuY5d7SnSMDLt9a/ZpqneeM0xv8+brUvE13NtTd7zLMbqlQ44m5BKcA+4KArvWj2tevO226s3DTjNrhkePNq5l4pf5RfYfb94YdV7TK/gR259eR2rAqWlCSpagAPUk1jJd4A5RE7/tyP5qms52TFe8VTPryaGb0Z0a9Zm3VZinwmnhPzj991uO3HdHp3ubw1y/YRJMK9QR5V1sE9QRMtz/AB9VxHqUE+iwOD394IHXrTtNayXWVrXfXvLxnN/tIKMbtSYQj2iwo555ZZKlqcd5APmLVzyAeOQnipmwZvkujOoFm1wwbzP0Yx6Qh6bHQ6UJucLn8NHd4+sCnnvx29fcOLxNM9RMa1YwKxajYhL+kWm/wm5sdR46khQ7oVx6KSeUke4g1Z8e/GRR1o+LxjWdJuaPkzZrneJ4xPjH58XZ69b7zMZhyRIcS200grWtR4CUgckn5cV7Kg94lO9bFdFdM7vpHiF3amZ/lEVcFTMdwE2qI4nhx50j6qyk8IR6nq6vQd53JVG7jtb8v1q1ey/MLtlFxmwLnd5TkCO4+sssw/NV5DaEc8BKW+genu5PetVE8nk0oAT2FAqcfh5eH9dtw9+jan6l25+Dpxa5AWhDiVIXe3UnnyW/Q+UD9dfv+qO/JGX2B+G3f9bpsLVXWe2y7RgDK0vRITgLUi+EHnhPvRH+K+xV6J96hdFZ7PasetUSx2O3R4FvgMpjxosdsIaZbSOEpSkdgAPdQfu22232a3xrTaYTMOFCZRHjx2UBDbTaAEpQlI7AAAAAfCuTSlApSlApSlApSlApSlApSlApSlApSlApSlApSlApSlApSlApSlApSlApSlApSlApSlApSlApSlApSlApSlApSlApSlApSlApSlApSlArxXmlBBbfL4aOKbghP1L0nETHtQiguvslIbhXlYH/AEvH97eIHZwdifrD8YUzaiab5vpRlczCdQcdmWS9wFdL0SS2UqA9ykn0Uk+5QJB9xr6gq09uN2p6O7oMcTY9TMf6pkZCkwLxD6W58Ln/AKtwg8p57lCgUn4UFL+z7f8A6r7WZzNjLzuTYO691yrDLfPDAJ9pcVZ58pfHfp46FH1HJ5q6vQHc5o7uWxz9MGlmUtTXGUJVNtr/AA1NhE+51rnkDnt1DlJ9xNUq7sfD01m2vuysgMVeUYSh3hq/QWjwwgnhP0psclk9wOeSgn0V3AqPOA6g5ppdlMPMsBySdYr1AV1MzIbpbWn4pPH1kkdik8gjsRQfT/OgwrnEegXGIzKiyEFt1l5sLbcSRwUqSexB+BqFW4Dw67PehKyfQ6QzaZxJcXYpKuIjp9SGV+rR+CTyj0HKBWn9rPjC2S7NRcQ3N2wWycClpGTW1kmM6PTmQwOVNq+KkcpP5KffZPjGVY1m1ih5PiF/gXq0XBsPRZsGQl5l5B96VpJBqK7ZovRtXDfwNSydMue0xqtvGO6fWFI2aYLl+nV8cxzNsemWe4td/JktlPWnnjqQfRaf2ySRWFafdYV1srKT8j61d/n+mGBapWY2HPcYhXiIOS2H2/bZUfVTax7SFfNJFQi1q8Nu6QnXb1olfBNjK5UbNc3Al5B+DT/HSofJYB/bGuPf06unjRxj6vR9L6Z4uTEUZcezr8f6fn3IYxr0g+zJR0/tk9/zivXeHW3m2VNLCh7XcH7K5eZ4Fmend4XYM4xm4WSejkhqYyUdafTqQr0Wn9skkfOsCCR6Vy5tdWrwXWjK9vb3pmKqZ74d+kf4NWz9wj+jWMrGt5PKMNmBJaQtpnsgp7KAA4+w1yGbnDf4CXQkn3K7Vq+zqpneXRi/RXttPc/F3TzCUefRSTXpsY/BOn9sB/JXJuSeuC6Plz/LXFsax5bzfv6gf5KzjsT6o6tvbQyletp0Olzg9kL6B9wFfsnpBUfd3rg2h3zWXSfXzSfz1h3TKWaveilz64F6/WX8Mf7a59cC8/rL+GP9tZUdqHy72JZ2y/4G/wCdP9OuCfWudZf8Df8AOn+nXBPrUffKSOxT6Q8dgOSfSpC7etlV/wBerE3m2S39eOYw6tQgeVH82VO4JSpaQohLaAQQFHqJPPbgcmO0kKMdwI9ek/zVZFs03L6d5fpjj2nt1vVus2TY/BZtn0B9xLAlNspCEOs9XAUSlIKkjuDz244rpaXatXrk+1+Co9Mc/OwMOKsKOc8ZiN5iP872lNZfD7vuB4xIyfTHKZOSItzZdkWqZGSiSppI5UplaOy1AfiFIJ9xJ7GHN2KXojT6CSnnnk/MVb5rhuP010UxmXPvt/hSruWV/QbPHkIXJkucHpHQDylHPHKyOB8z2qouXIeu0WXOkNoQ7KedklDaelCSpZUQke4dzwKm1KxZsV0za4T3w0eh2pajqVi5GbvNMdmqec+Mefq/Nnc64SQT3QSn+Xn/AG17bj+snfsFcGxr9p1r5BQFc64frJ37BXLq7a60z1rO/kyWJf4MXD98X/QTXFFcrEv8GLh++L/oJriisJ7cpqP0aPR5rjXF7yYbige6h0j765NYa9P9T6WAezY5P2n/APRWdMb1bMLtXUomXotjXmzEduyD1fmrsFYyyxyhtUlQ7r7J+wf/AD/JWTpcrjrbMLFPVo4sTfF9mm+firj+Subb0dEFoH3p5/P3rEXV4PTFAK7IAT2/lrkOXnpbS3GZ4CQE8q+XyrLqTNMRCL2tMXKqpc3CXmo97U6+6ltCWVkqUQAPT30ut7jiU79FHm9S1EK9E+tdf591c+x2C+5PdWLHjdmm3S4yldLMWGwp51w/JKQSfn8PfUvsetVuinK9lb24REcd5cWRKflHl5wn4D3D7q99ns92yG5x7LYrbJuE+Wvy2I0ZouOOK+ASnkmpZ6PeHNqLlL8e6aqXFGLWrstcNkpenup/J7Hoa+09RH5PwnTpToHpXovELGB4tHiSXEBt6e7+FlvD4KdV7XHPfgcD5V07Gn3LnGr3Y+qmap0xw8PemxPtK/Ll8Z/G6Gegnh0Xq8+RkmuMpVshchaLFGVzIeT/ANs4OzQ/ap5V80+ldixHJmPDw1fuel2bylxdCc1XIvGIXNwqcbsdwCOt+3LUeSlKuklAPYkgjupfE6X32IrK5El5DTTSSta1qCUpSO5JJ7AVWl4hm/zbNk+nl+0Ox6xsalXGYC2mew90QLZJT9V9t9PJdcQfQN+ye4KuCQezZsUWKdqIea6lquTq1z2mTVvtyjuj0Rz108W/cTnd6ukHS6XEwjHFrcZh/R4yHZxZ7gLW84D0rI7+wB0n0PbmoP3W7XK93CRdbvPkTZkt1T8iRIcLjjrijypalHkqUSSST3ri/WV295rdu2vZ/rRuivhg6e48pFojuBudfZnLcGIT7iv8dfHfoQCr09B3qZzWnbNZrtkN1i2OxW2TcLhOdSxGixmlOuvOKPCUISkEqJPuFWs7HfCmas7tv1V3O25iRMbWiRbsSUOtpsjgpcmnnhZ5/wChHKe3tE8lIlTtM2D6O7VoTF2t8b9MeaqZ6JWQzmQFpUR7aYzfcMIPp2JUR2KjUmqD8Mssx2kMMNIbbbSEoQhICUgegAHoK/dKUClKUClKUClKUClKUClKUClKUClKUClKUClKUClKUClKUClKUClKUClKUClKUClKUClKUClKUClKUClKUClKUClKUClKUClKUClKUClKUClKUClKUHqkxo02O7EmR232H0Ft1pxAUhaCOClQPYgjsQagfun8J3SfVr6Tlei7sfAsnX1LciIa6rXMV692x3YVz+Mj2fignvU9aUHzU65bZda9ul+XY9U8InW1JJ+jz20+dClJ/KafRyhXu9kkKHPcA9q8aKbmNbNvV1Tc9LM7uFpQVhx6EV+bDf8Ak4wvlCufjxz8CK+kTIsZx3LrS/YcpscC722UkoeiTo6HmXAfcUKBBqAW4bwd9Lc6lS8i0NyBWEXF8lf6FyUqkWwr9eEcfhGQT7gVAe4AdqDibfPGP00ylqJZNwGPuYjdF9La7tbm3JNuWr06lNjqdaH+mB8eKn/h+c4ZqDZmciwbKbVf7ZISFtyrdLRIbIP7ZBPB+R7187+uezXcPt4mSBqHp/MTbGVHy7zABlW95I/GDqB7H2OBKviK6LptrFqlo/eUX/TLO7zjk5CgorgyVISv5LR9RwfJQIPwoPpcyvDMTzm1LsuYY7b7xBc9WZjCXEg/EcjsfmO9RT1V8NzTjIy7c9ML7LxaYoEiE/zKhE/Lk+Yj/SUPgkVEbRXxotQrGiNa9csCh5MwjhDlzs/TDlqHvUpo/glK+zoH2VPvR7fttY1rjx04zqjb7bc3wOq03s/QJbaj+Lw57Cz80LUPnUVyzbuxtXG7ewtTy9Pq62Ncmny7vjHJAjUvZluA0zS7MlYY9fLa2f17ZT9LAHxU0n8Kn5kp4HxrSUiO/EeVGlsLZdQeFNuJKVJPzB7ir5WnWZDSH2HUONuAKStCgUqHxBHrXT830Z0q1IZUznGA2W7FQ4816KkPJ+aXU8LSfmCK0LmmUz+nVt6rhh9OrtG0ZduKvOnh9P7wpKQ+6hJQlxQSrsRz2r2wpiobhWE9QUOCOeKsizrw1NJr0tyTg2R3nG3Fd0x3F/TI6T8uvhwfes1ofNfDc1usLbknE7tYMnaTyUstvmJIUP3Lo8v/APErQu6fep4dXf0WnE6W6bkbT7Tqz4VRt9eX1RlVeGHWVoKFpUpJA9454rj2iQlp8tLUEpWOxJ7c13DJtvut+HKWnI9Lciihv6ziYanm/uW31JP3E10OTGkQ3jHmMOMOj1Q6goUPuPetObE0bxMbLDaz7eRtXbrirbwmJ+zswUFd0kH7K4N5/WX8Mf7awoWtP1VEfYeK8rkPLR5a3VqTzzwTzUVNmaZ3iW3XkxVTts7tZv8AA3/On+nXBPrWEj365RYJtzTqPIJ56SgEg88+vr614F5lD1S2fu4qP2NcTMpYyaOrTHhDOVh7nbEtoVJaPs88lHHp868C+P8AvZb/ADmvDt4U80ppTCeFDg96+00V0zuwuXbVyNnCYS0p5IdJCVKAUR612UNpS2G0jhPHHHyrq1ZBu8Pttpb8tKukccknvWdymqrjCOzcpt7xU9cRRiXEJV24WUHv7v8A54rLXH9ZO/YKwMl9Uh5TxSEqV8K9ztylvNlpak9JHBAT60qtzVMS+0XaaaaqXasSI/SxcP3xf9BNcX09a66zcZ0eOuIxLcbZcJK0JVwCeOO9elTjivrLUr7TzWPsZmqapln/ABURRTTEcnY3ZcZoEqfb5Hu6hzXXXXC66pxZ5KlcmvyhKnHA22lSlq7BIHJP3V3LHNF9XMuUlON6bZFPCzwlbdvcCD/CICR9pNTW7PhxamRmURG92Ypjznb7uuKvC0IDMZhKEpAAKjya4rsyU+OHHlEfAdhUmsI8O7cBlCEyMgas2KsK9Uz5gef4+IQwFj7ioVvfCfDJwO3qbkZ/nV1vCk8FUeA2mI0r5FR6l8fYQa27enXKv6dvVwMvpZp2Pwm91pjup4/2+qulCFuKDaEqUo9gAOSa2xpptW121VKHsawKbHgLI/8AaFzH0ONx8Uqc4U4P3AVVpmBbd9FdNEI/SdpzZ4b7fpKdaMiQfmXXSpf8tbFACRwBwBW/b0uP+pV8lVzOnVVW8Ylrbzq/EflB/S3wz8egOM3HVzLn7qtJClW21csME/Bbx9tQ/chB+dS2wLSrTvTCB+h2B4jbbM0RwtUdkeY5+7cPK1feTXT9Vt2W3TRRp06j6sWK2yGQeYTTxlSyR7gwyFOc/dUC9avGpYQqRbNBdNFLA5Q1dsjVwD+2TGaV6fDqX9oHpXQtWLdnsQp+dq2bqM//ACLkzHhyj5RwWi3O62uywnbneLjFgRGElbsiS8lpttI9SpSiAB9tQo3BeLLt80pXMsOnC3NQ7/H6kcwF+XbW3B7lSSOHB82gofOqjdZt0GvG4C4Lm6o6jXW7MlXU3BSsMQmR8ER2wlsfbwSfeTWP0l2960a63RFq0s0+u1/WVhC32WuiMz83H18NoH2qFTOc73uG3ybhdycqTHzTLlwLC8o+XYLQVR4KE+5Kk8lTv2uKUfs9K1dpppLqVrFkcfE9NMMu2Q3KQoJDUJgrSjn8ZxZ4Q2ke9SyEj3kVZnoD4MFvhOQ77uKzdM9Selx2xWFa0NE+vQ5JUAoj3HoSn5K99WOadaV6daSY8xi2m2HWvHrZHSEpZhMBBVx71q+stXxUokn3mgrx2s+DzY7C7EzDc1dUXiY3w6jGbc6REQr3CQ+Pad4/JQQnn1Kh2NkmM4tjeGWSLjeJ2KDZ7XCR0R4cJhLLTY+SUgD/AH1lKUClKUClKUClKUClKUClKUClKUClKUClKUClKUClKUClKUClKUClKUClKUClKUClKUClKUClKUClKUClKUClKUClKUClKUClKUClKUClKUClKUClKUClKUClKUClKUClKUHqkRo8xhcaXHbfZcBSttxAUlQ+BB7Goq63eGZtZ1mdkXRjEDht6kcqVOx0iMhSz+MuPwWSfeSEgn3mpX0oKUNa/B41/wAFkSbhpXd7Xn1nQOpttKhCuKR8CyslCuPTlLhJ/JHpUM8+0p1M0pun6E6iYNfMcl8kIRcYa2Qvj8hRHCvtSTX091i8jxfGswtD9gy3H7berZJHS9DuEVEhlwftkLBSfzUHzmaSbutx2hriUac6r3yBDSe9uff+lQj/AJh7qbB+aQD86mDpl41OqllUzG1U0zseSMDgOSLa+uBI4954IWgn5cD7RUz9S/C22g6i+a/EweTict3k+dj8sx0pJ94aWFt/d08VELVDwTc5t7rkvSHVu1XiN3KId7irhvpHuHmt9aFn5lKPsoJUad+LPtDzhDTV4v8AfMQlrACmr3bSEJV7+HWC4jjn3kj7BUk8D100a1PSk6fan41flrHIZhXJpb3Hzb56x94qijPvDi3iaeh16XpBcrzHaBJesS0zwR8kNkuf+mo83ixZHityVbr9aLlaLhHPtsTI7kd5tQ+KVgKBoPqVIB9RzWDv2CYTlTKo+TYhZbs0ocFE6A0+n8y0mvnLwfdbuS04Q2xh2tuYwI7PARG/RV15hPyDThUgfmreWLeLLvFxxLbczKrLfW0cci5WhpRV9qm+hX8tfJiJ5vtNU0TvTO0rc7/sw2z5EpTknSu3Q1q59q3OuwwP4LSkp/kroF28N/QKcpSrdLyW3dXPCW5yXEj/AE0E/wAtQtxDxutTYXQjOtE8auwHAUu2XF+Co/E8OB4fzVtiweNxpLLCRk2i+V25R+t9DnR5aR96vKP8lRVY9qrnTDpWtZ1CxwovVfOZ+7ZVy8L7CXSf0I1Qvkb8kPw2XgPzFNdbneFvcQSbbrNHI9wfsah/Kl+s1aPGH2l3BAM9vMLaojkpetSV8fe2tVdqt3iq7L54T16hXCJz/wDaLPIHH5kmo5wrE/0t2jpTq1HK984j8NNy/DC1RQoiBqPizyfcXmpDRP3BKv56xcjwzddEc/Rsswl34dUuUj/+3NSbjeJHsrkgEa5W1vn3OwpaP52qybHiC7MpAHRuBxpPP5fnI/nRWH+n2PD6p46YatH9cf8AbH4RPY8M7XdZ/D5PhDQ+U6Ur/wDtxWRj+GJq0tQ+lag4k0n3lsSXD+Ytp/nqUL3iA7NGByvcFjB/crdV/MisdI8R3ZZH56tdrSvj/q4kpX8zVP8AT7Hg+z0w1af64/7YaPgeFxfFcG6ayQW/iI9lWv8AlU8P5q7FbvC8xdog3bVi7SOD6R7c01/SUqu33HxStltvKgjU6TL498e0SVc/nQK6vc/F92hQUqMSblU9Q9Es2cp5/wBNQrKMGxH9P3QV9KtXr/623pFP4dotXhr6GxOk3K95PPI9QZTbYP8Aoorvlh2PbZbCpLg03auDifxrjMfkA/ahS+j/ANNRfv3jYaHwwoY7pRmVyUOekyHY0ZJ+HcLWR+atV5Z44GWPhTeDaB2mCfxXbrenJX/oaaa/pVLTjWqeVMNK7reo3o2rv1fOY+y0THNL9NsPbDeK4Dj1oA98K2Msk/aUpBNdlCEIACUhIHuAqjPJ/F73eX4LRbZ+L2BKxxxAtAUR9heUs1pPNd6+63P0uM5Drrl3kvchTEKeqG0R8OljoBH21LERHJzaq6q53qneX0K5jqXp3p5FM3O85sWPsgc9VxuDUfn7AtQJ+6o6ag+KDs5wFLqE6iP5JJb54YsMBySVH4Baulv86xVCjjt5v1w63XJlxnSV8cqKnnXFH7eSTW7tPtim7LU1DL+OaJ5IzEf4KJd0jfoeyUn8YKf6SofNINfWKZOqXjaXuS6/C0c0gjQmO6Wp+QSy66r4KLDPCU/Z5i6iBq5v73V60MPW7KNVrlBtb3IVbrLxb2FJP4q/J4W4n5LUoVI7TjwWtb766y9qTqFjWLRFEFxERDlxkgfAJHQ39/X91S90y8I7algzbL2UQb1m01sArcuszymFK9/DLISAPkSo/M0FJWP4vmOe3pFmxewXW/XWSeUxoMdyS8v59KQTx86lro54T+6bU16PLye02/A7S4QXJF7e5kdHv6IzfUoq+SygfOrsMB0v050stP6B6cYPZMbgnjqZtkJtgLI96ykArPzUSa7RQQj0U8JXbRpmuNc83ZnahXRghfN1Pkwusf8A7M2eFD9qtSx8eamZY8fsOMW1mzY3ZYFqgR0hDMWFGQwy2kdgEoQAAPsFZClApSlApSlApSlApSlApSlApSlApSlApSlApSlApSlApSlApSlApSlApSlApSlApSlApSlApSlApSlApSlApSlApSlApSlApSlApSlApSlApSlApSlApSlApSlApSlApSlApSlApSlApSlApSlApSlArFZBimL5ZEMDKMctl3jEEFqdEbfR+ZYIrK0oNBZlsL2i50VrvehuPNOr9Xbe2uEv87Ck1pLLvBz2n5B1uWCdmmNOH6oh3VD7YPPvTIaWo/D6wqdVKCq/JPA+jda14hr850cew1crGOQfmtt3v/o1rq9+CprtD6lWPUrDriAPZDn0hgn86CBVytKCi66eELvEgrIh2jFbgkeimL4hPP3OJTXU7l4Xe963BSk6OJlpR6mNfLeon7AXwT+ar/aUHztS/D83mQgovbfcmV0ng+UGXfzdCzzWHk7J93EUkO7c8+UR/wBXZXnP6INfR7Sg+b5jZdu1kHhvblqCP3dhkI/pJFZWLsI3jTByzt6y1Pbn8LGS1/TUK+iylB8/Fp8Mre7eEhbWiEiMk++XeLewfzKfB/krtdt8JDedO6fpWK47A6jwfpF+YPT9vl9f8lXuUoKW7H4Lu4ydx+jea4VbOT36ZL7/AB/otith2DwPr04tJynXyEwjkdSYFkW6SPfwVup/mq2GlBX9iHgvbbLP5buWZpnGQup46kCVHhsK+PsoaKwP4dbsw7w5Nm2FKbcgaMW+e633Dl1kvzST8eHVlP8AJUlaUHWsT0z06wNpLOFYLYLElI6f/Z9uaYJHzKEgn767LSlApSlApSlApSlApSlApSlApSlApSlApSlApSlApSlApSlApSlApSlApSlApSlApSlApSlApSlApSlApSlApSlApSlApSlApSlApSlApSlApSlApSlApSlApSlApSlApSlApSlApSlApSlApSlApSlApSlApSlApSlApSlApSlApSlApSlApSlApSlApSlApSlApSlApSlApSlApSlApSlApSlApSlApSlApSlApSlApSlApSlApSlApSlApSlApSlApSlApSlApSlApSlApSlApSlApSlAqMupXiPbQtLMpmYZkOp/0u6251TE1u129+Y3HdT2UhTraS2VA8ghKjwQQeCOK3pqfNlW3TXLbjBeU1Ji2Oe+y4n1QtMdZSR9hAqmbwyNpmj+6+fqWdYYV1mHHRanISoc9UYhUlUvzSrp+tz5KOOfTv8AGgn3+qybLP2c3r+IZP8AZp+qybLP2c3r+IZP9muD+pE7NP2P5R/Hzv8Aup+pE7NP2P5R/Hzv+6g536rJss/Zzev4hk/2afqsmyz9nN6/iGT/AGa4P6kTs0/Y/lH8fO/7qfqROzT9j+Ufx87/ALqCQ+h+4/RjcZZJF90gziJfGoK0tzI4QtmTFUR7PmMuBK0g8HhXHSeDwTwa2XVN3hmW5rBPEDz7AscefZs8Jq/WtDK3CorYjSwloLP4xHQnv8eauRoFKUoFKVCXxC/EBa2wwmdN9NEwrlqNd45dJdHmNWdhXZDziB2U6ruUIPb2epQIICglxmWoun+ncA3XP83sONwwOfPu1xZiIP2FxQBPyFaRkeIzspizzbndfbKp1KukqbiTHGuf31LJQR8+riq/dGPDY3G7sS3rDuU1Gudgj3k/SGBcQZd0ktK7hYaUoJjoP4qTweO/QBxzItjwVNtiYiUSNRNRXJPTwXES4SUE/HoMYkfZ1UE0NP8AXDRzVVhL+m+qGL5J1Dkt266MvOo/dNhXWg/JQBru9VM6seDbnGFRnMs25asSLndbeC/Ht9wAhS1qHcJaktqCAv4dQSPiRXYtiHiEah2bUCPtf3YOSGbqJJtttvN1QWpjEodkxJhP1uo+yhw9+SAoq5BAWiUpSgUpSgUpXgkJBUSAB3JNB4WtDaStaglKRySTwAKirrX4mO1TRa6ScckZg/lN7iEofh48x9KQ0sfirf5DXPuIClEH1AqHe+TehqduP1SO0vau5KlW1c022dLta+Hr1JB4W2l3kBEVB6upXICukqKugDnde2vwhdHcCt0W/a9uHOcjUhK3Leh5bNqir94CU9K3yPTlZCT+RQdQn+N9gDcootmhWQPRwey37qy2sj9yEqH8td0wbxnNuV/eRHzPEstxcqIBeLDcxpPzPlq6uPsST8qldB2s7bbbFTCg6FYMyygdKUCxx+AP9Guiak+HntC1PgPRbpo3abPKcSQi4WEG3SGlflDyiELI+DiVD5UG1NKtcdI9b7GnIdKc/s+SQyAViI/+GYJ9A6yrhxpXyWkGu81TbuH8OLWXaG3L1524anXCbaceSZclQfES6QWEnkrJTw2+2OPaA4P7QjnicXhybrco3U6MzrrnzEcZRi9wTa58mO15bc1BaStuR0j2UrVysKSngcp5AAIACWFKUoFYvJ8oxzCsfn5Xl17hWez2tlUiZOmPJaZYbSO6lKPYf7fSspUDvGSy16w7W7dYGJKmzkeTRYriUngrbbbdeIPy5Qn+Sg7pO8VvZTDluxW9RbnKS2rpDzFilltfzT1IB4+6vR+qybLP2c3r+IZP9mtL7T/DE21an7d8G1D1Es+QPX/IbYmfLUxdnGG/bUopAQBwPZ6a21+pE7NP2P5R/Hzv+6g3HoXvR24bjLq9j+l2obEy9MNl5VrmR3YkpbY9VtodSnzAPf0FXHI54rd9Uj6/aWYtsD33adXnABOh4mly3XVsypKnVpaU4WZaSs91DjqPH7birtwQoBSSCD3BFBrvWzcJo/t3x1nJ9Xs0jWGHLdLEVCm3Hn5LgHJS202lS1ce8gcDkckVoD9Vk2Wfs5vX8Qyf7NQx8QF+fud8RHEdAra+85brW5bMbWlpXZsvOefNfA9xS25wfkwKmB+pE7NP2P5R/Hzv+6g5w8WTZYTx+nq9D/8AcMr+zUi9H9btLNesUTmuk2YQ8gtXmFlxxkLbcYdHctutLCVtq478KSORwRyCDUZHPCI2bqbUluxZQlRBCVfo66eD8fSoneDhfLthW4/UXSS5SFNolWZ0vMcnpMyDLS2DwfeEuvUFt2W5djGBY3cMvzO/QrNZbWyqRMnTHQ20yge8qP5gB3JIABJAqLEzxXdlMWU5Hb1DuklLaukOs2GX0L+Y6kA8faBXTvGRuM2JtWgw40hbbM3JoaJCEngOJS26oA/LqAP3Ctc7P/DX2vazbbMF1OzezZA9fL/BckTVx7w402paZDiB0oA4HsoFBvH9Vk2Wfs5vX8Qyf7NP1WTZZ+zm9fxDJ/s1wf1InZp+x/KP4+d/3U/Uidmn7H8o/j53/dQc79Vk2Wfs5vX8Qyf7Ne2H4ruyqVKajuah3SMlxQSXXrDL6EfNXSgnj7Aaxn6kTs0/Y/lH8fO/7q0zvH8NrbBottpznVDBrNf2b7YYbD0Nci8OPNpUqS02epBHB9laqCyPFsqxvN8egZZiF8hXizXRlMiHOhvB1l5s+hSodvl8QQQe9ZWoHeDXc58zapcYUqUt1iBlc1uMhR5DSFNMLKU/AdSlK4+Kj8anc861HaW++4ltttJWtajwEpA5JJ9woNL67byduu3CfGsuquoTEG7y2/OatkVhyXKDfuWttpKvLSfcV9PVwenng8am/VZNln7Ob1/EMn+zUCdC9Oce8Q7fhneQZwLhKw5Sp10c+jvqZc+iIUGYaAsd08goPA+BqdH6kTs0/Y/lH8fO/wC6g536rJss/Zzev4hk/wBmtj6J76dsW4HJBhunOoyHr8ttTrNunw3obz6U+vlF1IS4QO/SlRVwCeOATWqv1InZp+x/KP4+d/3VBPezoJYNgu4zTTPtHI1xasavKu8VuXKU8pUqI+nz2vMI54UhbfI+C6C76ug6za8aTbfsXTmGrmZRLBbXXQwwXELdekOn8RpptKlrPx4TwB3JA712vGMjtOYY3asssMkSLbeoTFwhuj/pGXUBaFfelQqp7xqpkubrDpXjsiS4beLO+8GQeAHHZQQtX2lKEj7qCWB8WTZZz/hzev4hk/2afqsmyz9nN6/iGT/ZrCWXwk9nM6zwJsiwZOXZEZp1ZF9dA6lIBPu+Jrm/qROzT9j+Ufx87/uoOd+qybLP2c3r+IZP9mn6rJss/Zzev4hk/wBmuD+pE7NP2P5R/Hzv+6n6kTs0/Y/lH8fO/wC6g536rJss/Zzev4hk/wBmtg6Nb9trWu+TtYVgOpKDfpIUY1vuEJ6G5J4HJDSnUhC1cfihXV2J44Faw/Uidmn7H8o/j53/AHVAjdroPgW1HeXprjOjaLlb4nnWi5hUmYqQ4HzN6SQo+7hI7fbQXk0pSgUpXplzItvivTp0lqPGjtqdeedWEobQkclSiewAA5JoPdWh9cN8O2bb7IVa8/1JhuXlI5NntSTOmJ+S0N8hr5eYU8+6oF7uvEM1P1/zd3bjs5YuL0KZJMBy8WpKvp14UPZUmOrt5Mf15c7FQHPUlPPPdNvXg34+01Gyvc7lky83R/iQ/YbVJLbCVnuUPyh+EcPx8sp7+ij6kMxk3jZ6PwZK2cV0jym6tJPsvSZLEUKH2ArIr84z42mkU6SlnKtIcptTSj3eiymJQSP3J6Cal5jGzTath8REKwaCYa0hAA637aiS6rj8px3qWr7STXnJ9m21fMIaoN/0Ew15tYI62bYiO6n9y410rT9oIoMFozvz2sa6SmrVhuqMGJeHeAi13lJt8laj6JQHeEOq+TalGpApUlaQtCgpKhyCDyCKrZ158GrS65Q5+Q6F5pcsVlstrfRa7mszYXsgnpQ4fwyB29VFw1jvBo181CzWPmuj+ZZBMvFsx+LFudnXLcLjkRK1qbdZC1HqKD+DUlPokhXH1qCzivVKlxYMZyZNktR2GUlbjrqwhCEj1JJ7AVr3XzX3Tnbhp3O1H1Juwiwo48uLGb9qROkEewwyj8ZR+PokcqUQATVSuQaibxvFJ1DfxbBIj+Pafw3Ol2M2+tm1wWvc5LdHeQ8R6IAP7VAHUqgn/q34n+0fSmfIsyM4dy25xiUuM44x9LaSoe76RyGT/BWrj31oC6eN7p21JUizaHZFJYB4C5FzYZUR8elKVfz1sLQ3whNuunrDNx1Ucn6h3kJBWiS6uLb21/tGWiFL/wA4tQP5NSatu1TbTZ4yYdt0IwZhlA4CU2SOf5Snk0ERsO8afQS7voYzHT3LsfSo8KeaDMxCfnwlSVfyVLvRfdBoPuDgmXpPqRary8gcvQCssTWf3cd0JcA57dXSUn3E11fOdiG0bUKG5Ev+hWNMrcSQJNsYVb30H3EORyhXb4HkfEGoK6+eEXm2mq3dSNp2d3SdKtZMpm0S5AZuSOO/EaS2EpWoe5KggkduSexC2WlVibJ/E5vwyOJoHu0DsC9tPfodEyOY19HWHweEsT0EDpXz7Id4HJ46xySqrOkqSpIUkggjkEehFB0XWHXLSnQPF/046t5lDx+1qdDDS3UrcdfdP4jTTaVOOH3npSeB3PA71HY+LHssBI/T1ejx7xYZX9moqeNdMly9UtKMeekLMD9C5bwZB4HmOSEIUr7elCRUj7F4SmzqfZLfOkWDJy7JitPOEX10DqUgE9uPiaDOfqsmyz9nN6/iGT/Zr9t+LBsqcPCs/u7fzVYZf+xBrHfqROzT9j+Ufx87/ur8OeENs2WOE2TKkfNN+c/2pNBsHEvEc2W5lMbgW7XW0wpDhAAu0WTb0D7XZDaGx/pVIKwZLjmV25u74tkFtvEB4dTcqBLbkMrHxC0EpP56gflPguba7my4rFs2zuySCnhHmS40tlJ+JQplKj/p1FTUza3u/wDDjvCNW9H84l3rE47wXLmW1C/KQnkexPhklJbV6dftJB96T00F1tR/1p34bXtA8mcwvULUdDd/YSlUi3QIT8x2OFDkeYW0lCDxwekqCuCDxwax2yTeXi+7zAHrkiI1aMusfQ1fLQlzqCCoey+1z3LS+Dxz3SQQeexNYu2rRTCt12+/UjFdZBcbjDkTr/c3VRpamHFPomEJPUn3AKI49PT4UFg/6rJss/Zzev4hk/2afqsmyz9nN6/iGT/Zrg/qROzT9j+Ufx87/up+pE7NP2P5R/Hzv+6gzMLxVtkstYS9qdPiA/jPWCcQP9BpRrbenO7zbJqy63FwLW7FLhLdIDcN2cIkpZP5LD/Q6fuTWgJ3g+bPZbSm48bM4SiOAti+AqT8x5jah+cVqTUnwS8LdgOyNINX71DnoBLLGQMtSGlq9wLrCWyn7Qg0Fm6VJWkLQoKSocgg8givNUx6PbrNzfh56po0W3JwbpesNLiQWJDpkKYYJ4Eq3yFf3xv3lsnjtxwhXNXE4zktizLHrdleMXNm4Wm7Rm5cOUyrlDzSxylQ+40GTpSlApSlApSlApSlB1LV3/knzX/w7cv6s5VaXgbfr/Wj97x/+lcKst1d/wCSfNf/AA7cv6s5VaXgbfr/AFo/e8f/AKVwoLWqUquTxgdY9V9JYOmrmmGo2RYqq4vXESzaLi7FL4QGenr8sjq46jxz6cmgsbpVNePaE+LnlFht2S2fVnMXYF1itTYy1Z4pJU04kKSSC7yOxHash/xbPGF/+KeYf+fj/wDm0H58P7/nNtSv++ZT/XVVcNVf/h37DNU9B9Qsi1y14vMN/KLxGdjRojEr6W71PuByRJfe9C4ojgAE89SyTzxVgFApSlBxbpc4Nltku83OQmPDgMOSZDqvRtpCSpSj8gATVNOwfA2t5u9HLdddTYQuVusUleRGJJHW2qU46Uw2lA9ilsJ6gk9j5Q55HINs2vNkumS6G6iY5Y0LXcbril3hQ0o+sX3YbqGwPn1KFVu+BzdILc/VyyrcT9NfZs8ptPvLTapSVn7OXEfnoLWwAkAAAAegFaB1S347VNG8ycwDPdVosS+R1hqTGjQ5Ev6Ks/iurZQpLZHPcKII99b+PPB49fdXzS6nQf0q6o6q2HVOzT5eUpuE6PHe88t+Rc/0QQpyQ6COXEKZEjge8uIV6d6D6RcUyzGs6x2Bl2H3uJd7NdGRIhzYjgcaebPoUkfm+RBFVp+MtoBZmLLjm5TGoKYd5jzG7LenmB0/SGyFKjOq4/6RCkqT1epSpIJ9lNSG8KzGcpxnZzjIydt5oXSZMuVubd55EJ1zltQB9Eq4Kh8lA++uD4tUmHH2ZX5uUpIXIu9sbYBPcued1dvn0pVQbn2e6oyNZtsunuok6R5825WdDM1znkqlR1qYeJ+ZcaUfvrcdQ68JiHcYuyrGXpwUGZd0ur0Tn/qfpa0Hj5eYhypi0ClKUCozeIvrXI0N2p5TfbVMVGvV/LeO2paTwoPyerrUD7ilhD6h80ipM1WN44N7ltYTpZjja1CNKutxnOp9xcaZaQg/cHnPz0HY/B525WfFtLJm4a+W1D2Q5c67Ctb7qeVRrc0spX5fPoXHUnqPqQ2kfHmxatS7SLBFxna5pNZoiEpS3htodX0+inXIrbjivvWtR++trvFwMrLQ5WEnp+3jtQa/1E3DaHaSz27VqTqrjWPTnUhaYs6ehD3SfQlHPUAfcSO9Z3BtTNPNTLeq66e5tZciiIIC3LbNbfCCfQKCSSk/bxVA+MWvSvUXclmsfeZqHlWKuyrjMD1wgxkvOJnh8goeK0rKGwkEDhB9AOwrauVbXtRdujh3G7Jdeo+oeNWcebMnY7JR+iNtaPdSJsZtSg41wB1cgdu6kJA5oJo+MHrq1p/oHB0ltcspvOoMzoeSk90W2OQt5R/dOFlAHvBX8K2b4Z2i6tGtqGNpnRCxdcvUrJp4UnhfMhKQyD9jKGu3zPzqs/Gr/qj4m+6/B05pjyfoFpiw498+gIX9FjwGFlch1RP96LyioAc/WWAOavYZZZjMtx47SGmmkhDbaEhKUJA4AAHYAD3UH7pSlAqqvxw8rBOk+DMu9/8A2rdpCOf+7tMn/X1apVN/ihMOar79sA0pZWV+ZDslgDYPouZNWSfkSH0/mFBatoTjYw/RTA8X8voVbMct8daeOOFpjo6v/VzXeq/KEIbQlttISlICUgegA91fqgrX8a/S5V20xwfV2Ex1O49dXLNNKR3+jym+ttSvklxjp+14VLbZtqu1qZtR0/1Au9xQp9qwNRrrJdX6PxU+U84s+7ktFZ/dV698unP/AApbUdR8Wbj+dIRZ3LlGT08nzopD6eB8eW6rU2vblE4f4bWueDG4Fq7Wh8QLeOvhQYvCSz7Pv5BbknkehKaDOeG8y9r/AL+s619nNKcYtybneGFLHdtctwssj7QytY+41cLVe3gw6WjGdA8j1QmR+mXml7LEdRHrChp6Ekfa85IB/cirCaBVPGgyRpf4wmVWAcMtXjIb60hvnt0TG1yUJ+zhSePsq4eqetzak6YeLlhuUKPksXW9Y/IccPYdD/RGcUfkBzz9lBI3xmf8WCz/APimL/qXa3T4dP8AiVaV/wCSnv629WlvGZ/xYLP/AOKYv+pdrdPh0/4lWlf+Snv629QSPpSqX90Gqm7rKd+eY6GaJ6yZlAclXVqLaLVFyF6HFb/uJtxSUjrCED65+00F0FRr8R//ABJdU/8AJ0X+ux6gf/xbPGF/+KeYf+fj/wDm1jsh2deK3qFZ5GG5tnl8uljuYS1MiXPN/OiuICgoeYguHqAUkHjg9wKCTfgw/wCK/fP/ABdK/q8et5eIBqmdI9pmfX+PK8idcoBscJQVwrzpf4L2ffyEKWe3pxz7q5uybbQ5tV0Jt+m1xuzFzvUiU9dbvKYSQyZToSChvnuUIShCQTxzwVcDngQm8avVWbOm6eaA2RanfMW5kNwYb9pTjx5jxEcD38Kknj39SfhQbF8GLSBrFtEsk1enRym4ZrdRDjKUPSDDBSkj4dTzr/PxCEfCrDHnm47K33lhDbaStaj6AAck1rvblpc3ovoZhOmIQhL9hs8diWUeipRSFPn58uKX93FcHdTqPH0k256iagvvJbXa7BKEYqPAVKdT5MdP8J5xtP30GzLbcoN4t0a7WySiREmMofYeQeUuNqHKVA/Agg1DDxbtJ29QtqsnK4sQOXPBLkzd2nAnlQjL5ZkI59ySFoWfm0mtgeHDqZ/wobPMBuMiV50+xxXMfm8q5UlcRwtt9R+JZDKv4Vb21Fwm1ak4FkOn98TzByK2SLa+eOSlLrZR1D5jnkfMCgjL4WOqY1K2i49AkSvNnYdJfx6QCrlSUtkOM8/LynUAfZx7qiD4z/8Ay+aV/wCQ1f11VefCKy+96TbjNRduOWrMd+e06lUZSuyLlbnVoWE8/FC3OT7+hPwrcfix7V9WNYpGE6qaR4xKyKZjTL8C4W+GOuR5anEuNOob9VgK6woDk909qCwTGf8ABy1f9xY/1aayVU7RN1fi2wYrMJjR7KA1HbS0gHT148JSOB38v4Ctm+H9vo3L67bll6T6v3K3GBGtVwekRG7SiK+1JYUhPSoj2gUkqBSffQWeUpUbPEF1wz/b1twuGpOmk2LFvce6QYqHJMZL6A264QsdCu3PHvoJJ1T14o3+Pbpp/wB1s39eVWHxHfR4omf2JjJ8Gwa55BZ5KloZn2zB1SY7ikKKVBLiEFJIUCD37EVxcW0R3wbxdyuF59rtpreLLFsUuH9Oudws5tTTcOO95pSlCwCtZ5IHSD6/KgunpSlAqs7xZN2F+tiom0zS151d4yFtleRLi8qf8p0jyISOO4U7yFK47lJSPRRqx7J8ggYnjd1yi6uBEO0Qnp0hRPHDbSCtXf7Aap/8OjBrnut3oZfuR1ACpsTHZTt+/C+0lVwkOKTEaHP4jTaVkD8Xymx6UE3vD92T2Ta3p2xfsntkWRqRkUZt27y1AOKgII6hCaV7gnn2yn66h6kJTxLWldR1Y1UwvRXT+8al6gXVNvstlY855zjlbiieENtp9VLUohKQPUmg7dSqartu737b5c6umPbZod2xjHIbnAbszoiqjMknoVKnEgpWoDnhCk+/gEDmv1dNFPF00OhOZ1G1BzS+tQwX340fK13o9IHKiYrq1hfbnnpSTQXC3z/3JcP+6u/0DVP3gwXu1YznmrGR36c1CttrxRqbMkuq6UMstvla1qPuASCT9lSK2T+JZb9fYUjSTWhuJZs/VFeRAmMp8qLd+GzygJJ/BPjg+x6K/F4Ps1Uvg2qt5wPAM9w6yvLZVnUWHbZjiFEH6K08Xlo5+CilAI94JHpzQS4v9w1Q8VrdsmxWmZItmnmPKUGVFJDVstSV+0+pPouS+ew578lI7JQSLhdJtJsD0SwS16c6c2GParNamg2hDaR1vL/GddV6rcUeSpR7kmo++Glt1gaD7bbPdJkPpyjOW277eHVj2koWP7mYHvCUNFJ4/LWs+8VLKgUqCXiH+IYvbeUaTaTNx5uoM9lL0qU6kOM2dhQ9glH47y/VKT2A7nnkAxNtWyrxKNx0BnUTO9RbjbXJyfPjR8jyKTHeQhXcdMZpKgwPT2elHHwFBc/SqWmdbd/Ph0ZnabXrJMueUYfLc6G49zuC7hClNJ+uiLKUStlwJ7hPYDsSgjmrbtGNYMJ1403s+qGn9xEu0XhrqSD2cjupPDjLifxVoUCCPvHIINBFLxHNhto1/wATmas6b2lMfUixxi4puOgAXuOgcllYHq8Bz0K9T9U88jjqPhS7yJ2pOOu7c9TJ7q8oxWN1WSVJX+EmwEeyphfV38xnsO/coI/IPNiVUy79MNvmy7e1jO43TuEI9sySZ+mBltHsNOS0LAuEVXHolxLgUfk+eO4oOy+NL/y2aUf5He/rYq2HFf8ABiz/APcI/wDq01UX4vmR2vMNR9E8rsj3m2+8419Pir/KadkJWnn58KFW6Yr/AIMWf/uEf/VpoMpSuk63ypMHRfP5sKQ7HkR8XurrLzSyhba0xHClSVDuCCAQR6VRPoM5vf1RseaZ9o3q7nEhOnkVifdmkZVKS8plxLyh0NKc4e4EdzlHf3djzQfQdXGuNugXiBJtV1hsy4cxpTEiO8gLbdbUOFJUk9iCCQQahl4Ym7/Ltzenl+x7UyS3Ly3Dn2EuT0IS2Z8N5KvLcWlPADiVNrSogAEFB455qa1BSnkFhf8ADm8RW0vY7LkR8IvcppxtK1HpNnmr6HWV/lBlzkgnk/gkK9azvhs/84nqD+5yL+uiu+eOHjcZKdJ8wbbSJDhutteX7yhP0dxsfYCpz89ac8Ia4SbvvFuV1murdkTcfuUh1a1dSlLW62pRJ95JJ70F21KVX94vmrWp+k2n2n0/THUC/wCKyZ94lsynbRPcireQllJSlZQR1AEk8GgsBpVHjutniW7dMGxPXfJ89v8Ac8KyhEOTAeu85u6RpCJDPnsodSslxsrbBPYpPYjnmrfdu2sEPXzRTEdXIkAQTkduRIfiBfUI8hJKHmwr3pS4lYBPqODQa93y7X7Nug0Pu2PJisoymzMu3LHJhSOpEtCCfJKvUNugdCvhyFcHpqKvg066Xy52HLNueVS3nHMWV+itnafJ647C3OiRHAPolLpC+PcXVfHtZlVOG35//gY8Xu+4hbSGbber7e7U62nsCxIjuSWk8fvqWT91BcfSlKBSlKBSlKBSlKDqWrv/ACT5r/4duX9WcqtLwNv1/rR+94//AErhVlurv/JPmv8A4duX9WcqtLwNv1/rR+94/wD0rhQWtVC/xG9mupW7eJhLGnl2skJWOOTVyv0SeWjqDobCenpSrn6h5qaFKCnJnwoN6cdpDDGsdnbabSEoQi+zQlKR6AAJ7CuFkXhi70MUx+55TL1ntxYs8N64Ohq/zevoaQVnp9n14SePnVzVdQ1i/wCSPN//AA5cv6q5QQa8HvcPqTqximdafai5HOv/AOlFdvk2ydOeU9JSzJ89K2VuKJUoJLCSnnk+2oc8ccWKVU34G/8A7+1g/wC52T+nMq2SgUpSgVSZjGUDw7PEWvUC7Apwu5zHI8oMnkItM1XmMugD/qVFJI9eG1D1NTc8RzfWNsmLtae6dS2XNRsjjLW070pcTZ4p9n6StJ7FxR58tJBHKSpQ4ACo67LPDSu2rMiLuF3bSbhcG7w5+iUSwS31/Sbh1d0vzXOesJV2UGwQSOOogEpIWtQZ0O5wo9yt0pqTFlNJeYeaUFIcbUOUqSR2IIIINRb118PHR7XzX/H9cMqU40iEz0321MtgIva2gkRi4vnlISAUr4BK0pQntwTUoLTabZYbXEsllgMQoEBlEeNGYQENstIHCUJSOwAAAArl0HpiRIsCKzBgxmo8aO2lpllpAShtCRwlKUjsAAAABVSPixbimtYtQMb2qaWeZd3rTc0qupinzBIujnDbMVAH1i2FK6v2ywPVJqX3iW6p6+6Tbf5F+0Qt6EMSHFRb9eWVEzLTFUAEuso44AUeUqc55Rykgd+pNKGM5RHstkedxZ66XLULKHXIK5AaPVBYcV0qSwvkrckP8lJVwOlCikclZKQvr2r3/RXBNN8T274jqxht5yPErQ1FnW23XuM/IEgDqfV5aFlR/CKWT27E9+K31VF+p3h6697aNGsR3KWC7zFZHbFIuV+hQUESLASoKZdSod1hI4Dvb2SfekE1ZTsL3q2Pdjp99EvKo1vz/H2UN3q3oVwJCeOBLZSe/lqPqO/Qo8c8EEhKelKUCq6fGtwObedEcKz+IwpxGM5AuJKKR/e2ZbPAWfl5jDaftWKsWromueklg120mybSfJVFELIoSo3nBPKmHQQtp0D4ocShQ/c0GuNgmocHUnaJpndIj6XHrVY49hlp6uVIehJEc9XzKW0q+xQqQVUnbctwmqnhl6y5BonrZjkyXh82WFymWE9RSQeEXCEokBaFo46kEjnhIPSpJFW96Va1aV6246xlOlub2zIID6As/RnfwrXP4rrSuFtqHvSpIIoNV7g9g223chMkX3NMSdtmQyR7d7sjwiy1q44CnPZU26fTutCjUEtQfCJ160nui8z20au/orJiErjNKdVabkgevQl1Cy2s+nclAPwFW70oKftvXiN6x7Y80f0j3aafSBFD4TLnG2Jh3aKsnjznAlITLbI79XHUQeQtQ4FW14nleOZzjdtzDEbxGutmu8ZEuFMjr6m3mljkKB/nB7g8g8EVpbeVtPxDdRpVccemWyG1lkFhb+PXdSAl2NJSOUtqX6+Us+ypJ7d+eOQDUMvB212yS3XrLNqubl5tVq866WhmRyHIbzbgbmRSD6DnpWB7iHPyqC0ylKUCqer2P+E7xmYjH99ZsWSRzzzz0/QYYcH5nEAVcLVOuwGQnVbxL8/1IR+Fjtv5FeGleoS27J8trv8AJLqRQXFV1K+59brDqLimBzHUofyqLc3YvPqtyKllZSP4C3FfwDXbagFv91gXpTuz2y3dMottQbpLdlDngfR5Km4rvP2tuLFBPiTHYmR3YkppLrL6FNuNqHKVpI4II+BBr5ptdsLu2iWrmoejbEyQ3b7ZfHoRbKiBJjtOqVGWoe8+WpKh+6NfS6CFAKSQQe4IqpzeXtray/xONNrc9bvMsuoirfcp46fYcbiLIloJ+JaZTz++JoLC9p+nH/BNtx09wNyP5Mi32OMuUgjgiQ6nzXQfn1rUD9ldsvWdRLTqTjOALWjz8ggXKYhJPtcRix/+afzV2wAAcAcVA7UPWhmd4s+l+mUaV1RrFjFwgSgFdkTJcJ+V0n/NtRv9KgnlVPXjO2mZiu4HTjUW2/gnpVi4ac4/+sQ5RXzz7+A83VwtVqeN5iQmaYaa5wloFVpvsy1lQHcJlR0ufm5iCg7J4vV4jZDtCxW/wjzHud9t8xrvz7DkZxaf5CK3x4dP+JVpX/kp7+tvVDbexkn6bfC90Vvhc6y6bOypXPPJaiuNH+hUyfDp/wASrSv/ACU9/W3qCR9Vbbo/DI3C6v7kcx1lwPMcbtkK+zWpMIuTX2ZLQTHbbPJQjseUK9D6GrSaUFOv6lNvY/8AjRaf4/m/2a1lr5th3ebLcZtmrd91qeQly6NW+Ou0X2Wp5LqkLcHUFAAp4bPIPIPwq9eoBeND/iw4/wD+MIv9Wk0En9ouqV71p216f6mZL0m7Xm0JM9aU9IdkNLUy44APTrU2Vce7qqsi2yG93vizKmMkTcexe+KW0frNmHaRwlYPp0rfQFD4hwCpZbfdTkaOeFLaNSC+GXrPitxVFVzwfpK5khtkD5+YtHHzrTngo6TpEDUDXa6xyqXNeax63PKHcNj8PKI+PUsxx/mz8aC0aq9fGe1KOPaB47ptGkdD2W3tL0hAPdcaInr4I+HmKaP2pFWFVTh4keRK1937YToRbpCTCsC7ZYXipX4NMmY8l6Q4SewCWnGQr4eUrmg2P4I+pPnWrUTSOTI9qK7HyCI2T+IseS8QPkUs8/aKtIqlzRJMbaJ4qL+DWqW03jF6ur1lbLTgU2u3XBpL0RPUOx6HFRwT8W1DtV0dBTVu8dd2j+JpYNZ47DjNmvUuDkUjy0nh2M6THnoHHYq4S6ePipJPrVyLD7MphuTGdQ608gONrQeUqSRyCD7wRVefjP6UoyXRLGNVYcXqmYddlRX3Ep7/AESWAk8/IOtNcfDqPxqRuwbVRGr+0/AcmclB6dCgfoNP5VypMiISyer4EpShX2LB99BIOqZ/Dq/5ynN/tyf+t1cxVM/h1f8AOU5v+6yf+t0FzFQu8XT/ABNLv/l21/601NGoXeLp/iaXf/Ltr/1poMj4T/8AiS4h/lC7/wBedqYFQ/8ACf8A8SXEP8oXf+vO1MCgUpSgjZ4jObu4Fsy1KukV0okz4DNnZ4PBP0uQ2wvj5htxw/dWmfBow5iy7ZbvlvlBMjI8kkcq47qbYQhtP/q667J4vPn/APE2uXlc9P6YLX5vH5PmK/8A5umsp4TwY/4k+J+Tx1G43bzePyvprvr/AAemgmDVU3jOarXa8Zdp9twsDznEhoX2eygnh9551UeIgge9PlvHj9uk1azVNe/Tpf8AFGwZm6d4f6IYkg9Xp5Jko6vu5K6Cz/bHoNjO3HRvH9NMet8dp+JGQ7dZLaAFzZykgvPLV6qJV2HPokJA7Ctq0pQV673PDFk6vZm3rJt4ultxnLHnfPukF1SozEuQD1JlNOoHLT3P1u3CjwrkEHqrbn7WMowPddie2nL7hAl3e43mzwp67etS2mUy3GyoBSgCehtfJPHuNfRdVO2XhtzxnLYLl9QZRD8vq+IhDy//AFdNBcHEiR4EVmDDZS0xHbS002kcBCEjgAfIACsbmGSwsMxO9Zfcu8WyW+RcHgDwShptSyB8yE8VmK1Hu6U+jbBqiqMT5gxa4dPHr/eVUFY3huaZ3LdluwzHcnqmlu6R8blC8OJfT1IduklazFQlJ/EaQ04oD8XoaHpVytVr+CGiONKdSlp4885DFC/j0CN7P8pXVlFBrbcPojim4XSPINL8sgNPt3KKswn1D24cxKSWX0H3KSvj7RyDyCRVc3g56iXvDdU9RttOSSFICGnbrGYUezcyK8mPISkH3qStB+xo1bFVNW0bqa8XLKm7X+tTkWXpX0+nk8Sin7uoIoLlagl4xeDx8j2txMq8lKpOLZBGkNr47pbeSppY5+B6kE/uR8KnbUU/FCTHVspzzzwOQYBb5/L+lten3c0FTm4HNnM60f2yz5DvmSLbjs2zu8nkgxrmtpPP2oSg/fV/eK/4MWf/ALhH/wBWmvm9vqn1aWaTh4noTcbwGufyPpLB7fwiqvpCxX/Biz/9wj/6tNB1nXn/AJDdRP8Awnd/6m7VKGw/dzgG1nCdZo2W2y5XG7ZlbIEWyRYrQLbjrSJqVeasn8GnmQ334J454Har2chsVsymwXLGb2wX7dd4b0CW0FqQVsuoKFp6kkEcpURyCCPdUaLJ4YWyGxzUT2dFkS3WyFJTNvdwkN8/Ntb5Qr7FA0EXfBI0+yOHb9RtTZsF5izXExLRBeWghMl1srcdKPiEBbYJ9OVce41aTWMxvGcew6yRMaxSyQrRaoDflRocNlLTLKfglKQAKxuomo2F6UYhcc7z+/xbPZbWyp5+RIWE88DkJSPVSz6BI7k9hQVjeN7lTMy86U4DFWVyozNyubrSO5IeUw0129eeWnOPtrVvhKWaVju9K9Y/Ob8uTbLJdYbyOeelbbzaFDkevdJr36WpyvxIt/qNSptldj4Vjclie624CWodsirH0dhR9C684ASn3lThHsp7Zrw2f+cT1B/c5F/XRQXH1Wl43v8AyZaZ/wCXJv8AqEVZbWCyrBcLzliPGzPE7TfWYqy4w3cYbchLaiOCUhYPBI+FBRbqrvIzTcbt3012jYXpI8n9LDFphqlRn3Jsu5yIcX6O2G2UNp8tKioqI5WfqjkcHm4bZrpLftD9s+Caa5UhDd7tlvLlxaQsKDMh5xbq2uocg9HmdJIPBKSR2rZGOaeYDiDhdxTCbFZnCOCuBb2mFEfDlCQa7DQKprxZo5j4z8hdr5cRGy6c44pPoBEt7nWSfhy0R9pHxq2nVXUfHNItOci1KyyaiLa8et7055SiAVlCSUtpHvWtXSlKfUqUB76q48I7FLvqpuP1H3IZBHKzFZkIQ4ocgTZ73mK4PxS2hQ+xdBblSlKBSlKBSlKBSlKDqWrv/JPmv/h25f1Zyq0vA2/X+tH73j/9K4VZbq7/AMk+a/8Ah25f1Zyq0vA2/X+tH73j/wDSuFBa1USt+29m/bOo2ISLJg0DIv0zLlocEqUtnyfJDZHHSDzz1n81S1qu/wAXHQjV/WyDpw3pTgF1yZVqduCpggoCvICwz0dXJHr0n81Bpv8AVvs9/wDgVYP40e/s1iss8Z/OcrxW84s9olYmG7xb5FvU6m5vFTYdbUgqA6e5HVzWHss/xaMftEKxWvTa9NQ7dHbix0HGrcspbQkJSCooJPYDuTzXNTlPi8oUFo09vSVJPIIxi2gg/wChQbk8FfSXM8UxfUPUrJLNLt1tyZy2wrV9JaLZkiP9IU66kHuUcvIAVxwSFfCrMKrw8OffJrHrHqfkegWvcSG7frRFfkRpjUZMd9t6O6G34zyEewSOSQoccFCgeeRxYfQK4l2ucGyWuZebm+GIcCO5KkOn0Q0hJUpR+wAmuXWqd10qXC2z6oSIRUHk4rcgCPXgsKB/kJoKsNmWISt+O+TJdbtS7f8AS7FYpByJ6C/+EZSfN6bfCUD2UlITyQeygyrnnk83SJSlKQlIAAHAA9wqsrwPYcNGCaqXBCU/S3rtbWXTx7XloZeKOT8OXHP5as2oIZeIpvqkbU7Ba8R0/ahy8+yFH0lj6SkONW+GlXBfWj8ZS1BSUA9uyifTg7a2gbqMR3X6UxM2soRCvcMJi3+0lYK4UsDuR8Wl8FSFfA8HuCBV5v8A41rx3xI/0d16tc6bp/Messry2wo+dZ0xmm3ktcEHs6iRyAQeer41q7RTWWRtw3cruW1O5XvNcWulxTAjWtURxl+8QHVBX0ZbR5JcQSQhzgd0BXCQopoL/rlbbdebfJtN3gR5sGY0piRGkNBxp5tQ4UhaVchSSCQQexqJW3/w09FtBta73rBBccu5VIU5jNtltBTVjSoe0QpRJccBKghZ4KU8ep71LiFIXLhsSnIrsZTzSXCy8AHGyQD0q4JHUPQ8Ejkete6g9MyHEuMR6BPitSY0ltTTzLqAtDiFDhSVJPYggkEGqOdwWMWPZtv1tCts2UuyZKbjFkuWWMoqVAckOAOW1SvRaFoV2SeSlKwFdxzVjviD7yztP02Yj45anpeZZWl2PZnVtH6LE6QA4+4vjhSkhQ6W/UkgnsDzFbwq9pgz+7vbxtWZab1LeuMlywtOvB5S53mK8+a/3J8wL6ghKu/JKz+KaC1ZBKkJUocEgEiv1SlArwSAOSe1eaiZ4k251nbtoBNgWWZ0Zdmwcs9nShXC2G1J/uiSfeAhB4B/LWj58BEjfL4gG2zVDJbno5edCkZ7YrFLXFGTNXRMOW2+jlLi4DgbWQkK5HKiUOcd0lPBOtsa2Baj5Ph9v3AbEtZn71bZYKkQVzzZ75b3k8FUdbja/KU4jnvytHqCOoEGt4eHPsGwPOdt2RZprVjX0uRqdH+jWxa09L8G3IWFIfZUR7C3HUpcCveltHuJ50VPsm6nwodWZt5sEdy/6f3eQG/pDrazbLsykktpeCT/AHPJSkkA+vdXHUnkUHbMf8QnfXtVu8TGNzOBS7/bkKDQN7gCJLcQPXypjSeh08e9QWT7zVqGhus+G7gNL7Hqvgj7i7VemSryngA9GeQopdZcA7BaFgpPHY8AgkEGqq93/ig6d7l9t9w0js+k15tmQXx6E5IkTnmHY0AsyG3lKYcSetxSvL8vkoR7LivsM1vC00uzLSzaXaYebwpEGbkF0l31iHIBS5HivBtLQUk90lQa8zj14cHPfmgl1VPWJgaa+MvLgWvhmNeshlodQjtyJcJTqgftdVzVwtU9Yj//AJL8ZiZcLb+GjWTIZi3VI78CHCU0rn7HU8UFwtKUoOsaoZP+krTXLMx6+g2OyTriD8CywtY/lTVXPgf4sZWZ6qZw42f7gttutbbhHqZDrrqwD/8A8yOftFTv37ZL+lXaBqhcg50LdsbkNs/tnlJa4/8AWajp4LGLJte3fK8pW1w9fMqcbSvj6zLEdpKfzLW7+egsJql/xoMncf3KYnY40hSVWTFWJAKTx5br0p49vgeG0H7xV0FUJ+JNKuWpO+rPbRZWzJXao8WGwhHJJTFtjbzw+0KD35qC6PbbqTG1f0DwLUiO6la75YYj0np9ESkoCJCP4LyHE/dXNy3Su05TqpgeqElptU7CW7ozHJHfpmNNoV+YtJ/PUQ/Bt1F/TNtrumCPyOt/Dr6822gnuiPJHnJ7fDrLv381Pig/LjiGW1OuKCUISVKJ9wHrVCWE6yu5V4m9q1ackks3TUZDSFlX1Yi3voyRz8AyQB8hVyG7zVBvRvbTqJqCHvKlQLG+xAV7xMkDyI/5nXUE/IGvnm0/N2xXL8Mzp5hxmJ+jrLsaQodnFR3mlOcfHjrT+eg+nioYeLdjf6PbOrtOS31OWS82+en5DzC0o/6LpqZMSQmXEZlI+q82lwfYRzWi9+GN/pq2gaq20N9amMdfnp+X0bh8n8zZoKy9SslGSeEdpshTnU5aMyetjg5+r5a5BSP9BaD99WP+HT/iVaV/5Ke/rb1VAWfLhcfDryDCludTlk1RiTwOe6WpUApSPs6ozh+81b/4dP8AiVaV/wCSnv629QSPqtrc14r+Y6Ca65dpDbtI7Ndo2NS247cx64OtreCmW3OSkDgfX4+6rJapp3TbfN4MPe/metui+k1+mIFzak2m6NQmX2XB9DabUoJcJSoc9Q7j3UHYv1b7Pf8A4FWD+NHv7NaX3VeIJnW9HBrVpMdJYlteZvDVxYNtkPSn3nEtuNhsI6e/Pmc9vhWx/wBM/i7/APw7vP8A5Ytv9isfkGt3iraSWSXqDluM3Cz2a0JS7NmSsbgIZbQVpSOsoQFcFSkjt8RQZ3evdsj0J2A6FbYLutcS+3pkXe+xSeFsstqW+I6x8n5COf20erC9iWkjmi+1bAcSmxSxc5VtReLmgjhSZUr8MpCv2yAtKD+4qpFrVXNfER3daUW/NrTFjvf3Fa5kaJyWFsx1rflPBJ7p60JUSnvxxwKvpQhLaEtoHCUgJA+AFB+qqu1i8JHXHVfVvKtU3tZ8TjP5HdpFxQksSutpK1koTyE+oTwO3wq1GlBUbY/Br14sGSWzK4muWIqn2qWzNYcWxLJDjSwtPfp59QKtujh5MdpMkpLoQkOFPoVcd+PlzXspQa33H6VR9btCs30tdDYdv9nfYiLX9VuWE9cdZ+SXUtk/IGq9fBV1Ll22bqNoNeXFsuMut36JGc7KbeTxHlDj4+yxz+5q1KqZp0tezTxYPpjrRi47k16T1/itqt92HSV8+9LT6yo/Ng0FzNUz+HV/zlOb/usn/rdXMVTP4dX/ADlOb/usn/rdBcxULvF0/wATS7/5dtf+tNTRqF3i6f4ml3/y7a/9aaDI+E//AIkuIf5Qu/8AXnamBUP/AAn/APElxD/KF3/rztTAoFKUoI0eJBhT2dbMNSbdEZLkm3QmLw1wOSBEktPuEf5pDg++tQ+DXl7N62wXPFvNCn8dySSlSfelt9CHE/y9dTfy7G4GY4reMSuiQqJeYL8B8Ec+w6goPb7FVUP4Z+f3DbLu8zLbRqAVQWshkvWZId7BF0iOK8hQJ/FdbLgB/GKmj6UFx1VQ+MvpXecdzzT7cpjrbiUtsoss11A7MSY7ypEVwn4qDjqef+yT8aterp2ruk2Fa36eXjTLUG1pnWa8s+W6nnhbSweUOtq/FWhQCgfiPeORQYDbZrri+4rR/H9TMauEd5c6KhFyjtrBXCmpSA8ytPqkhXJHPqkpI5BBraFUz3Latv32G57dL9twfumT4xNX2dtDAlplsgnoTLgkEhxPPHUgH38K4JFe277hPFk10guYJa9PMrsCZoLEiTBxZ20r6VdlAyXkjy+3vSoH50EkN7ficr0XzNvR7QG0W3KcuaX5VzlvBciPDfJ6UxUNtkF17n6w6gE9h3JITW2vdPkGd7vMR3L5hboEC5Q77Z5lybt6FJZcRGW2lwpSoqI6m0HkcnuTxVjuyjw0YmhMZ/V/W12LeM9RFfcgQWl+bFtJKD7ZWf76/wBz7Q9lPu5PtVUliem16y/B8zzO0NLdbwpmFMnJSCSmO88WSv5ALU3yfnQfTmw+zJYbkx3EuNOoC0LSeQpJHIIPwIrCZ/ikbO8GyDCpaglm+2yTblqI5CQ60pHV93Vz91R+8OncJb9fttOPuvTg5keJNIsN8ZUfbS40nhl35pcaCFc/lBY/FNSgoKefCl1RkaBbi84206kNi1SMje+htJkHpLN3guOIDPft+EQ45wfeW0AfWq4aq7/EV8PbJNWL+ncJt/5azmN5a7pbGXPIcnloDy5Md3kdMhHSkcHjqABBBTwqOlm8VXeJoZERgGr+mtuuV5t6fK8/IoEmFOUE9gXOlSQ5+66e/ryaC2fWXVXFtEtMsg1OzC4MxLdY4Tkj8IoAvO8Hy2UD8Za19KQB6k1WJ4QmF3jUbcBqRuQv8QltqPIjMuqHsmfOfDrhSfiltCgfk7WuLp/x6fFAyS0wrnYHLJg0WQHUOpiOw7LE57Ke6l8qkuBJPABURzwOnkmrbNvOguE7btLLVpbgsc/RYILsqW4AHp0pfHmSHD+UogcD0CQlI7AUGyqg14wmZx8d2oJx0uhMjJr/AA4jaee6kt9Ty+38AfnFTlqm7xI8+v263d9iW2LTZ1M1jHJQsyAg8oN0kLSZTiyPxWm0IB/J8t0+80EeNcsMcwrRzbTGkMluRdrFcLw7yOCr6Rc1rQf/AOH5Y+6voExX/Biz/wDcI/8Aq01UJ4t+KWzBM80Nwuyo6YNixcW6OOOCUNSEoBPzPHJ+Zq3vFf8ABiz/APcI/wDq00HHznJkYVhOQZk7FVJRYbVLuamUq4LoYZU4Ug+7np4++vGC5rjmo+HWbPMRuCZtmv0JqfCfA462nEgjke5Q54I9QQR7qwWvP/IbqJ/4Tu/9Tdqv3wb9zIu1iu22fKZn912kLu2NrWru5GUf7ojjn8hRC0/ELX6dPcLNLg1LfgSWbfKEaU4ytLD5QFhpwpISopPZXB4PHv4qhDWZzXvWrdxH0F3V6xS7c61fhaTLks9Fvhtr/vLzMZrpbAcSW+lfHfrSVK4BNX71Xd4uO1WTqDgkXcTg9v68hwtkNXlDI4dkWsKKg6OO5UytXV+4Us8+zwQl7tx236bbYdPGNP8ATiAsNqV9In3CQQqTcJBHBddUPzJSOyR2HvJrF8Nn/nE9Qf3ORf10VNfw2t1S9yeh7Vtyech3NcLDVtvB59uUzwRHlEfFaUkKPvWhR7c8CFHhs/8AOJ6g/uci/rooLjqxGRZhiWHssyMtym0WRqQooZXcZzUZLigOSElxQBIHuFZeq0/G9/5MtM/8uTf9Qignm7rtogxz5usWEJ49ecgif/mV0DP98+0/TaA9OyDWzHX1MpJEa2SPp0hwj8VKGeok/wAnxIqvjRzwcGdU9LMN1OkbiV25OWWKBezARiYdMb6Swh3yvNMwdfT18dXQOeOeB6VuvCfBU0Nsz6JGcam5XkgSRyzHaZgNK+3jzF/mVQRl3F7o9afEl1AtuhWhGGXGHiKJiXm4i+A7IIPAlznEkoabQCSEckD4qVxxajtY26Yvtf0ctGmGOpaektcy7vcEp4VPnrA8x5Xv47JQke5CEis5o1oHpHt/x1WMaTYTAsMV4hcl1pHVIlLA4CnnlcrcI78cngcngCuPuH13w7bfpPedVs1cKotuQG4sRtQDs2Wvs1Hb5/GUfU+5IUo9gaDZNKpStGT+Ih4jd5ut0wfI7hj2HMvlhbMS6OWu0Me8MqUg9clYBBPIWe4PA5rzlOk/iSbDLanUSFn1xuWL29xLk0W68vXK2tgkDl+K8B0pPIBX0Djn6woLrKVHXZHu9x/dzpechSzHt2V2RSIuQ2ppZIZdUD0PN89/KcCVFPPoUqSeenkyKoFKUoFKUoOpau/8k+a/+Hbl/VnKrS8Db9f60fveP/0rhVmeqEOTcdNMtt8JlTsiVYp7LTafVa1R1hIH2kiqbPDB3W6N7Vp+pg1kvFwtpyEWluCI1vdklSo6pfmhXQD08ecj19eT8KC7qlQ3/Vatlf7Nb9/5flf2afqtWyv9mt+/8vyv7NBMilQ3/Vatlf7Nb9/5flf2afqtWyz9mt+/8vyv7NBEHw/v+c21K/75lP8AXVVcNVN3hn3KPnPiD59nOOIekWec3f7o28psoIjyJYLSlA90k9aex78mrkaBWFzbF4Wb4bfcMuPaLfbbJtrx454Q80psn7gqs1Sgp68JvPZuhm5XPdt+fgW6dfyYIZdVx03W3OOpLY5/KQt7uPXoTVwtVieJxsuzBGUJ3daBtTEXq3FqVkES2hQlNus8FFwY6e5UkABYHf2Qr8qu37RvFi01zmzW/CtxdxbxHLI7aY6ry8gi3XBYHHWtSRxHWfU9QCOeeFDsKCXeuu2fRbchaYlp1dwxi8CAVKhyUurYkx+r6wQ62QoA8Dkc8dhWG0O2cbddu0td00u06iQrotJR+icpxcuWlJ9UpddJUgH39PHIrv1s1a0rvMNFwtOpWLTIrg6kPMXeOtCh8QQviuj6l7xNsuktuen5prPjLK2UkiHDmpmS3D8EsM9Th+3jge8ig3GSEgkkADvya4tqu9pvsBq62S5xLhCf58qTFeS60vgkHpUkkHggjsfUGqg9yviP6s7rZw0G2o4bfIFvvbn0Z2Qygm7XJB7eWAglMZo88qPJPHqpI5Bxux/ebf8AZLluR7ddzce62/HbfIcLbfkGS9ZpyeetKAjkrZd7H2SU88KT2UokLTtw2gGBbktMrlppn0BLjEpJchTEJHnwJQB6H2le5QJ7j0UCQexqpzQTV/Vjww9xVw0a1ijvyMEusgKmJbBW0plfZq5xD8eAAtHvAUkjqSCJzfqtWyv9mt+/8vyv7NR73n7rvD93aaZO2CbmN3g5Xa0qfx+8HHZQVGe97SyEcqZX6KT347KHcCgs9sF+suU2SDkmOXSLcrXc46JUOZFdDjT7KwFJWhQ7EEEHmufVWHgua259epeXaF3d1+4YxZLcm9Wx5wci3uqfS2tgK/Jc6ysJ9xbWR6mrT6BVKW7q7ncZ4lUXSfVK/N45iVlvETHmDMX5bbUQIQ6tXV6BUhaj0q7DhxsH05q62oT+IB4ets3Oxv8AhJ05cj2nUi3sBslwhDF5aQOENOq/EcSAAhz049lXbgpCZlotdtsdphWWzRGYlvt8duLEYZSEttMoSEoQkDsAEgAD4Cl4s1oyC2yLNfrVDuVvloLciLLYS8y6g+qVIUClQ+RFVBbcfEf1j2oXE6GbrMMv1zt9mc+jtvyUlN3tyB26PwhCZLXblJKgePRSgQBY9plvR2vauW9mbh2s+Nl10DmDcJaYMxs+8KZf6V9vTkAp+BNBy7PtA2vY/f28os+hOGxrmy4HmnhbG1BtYPIUlBBSkg9wQO3urb4AA4A4ArrT+p+m0VgypOoONtMpHJWu6sBIHx56qj3rp4lW1jRaA+3FzuNml9Sk+TasccTL5V8HH0/gWxz6gqKvgk0G0N02vth216KZBqfeHmDKisKj2mK4rgzLgtJDLQHqRyOpXHolKj7qgD4OOj+SZHmOc7oswDrwll20wJT/ANeZMecD0x7n38ewnn0JcUPVJrTzcDcx4sWtjFxnQnce0+srvT5qEqNus8ckdQQpXH0iUsD3dz8EoHa47S3TLENHMAsumuCW4QrLYoqY0dBPK18fWcWr8ZalcqUfeSfSg7XSlKCFPi85P+l/Z1Otoc6FZFkNttie/c8Fcgj80Y12Xwucb/S7suwpZb6TdnJ1yJ/K65KwD+ZNaB8b+63VnTfTCxsxnVW2XfJ0uQ8B7CH2mEJaSfmUvPEfuVVnttniTbPdJtAdP9OL1l96audgx+HEntt2KStCJQbBeAUE8KAcK+49fWgsRql/blj0XXHxUs3nXNBkW9NwyqU+COfwCmX4aPzeejj5gVNOT4tWzIRnTHzO+qd6FeWDYJQ5Vx2/F+NRV8He2vZXuS1T1RLC1Mi0utB1Q9FzJqXeO/v4YoOF4VuRXDRXePqJt5v6yyLo3PtvlE8A3C2yFdPHPuLX0n7fZq4Sqbt5Mpjaz4m1h1sLLsazXWRbr/KLLZPLakfR5nSB9YkIWsgepWfjUyf1WrZZ+zW/f+X5X9mg1z40eov6AaE4vp0w/wBL2VXz6Q6gHupiIjqP3dbjf8lQ53maLjSfahtkd+ieRNetVwfmr6eFGRLW3LIUfeU+YEj5JFZbd/rXj2/Xd/pnh+k8ybNxkm32GIt+KtlXnyJRVLfLaxyEpQWwSR6M81LDxlMGT/xZMPu1pgn6Li2RMRSEDsxHdjONpJ+A6m20/aoUE3tHL+nK9IsHylCgpN4xu2TwQeQfNitr9f4VZTOsZj5rhGQ4bL48i/WqXbHORyOh9lTZ/kVVfu1TxOdsmnm3TAMC1Iym8Rcixyys2qWyzZpDyEBgltrhaQQr8Glv0ra36rVss/Zrfv8Ay/K/s0FLllvj9p0sznB5YLTku52mWttXr5kYyWyPtHnqq9zw6f8AEq0r/wAlPf1t6qGNTpVpv2oucX3CEPysdlXqZNiPeQpHREckqLJWkjlHZSR39/arSdnfiPbWNHNtGCaZ51lV4i32wwHWJrLNmkPIQtUh1YAWlPCvZWPSgstpUN/1WrZX+zW/f+X5X9mn6rVsr/Zrfv8Ay/K/s0EyKjX4j/8AiTap/wCTov8AXY9dL/Vatlf7Nb9/5flf2a0vvL8RvazrNtlzrTLA8qu8q/X2GwzCZes0hlC1JlNOHlak8J9lCvWg1b4Kukrd51NzLWW4RQtrG7am0W9ah2TJkq6nFg+5QabKfsdNXBVU/wCHvvY2l7Y9vcXDs1yu6sZVc7jKud3RHssh5CFKV0NIDiU8KAaQg9vQqVUmP1WrZX+zW/f+X5X9mg154tO6HUTRK36fYVpHm07Hr9e35dxnPQVJDv0RsIbbQeQfZWtxZ+1qo/wsH8Z24Q2J8W9ZgpmS0l5sqvtsSSlQBBILgI7H0I5rqmqWd41v88RrBmMNdlXDDlSLZbmzIjqaUq3xSqTL5Qrunnl8Dn4irtQAAABwB6Cgp7/4PPGk/wDvjLv/ADBa/wD82tm+Fpur1mz7WXO9F9d81ul9ujVu+mQE3JaSuI/EfLUllPAHdXnJJHf+8mrOKpf1NyG0bMPFSuGoN5+kQ8YuNxcvMpbDJWr6LcWFGQUoH1uHludh8BQXQVV141mmLiIunmudrYKJVvecsEx9I7hJJfjcn9qoP8fuzW/f1WrZX+zW/f8Al+V/ZrSO8/fns03Hbcct0wtWZXg3uSw3NsynbDJQkTo6w40kqKeEhfSWyo+gcJoJ0bZNT42s2gGB6lR3g6q9WVhckg89MpseU+k/NLrbiT9lVa+HV/zlOb/usn/rdSQ8FzLL7d9veT4tcW3VW7H8jV+h7qvqgPtJW42n5BYKvtdPxqHG27WPCdr3iAag5jrHIm2q3Q7hkdteLMRb7iX1yz0joQCeD0nv6elBefULvF0/xNLv/l21/wCtNcn9Vq2V/s1v3/l+V/ZqNniD7+9tm4TbfcNN9Mslus2+SLpBlNtSLS/HQW2nCVnrWAPT3UEm/Cf/AMSXEP8AKF3/AK87UwKiT4Vtsn23ZJhBnxls/S5N0lMhY4KmlT3glXHwPHI+I4PoaltQKUpQKrA8WTa1ksa8W/d/pUy63cLMI6cjMQEPslkpEacnjuejhKFH1ASg+gPFn9ca426Bd4Ei1XWGzLhy2lMSI7yAtt1tQ4UlST2IIJBBoIx7Dd6WObq9OWId4nxIuodhjNt323AhBkcez9MZR721n1A56FHg8Ap5lLVQu7DYFqztdzh3cds/m3NFngvqmqt9uUXJ1kBPKghBB+kRvcUnqIT2UFDlVbT29eMjgN3hRce3I47Lxq8MgNP3q2RlyITqh2K1sJ5daJ9SEhY59OB2oLJ6VqTGN2+2HMYSJ2Pa9YPIbWArocvLLLqefymnFJWk/JSQa5V63SbbcejKl3rXjA4rSRySu/xiT8gkL5J+QFBsO+f+5Lh/3V3+gap38G7F7Fm2Y6vYfk9vanWi9Yk3AmxnByl1l14oWk/aCe/uqRe4nxf9EcTt8/HNFLZKzy7OtLYE5xtyJbW1EEc9SwHXeP2qQD7le+um+DFoXn2JMZtrFldil2m03+LFtdnEpstrmBC1OOvJSoc+WPwaQr0USrj6poNDWe5aleFJu5kQbnCl3PT3ICQePqXO0qWeh1tXoJLB9Qe/II7JWFVcpp9qDh+qeHWvPcDvsW72O8MJkRZUdYUkg+qVfkrSeUqSeClQIIBFdH3LbaNON0enMnAc/hKStPL1subHAk26Tx2dbPvHuUg8hQ7HvwRVG0d5HhUaguJRHN/09uMgqV7K3bPc0egJI9qJIA4+B5H/AEifULtq9b0ePIAEhht0JPIC0hXB++oa6G+Kzte1WYYgZjfXdPb4sAKj3wERFK9/RLSC2B++dH31KG16u6U3yKmbZ9S8Wmx1jlLrF4jrSR8iF0HbAAOwrzWqM+3XbbtMILs7NtasTgBpPUWEXFEiQr5IYaKnFn5JSagVuJ8YZV5ZkYNtVxCe/cZ5MVi/3OLy4lSu3VGiDkqX+SXPT3oPpQSI8QjfNYdsuDycLw+5tSdS79FUiBHbIX+hbSuxlve5JHfoSe6j39Aa0t4T20S7WRiRut1UZfcvmRNrGOsy+S6lh0kvTnCruVu88J9/T1KPPWOOq7OfDXzrUbLI+4beK7PkOy3xcWceua1OTJ7vqlycVd0I9D5J9o9grpHsm1NhhiKw3GjMoZZZQG2220hKUJA4CQB2AA7cUFR3jSf8tmlH+R3v62KthxX/AAYs/wD3CP8A6tNVSeNdElRNVNJ7+/HWIBtctkPAcjrbkoWpP2hK0n76kzYfFf2ZQLHboMnM76l2PEZacAsEogKSgA9+n4igk5rz/wAhuon/AITu/wDU3a+crRjUrMdFNQ7FrHhza/pOL3Jh0qUFeS71dRMdwj8V1tDqePXgKI9Kt+1V8UvZ9lel+YYvZswvblwvFguECIhdikoSp52OtCAVFPABUodz6VDHw/ttK9y23vcNhohoRPdTYX8emPdm0XSOmetKOr3AhxKFH3Jd5oLl9MNRMd1a0+sGpGKSPNtWQwWp0c8glIWO6FcfjJPKT8wa7BcLfCu0CTa7lFbkxJjS2H2XE9SHG1AhSSPeCCRVPfh2b9sX2x41kuiW4aZdbfbLZOXItBRBckOw3yopkxVISCUp609Y+Ci58amJ+q1bK/2a37/y/K/s0EE8uteReF9vnjZDZvpb2A3xanWkJ5/uqyvuDzYx9ynGFAcH3ltB7dXFZvww7pAvm/7Nb1a5AfhXCLfpUZ0AgONOSkqQoc9+4INbD33bwNkG6vRSVjVty26py+yrNwxyW7YJKOl8DhbCllPZt1PsnntyEK/FqKPhz6+ab7ctfnc/1SuUqDZl2OVBDsaIuQvzVqbKR0IBPHsnvQfQJVaXje/8mWmf+XJv+oRW5f1WrZX+zW/f+X5X9moV+J1vK0J3PYThNk0jv1xny7JdJMqYmVbXYwS2tpKUkFYHPcHsKC0HaL/iqaOf+A7D/UGa23WrNqcGXbNsOkdvnsKYkx8GsTbrSxwpCxBZ5SfmDW06BVXXjfZVcGbHpjhLalJhSpM+5ugHspxtLbaOfsDivzmrRagV4vuhN/1N0JteomKWxc6bgE1yVOZaSVOm3vJCXXEgdyEKShRA9E9SvRJoJUbaNOsd0p0FwXCMYhMx4kKxxFuFtPHnyHGkreeV8VLcUpRPzrYN5s9ryG0TbDfIDE63XGO5Flxn0BbbzK0lK0KB7EEEgioS+Hnvy011R0msOmeomWWywZ1i0Bm1qbuEhLCLpHZSENPtLWQlSyhKetAPPUCQOk9tt7n98Oi23HA516cy6zX3J3GVJtFhhTEPvSXyD0lwNkltoHupZ4HHYckgUEA/DRQvSnf/AKi6Q2V5xy0Bu9Wscq55bhy/wKlfEgJ45+Z+NXD1VR4PekmZ5Pn+c7p8ziOfR7iH7fBmOp6VTpr7oeluoH5KfZBPoVOEAkpUBavQKUpQKUpQKi3qV4aW0LVLLJua3vTuRb7ncnFPzDabk9EZfdV6uFpKuhKie5KQnkkk8kk1KSlBDH9SP2YfsWyP+P36fqR+zD9i2R/x+/UzqUEMf1I/Zh+xbI/4/fp+pH7MP2LZH/H79TOpQaq0F2v6I7abTMtWkGFtWlVyUlU6Y685Ilyin6oW84SrpHJIQOEgkkAEmtq0pQKUpQeCAQQRyDUSNwfhjbatebvIytu1TMMyKUSqRNsKkttSF/luR1AtlXxUkJJ/GJqXFKCqW6eB3LVMUbLuGZbic+ymVjxW5x8yl8D+Su4YN4JemVufQ/qHq/f7yhJBUxbYbUJKh+6UXCKsqrwpSUJK1qCUpHJJPAAoNZ6Jba9E9vFk/QTSbA4Fm6wPpEwgvTJJ+LshZLivs56Rz2AHauta9bKtuW5K5R79qjgSJF6jIDSLrBkuQ5Smx6IcW2QHQPd1hXTyenjk1gJ3iJ7PbfnCsBk6yW36ch76OuUhpxcFLnPHBkhJa45/G6uPnWV1Z31bXNFckZxLO9UYTV2cSha48JlyYWErHKS4WgoI5BB7nngg+8UGrf1I/Zh+xbI/4/fp+pH7MP2LZH/H79SxwjOMS1Ixa35tgt/h3qx3VrzYk2I51tupBKTwfcQoEEHuCCD3Fa21V3i7atFb6rF9RtWbNbLy2U+bAQpT77PUAR5iGwoo7EH2uDwQaDNaFbb9G9t2Pycc0gw5mzMTnEvTX1POPyZa0jhJcdcUpRA5PCeQkcngDk1syur6dan6fat423l2muX23IrQ6otiVBeC0pWPVCh6oUOR7KgD3FdooFKUoNb6z7dNF9wVkNi1ZwG23xtIIYlKQWpcY/FqQghxH2BXB94I7VCPO/BO0oub7kjTzVjIrGlRJQxcIzU1Cfl1J8tRqySlBU/G8Dq7CSDL3ExFMc9w3jigvj7TII/krdOl3g47b8PmR7ln97yHN3WCFmLIeEOIsj8pDPC1D5dYHx5rfGqW/Halo/dJNizDVy2KukNwtSIVuQua8ysHgpWGQoJUD2IJ5Hvrv2jGvek+4HHHcq0mzCLfYMd3yJIbCkOx3OOQlxtYCkkjuOR391B2zF8UxjCbJFxrD8ft9ktMJAbjwoEZDDLSR7koQABWVpSgUpSg6Xq3o5prrphsjAdVcVjX6ySFpd8h1S0KbdTz0uNuIKVtrHJ9pJB4JHoSKjMfCP2YEkjFMjHJ9Bf3+38tTNpQQx/Uj9mH7Fcj/j9+pGaKaA6SbeMWVh2kWHx7Fb3XS/IIcW8/Jd9Ot15xSlrPuAJ4A7AAdq2FSg1brxtl0U3KWaJZdX8LZvAt61OQZTbzkeVFUocK8t5spUEntygkpJAJBIHGg/1I/Zh+xbI/4/fqZ1KCPuhmw7bLt4yb9OunOBuJyBDammbjcZ70t2OhQ4UGgtXQgkcgqCergkc8EitzZvg+JakYrccIzqwRL1YrsyWJkKUjqbdR6/aCCAQoEEEAgggGs5SghrI8JPZa8+483h1/YStRUGm8gklKB8B1KJ4+0k16/wBSP2YfsWyP+P36mdSg0Tppsf2v6UYdfsGxjSu3vW3KGRHvJubjk16a0PRCnHVEpSD3AR0gKAUPa71qyT4Smy1+Q481hl/joWoqDTWQSShA+A6lFXH2kmpk0oIY/qR+zD9i2R/x+/T9SP2YfsWyP+P36mdSghj+pH7MP2LZH/H79eyP4Sey1l9DrmG399KFAlpzIJISsfA9KgePsINTKpQQ1keEnstefW63h2QMJWokNN5BJKUD4DqUTx9pJr1/qR+zD9i2R/x+/UzqUGjNA9lW3PbXdJOQaWYKY16lteQ5c50x6XIS1zyUILiilsH39ASVduSeBW86UoFaf182l6C7mGYX/C5g7dym21JRDuMeQ5FlsoPqjzWlAqR7+lfUkHuBz3rcFKCGP6kfsw/Ytkf8fv1+keEhsvSoKOJ5EoA8lJv8jg/LseamZSg6jpZpNp3oph0TAdL8WiWCxQupTcZjqUVrV9ZxxxZK3Fn3qWSTwO/YVqfXDYRtg3B5QrN9QsCc/TA6lKJFxts56G5JSkcJ81KFdCyBwOop6uABzwAKkNSghj+pH7MP2LZH/H79cm3eE1ssgTWZj2DXqalpQUWJN/leWvj3K6FJJH2EVMWlBwbHY7PjVnhY9j9sjW62W5hEaJEjNhDTDSBwlCUjsAAK51KUClKUClKUHgjkcVHjW/YJtb18kuXbL9OWLde3Qeq72NwwJSyfxnOj8G6fm4hRqRFKCtLI/BH00lSFO4rrRkUBon2WpkBmR0j90ko5/NXGsvghYI0+leQa5X2Q0DyURLW00SPhypSuPzVZtSgi5oh4bW1XQ64M3+3YS5k18Y4LVwyJ76YWVD3ts8BlJ59FdBUPcqpQttttNpaaQlCEAJSlI4AA9ABX6pQK4V4stnyG2v2a/wBqh3KBKQW34sthLzLqT6hSFAgj7RXNpQQr1c8JfarqTOkXnGrddcEnySVrTZJAMPqPvEd0KSj9y2UJ+VR7u/gdyFSlGxbhW24/PYS8eK18fMpfSP5KtYpQVmYX4I+Awn0O5/rRero2kjqZtlvbiBX8JanCPzVMfQvZptz27NJd0205hNXTj27xcCZk9Z+TznJbH7VsJT8q3ZX5ccbabU66tKEIBUpSjwEgepJ9woP1Sou5l4l2zbCL+7jlx1XROksOKadctcB+YwlYPBHmtpKD394JFbk0f140k16sb2Q6TZxbshiRVpblJjrIdjKUCUh1tQC0c8HjkcHg8c8Gg/OtOguk24XFBhmrmIR77bUOh9jqccZejuj0W082pK0H48HgjsQR2qOX6kfsw/Yrkf8AH7/++pm0oIZDwj9mAIJxXIzx7jf3+/8ALUltINFtMtBsPawPSjFI1hszTiniy2tbi3XVfWccccKluKPAHKiewAHAAFd3rSGru9XbJofcpFi1B1Wtca7xez9tihcuU0fXhbbQUUn5K4NB1bVzw6Np2tGXy88yzT5+NfLivzJ0m13J+ImUvj6620q8vqPvUEgk9ySa6T+pH7MP2LZH/H79d8geIvs3uGLKy1OtdqYjJX5RjPtOtzOrjnjyCnrI49/HHzrsWh+9HbluIvr2L6XagtTrwy2t76BJjOxX3G0/WU2lxI6wPU9PPA7+lBqJPhIbL0qCjieRKAPJBv8AI4Py7Gs/kvhd7K8ki2+KnSp20m3MCMh223eW0t1AJI80lxXmK5J9tXKz2BPAAErqUEMf1I/Zh+xbI/4/frL4r4WGzHFb7Ev6NPLhc3YTqXmmLleZL0frSQUlTYUAscj6quUn3g1LelB+GWWo7SGGGkNtNpCEIQkBKUgcAAD0AFfulKBXrkR2JTDkWUyh5l5BQ424kKStJHBBB7EEe6vZSgr8138HjRzUfI52VaX5bNwJ+4OKfdtyIolwEOqPKi2gqSptJPJ6ArpHPCQkcAdW0w8FHTyyXaPcNVtVrlk8VlwLXb7dC/Q9t8D8VS+tawD7+kg/Aj1qyylBicUxPGsGx2BiWH2SJaLNa2Ex4cKI2ENMtpHYAD+UnuTyTyay1KUClKUClKUClKUClKUClKUClKUClKUClKUCoC+KhuayPCcYs22zSsvuZlqOUsylRifOagLV5YZb49HHnCEc+5CV/lAifVVEbvM4i6D+KHataNZMaud0w2BBiSrOmK0FFaUQS2ny+shJKJZWsjn04+IoOm7xdp+k+0LaNhFjvdkZueruXXRLsu8h9fEZLTYXJaaHPSW0dbLfcckqKu3oORpXtG08012OZvut3D465fr5fLOUYpbH3loEMPcMxJBIIJWpxaF9+yW0Djkk8dD317x7RvGyTC7zadNL5bcOwVySJL7y+p2SmU5H8wFSB0NezHAT7RPKjW092O/jHN2GlEXbVt+0YyVZny4KGeWUqWhtlQ8tlphnqPqEjkkAAUGY29av5ds48My7agvzCm96jZHKbwmKtXP0dK20MLlEHuAkx33APQkNn8cmu/bKPDQ09znStjWLc7arhf8AJc5SbsxEfmut/RYz3todcKCFKedCvMJUfZCgOOea0hqzgl6zvWrbVsNcWXXMFs8BvJWUKCkszJA+lzAeOx8uKkHn9sRVt2p+omIaEaV3nPsjcbiWTFrcXfLBCeoIT0tso/bKPShI+JFBW5sxtUnbJ4k2e7ZsLvU6ZhdyjyCIrzvX5ZRHRKjrX7i42lamursSFd/laxVYPhcYnftStU9UN8eqD7UT9HJUmBb1vqCGfMfdS7IWlSvRDSUtMp78cKWPxanuNyO3lV4/S+nXTADdOro+h/pkh+f1fDo8zq5+6g2PUXt9m9KHtEwu2Gy2Bq/5nk7jjNmgPKUGGwgDqfeCfaUkFSQEJIKieORwTUnI0mPMYblRH232XUhSHG1BSVA+hBHYiqtNwD//ABmPFbwXSqABMs2nX0YzyPabSphBmyST6D2i213/ABxxQcO672vFB0ptKdUNU9v8A4cOh+Ul+xOMIYZUR9ZTbpcY9QAp0Hgkcg+lS6yzdTB1F2E5duR07L9lkPYtcFRUOuBTsCeEqZ6QscBSkOkdJ4HJCew54rpHi16xs6bbXX8Mhykou2oE5Fpaa59r6I3+FkucfABLaD83U1prW7RDULS3wmLBg2O26W5MKoN8yaMw2ouoZkOl9xKkjvwha2ur4dJ+FBgvDs2ebcs+24XHcJrziyr7KVPuTrj1yluJjMwowHUsJSpPJ6kukqUT3Hu4rI+DlaFzdSNas3xeK7AwuQ8xDt8TuUAl91xpPJ78oaIH8PvWhn9z9/1c23ac7E9sGC36PNnMtw8jfIBXLcW6VuoSUc9LCnFqccWrpHSODwnq5ti2obd8f2waKWTTC0FD81lBl3mcB3mT3OC65+5HZCR7kIT6nkkNw0qEO4DxXdD9H8umYDhtjueoF7tzio8tdscQiG0+k8KbDx58xSTyD0JIBHHPIPGf2p+JRpTuYzAaaSscumHZa60pyJCnrS41MKBytDbieOFgAnpUkcgHj04oJf0pSgUr1yJEeIw5KlvtssspK3HHFBKUJHckk9gB8a0vL3r7SoN8OOytw2DompWG1f8AtZstJV8C8D5Y49/Ku3voN2UrCsZrh0mwM5VHyyzuWWQjzGbiic0Yzifyku9XSR9hrzjuaYfl7SnsTyuz3ltHPUq3zmpATx279CjxQZmlYTJM3wzDmRIy3LbNZWj6LuE5qOD961CuTYskx3KIYuONX63XaIrjh+DKQ+2efT2kEigyVK9MuZDt8dcyfKZjMNjlbrzgQhI+JJ7CtfK3I7eU3cY+rXXABcyroEM5JD8/q+HR5nVz91BseleqLKizo7cuFJakMOp6m3WlhaFj4gjsRXtoFKwF6z/BMbeEfIc0sVsdJ6QiZcWWVc/DhSga6vnW4/QPTNuI5nmsOJWX6ekLjJk3VoLeSTx1JSCVFPP43HA+NBseoqb897bO0jGLPbMYsLF/zvKi4m0QJHWWGW0FIU+8lBCljqUlKUJKSo89x0mpE4XqLgGo9uN20/zaxZJCHHL9quDUpA5+JbUQPvqtPUVY3KeLpjuKsgS7RpgGC+PrISqGkyXOfd2kOJSfmOKDhXjfB4nGjNvb1J1k0AgHDittUoSLKuOlhtagAC406Vx1EkJBdSe5AIJ7VY9oRrDj2v2kmN6u4sw7Ht+RRVPJYeUCthxDim3WlEdiUuNrTz7+Oaij4v2rasI22xdOYDwFw1CuaIRbH1lRI5S86R8uvyU/wvnUg9mulLmiu2PT/TySjomQrUJU0EcESZK1SHQfsW6ofdQbopSsffshsGLWt695Ne4Fpt0ccvS50lDDLY/bLWQB95oMhSul4drXo5qHJMLAtVsQyOQDwWrVe40pfP7ltZNdjvuR4/i8Bd1yW+W+0wm/rSJ0lDDSftUsgUGRpWFxrNsNzNgysQyyz3tkDkuW6c1JSPvQo1mqBSul37WvRzFbk3Z8m1WxC0z3VdDcWbe4zLqlfAIWsEn7q7fFlRZ0ZqZCktSI7yQtt1pYWhaT6EEdiPnQe2lcW6XS2WS3SLvebjGgQYjZdkSZLqWmmkD1UpaiAkD4k1qrH93+1vKb05j1h1+waXcEL8sMi8sp8xXwbUpQS5/AJoNv0rE33LMWxiyOZNkmSWu1WhpAccnzZbbMdKT6EuLISB8+a6bhu5Lb9qHcDaMH1qwq+TwooEWFe47jyj+1QFdSh8wCDQbIpWld2O6XCdp2mC8/ythy4TZb4hWe1MqCXZ0kgq6er8RCUgqUs+g4HckAwOHifb37PbmdWMn2swG9M5KkqTLTZrkynySRwoTVOFvvzwFFvpJ9BQWt0rXmgWtuJ7h9KbHqxhoeagXho9cZ/jzYr6CUuMr47EpUCOR2I4PvrYdApSvy442y2p11aUIQCpSlHgJA9ST7qD9UrSt23p7TrHfVY3dNwWEsz0L8taBdW1ttq54IW4klCSD6gqHHvratjyvF8msjWS45kdsulofSVtz4ctt6OtPxDiSUkffQZWlYe2ZjiN6lrgWfKbROktHpWzGmtOrSfgUpUSKzFApXScu1w0YwB/6NnOrWHY88Tx5d0vkaKrn4cOLBrNYrnGF51C/RLCsus1/ievn2yc1Kb/0m1EUGcpXrffZjMrkSXkNNNgqWtaglKR8ST2ArXtw3H7e7VdhYbnrngMS5FXQIb+Rw0PFXw6C5zz91Bsalca3XK3XeG3cLVPjzIrw6m347qXG1j4hSSQa5Hp3NB5qGviqa8yNG9ssvHLHNXHv+fyhY4q2l9LjUXjrlODj/ALMBr5F4H3VI7KNetDsIk/Qsy1iwmxSOePKuN+ix18/YtYNVrbk8itG9rxFdOtGsMu0a/wCGYklh2ZMgvJkRHkhAly3EuIJSpPQG2eeeOvlPvFBvbaT4be3616A4vc9aNMoV/wAvvlvbutzeuDjqTELyetDCUpUAjy0KSlX7YKNaH8Nm3WJe/LVaVoSh9jS+BClsIT5qnGlsl9CY3Cie/UtLi0c8no5+dS+8SLXZrQba5fP0LmpjXzLB+lu0oQrhxPnIV5ziR6gIZSvv7ipA9SK6h4eenuIbUNnDep+pU6Jj68ma/TRe7hM9gtRVIAitn8Y8N8FKBySp1QA5VxQTYpVceVeNJpjEvTsXBNH8nyC1RnCHLg68iN1Nj8dLfCiPj7RHz4qW21/dbphuvwt/LdPHpUeRb3RHudrmpCZMJ0jlPPBIUhQ56VpPB4I7EEAO86uZRIwnSrMsxhuobk2OwXC4sKX6BxmOtaOf4SRVXnhkbSNGtxeB5hrfr3Y5eU3YZK/ESq4TXAwtIYaedfX0kFa1LeV1KUoj2fd35nN4g9sza77QNRbfgMaRIublvQXGo6SpxcQPIMgJA7k+UF9h7uaq0w3dxcIW0Kz7N9vuCZArOMqlSY9/mMo63JAfcIU3GSjlZLiOhBJA6UhQ9/IDuuzPbdt03P7udVm3MWde06x1T0uw26NKcbjqQqT5bXUoHqUjpClAdXv781n7bp/pu34smH4NtjxxqxWXBnWhelQVrWyXY7Lrk1RKiSAUrTGPfjrBHvrTe1ndoxs80t1Lwq0ae3dWsWTz0W+JIlN9LMBpDfQgKbP4TzUOreV0ccKPlg+h5sD8MXaXkGjGG3PWfVSO6M+1BSH3G5PJkQoSleYEOE9w64rhxY93CAe4NBOKlKUClKUClKUClKUClKUClKUClKUClKUClKUClKUClKUClKUClKUClKUCsJlGEYbm8REDM8Ts99jNnqQ1cYTclCT8QFggVm6UGBZwLB41lcxuPh1katLqQlyCiA0I6wPQFsJ6T94r04/gen2AxXXcUwyxWFptKnFm329qP245J9hIrslaX3m6jnSfa3qVmzLxalR7DIhwlg8FMqSBHZUPscdSr7qCD3htxFa4b0NatzFxQJDcZ2RHt7qvaCFSniEFJ93DDPSP2qiK6r4wetr171dxfb6/kUmHi1mis3i+sxR1FyQ6VFHUnt1KS0OUg9gXeakd4QGnAwragc0mICJGb3uZcwtXYiMwRGbB+XUy8ofJdVaa1X257od5eQyWpairMsxFqgukc+VEDyY0ft+1ZQ3+agkRoDt83Ab87Rb7VHvT2m+hGJNi3WuEypamnuk+30Ngj6VIUeVOvucDqUQPyBJdzwdNqzkdzGY2qGXjJksdfJuMNSk/BwxvK6un+F99SZ1iyLH9me0e8XDALTHjRcGsCYVljKHKTIIDTSnPyyXFBaye6j1Enk1Vz4XkHUjWHewjVK9Xy5XJyzxZ12v1wfdUovKfbW0hCz6e0tzkJ9B5fYcCg4jesG8zZTqLkmzLT/MzPnTbtDh2KRIYTKU2H+ksrhpf6kNh5LjYUkghJB7BQ5qa/h6bNdZ9EtTs/wBatwztvlZZlLIYYkMTUynHC8958pxZSAEqUtDXp8D7qr58RvVw5TvayrKsFvEiE7ir0K2QLlBkKaeRJiNp63W3EEKQpL3WEqSefYBBq27aO/lOm2zfGsy1lzO+X+7mxvZTd595uL0ySlp0KkIa8x5SlDoZLaOnngEH40EavEd2jboNymrNlyrT+Fj4xTD7UEQlXC6tMnz1L819xTawQB7LY9rsQgc9q2R4Yu7DULdHpzldo1aQzcb1h8qLHXdERW2W58eShzpStDaQ31pLKwrpABStHb1JhVojp5vs38/p2zfG9yF5x/EZN6kRZtvuWV3VuIUSOpxcePFaCmlNIQtKeglCeCkDtzxZzs92r43tI0oGntnuyrxcJ0tVxu90WwGjKkqQlHCU8kpbSlACUkn3n1UaDaWPaeYDiU6Tc8WwmxWeZMJMiRBt7TDjpP5SkJBP31rzePll+wba3qblOMKdRc4OPSTHcaPC2iodBcB93SFFX3VuSq1fE53LZBmt9tmyPQmQbjkWUSWY2R/Q1dSgFKBbg9Q+rz2W78EAJPYqFB2DwiNEdLEaBuauv2O23bLr5dJUeVNlMoeehtNK6UsoKgS3zz1q44Kuoc88DjT2rE/F9XfFr06h6HMRWzicy3N5BMtzSUtPPQnnXphUU8A8MkMKPxTxUzduFi0n2fQtO9oca6CXmuTwJl6mOtpH4d9psKfeX70pJBQ0n3paPvB5iJ4jem9y2m7g8H3paOhMBV1upbvUNsdDS5qU9SuoD1RJZ81Kx7ign1V2C1mlYzGMggZZjdqym1KKoV4hMT45Pr5bqAtP8ihWToIH+MFrLctPdvFr0/x+4uxbln92+hveUopWu3sI630gjv7S1R0n4pUoe+ukK8MLalpdtqc1D1sGTC92TGjd79Mi3UtFuSGOtbTLfSUchZ8tAIPUeOfWutb51o178RbR3QePxJh44qI7cGh3SnzXRJfCvhyy03z8iKmXu3xmzalY9b9O8zu36FYBHWckzuep0tNotEP20xlLHdJedA9O/Qy7x34oKxNmfh76vboMMi3vUHNr1ielzDy3LXGUtTi57iiPMcjsKPQ2jlIBcI9ojsDwSM7uy2mZF4eV2wfVvbrqvkZm3W5qtqGXEo8/6QEdSR0oHQ82scpKFJI9B35rae33dDqVu53xYxjem1xn4jo7p81KlxrLbFGM1JhMsqaZMlKOAvrWpoBs+ylPIA5BNSt3OXLTbEchZ3Ga19DuLaRRlnHbe6R/7RyGQPrNoPZxSEJQhHqAsuK7eVyAibpF4V2oeu1vTqxu/wBVsjZyC/czP0LadS9LYSvuPPdc6ktqI4PloHCQQDwQUjW2rWAZH4UO4nAMzwHPLvfcJybzVzrY8pKHZEZhxpMphxAIbUroeQptfA4V8OO8wvDj1V1n3ISdQ9w+p17lt2W7TWbNjliadUmBBZY6luKbb54UvlxCS4faJSe/HAEIPE3zmduF3pWjRrFZKHk2B2HiUJPVyj9EZTyfNJ+fW42g/vfyoO9Y1jO67xWcum5TkWTycC0etr6mYsdoK+jq4P8Ae2mwU/SnuPrurPSn0HHZNbtPg57VzHVjSdTsv/TKI/mA/ojE6h2/vhjeV1dPP7b76k3qReMX2WbRbxccUgNogaf46I9sZUAA/LPS0wXOPy33EFR/bKqqvw07bqfrjvjt+qd3vlxnOWQTr7kNydeUS55rDjKGiT+W46kdPp0JVx6UG8to2ouoOx3dfetnmseZNz8HmMOTLZcpT5SxDSGFPtSG+s/g0OISpDiPQOJ7E8Eq86tbx9x+93UqboLsojzLPizLxZn5MkqjOvsdRSX3H+OqLHPBISkeasDjjklFaA8RO7O7ht+c3B9Mkpuc+OYGHxy0r2XZiOfNHI9Ahx1aFH3eWqrTNKNN9H/D721SF3Oc2zAsMT9Eciu4ZAfuUzpAUpKeeSVK4Q2jnsOkc+poIq2PwY8TdtqrxrHr9fLhd1I65UiI0hDKFe/8I+VKUOfeePsFczTzwZ9OLdnlwm6g6gXDLcKXbkptDUd0w5jcgr5PmKT1JUgJ7pKSOSo8jt3gluj3ia3bus4Zivy7lbsalSwzj+MQ3FBo9S+htSwnjz3ie3UeQDyE8d6uM0cxyDsv2aQ28zubz68Mx9+73d2RIU5zKUFOraR1E8JC1BtKU9uw95PIVf63aa5Bs23i2rS7ZbqXkH6ZLxFjxjFecZdXHkS+UojulSfKcBQpLg60ez1JV6gGpv8Ah3bNNW9Cc51D1g3BPQJeZZYUMx5MeamUtSHXVPy3XFAABTjvlen5B+NVdZTb9Qr/AIdd97t3z642bI75nqoVn+iqcblPyFNuSH32X0LSplLADTY6R+MkDp4FXU7bbrkGkezLHc61pyu+Xq5wcYcyi9zrxPdlywlbapPlFx5RUShspQEk+o4FBFfxFdpW6zcFrTE1EweNYG8Rwq0tptZnXZpspcQovyH1NrSUglXSn2uxS0nmty+GVut1E3P6WZAdUgxKv2JXBqEu6MR0sJnNOtlSCpCAEBxJSoHoABBSeB35g1oRpRvw362bKs6te5G82PDJ15k26fBuuVXURnA6kOusMRGwppbKEPIT0KKE8EJHoeLQtpG17Fdpmk7WnGO3Fy6zJMpdxu90da8tUyWtKUlQRyehCUoQlKeTwAT6kmg3XVUG7G55Pvp31WraZjWSS4mE4YtaLwqIvlsOtgKmPqHopaCUsJ6uQlXPH1jzZXrRqHG0n0my7UmUU9GO2eVPSFeinENkoSftV0j76gj4OGmL8rG8/wByOUIVKvuYXVdujzHu7hZQrzpKur3+Y8tPV+8poNHb9djmkOzTA8d1R0i1Fy2Dkrt5biw482a2txwhJWp1pxpttSCjpSee/wBYCsa3N1D8THdFiOk2a5NPtuMYrjMd27mJx2ebjIVKfCT7BedkOBsKI4CQCB2IOO8RLXC26vbuJtpvMsy8J0ijOxkQQ4QiXNRwp5vt6F6QGWFKHdKGyR3TwZReD5orebVhGV7jcvjdFyz6Ypi2lSAkqhtrKnHgPclbxUAPg1z6EUEZd1+gMbw3NT9O890M1Xvb065yXZC7dMcShxLTKm+Q4pHSlxpwLUghSfca2bqnup3Ib/dS5OgO0b6VYMKjKCLtf0qXGMhkHpU+++AVssEg9DSeHHB6g90iL/iOa0Pa87ssiTZXFyrTjTqMYs7aO/mFlRS6tI9/W+XSD709FW77RdCcS2e7a4cK9Oxoc5u3G/5bclcAfSPK63uVe9DSQUJ+ITzxyTQQzy/wotHsCxSLZ8q1ZyHIdUsuLkDG4zC2o0eVcSgnrWhaXHDHa/vjq+rkISeOVFKT0bU7btu78N3HbJrdhGvC8gsUGaxEutuZ89MRrzPZSh2O6pSHGVH2OrhKkkpICTwRq/Md7WrN73RM704ONPT8Uxu7rx+yQZqyiOmKtp0iN1DnpeW0VOrKQelShzyOAbB/EazxnJfDmu2TXO2/oXKzCPjz7MJbvmFh12ZGklvq6U9RShtffgeh7Cgj74h25m56/wCk+humGmsx2K7q21FvdxhMOHk9Sgy1Gc4+shMgukj0KmQfxa2RqD4Sm1HF9Ipl8ueUZRYJ9gs6plwvhnJeaUtprqccWwpPHSSCQlBSfQA1EbwtdNrtrbuexu95C8uTY9JLQ5PYQ57SULLzhjMj4fh5Lrw/ezUwPGJ3BKwTR+1aIWKUUXbPHi/cChXBatjCgVJP746UAftW3BQVyaITdW90mTaabSrxnd2cxEX1x5tkuFf0RhaUqfX3+sG22lltKuyVLVxx1Gpd77fDz257adCZWren+VZTacgt0uHGt8aXORIROfW6kEDhCVIUlHmOdQPA6PSsf4L2hcy855k2v12hlNtx+MbJanFp7OzHgFPKT+9tBIPzeHwNdr8RS/XndHu+032Z4S6tyHa5DMi9LQfZbfeHmPLVx7mIiev7XFD1AoNKbq8pz7K9tu0vPtY3X5cV1qcm4F/lTkplqWlLTqx6qUuIhsk+/q599W1atYOdZNul/wADwh23RxlWNGJalzEKTGbS6yPKKgkFSUgEegJHw7VW/rtBt+7Tfnp9tZ0/j+ZgGkrTVvnFocsoajBK5qzx24AQ1HHPqsfBQrcuu+73VOy+ILp9t80Wubbtng/RLXkNrLaXGH1SClxzntylbTASQoEcHkHsSKDQu37cjrl4aMsaH7itHZasKlXN2S1cYftuJUvpC3IzvV5L6OEhXl8pV3PJB7C27EMtx3PcXteZ4jdWblZrzFbmQpbXPS60scpPfuPmD3B5BqL3in3TE7bs2yxrJo8d6TOkQ4to8xIKkTC+lQUjn0IbS53Hu5rP+G1Z73ZNl+nEa/KWX3okmUyFjgpjuyXVtD7kKTQSaqF/ixax3DSzaw/ZLDcXIl1zi6M2NC2VlLiYvSt6QoEe4pbS2f32poVVt4mkhWt+7zRPbTBUX2mnmn57STz0/TH0BfI+IZYJ7/H50Ga0y8MTa5YtsVq1R15GRs3cYwnI79LZuhYEEKY89TaGwCnltJ6e4PKgfjxUUNne0/cluhsMvHMZzi+4Zo+1cHJb0iTJd+jSJBASUssJKQ+70pSFK7ITx3PJ4Ns+7DCn9V8Kt2iLdzVaLDkMgScquKFBtMKwxOHJHtn2UKcUGm08+5S1dwg1EXSPdPlWu26zDNuu1ZxrDtFtPnEyJr0KOkuXWDE46kqKwelp1fS2AOFELKySewDXe5Xww29sWj10140m1qyFV8w8MzpKXkJjKdR5qEKW040QULSVhQB554I9awbu/Dddu/xrCdt2hkCRbcsuNtTHyy9xT5br6kLKFPB4c/RmC2G1uLHCipakp7dlSY8YjWdOEbeYWlVvkhFxz+4NtvpB4UIEZaXnD97gZT9nUPfXq8HPRu04pt7l6wOw21XjObg+0iQUjqTBiuqZS2D6gF1DxI9/A+FB1bFPB10YsdkTedftZ79cLrIKfpMmHLZgxg8r8ULfQtS+/vPBPwFaf3HbZ808NHJ8X3Fbd9Q7rOxp25Ih3CBPUCTyCoNP9ASh9l1KVp56QpJ4I78Eal8R3XLOtfd1d40zskufLtGI3ZWMWS0RlqKXZqVhp5YbHZTi3gpAPrwlI+VSq8SyWdLtkek23/ILkmZlE1dsjL6nOtRMKMEvLB9SkLcQkH5ig1tFyTdh4rucy7ZYLsvT3SKyOBEoNLX5AUQD0OFPBlyCDyEkhCE9+xPKt3xPB02rwY7GPXzVHLnciktFTRTcYjBdIHdaY5aKiBwfRXu9alBp3iuNbQdpbUOHAbZi4Li792n9KQDIlIZU/IWs+9SnOrv8OB7hVQO0q56u7p9+eLZxd7zcrhdRev0w3WX5qimFBYPUUj3IbA6GkJHA9pKffQb60nyrM/DJ3cp0M1A1CcuOkuSxhKTJmdQZjsqCi3KSjv5biFoU2sI7LB54JCenl5luG3VeJHqFO0p2zJl4XplBe6Lhd1rXGLjPfhyW+jlQ6gOUx2+559rkd09U8TdiVuJ3zYnojgJakXiJb4WPOL55Q1IedW8or47gIQ6FK+QNWY4Rh2j+yXb0YCJLNqxbD4CplzuDiAHZb3A8x5YHdbriuAEjk8lKR7qCJmM+DLoNabOqfqpqrlt1nBPmSpkV+PBYSr3n8Ihw8fMqrde0bYbpJteze/akac5dPyJq/W5FtiLmqZdMVnzQt0IdbAC+tSG+ew46Kqi3K7uNad7GqcTGbdKnQ8fnXNuBjmMRXClvqccCGlPBP99eVyOSeQnkhPA9bi7dbbBsn2arjxyjytP8YdkOOK/+szykrWo/EuSHD2/bAD3UEHdzSzva8R7FtvsN1UzENPFlm7JbJLfDZS7PJ49CSluOT+Unj1rvHjV5RerJpdppgNpS5Fsd7u0t2d5PsN/3K00GGiB24/DrUB6fgx8KeENp9GtmD6ibqs/ktIuGTTX4/wCik1YT5UNpRfluqWr0C3VAqJ7fgQa1dkM+9+KdvOj41a5M1OjOniypx1sFCFxur23e/o7KU2EJ57htPPHskUFhmD6b7ets2gTSmLXj0HEbHZ0yrhdH47SvpiPLBW+6sglxThPbknnqAHuFQk8ICA/fdXNbtSsbgOW7Dbg+iPCjBHS2FrkuOtoA9xQ0eOP29TwwPNNHNbbRnmkOOQYlwsWGSzht1gqbSqM439FbJQgdwWwFra7/AIzSvdwTX7tLF62U+Idke1aTNdfw3Oeo2ouKPSCWVSIT3f1X0pcjq+Kj8hQWskAggjkGuu2jTjT6wXl7IrFg1gt11k/36bFtzLT7n2rSkKP567HSg65J0309m5AjLJmC2B+9tnlFxctrKpKT8Q4U9X8tdjpSgUpSgUpSgUpSgUpSgUpSgUpSgUpSgUpSgUpSgUpSgUpSgUpSgUpSgUpSgUpSg4t0utssdtlXm9XGLAgQWVyJMqU8lplhpI5Uta1EJSkAEkk8AVVz4mW97RfV/SVvQnRXKHMsu12u0V2W/bo61Rg20okNJWoDzFKX0cBAUO3rW9/F3ze64ltHkWu1peAyi+w7RJcb54Qz0uPK6vkosBP8IVEbRnc1sL2q6Y41f9P9OXc+1kFrZXNnORJDbbFwUnlaQ7JHDfSo9PLCCD09j35oLBMNtkvb/sGjRJcFyFNxHTp6TIYcT0LbkJiLdc6h7ldZUSPjzVF+i+S2TBtVdPNRbrdm1/QclYmXNrhXVHZbfbUXFEjgggrPYk+yflVqGj/ivbddStOX8U3QMu4teZUd6BeI4tMmXbpra+UqCAylxxAKDwUqHY89zWr1ajeDBp087fcdwl3KZwdW63FRbbtIQDz7ICZxQ2B6H4Cgn5up0af3J7esl0xsF5ixJV/isu2+Y6SpjzEOJcQVFPJKD08cjn1571CjVPULSfwuNv8AI0N0iu8O9ax5RHS7criEJLrDik9P0t5I56EoSVeQyT6nqIIKur82bxm8NtmSwbczoHc7ZpxHZEJiUw+j6S10cBAQyEhoISgcdAXz6dxxwcpqfuF8IrcW+vLtU/LTkDrPtvPWS7xJiyB7KXHYSOFkendZoK5NDdI5+4LV7C9NcaMq83fIbj9OyGapCuiNH6+p4qUe5CG0qWpZ46luBAHIBVch4lGWu6WbJMsg4+040bg1BxyOWx2ZZdcQhfJHoPKStIPxUKie/vz2e7ZrRLx/Y1oobxkdwbDP6KTIchptYHcdanSZTwHHPR7A+dbaxbxU9oOsuCO4huGx+bYDcGAzdrdPtLtygOqHBPSWUrWR1DkdSARwPeKDLeFhqxt8s+g2L6OWDUm0OZ9NMm6XS0OdbMhUhxwnoR5iQHSlpKOegq9CfQVPEkJBUo8AdyTVJabRty1C8QLSO1bKoioOORp8G4T5sVM1oOPMvKffIblgLQkNICCAkJPJ9as/3z53e9N9pepuU44h/wDRBFkXCZdZ5C4/0laY5eBHcFCXSoH3ECg0BvJ8TjAtOrJN0628XeNmGoc9w25uTCSp+JbHCrpUrqA4feHohCCR1EFRPHSel7XtAW9lGk2V71dydluF71DlRnZrcNDC5Mq3pfPfrUAfLfdUvhxw9kJUQT3UDHLZ/uE2V7XdJoWfZLicjN9anpMqQlpuA7xbEdfSw0l54BlB6UhwraClcuEc9gBMLTbxcdq2oeMuW3WONcsKmSWFMToUu3PXKG6lQ6VJSuO2tSkkE9lNpoIqbEc01V3W+IYjW/Ki68bXEmXCctlKhGt8UtKZjxkc+iepxKQCeVcLV34UakD41mc2WBo/hOnKpLSrver8q5IZ6h1IjR2VJU4R7gVvIA59fa+BrmYj4gnhybZrQMW0Hsl0fgTpCXJjlnskhsqPf23XJvluuFIJ4Hf38cVpDxBNwmwvcLpxLzzA50u+atLRDgQFSI91irhRQ51LJSsJiq4T1jjlXdZPr3oLRtBrS3YtE8DszU5iamFjluZ+kMOpcbcKY6AVJWkkKTzzwQeCK6nuB3eaE7a4Lw1JzaGxezDVLh2Ngl2dLHcJAQkHoCiCApfCex79qxWw7Fr1hu0TTKyX9952YLKmUoOn2m0PrU6239iUOJSPkBVV1i1F21Z7vI1d1U3qvzXrQxLlNWax/Rpjrjz7chLTLZ8gcBLTDRT0uKSklYPfg0Ej/DEwDLdctdtQd8mpUZfmXKTJh2QLSekvvEB1TZP4jLCUMJ9ey1D8WvV4yG5hy02+1bZ8UllD90bRd8mcbPB+jhX9zRjx69SgpxQPuS38TW59I/E22SQNPCwzem8BgWVxyJbsdFokKe+jI/va0pYaU2CvueAo8fjHnmqktwGW5rr1qDlO5C82O5MY1kORuQY81TRU1GAT1NRQr0K0MBHI57nk++gs+8HHQZeEaNXfWu9Rei5Z3K8i39Q9pFtjkpCvl5jvmH9yhB99RE8TrczN3Da8NaQ4RIU/i+GTDa4qG1+xPuqldDzw47EBR8pP7lSueFcCW2Z+JXtK0x20P4NoBl865ZBbMdFmx+3myzIxZe8rykPOuOtJb9gnzFcKJURwPXmoNyNnOrGH7YsM3gwrHPuN0dv67vPhFtS3Y9tStBiynED2ilbja1KV7kOtq9OSAtxsNpseynZd5NvYaV+kHFHJjxUOBKuJbK3Fq9/C5CyePcCB7qoo0+zxGOax4RrrlWRC7XJjNmMhvLHStUgeRMYkLeWojpUXSXeACTyg88cirYrF4ouyrWjTd/E9c1XDH0XeEIt4tNwtEmZGd5A60ocioWSnkcgkJPpWnZGoXgsaeyFXzG8NdymYhXmJit227vo6vdwmcUNAUE+dzekjO57bflGmeP32Kwcqt7Ei2XAkrYLjbrclhRKe5bUptAJHPsqJANQr1EzTSXwrNAJGkOmlzYv2s2WRUuzZvI62XFJKfpTqfVtpAKvJa9VHuefaNce0eMxhNmyCBa7dt/udt04itiG1KYkIEhrpACA2yEhoJCR9Tr5+zjvm9StxfhGbkZacr1dKUXx1tKXX37Hd4s1QSOAHHYTZC+AABys9gAKCLXhHYtFz7eQ5keQuGVKx7H7jkLa3T1FyUp1iP1nn1P8Ada1c/EA1I7xtNUL1asU090jtzjjVvv8AImXi5KHIDv0bykMN/MdTziiPilBrxhG8rwwtrN1/RDb/AINd51wnIEKXcoNuleYmKpaVLBdnqS4RylKukDuUitpakeIb4b2d2aDec1nx8ym2cqk2+2y8QlvSGXVAdSUKfZSyknpTz+E6TwPXigjL4bG1tyBerLuq1utgiWtqXEtmCW2Q3w5cLg64GmZCWz6IQSVJUfeFOeiOTv3xmdT5uL6A2DTa3SFNHNLykzeDx1xYoDvQfkXSyr+BUV828RTUHNNwuAa8y9PLrB0ewC7qYttpYYKWVqWwtpxxb3HlqkhtwqQjnpSEgDjlSjKzVPeV4XW5zHbbC1tyB2UmAVvxo06yXdqRFWpPCgHYjZA5AHPCyDwKCGsa34tuh1K0B2l6Jx5NzwzAre25fJ/kLQ3JlOrS/dZZCgClsqBQkq47qSke7mwvxUMzmYLs0yGFaUrbN+mQrGS2OAhla+pYPHoClop+/iouy/EA2m7a7PLxfYrogLlerhwly5zIj7TTiUnn2i4TKeAHJCSUAevurbli8UnZhrhgjmJbg7BNsSJ7SUXK2XO0u3KEpY7+wthC1Hg9wShJFB2vwxdWdvkTQTENFcO1ItEnNG4z1xulpV1syTKcWXHekOJT5vSCASgq4CfgKmw88zGZXIkOoaaaSVrWtQSlKQOSST2AA99Up4nYtBNRfEi0ug7MIy7bh1qkwbpMmxhMbD7kdTkmUeiXwttCmwhjp6QkknseqrG/Eazu96e7N9RbxjzL6pk2GzaPNaH94alvtsOuEjuOG3FgH8pSaCNPiSb59Bsz28ZHo/pPqTDyHIb1OiQ5aYDTqmm4zbwddIeKQ2oEtJR7KjyFmpKbN7MnSTYjg062wfPkNYaclLSQep92Q0qYE9u5J8xKfuFVtbadUvDl0b0asN71WwOTn+qRVIkzmE219xmOovK8lnl9SGD0thvlSQr2lH1qZejXi57WMhx91jUFM3TZ+3rMeHbzbpE5hcZI4b8tUVpQQQkAFBSkD0BIoK0tq+2DUneHqvIdlrmxscE43LLskdbIbZQpZcdAWfZU+vlXSn59R7A1c5q5qpg+3LZzdM8w9huDZLHjiYmMsJ7BxbiQzCCfeQpS21E/k8q91ROyTeTad5OqON7SNtFlmWPCL/P87Lb4mOIbsm1N/hJTTLSQC0lxCSkrVwpRWBwATUjd5lw2X3PGLTpXub1Qh2G2W11m5tWCJcltSHUoQpDRWxHSp7ywOrp4ABI7E8UFKGhEW3XPXbTWberozLXdMrhuTmlBXU3/AHWjuskcEqPJ7c9vX4VdR4nuW3HENmGbv2takOXNUO1LUg8cNPyEJX+dPI++oi2PVnwetIZf6aMRwifkl2gyy/b20wLnIU2WyA2rmcpKOSU+YD6p6uOO1bYt/ih7K9wGHXjAtwOO3PHrROWWlw7lAenx5LIUChXVESpaFggH6o4I7KoIJbZdOci3e5fplt6sNrkQsGwtx285NIbH1lvvJVLkLUOwWtttmO0Dzx0A/lVJPxlddrG67ie2jFJTShY+m8XplkjojK8voisED0UG1KXx7krR8a7XkniK7SNumASsD2Qafout6uPIjuN2mRFiB8jhLjxfCZEhSeeyOO/p1Dmon7W842kXjIM91S30z5+TZJPltPW2B9GmuuyXVFan3VeT0tevQkJcUAO/AAFBNPwUMKhwNFM2z/oSZV4yIWwq47huNHbWB9nMg1D3eW7nm8HfzkOnWn1tfuMm23L9KdtZ4PQwiGS3IeWfxWw6HllX5PFTJ0F8U/Zxj8mfgLGEStLcQgFKrTIatqnmpJI4Wp1mKha21nhPB4XyPUjiun6++I7obaVXq2bKMFRetSc4Jjv5PDx9cZ3zHD3UhC20vvvE9wCkDq4UeojigmntKwvAtJNNl6JafyU3BjAHUWu83NACUy7wptL0s8e4guI57njq6eeUGqe8A3ewsA1i1o3FIjLuWfZQJkDEUrSS3EMt5QVKWf8AsmUICUj6yiB2HNSN8P8A346Z7csNyHRncsb/AI5f2cgl3F+4yrc/JU4670+aiQlCVPJdC0q5JSeefUcV2R/XDwedLche1SwTFEZJkwcMqPFi2a5qQh7kqCkNzUojtHk+oHI9woMntEwhjYvtizTd3rqAzmmYx/Ohw5Z4kqQ4eqNHIPfzXnT5i0julCQTx0q46v4Rmm03VTVTUTdrn7irheBMdiQXne/92yyXZTw+BCFJQnjsA4sfCunXC1blPFp1HRclWtzB9JMaK/oS3kqLCXCk8EE8fSZK+wJSAhtPbt+P7dlG7K27BbnmO3Pcph18s/l3pcpufGiF0trCQ2olHYuNKCErQ431Ag8jkEGg53icaqWbV/djhG27KM0ZxjA8XkRnL7cXSfLZfkcKeePAPKkMdKUcjgKWrk8KPFrGBjEE4VYmsAlQZGNNW9hq0uwXkux1RUoCWy2tJIUnpA7g1VXvn1w8N/WnTzKc7wJce+6uXFmOzBkC23aC6F9aUl1ZW22wsobB+sTz29amr4a+KXvENmen0G/Pvrfmx5FyaQ76tMPyHHGkD3gBCgfv+HFBsTXbdLodtxt4k6qZ1Btk5+MuTDtaSXZsxKeR+DaSCrgqHSFK4Tz7+1QN8PHFcr3S7sM63wagQnEW2HIfjWFtaT0CStAabbQT2KY8UBB+KlpPqDWkM1z3b9n/AIhWp+Y7xJsxvD7E9Kt9vtXkTHFyXYpRHjsARxyhPSlx08lKSo9yeo8zX0T8SvY1aMLk2S23NvTmy2B9UW1Wdy0SC49HCQQ8lEdpaAVKKu3UVcjlXrQdN8X3c8dP9P4WgGJTC3fc2ZL96daVwpi0pUQGiR35eX1Dj8lC+frCvX4MOisbG9Ici1vuDANxzC4KtsFRH1IEU8KIP7d8uAj/ALFFRqs+l+U+JvuC1q1UscWUzY7ZaH2sZcmfgkfSUgIt8dSj2SpaULcWOSE9Xf1FbN2L+INge2fT0bcNx+PX3F52LTpLbM1NvW70JcdUtTb7KR5iVJWpQ5SlQI4+8I/+I7qo1rju0zK23HJY9tsensB6zWhDqVqEh+OnqcbSEgjrdkqWAo8DoSnk9qsW8JXNLTkmzTHcbhSEKmYncbnb5rQPtIU7MdlIJHwKZA4/cmtEag6h+DNneZy9Q8kebuF0uK3Zk36NbL+x9JkKIJKmktob5PtEk8Ak1jmvE520aF2p7EtoG3GS8h1YcfW4yIDToT6rUEeY64eOeCrj178UG2GdpGim1DWfUre5rzmkWRAXfpl5xqD5f61elLU6fZPd6R1rUhtKewA6jyT7FYO6TcvkO53W2ZqvfeqJb4zzcSzWxS+ow4CFqUhPwKieVLPvUv3irKnfEl2FbkMFRie4rHplqZWUuvQLtaH5zLTwBHWy9FStYI5ICglJ4NavXlvgo4U89e7Tjr+RyAvzG4aIN7fBHA7BEwoa7nnsT76CxLLLZatyO3O7Wiy3JtEHUXE3mI0pJ6ktiXGISrt69JWOfsqELbWkPhJaEzmDeYeU62ZnEPQG0cBShz0cJPtNxGlHnlXdxQPYeiMNE8YvTzELhase0527T4mnFr/uRx1L6I7rCPxQyyhJaT7z0qXyefd7+1ai7r/Ck3PsxLxrclbd1ZZDSFz7Fc2praPXyy/BQrlIJPA6yKCKfhayJupe+pOa5pNcud4XbrtfHpMg9S3ZbgCVOH5/hlH5VJ3xsdS71YdONP8AS+3LdahZVcJtwnrTyEuJhpZDbZPv5VI6uP2grCYtu98L3axP/R/b1p9dLzfHE/RjNiQZYdQwojzB51wUFgcDngDvwPStu534i3hy6j4zCn59ORkz9uV9MiWa4YlKfkMPceiVLa8gK7AE+bwePWgjh4Yu2OPgUZW8XW2ALdbIgREw2NLTw5LkyFBhEhCD3JWpYaZ96lL6h+Ka3x4y2pU/Ftt1jwKA6WV5tfmm5gB+vEioLykf/wAb6MfsSaiBr3v61I1n1KwjU2wadXS16O6YZPbbjFt7UdXkSZDDyXEfSXkjykuKSgpQ2OyRz6nk1L/UHfH4Zu5vDINk1xuzymWHPpTMC6WK5h+I8U8EoeiNqCTwSCUr4NBE2drRmuuumunfh/bQbbJetMe0MN5Rd/LU1+iEk8OS1knu1DS8txSiocr5SPQAKkJr3l1i8L7a3atE9JI0p/UDNGnFycl+gqQ0X+kJflBwjpK0j2WmuolAKVKHvV160eIlsi2rstYttU0YnXWDJkI/RW5JQ5EU6yD3UHJPU+6oD0SsJH2VtnM9/wD4b+4jA2ce1ovUn6CH2pptF2sFxW42+33SQuK2tPvI7L4IJB7Hig6/4LmFZTa9Ic71Fv7cpMTL76yILkgnmSIyFh18E/WBceUnq96m1fCtb6pZPYdV/GRwi3We7Q2mMPdiW2RJW+lCHJMRh+S40kkjqX5jnk9I5JUCK3djfiubJcbmRdPsfj3+zYvb44jxZ0exKbhspHYJSyg+cE8e/o5+VQq1jjbYtVt3+lNr2YGQt2+3uPMvV1Sq4pWuauWFkhE3hSChCFLJSkJ9r1PBoLw6V4SClISSTwOOT7680ClKUClKUClKUClKUClKUClKUClKUClKUClKUClKUClKUClKUClKUClKUClKUClKUHWtRNNsF1ZxSXg+o+MQr/Y53Hnw5aSUkg8pUCCFJUD6KSQR7jWt9NtlO1XSSYi5YJojj0Oa0rqbly0OT32z8UuSVOLT9xFbtpQaS1M2U7VtX57t2z7ROwTZ76up2ZFDsCQ6fit2MttavvJrB4h4emzLB5SZtj0DsLryDylVzek3IA/EJlOuD+SpE0oOqz9KdMLrjgw+5ad43JsY9La7a2FRh247NlPT/JWkL74a+yLIpyrjP0GtrLq1dRTAuk+E19zbD6EAfIJqTNKDWGmO2Lb9o10r0z0jxyxvpT0/S2ogclEfN9zqdP3qrC6ibMdrOqshybnGh+MzJbxKnJUZhUKQsn3qdjqbWfvNbppQac0Y2f7btvl2kX/SPSyBY7pJbLK5y5MmZIS2fVCHJLjikJPbkJIB4HPPFbXvFntWQWqXYr7bY1wt09lceVFktBxp9pQ4UhaVdlJIJBBrmUoNE4VsY2j6e3hd/wAW0Ixpqep3zkvS0OTfKXzzy2JC1hr5BAAFcjUfZNtT1YlLnZxofjkqW4eXJUNDlvfWf2zkVTa1fea3dSg0JiWw3Z9hMR6FY9v+KuNvoLbirkyu5OFJ9QHJSnFj7jWGY8ODZPGyFrJ2tBbV9MZdDyW1XCaqL1A8jmMXiyR+1KOPlUlKUHrjx2IrDcWKyhpllAbbbQkJShIHAAA7AAe6tGZnsX2mahZw/qNl+idln3+W550mR50hpuQ571uMNuJZcUfeVIJPv5re9KCMN38NDZJe74b9K0OhsvKX1qYh3SdFjE8/9S08ltI+SQB8q3CjQXRdGnaNJRpfjasObHs2VcBtUXn8vpI7r9/X9bnvzzXfaUEdrJ4emzHH74nIbboHYTMQvzEiU/JlMJVzzyGHnVNf+mpBIhQ24abe3EZTFS2GksBADYRxx09Ppxx249K99KDQmebD9oWpM1y5ZXoRjy5TpKnHrf51uW4o+pUYq2yo/M964GJeHjswwmWmdZdA7E88g8pNzflXJIPx6ZTrif5KkVSg6rL0q0xn45+k+bp5jb9i/wDu1y1sqjenH97Ken+StI3/AMNnZHks5dwuGg1tZdWeopgXOfBb+5uO+hA+4VJilBojGNie0HEID9ts23/E1syWy04qfGVPdKT6gOyFLWPuUKwcDw4Nk1tvf6YI+gdoXK6uvy5E+a/G5/7u48pnj5dHFSTpQdZkaZacysRGAScEsDuNJR5YtC7c0YYT8Az09A/NWi714a2yG/zlXCdoNbmnVq6imFdbhDa5+TbD6EAfIJ4qTVKDWmme2nQPRxATpppNjdid6egyWYaVyVJ+Cn3OpxX3qNdd1C2U7U9UpLk3NdDcZky3SVOSYjKoL6yfepyMptZ+81u2lBqDRbaRt128z5d20g0xg2K4TW/KemKkyJcgt889CXZDji0JJ9QkgHgc+lbQvthsuT2eZj2R2qLc7ZcGVMSokpoONPNqHBSpKuxBrn0oNGYnsb2j4Tc13jHtA8UblrWXA5KjKmeWrnnlsPqWG/sSBxVe3iMae4dqtu2wnbVorptjdlym6eS7er1Fhhlbin/qhzo4HQ00lTijx1HkDntwbfKql3mHPdo+/W17wU4HMyTELlGaS642Slttz6N9GdZLvSoNL6QFo6hweft4Cde3PavoztLwUQcTtMNM9iMXbxkkxtP0uWUp5cWtw/UbHBIQCEpHz5Jrt0E0vxLxGN7mqWqepNrlXbT+1ApjsolOxw8B0sQkeY0pK0jymlOEAgk+vqa5Wsu/TXHfZa3dvu2LR28WuJfkiPeJZkh59yOo+02txKUtxmT6LUpR6hyOwJBsF2c7Y7DtU0Yt+n8HyZN6lK/RC/3BHP8Adc5aQFdJPfy0BIQkduyeeOVHkOBiewLZzhUpE2x6A42t5rjoVcPOuHSR6ECStwc/P1rKah7KNqeqa0vZpodjUh9KUo8+G0uA8UgcAFyKptZAHuJrdtKDT+lu0LbRovKbuGm2jeP2qcyeW5zjS5ctH7l+Qpbg+5VYC7bB9n18zGTnl20IsEm8THS++pS3xHccJ5KjGDnkcknk+x399b/pQaRznZPtR1Gt8a2ZToVi62YbfkxzBjqt7jTfPPSlyKptYHJPbnisrpLtP256GPiZpZpJY7LNSOkTuhcmWB8PpD6lu8fLqrbNKDVGq21PbprdJVP1Q0isF7nLASqcplUeWQPQGQyUO8fLqrpGJeHXstwm5C62TQWzOyEkKT+icuXcm0kehDcp5xA/NUjqUHFttsttmgs2u0QI8KHGSEMx47SW220j3JSkAAfZXUtSdENINYYqYmqGm+P5MlCehtdwgocdbH7RzjrR/BIru9KCMkLw1NkMC7s3uPoPAVIYcDqUPXa4vRyQefaYXILSh+1KSPlUlYcOJbojFvgRWo0aM2lpllpAQhtCRwlKUjsAAAABXupQaP1G2SbV9Wc1VqJqBo3aLpkDpCn5YfkMfSFAcBTzbLiW3lcADlaVHgAV1PIPDT2TZJdxepuhsGM726mbfcpsKOrj/sWXkoH3Ac++pOUoOsad6Zaf6S4yxh2m2JW7HbNHJUiJBZCElR9VKPqtR96lEk+8113U/bdoPrOS5qhpTjuQSCno+lSYYTJSPgH0cOJ+5QrZNKCL0PwyNjcGYJzOhMZTgPUEvXy6Ot8/va5JSfs4rdWEaIaO6axfoeA6X4xYGinoUIFrZaKhxwepQTyrn38k8++u70oNG5/se2manSVzcw0Kxp6U6SpyRCbct7qyfepcVTalH7TXX8Z8OTZRiUxM+1aCWd91B6gLlNmXFvn97kvOIP5qklSg6sxpVplFx1eIxtPMbasjqelduRa2BGUPm309J/NWl8n8ObZTl05dwu2glnZeWeoi2zZlub5/e4zzaP5KkjSg0TiGxXaFg7DsewaAYooPILa13CMq4OFJHBHXKU4oA/I1hGvDl2UM379MaNArMZfV1+WqZMVF5/7sXvJ4+XRxUkaUHXY2nWAwsUOCRMKsbONlvyjaUQGhDKPyS109HH3Vo3I/Df2TZTOXcbnoLamXnD1EW64ToDfPybjPIQPuFSUpQanwTahtu00tr1pwvRbFIDElosPlcBMh15s+qXHXupxY/dKNdHyPw5tlOVXQ3i6aB2dqQVdRTb5syAyT+9RnkN/+mpIUoNGSNjW0STjicUd2+YcLenuCiD0SOeOOfpCSHufn1817NIdlO17QjJjmWluksC03sIUhuc9MlTXWUqHCvKMl1zyuRyCUcHgkehrd9KBSlKBSlKBSlKBSlKBSlKBSlKBSlKBSlKBSlKBSlKBSlKBSlKBSlKBSlKBSlKBSlKBSlKBSlKBSlKBSlKBSlKBSlKBSlKBSlKBSlKBSlKBSlKBSlKBSlKBSlKBSlKBSlKBSlKBX4eZZkNLYkNIdacSUrQtIUlQPqCD6ilKDj2u0WmxxE2+y2uJb4qSVJYisJabBPqQlIArl0pQKUpQKUpQKUpQKUpQKUpQKUpQKUpQKUpQKUpQKUpQKUpQKUpQKUpQKUpQKUpQKUpQKUpQKUpQKUpQKUpQKUpQKUpQKUpQKUpQf/9k=');
INSERT INTO `tbl_branch` (`branch_id`, `branch_name`, `receipt_header`, `receipt_footer`, `date_added`, `date_last_modified`, `file_upload`) VALUES
(3, 'SAN-REY ERSI DISTRIBUTION INC. - ILOILO', 'San-Rey ERSI Distribution - Bacolod \\n Magsaysay Ave, Bacolod, 6100 Negros Occidental', '', '2024-01-15 10:34:11', '2024-03-13 09:14:17', 'data:image/jpeg;base64,/9j/4AAQSkZJRgABAQAAAQABAAD/4gHYSUNDX1BST0ZJTEUAAQEAAAHIAAAAAAQwAABtbnRyUkdCIFhZWiAH4AABAAEAAAAAAABhY3NwAAAAAAAAAAAAAAAAAAAAAAAAAAAAAAAAAAAAAQAA9tYAAQAAAADTLQAAAAAAAAAAAAAAAAAAAAAAAAAAAAAAAAAAAAAAAAAAAAAAAAAAAAAAAAAAAAAAAAAAAAlkZXNjAAAA8AAAACRyWFlaAAABFAAAABRnWFlaAAABKAAAABRiWFlaAAABPAAAABR3dHB0AAABUAAAABRyVFJDAAABZAAAAChnVFJDAAABZAAAAChiVFJDAAABZAAAAChjcHJ0AAABjAAAADxtbHVjAAAAAAAAAAEAAAAMZW5VUwAAAAgAAAAcAHMAUgBHAEJYWVogAAAAAAAAb6IAADj1AAADkFhZWiAAAAAAAABimQAAt4UAABjaWFlaIAAAAAAAACSgAAAPhAAAts9YWVogAAAAAAAA9tYAAQAAAADTLXBhcmEAAAAAAAQAAAACZmYAAPKnAAANWQAAE9AAAApbAAAAAAAAAABtbHVjAAAAAAAAAAEAAAAMZW5VUwAAACAAAAAcAEcAbwBvAGcAbABlACAASQBuAGMALgAgADIAMAAxADb/2wBDAAMCAgICAgMCAgIDAwMDBAYEBAQEBAgGBgUGCQgKCgkICQkKDA8MCgsOCwkJDRENDg8QEBEQCgwSExIQEw8QEBD/2wBDAQMDAwQDBAgEBAgQCwkLEBAQEBAQEBAQEBAQEBAQEBAQEBAQEBAQEBAQEBAQEBAQEBAQEBAQEBAQEBAQEBAQEBD/wAARCAEIAkMDASIAAhEBAxEB/8QAHQABAAAHAQEAAAAAAAAAAAAAAAECAwUGBwgECf/EAFMQAAAFAwMCAwUEBgUHCAoDAAABAgMEBQYRBxIhCDETQVEJFCJhkTJxgaEVI0JSscEWJDNishcYJUNTctFzdHWCg5Ki8CY2N0ZUY2TC0uGTlPH/xAAcAQEAAgMBAQEAAAAAAAAAAAAAAQQCAwUGBwj/xAAwEQACAgIBBAECBAYDAQEAAAAAAQIDBBEhBRITMQYiQRQyUWEVI3GBkbEHFsEzQ//aAAwDAQACEQMRAD8A+qYAAAAAAAAAAAAAAAAAAAAAAAAAAAAAAAAAAAAAAAAAAAAAAAAAAAACVR9u/wCAAmASGo+PIxMRmZclgAMH6hg/UMkJVH2AE2D9RKpRJwJd2PUxKpeO3YB2v7FUzz5CAoKkpT5kQnbfNaTNOFfcG0T2NLbRXASIVu+LyE4EAAAAAAAAAAAAAAAAAAAAAAAAAAAAAAAAAAAAAAAAAAAAAAAAAAAAAAAAAAAAAAAAAAAAAAAAAAAAAAAAAAAAAAAAAAAAAAAAAAAAAAAAAAAAAAAAAASlkhges2qNH0isife1be2R4SOEl3ccPhKfqYzw1dhyT7R5xadEPDSZ7V1COk//AOQjGuyXZBtl7p2OsrJjV+p5ul3XzXTWq+qhW67biItkLaWUZxTRI2uFki2qxlZHj1GXdSvVyx09VOj0p+1n6uuqx3XScbkttEk2zTnv67yHO1rdZtA0b0Qtu0bYpyKxcKIRoW3whlo958rx945f1Y1jvnWestVm+akh52J4iY7TLZNtMoXjhP8A3S7+g5eR1CNdK7Xye96X8Psz8/V8O2tHV072nFUcL/RtgNN4/wBtLJX8CIY1M9pnqipX9UsqgtJ8vGcdM/yMce+GjOcciBq24IvtL4SWT5PuZ/TP0HL/AIrbPhH0BfA+lUx7pR2dXyvaOa2yiUTFKoUQ8YSaWlq5Pz5MWCb1+dRkleWq/To6CLBpTTmj59eSGlJtkzKHRmaxXlrp6aiS3KdEWkveZSOP1m0/sEZ8F5mNjaU9I+sOrKWp9OoSKVTXSR/W5mU5L1Sk+T+f4DbHIy7f1KmV0v450+pSvgk1/Quj/XN1GvJUs7vjI2J/1dOaTzkvkPXbfXn1DW9P9/m1eLVIhLw6zKiJJKu3HiJL4OBQ6jOlJ7p+tClVmdci6rMqE73M20sklJZacV3+9JDdPs9rGtO+rLvOn3VRYtSYTPZb8N5olFjw1eo20LJdzg2crqEvj8emvLqq2uP9mzdH/aD6cXo4zSryJVu1J5JfE5hUZR+eHPp39R1DRrlptdhon0iox5sdwsoeYVvQZeuSHKGo/s69Mbl8WTZUl+hSFkZk2g/EYMz7fCfbz7DRK9E+rzpqnHU7DqUirU1jk0RXzdQpBeRtHx9CHTjbbV+dcHz+/A6b1B92FPtf6M+nSFmrkjyQiTijyRDhTTT2h0enyEUPWS2JNEkkZNrkJbNJJV6qIy+7sOubL1Usu/oaJ9qXHCqLakEvay6RqLPqRC3C+M1s4V/TrsZva2v1M0So/URI8Cg04bmVEWC4xnv+JCq2Z5MbFqS2ijp8lUAAAAAAAAAAAAAAAAAAAAAAAAAAAAAAAAAAAAAAAAAAAAAAAAAAAAAAAAAAAAAAAAAAAAAAAAAAAAAAAAAAAAAAAAAAAAAAAAAAAAAABKpWMCYUns8bQBTcNz9lWPIcW+0nvWlQrBpdmLfQqo1SWh9toj5JtsyM8/kOhtZtcrJ0XpLFQu6c6hcszajRo7RrfdXg8mSfQiHzT12vaR1FasP3bSodZK30NtxYDiaY66skEXPwF55HPzbtQ7YnrPiWA5Z8L7fyo0WaUGZ/DhWcnj7zP+YmL4exYL5cDdVB0asxUY1VODqRMdb4cOPQPAT9XP5DK6dprotD2pqGmmpcxXnubSg//AohwPwUnzNn3CXyOimTjVBvZzQaleRZIbd6bdNod+XfLrFeZUdBtWIurTlY4c2F+ra/E+fw9BsVyh9KtMUZ3Dpbf0NkizuUtzHHrhwdTdL9q9PdcsC5pOmFBrEKlVV0qfUCqi17nDQkywk1mZl9s/yFnDw492zyvyX5bbXjeONbTf3MV6fOml2+q+/rrrBAS/InOE7R6S6j9VDj92so7cEZfQdhwYESI2bLDKEoR8KSSRERfd6DGEai2FCnroCLjpTcqMRMrinKbSpvHljPzGT0uZBqDanoDyHms/abWSiz+A9BVXCHCPjuffl3/Xb6Zxt7Tj9XpraqUc4rvn/yDo8HsyiI7Xu/P/xsf/CsXn2mMdD2ltBeUnKmayhZH6fqnC/mLN7MtvxrSvNveZGc2Pgy8v1a8Dl3TlXkbr9nrKNL41J/uv8AZ254jLivgWhZdj5EzjaHVEtxCT4wMAl2bdEGU7JpVYM9687F8kDdwX5ScFOo6JaP3m+44n/Y7a7HXlVtL+h4xYyX1QZWvzQ/THUaOuPdVpQJqnUmRqUyRL57/EQ5quPoJkWzMcrehd/1K25KFeI1GccNTW4uxZ8x1DD1GpLpkzUWnYjnmlxvj6jIIdYplQT/AFaW06R/uqI/yHXxer4OUuHp/wCC1DKyqF272jkWja79TuiW2BrPpsq46QxwdWo5eI7sLzNBEN96adRmmOqLKf6OXNGRLXglQZSiYloWfl4a+/YxsZ6LEkfC8yhaT7pMu41df3TPpLfTp1GTbDdOqPJlPpyjjSEL9SUgyMdOuelxLaZrndRe9OOmbbZk+Nn48EXkZYMV0kfmeRz1TLD170rbJq0Lyi3hSWfiTT62RtyNno2+Xn/vZ8hmlv6209byabetGnWnUVfATVST+oWv+48ktii+gtQ/KVLK1HlM2oA8MWamYyUiNJadbWWUqQe5Ki9SMh6m1KVkj5P18hJrKgAAAAAAAAAAAAAAAAAAAAAAAAAAAAAAAAAAAAAAAAAAAAAAAAAAAAAAAAAAAAAAAAAAAAAAAAAAAAAAAAAAAAAAAAAAACVR48xMKDy1pxtMi+8wBPuz5ixXZdNKtCgTLirM1MaFAaW886ouEkXIuD1SYZTl5aUEX7R9ho/qvu+31aGXhARV4vvD1Lebba8dvcozLyLI023KqLL2BhTy7o19r02jkzqT1ysm+NU1XNalfi1aFS7XntRVJbMyZluJMknz3PJJGEajXlc+k+lem1qWjW5VKqM2lO1CpOR3NqnPEcI2jWf+7kc+U1olSY0Q0bEvqbQ5uWW0iJzk+PuGzupS4qTXtSlQ6DIRJptFp8OlR3m1maTS03jb9/Jjzl+V5YSZ9swugV4eRVRHmOuf8GF1DUS96ypS6jd1VkKPua5S8/xFuOuVtX2qxNM/+cq/4jw4SX2UgOb5rP1PdV4OLVHUUuD0SKtVXG9j1VlrSs+SU8s88H8x350wpXaPS/Sp7O5l2vXVGyos/ETstto/yIx8+1Eg088kWf4H/MfQKNKcsjp/0NpB/qmqjcVNVIJWe3iKdyZ/eRGOv02L75Sk+D5/8+Vboqrq9s1t1fdL1wWTNuPXJm5mlRpkxtRx22jbW2lw0kXOfXHYdJ+z2nTZ2hiHp8t190qg+3udcNR4LGCyY8fXlV6ZL6da1DblteK6/ENCUmWPheQfBEfyFX2duxehPjN8Jcqso/8ACOrX/wDRaZ87yZSs6Pu2OnssPtKlY0mpH/SrZf8AgULJ7MVX/oteSlH9ubG7f7qxe/aV/wDsmpH/AEs3/hUMf9mUS12neSUKwr3yP/hWK05+K/u1su1JP41L+q/2dwmpPqZ+XcMIURp7kNavxtRYD7j0ZSXWzcMyTt8vIVWb6uWnGSKlbjuPNTfI4UvkuOrXDIqa/seM8HHDM5lUemzEmiRDbWR99yBZJFh0R/K4iHIrhdlMumkeeHqdQpB7JSZEZRf7RvAv0Sv0mZ8TFSZVu7EThcjfC7pGZ6aTf9iP5y/oWZug3PS+IFbS8j9yQnJ/XA9DNVr8M/8ASNG8Qu3iR15/IZGl5Did2dxehdhBKGjM1Fz92SF6rDrjzRYYd79NFri1ymyFGk0Gy55k6nH5j0PU+k1RtSJTMeQ2o8LQoiUlQ9bkWM6kycZQovmQ86qPC/1aFt85+A8Do1+eviXKILLGsem0Z5L1tvO0wiPltCjNnHoSM4IZNFS6SD8YyNXyFFtt5B7VO7yEzkpEd1lkzwp8zSn5mRZ/gRi7BtrlGD9HsASNmZp55PInGRiAAAAAAAAAAAAAAAAAAAAAAAAAAAAAAAAAAAAAAAAAAAAAAAAAAAAAAAAAAAAAAAAAAAAAAAAAAAAAAAAAAAAAAAASDBdarwnWFpjcV4UxknZNHpz8ttB45UhOSGd/Ian6pT26CXyfY/0DMLP/AGZjXZxF6N+Mu+6KPnrUK51Oa2UNzUCsX6zRrflOL8Jcio+7NILJ4LCC5GCPQLYhR9lc1KplWkGWJBKTJfT8yI8/wGV3gtxPSLYDJLUaXa+60ZZ748QyL8iGCVSyYcO/rmoKIW2LSKVLlEguyXERPFL8zHncmc5S0mfa+g4uN4/I0loqSqtpypKfe7ToU6Ohz4kx5UqM+ec8lzjzMbM0e0F0v6kptUpljTK3bFThteOtmQZSWjyZFnOM+Xn6jRLdFZKw37hNGVorceIhfns8F1Rl9ST9B1R7NFknb/uhGCLfS0Gfz/XJEY0FOaqki98hybMXCnlYtmpLRfEezLqO1CF6kka/2yKHx3PzCr+zpt+hR0yKxqhLjpL7Sig5L+Bj6CJbSXHl+QLZZeTsebQtJfsqLJDs/wAPpa9Hyj/ufVPTtPmRV+mrplt5w2q/r5LirLgyVFx/9n8xn2r1d6btU7NtTT2na5x4DVrKbJh447nxrQjCFn8PkWR3HULOtappUmZb1PfJfffGSf8AIY+vRHSp5/x3bCoil/OI3/wGX4KEFqJrv6/blyjK6TbX7nzr/wA223bobbj0/qoo82Gte/wpylYPB+RGsh2V0mWtStItOv6FTL5t+rvtzXXidhyk4NK8YyWT9Bs1rRPSllfiIsGh5IsF/UkcfkLzGsSzoLiVxbapzKkKyRtsEk/yGVWN433FXN6vPLq8H2OWfaUuIc0ipC0KyX6Ya5LkvsKFi9mL/wCq14c4/rsf/CsZR7SCIwWi0d0kEXu1RaW3jjB4Mv5mMS9mYTirUvIm8bvfY/8AhWKE7PFf3a2eho5+OT/qv9ncu1JlnKcil4LTmfESSvwGAvf5Rokh1TRNut7/AIU7C7CLd3XjC+GdbC3C/ebMcCXXqbLXC2h8fseP8D9xkZnKodMlJNLsNpRfNBC1P2Dbr32YxtK8lMqNJl9BbGdRkcpm0eeyfr4eSFwi39QX1bffDaPzJxJl+Y2fiul5L3KGv7DVyWtlI7NqENxJ0y4pjPolS/EL8x6W03jD48eLLLz3FsP8BdY1epUsiNmdHdx6OFn6D2JcJRkrdkvUxeqxsaf1U2aNbcvuizt1uqNKJE2kvf77Jbi/EetuuQlqNJveGvyS4k0/mPeSUqPKiI/mI+7tqPcskmOnRVbV7lsxZKy94mPjQfptPJCwXPM90rtsoUrCX57jX35jufzGQpjsIxsQSf8Ad4GtNYas9Sq9p94aySmTcjbKvmRtucC7Bz1yYrlmz2VbiMzFRPYUI3Yy+f8AMxWSNqMJfmJgABJAAAAAAAAAAAAAAAAAAAAAAAAAAAAAAAAAAAAAAAAAAAAAAAAAAAAAAAAAAAAAAAAAAAAAAAAAAAAAAAAAASKUZKIhOPPIcUhSVJTkPYPFWKrFo0ddQny2o0dotzjjqySlJF6mY486mOsvR+p2Lcun1GqztUnVGBIhJXFTlslmg/PzGZdfFdjxdGX6UuroiSJsuO2SUyCaWbZuESzIj78H+Y5lvrpw6d7f08q9xUHUkpFVh01yTGilOaP9b4fBY+8c/Jt19Oz1nQOmVTcbr4tpv7GHXQlX+arppHSk939JTJW7uZmh0X+uW+y9rxrFDfQaWotuyTLHlvhMJP8AxGLa6qBVOn3S2lKW34xXZvfbNfxEjLhZPnjgxspaqA91D60SXpbDkabazimVbywpZtMFtLnv8Jij/L97PZRtsxZShGD7df8ApzudH3dNaaoSf/e9BLX64jHn81DePs2pDcG9rlemOJSkqUjcrtj9YR/cRDWRMxFdHzqXH0tyXbsdkpZyW7YbaCLj7iGDaMzKy9e1Os6FX5lNhXRKj0+oLiL2r8Bau2fw8hXjONdyaOjLHl1DpdsWmt/5Povrb1t6b6XlIpVKllXK0ySy92ifEltfopWe/wB3zHMZ+0n1bTKcdK1bfJlastNOqcJSS9MkY2gfQHoy8hclV5VhT6ty1qVIaPOfXzHFOsVm0mwNSq5aNGkrlwqe8TbTi+TMjQR98jfl5dsI9y4OV8X6N0rNbosg5SOnYvtN76aSg5lhUlfOHDbkOEX4ZG9tPup7WfUSlNV6gaIsz6a//ZSGaw0kj9c5I/5D5cpTt5JaiLtjIzuy9a9UtPaZ+h7RvGoU6ER7/BbUe3P3CrjdUl/+jOz1v4DjuqLwY/Uz6sUnUbWeZhMnRhmOWSybtebL+DRjM6PWrwmLNNVtGPAxj7FSJ/P/AIE4HyjjdYfUHExi/Xl4/wBo0hQujfXN1FM4JN2wzP1XTmj/AJDqV9Wq9M8hb/x51PW1o649o0s3ND960ESinsGaSUXqNe+zgvC1rZoF2Rq7XIUFciYybaJDxNmrhecZPnyHMepvVDqrqzbh2ve1SjS4q3Sc+CK2yeS7HlGBqlKtrhrQrnOfhP7J/gKGRnRjepxPU9P+G5FnSXhXPTf/AIz7nRbutuoES4FYhPpLubbyVfzHuaqMJ4+ZLePTJf8AEx8L2KxVouPdqxOZx/s5Ck/wMXan6jX5S1b6deNYYP8AuS1F/MZ/xCqceYo5Fv8Axhkx5hYfb3/R6jPcTZl9woOUmjSs+NHZUR/3f/0PjXD6iNb4OPdtT7gSkv2ffF4GT03rH6haXhLd9Ovf84Zbc/jkY+XAkvrgv8FCf/HvU4emfWE7PtpRnimNoV+8gtp/kIf0Pgtl/VpM1o/7spX/ABHzAp/X71CwXCOXVaZNT6LgJT/gwMpg+0l1bjpT75a1CkF5q3uJP+Iy105LceCjb8F6xHlrZ9HGaNVY3DNbdNP7rjRGPUz+mGfhWtpz59hwFS/aZ19OE1XT2O6f/wBPJ2/xyMkp/tOKA6e2oadVNBeZtyEOfyG6qWNv6JNFCz4t1Wvh17O4W3ZCuHUII/7o0l1L1I4NW0tPxCI3b2iN/h4bg1pT/aRaQvY9/o9cjK89sYnC/IYVq/1O2FrZcmmdNsZc1U2n3dEmqbfj+H8BJURn3+Y6X4qpLtT2VP4Dn0v+ZW0kd5sZJPf1/iYrpPuLbT5aZMcnELRjGT5zjP8A5MXBrdg9wse0mjh2RcZtP7FUAASYAAAAAAAAAAAAAAAAAAAAAAAAAAAAAAAAAAAAAAAAAAAAAAAAAAAAAAAAAAAAAAAAAAAAAAAAAAAAAAAAAQPsKEjYW018j0Ci8kslxkNteiGfPX2lVNlyLmsRWSTHme9xFqcP4CWtxk0mf3YMcs6uaSHpPOp8Fy4oVX/SkXx1qjmRmkyMjMlffngfSzq46d5mvdtUyn0qsMU6ZTJXvJOOt7iUWCyn5dh80NaNL7r0hvJVq3dMRLleCiQ28lwzI0LPgiM/Qef6jCyKdh9e+DZVNvZTvnngwg5Ena0j3p1LbCvEbQSz2pPHciFRM2clxx4p8jxXSw454p7lF6GeeSHmJSj7p7CK+EmoloSRd8mXJZHD8k9n1uzHof1TimVEyH22fdkSHEsZz4RLPbnGM4EiXXY6mpDby0OsGS23ErMlJMjyRkYlcNRKUpCTNOTxwsvIvkIETis/AZ/X/wDEbO25/UkVnLDUHCpxX9WbTh6f3NK0jkaqL1HdQUd42TglLXvURGXz7jWUh5+VIdkynlvuur3rWszUZ8epgl6Y3FVD94dRFccybJuGTWT78GWMint2qV5c5NPoNlt0rdKTKfR8SunvnBrf7EQEFbv2UmeCyZF3x6jb+lnS1qtrDbZ3VaLFOTB95cjZmP8AhmZoxz+ORpqx55G1AtZfUcXptPlypaTNQh8P7o2Zq9076kaIxYMy9o8LwprhttqiPbyyXcj4+ZDWSdxfCvvjuMZUzx3po2dP6hR1CpWY8toj24LsHwF9lBF9xYHtoNHn3JXIFv0htDsyoPlGabUfcz8xtHU3pU1a0itZV3XcxTVU5JobU5GdNSyNZ9zL5DOrHtti56NeV1nBxLo49svqZqEAyR7vLB4+mASl1xxDLSMqcUSEfByZmsiIvzGEIuT7NFzzQhCU7HpLkAOt6H7Oi/a3R4dWbvSEwcplD6mXIq8tksiMi7+Q1Jr/ANOFydP8iklXKq1UWKr4yCcZZNJNLRtwR59d/wCQtWYNqXdo4uL8s6dmXfhoy5NRnyBeYglW5BKxzjB/fnkXO3KDPuitQ6BSmt8qY6TTZepnnj8P5Cn45OXajuzuhTDyN8FtEDSk/IV5cV6HKegSW9j8R1bLpZ53lwovwPIoif5lb00TWlZWrFJaHl2wnHfPn6DcHS9ZNm3lqeyxfdYRTadBirfJaZpxTN0jIiMnMkf5jT+4kuEpWDT55+8dwdBmg2nuo1kVG5b5tCDVFlOWwwuQ3uLwy8v4C706qdtqZ5H5nmU4XTm0+Wdd6faf2DSWGXrTuepTmiSW1X6dckkfyP4jyNmxlGZL9CwMTtvSPTqz9i7ZtKnwFI7Gy3twMxaSlJHgx69fSkj852vyS79lYAASYAAAAAAAAAAAAAAAAAAAAAAAAAAAAAAAAAAAAAAAAAAAAAAAAAAAAAAAAAAAAAAAAAAAAAAAAAAAAAAAAABKaEq+0QmAAUDjtKP4k5Icx9Y/TBL1uo8CpWkpli4KbvS2pzhK2jxkj+hfUdQlg+RTcbQ5jKRqtqjbHtn6LeBnXdNuV1D00fJH/MX6hW1qZXQacrb2UmXjP1GX6adAOqs+7IDt9MwoNFYdQ5J2P71OEXkREPp4TLSfsIIvwEPBL7W3nORRXS6lLuXo9Rk/OupX1+KT/uYTR9IdPIEBqI3aVMMm0EjK4qN2C8+w9ZaW6ekrCrQpX/8AUb/4DLSSSTNXmfcTKSR4PsL1dVcVrR5f+I5E225v/JobXzphs3U6xZdAolIg02oGRuRZDbJJJLheuBwlM6DeoWI+qO3R6ZISg+Hvecby9R9YXEbu6cl6CCG2jL7HnnnkVrenVW86O70v5Z1DpcHGt7X7nynofQRr5VqkxDqMCnU+K6oiefTIypJZ5wQ+kekWmdH0rsen2bSkoNqE0SVrL/WO4+Iz+8Zx4LBc7CI+3AghtKfhJPA34+JXjrUSr1j5Hm9Z1G9/Sas1/wBEaJrdZL1qT3Fx3iPxo0lJf2TqO2fUcXK9mvfniGj+ntPUWcEv3RR5+hj6T7U5I8ciRbaVKztzn5jG3Ert9mPTPkOd0uPZRLg4z6duhFWl99MXteNwN1l2nluhMMsG2lDh/tqyY6b1M09ompFn1Cz600hyLUWTaPJZNC8ZIyGZJaR+5gSqZRkjIuw2VY9da7CtmdXy829ZNktyR84p3s0rybkL/R9/QlRsmbanYqzPbnguDGV6TezwlWzelPuO97siVCFTnkSERWY5o3uIPJbsjvRtKEowlGMdhFDZKPctPJFghqWFVCXckdO35Z1K6rxTm9f1PLBhttNbElgk9vkNV9SOg9H10s0rfmS/cZTLhPRJSU58JwvUvMbi2ERcCi60hSkGpJZQeSFlwjJaZwKsmyi7z1PUj5uH7NS/G8s/0/p6izklnEWZq+hkNvdO3Qu3pXc67vu6uMViZHRtgNsMG2lszIyUpWT5MsjsU0IUnB8n8zFFbCN32McYFaGDV5O/R3cn5d1LIq8M58HDuq3s63buvipXPaV8x6ZFqDpvORnohu7XTPKjIyMu5jFI/szbkUlXiamwlH5baev/AIj6Ipba288l6CPhN8b0Zx6DGzArsYp+YdUx6/HC36T52t+zGuxTnx6n08myPn/R6s4/7w7S0M0loujtkR7OpL3jJYPxXXfJbiu5l8uBn+wvv+QnjtpbI9o21YteOuEU+odfzOqw7L57RWS2SewmJJJ7EIgN5xwAAAAAAAAAAAAAAAAAAAAAAAAAAAAAAAAAAAAAAAAAAAAAAAAAAAAAAAAAAAAAAAAAAAAAAAAAAAAAAAAAAAAAAAAJVJSruJgAEuwg2EIl8wPggH7ENiP3RA20mJxKozLHAjQIeGQiZYBKs54BXkJHogafUQNORTceJCiRn4jLOMZ7Cj758W0jyeM4wfP4gT43M9ZJ9ANtB/8A+ijHdNxJmo8KxnHoK6fMCGtcDakNpegiRc5EQI9eiQm0kRiO0w2/MUnHjbUksl5mZH3AlL7IqEWRE0kruQ85yUn2Vg/QhOh3dkyPj/z8hG0yex62yfwUZzgQVHQrG7PHzEUKNWTPt9wnPtwJI/YkJlBeQj4ZCcABLsR+6BJJPYhMAAAAAAAAAAAAAAAAAAAAAAAAAAAAAAAAAAAAAAAAAAAAAAAAAAAAAAAAAAAAAAAAAAAAAAAAAAAAAAACms17i2+gqCRfcvUAUt7pcmae4lOSlJ/E5x/uGQ1b1Ca1QdE7Geud6MUuY64UWBEzjx5K+Eo/iNeUbRTVfUaE3cOpertwU6VLy5+jKKso7UYjPJIMy7mRYGPet9pYhivtUpPg6TVMSWP1mSVnB7TMhUYd8X4iUSiwWDx37jjC6NPdW9C9SLTuml6hXJc9qv1FuJOgzJJuqaJZkWcefn3HZUBe5CjzxnjjywR/zGRjbVGv0z2iVStuBMKbvcgNJ4KrU0U2C7UXnEIajtrdcNXYiJJmNVdPnUXRddolZfpqUsPUec5FdZNXJkSjJKi+R4MePq1vKRamkFSYpzy01GtqRSoaUlkzddPHH3FkcW2O3WejnqQplKqUhz9A3Cw02t5X2Xd/2z58yP8AiK1tjhJHc6f02GVjTk39f2R9PkmtST3H58fyFVOeSPuPDS5jNQitSWHPEbdbS6hRdjI+SHuI+5izvaOJKLg+1/YpuLWRpSg+/wAsjROvlQ16tyFPu7Ty86XHp9Nh+KumvUxLq3FoIzcPcfPp5jfBtoPBqLsMX1KgtT7LrUdxBLJ2C+nafn8BjXbvtejdidiuj5FtbOZOknrRe1VkHZ2pMmPCuRSssLS2Tbb5Hngi+WC+o67YeW4Rqc+FSTwZY/MfJindPlw1LRCi616bKllVoDj7spDJmSzWh0+U/JODzgdedH/VdH1WpCLOuuV4FzwmybUlZEnxyLPJfMsFn7xWqyHvtmek6x0iqW78B7SXKOgNSbVqF6UM6VBumqUFed3vNPWSXM+mRx/YNL1kuzqFuPSS7dYbp/QluxPekuMyfBW6gzTjJl95judv9Y1lXxJWXOe5cdjHL1ioTG64b2ZWXwSLTYdx6n4zZZ+gsTXppnDwZN1SUlydM25S00WkRqUmbIllHbS2T0h03XVEXbcYu6fMxSab27j3GrJ55MVC7H6DZ9kc/lvknAAEkkC7DHr1ojlw0SRSWarMpq3kYKTDc2ut8l2GQkfkKEhO7byZY+YExfa9nzp1G1B1+0010pui9K1cqEqFU1RzYlSmm3XUIdNXHP3De1yWL1RWvT3K9ZGsJVqcy34p0+oQW9ruMZIjxwNGdQzKJXXhY7ewl4XSyPPp4jg+gqkbIpqSajzu4+ZkK9fO0mek6hKFVVOoLlHN3Tf1evapXDL06vyjFQbsgLWhccuUvbODx+X1HTzLil5PywQ+bjtDXJ9oM1HtTc2UeW3Kl+EX7BI/Wln7zL6D6QxCWRGSy/ZI/wCIyql7TOf1TFrolGVf3R6TGHal1e/6NQfedO6PTqlUt/8AYznzabNHnyRdxmP7I8VSShTBkryI8Da+EcytKU0mcf0nryuBy95GndV0kqL1ww3VtvR4DxOJ+HzLJZGWzOtZqjqJFe0bvuIeOTKn+IRfQaC0Mhs17rqumahtCihHIyrHmSkl/MfQORBY+BDiCUk/7hHkhVq7rN8nb6nXjYc4rt+xoKw+unS2/bzgWFBh1uJVZz3gttyomwyMyPuXlgdGsOu71JW4hW0i8ufMaprWgFkTNSaBqTEgNwqjRXHXVe7tkgniNGPi9edo2owg0pPcWFJ4Ufrx/wDsbqm9PZysrxbXh+5Tq1XiUeE7UahMaixWEGpx55ZIQj7zMWem37bNZQl6kXBAmtLL4XI77a05L8fvFzrVFptepr1Mq8NuXHkJ2OMullKi+ZD5m9Wej8bQrUej3NRDnxbLq0kveokWS42mPyRKLg+M7vyEWWuC3os9PwoZk3By0fTuNLckpNaSLw+DSovP+IquOqSafjIkmR9yzkYHozDteHYVKK0TWdOdjNutGp83lnkvNRmZjBerG6K3Y9jHelDv9y35NOQsmmExm3imumZbW8KyeeD7eozjL6e5lf8ADvz+E3uiQW7aaiMxUSZqyOX+neu9VF5R6Nc2o79Bp9MlJ8RyGUQykG2ZcHku2R06wtSyUZlgZ77ltGF9XilrZXAAA0gAAAAAAAAAAAAAAAAAAAAAAAAAAAAAAAAAAAAAAAAAAAAAAAAAAAAAAAAAAQV2FNw+yhUPsKT2SUReWDEr2RL0che0StOvVfTGm3BR2HHkW/U26jIS2jcaW0Fy5j5D09M/WdYt/UKFb121KPSbjabbaUh49rb54MicQfzIh1DVqbBrEF2n1KK3JjyEG242oskpB9yP5DhXXj2fjqp0i5NHpngOuKW/+jXjwSVmZHhtXci+WcCpkQnGXkj9j0vSrcLNpeLlfTL9TumKuDUkIcPwXknhxJpwpG7n4iMXJrYRqJI+U+n/AFFa99MlfboGoMGov0plSG3Ys0jVwRkRGy56Fk8/gPpXpdqPQdULWjXZbsonoslJK4MsoPHKD+7Izou8q/cpdT6RZg6mnuP6mZl5ChIUtONnzFcvIWyvT2aXT3Z8lfhsx0KccWfBEREZjd3dvJyYR75JHN2o0j/Kf1PWXp2le+nWky5cVRSR8G5wTKfwyoebrs0eRqJpcuv0aMaqxbZ++RiSn4nGywakFj7vyGr9I6b1CagXVd2semkuhRYtxzzhsyqg0brhR46zIvD8sHkbTnaW9WlwRzh1vWqgoZcLw3GWaKgsJwfGcCvJu1Pg71LjiZEZKXo9nQ5rYepmljdFqMpK61bWIMpKuDPGdqvpx+A6ZZPJqyeR8v7TZuTo36lYNNuGorkUWtkSXpZM+E09vPBmReqTURfiPppRpLM6I3OjveI28klpUXYyPkTjzbTTNfXMNU3K+n8ki4mLLdccn6HOLz91dx/3Re/Mha7iSZ0iWlPdTKy/IbpejkUtqa0c19A7aJmgpU6QROIYqkxk0q5LZuyZfUzGk+rTpprWmdxf5cNHveIqI7qJMuLDySmFkeTcIi/Y9S7DdPQCrbphXYXb3W557SS+RbMEOlKnTIdShrhy46Hm3W1NqbUWSUky5Iy9BXlV3R4OxDOngZb/AEftHP8A0o9T1I1st1NLrElqLc0BtBSY6lF+uQfHiI+gtdHShjrkqhNqymXZjXPmf64z/wDsSOeupTp9u7p2vJGs+kHjopvjm9IZZyo4/njH7hn5eWBlPTfrHG1k6nadeLbamJL9poiSkfs+IhZmZl95mf0GmM5J9rOlPBhOE8rHf0tf4PoA0pXxJPyMeaoTHIcdchDa3CbQpw0Np3GrBdiHobzyo/PBn+Yi4y27jxEZx2HQj6PIx49nOE7q+mxZz0VGi19OpYcNvxEQPhcwfchkmmvUjL1CumPa6tLrso5PpUr3ydE2sox5GY3N7kx5NoIvuFRMVn9zseRhp9xvssra0kVGTWtOXNuf7vYSylKJpW3vgVEpQ2WElgUpH2du7HBjL7GpcyPmx1Azq/8A58NIkW3SkVWpQDhqjRFOeGSthKMsn942TrH1ca36b0JuJcWkhW65Ny03UHpHjsJzgjPjsZfMYdU3iqftFUtunuRGeaaIi8sRyP8AiZ/Udha46U0XVnTqpWfUYzalyGT92UovsOlnB5/AUau7tn2nr866qDohauNIwDpU0bteg0l/U5+tFcVxXSkpkmqfspSss+G2XlgdGMoJO76D5/8ARJq5WNO7xqPT3fr62nmZTjdPddPjxCM8oyfkou33Dv2O4a9yjPOTL8DxyQ3YzU4qX3OD1WmdV/Pp+j047i21lWyG6vtsbUf5C5eZiy3Y8UWgzZJ8E3HcP/wmN8uVyUKVuyKX6o+Y+g87Vj/OGvu4dK6RSapP8eYTjc900pPLhYwZduw6ZufWzqqtC35VZr+jFIW1BYN1x6HPNaUJLGTMj79zGtPZyxzrF26gV+R8RvOtGr5m4bhn/Ad21OgUuuU2RSqnFS/FktracQfY0GWDL6CrjL6ZaZ6XrmVXXkqDj9kYB081C6bj0poVw3tMKVVarGKe7tQSUoQ6ZmlBEXHBYG0m2y5HholDplu0yLRqPFRGhwmER2W0/soQWEl+BC4kRF5i1BaXJ5iyXdLaRBTSVYz5dhqbqS0lg6taZVW23o29/wAA3Yyv3XC7DbWOw80tJqJKN2Czk/mJa7kZUWuixTj7OF+h/W9Nq27X9LtQqj7nKs7xHt0jj+roMycMs9z7cfMZvZlt1rql1CRqle8NUexqI+tu36W4WDmLyRnJcLzL4SxnjkaB1Lsig3N10s2jBY2Qpb8dVUaacMvG+A1OIPHkeS4H0hoVHp1FpzFKpUZuNGjNIbbbaTtIiLPBCvRPbcWeh6xGrFcLYe5pHog06PHbJDbW1KeyS4Ie5KCJRqSQmTghMLPo85Obm9sAAAYgAAAAAAAAAAAAAAAAAAAAAAAAAAAAAAAAAAAAAAAAAAAAAAAAAAAAAAAAAABSWnKk8iqJFp3GQAwPV+95mmdiVO86fR11RVMb8ZyMlXJt5+I/wFysm7aPfVvwbnpL7bsSoRmpLS0n23kRmk/mQ991UlitUmTSZKCW1MZWwolHksLLA4xsHTLq+0GqlQpVjJolftZ2Wt6NDnSTy2jcZkSVdyLk+w1ynIuVUQtg23ydG68aRWTqZasuNcNNZN1phxTUr7Kmjx33eg0f7NSPUImnFwRVuLcgMVdbUVauN2N24y+XYZLU7P6qdYIarevSp29ZNEk5RKTR3VvSXmz/AGSWvOw/ux3G89LNOrc0vtWJaVrxlMw4DaW/j+2tXmtR+ZmMFDUk0i3PLccR48nsy95xxHKeeO2ORzd1x6tN6f6N1ODEmJTUK2XuDLaVJNREsyJZ4z5Ef5jpJ5slJ7cjS1wdJuj90XK/dNyUKXVZb7viGibOdeZSec/C2Z4L8Bsmm1pFHGlCE05E3TGm3qRo7Z1BokuIakUpp5SEOpUs1rLK8pI85yZjbazXg9+TPjG0j7+ncYZY+humuns0qja9sRIL5EaUKRn4SxjBZGeGy2avwCCetGGTOM57Rwv7QR6x7yoTFKo09Mu8KHLQTUaKwtx1sl4PBmRfIuwyjpG6ja0q2KVp7qFadyR6uyaIsd5VMcNpxvGCM1eXl39R1Y9aduyJaqk9Roa5a+VPqZI3D/63ce+PToTGfCjp+hDCNTjLZes6n5cSOM16PQ24tSjJZp/Aa21mvW67XpyYVq2HV7ilVCO+ltUMmybYXwReJvMvX8jGyyQlPbgU3mm1ltV2PuQ262c6FnjkpaOJOlctetGo1WoVzaNVGVHrdXXObejymUlHNwz8Q3Mn8k9vQx2tHV4raFuZSrBGfPYzLsI+6sF8SUFnGBVQ0SVKV2yIUGjbkZP4ibbWi1XFQ6dXqa7TKpETKivoNDray3EaT+Q5O006Uqro/wBSrN324yS7Smx5anD3cx8oySPxPH0+Y7IU2lSiNQpqiMqSaFJyR9yDtTe9GVGbdj1ulPhkWfiTlXJ4L7xXJKcdhTSRF9kVC7jIq72R2p9AwQiAAh3IYVqVVr7pdKZfsK3oVWnG5tWzKkmykkeucDNhRdaSpRGBlCSjLbPnpF0A6noGvKtdZdu0KZKcm+O7Cj1AiPwtpIIk5TjsQ7dserXDclCTULstdygS9xtnEXJS8ZI8jyRYGUEwjxCPYjjguBOTaUqPaZkXbvwMKqlVv9y5lZ8sxJSX5fRxN1e9Lt43BdFP1V0hY/07EcJyQwl3aby0KI0mX3ESvqN2aF6k6v1hhiiao6UVSiyWmSN2peK0bCzL1IuSG7FtIUkjWnkQbYa54/8AJDGNXZLa9C7PlfSozWyHjuFwak5xkvmNG9Qmu1Bs+2K7b7BTXq8cFZMR2oDriTWssfa2kRje5tNKUSjRyXYeOZTYUhSfGgtunjBKUkjMhNsHKOkace2FVqnJej5u9D2rdn6H/wBJYupkiVRHKw5EcZ8eI6RbEE7kzPHH20jr1XWJ0+oZN5GplKUnONpEvd9DIbWftO3ZhKRLokGQgywaXWEqz9SGGVnpz0WuB03KrpvQ3TznmIgv4DTj1uCZ0MvNxs+922RaMQ0o6l2dbNRKjS7Fhk5atEYMplScTjxH1/2ZN/gShvxhzdnnyLIxCwtKbE0zivQ7ItuFSGJCyW6iM2SSUZdjMZgy2hJrUkvtnkxYTf3OdkSrlJeL0VTIs7sjw1J7wG/F5M9plge5XkQ1pq5RNU66zGjad3dS6KnY4iUmZAOQpwzxtNJl2xg/qE20uDCnXkXd6OLdJJMe9Ovu4rgQZuIiLkbTzxlDbbeS+hj6KQ2kpQazPuOFtN+lXW/RTUZepFu1KjXS/J8f3qM6S45q8Re4zIzM/mO2rZmVWdSIz9bgtwpq2iN5htzcltfoRivRFrbaOv1m2vIlDx+ki9AAC0cQAAAAAAAAAAAAAAAAAAAAAAAAAAAAAAAAAAAAAAAAAAAAAAAAAAAAAAAAAAAAAAAhtIxEABIptC+5ZFP3RncS9pbi8xWIsAeDMBtr0UyjtpPJdxOSEl5CYABKaEn3INiS7JEwACXCf/JhsR+6JgAEvho9AJJJ7EJgAjQEqm0K7kJgAkkJtBCO0v3RMAAhghEAAEu0v3RHBCIAAAAAAgaSV3EQAEuxH7obEfuiYABIpsldxFKUp+EiEwACGCENifQTAAJPCR6CXwECqAj16BLsR+6G0i7JEwCQQwQkUy2vBqTnHb5CoAAopiMpPclOD9ROhpDf2CwJwAAAAAAAAAAAAAAAAAAAAAAAAAAAAAAAAAAAAAAAAAAAAAAAAAAAAAABDJeoAiAAAAAAAAAAAACVWf3sACYBAjz55EQAAAAAAAAAAAAAAAABARAAAEpmfAAmASkZ88CYAAAQAEQASqz+9gATAIZz2PIiAAAAAAAAAAAAAAAAAAAAAAAAAAAAAAAAAAAAAAAAAAAAAAAAAAAAAAAAAAAAAAACQzPyGg+qLXi7NGf6LxrPoEGqzrhn+5IalOm2W7jHJDfZlgyHG/tCEIdc04jOVhdKberpJOal5LZslx8WTGm9uMG0dDpdVduSo2euTObd1K6sptXgM1XS61Wac68hMp5mc6pTaD7mWR0PHkrcSZrNBn/dPJDkWxrZtmi3FTatL6vavUUtPbigvVWObb3/AMvBcjrSKo3OfI+cdywfJGR/MZVPceSM+uFdmqyrJdfQgzJZIMiP9nI5Rk9TWuld1QvCxNO7Dt+px7XeJBvypS2VLIyLBY+o6tlElbKkpwSsH5D5/WdaOoV2dR2rLFgXz/RyTElI95T7uh03SNJ7CMucdvIYXuS4Ru6Zj02qbtZv7RnqUuy7dSpmkmpFnt29cUeL7222w74rbjfHOT+/8x0Sw4twlbuOfkOIekSGj/K/eH+U6pPydT6Yfui0yFkSXIfODaTnnP3eQ7XgK+2rzPB9sd/IZVSbXJXz6665rsPPcNWTQ6VJq7qjJENlyQ4SSyakoSZ4HKVB6nuoPUelzb10005tybbcN5xvw5Mtz31/wzPd4aUHgvxHUd2zYNMt+dUaqw69EjsOOPNttGpakbcGREXqOFYdp6MzKTPv/RbXWqWJ4jjrzlMelk2ZSC7kbK+SI/QvUTJs2YMK7E01ydnaQ3xWNQLLg3JXbclUGbITtdhSC5bUWfx+ozg1KLjPI0D0a6kXhqbpOitXmpt2bHmPwkSkN7SkNNngnOxd/kN9qJSlcKwNkSlkx7JvRpLqU13rmi0e1ZFGpcWcdfrKKW4l4zLYSkKMlFj7iG6YT6n2SUtRKURfEaS4zz2HI/X+3tp+nO95Cc3bHIjz2PYrH4DrSmEomiSrjguCLjzGqDe2Wbq4RohJey4AADaUiB8HkYpqXdUqy7Lq9zxGm3nKdEckJbc4Se0s8mMr7DWvUGkj0jupR9v0VITz25SMZejbjxU7Emc/2j1R9R9xWgzqNB0gpE6gOoU4Zxpize2EfxHj5DoHRDWag632im66GlxkkunHfjuFhTLyPtJMc4dM2s2mlg9M1LZuS7KWzLhx5HiRfeUG+peeEEgjyMq6BqBV4tn3PdlQgPQmLjrr8yJHcQadrOTMjx8935DGHs62Tj1eKUmtNa0dWJIz7mNP9Tus9W0QsFu7KNTWZz6prEXwnc4wtRFkbhLzyOWPaFqSnRZhxayQn9LRC3GeC/tCEzbS4OZixjK1KXo6QturPVihw6o+lCHJLDbxoSeSTuSR4HuecdSn4TT2PyFg0/bNFn0nds5gsHlJ5LlshfZJnlKPCNXfzGcNtcmq2C8rivRz3q51GXnQdUGNHdMrYp9WuFcL35xypSfBjttmZkksl3M/5C66Q6wavV68Zliao6dN0mSxHKQ3UacpbsNRem9Xc+31GtddqdoPe2rzFtXJctTtC9KbD8WPWG3fdUuN5z4fiGZIM+fMWfQ6+b0tvqGi6Pw9SF37bMuCuU7MWaHlRDJKjIlOFx5diGlt9x1/BU8fuS9Ha7bi1Ee5RZ+QsN8VC6Kdbc2daMCPPqrTJqjRpCzShxfoZkL0zjararPPAllbPhJXJc8Y57DM464mccTeqPqXg6jQdLZGmVslcFQirlMMHNc2GgkmfJ5+Q6g0uq1+1i1Wpmo9FhUqsrUrxI8Vw1oSnJ45P5DmK8WVJ6/7OYTyR0GQvYRln+zd8s8kOxIeDbPHlj+AiHsv5njcI9i0V1KV5eg536i+oO+9L79tCxbEtmnVidc6ZBkiW6pvabfhlxj/AJQdDn+8OJusum1itdQOkVKt6tHSqnIcnFHlJSSja5Z5xnki4z+Awum0uB0yqu69xt9aMml9U+sWndwUOPrLpvT6bSK3Obpzc2nyVO+G6s+NxH6+X4jq9l/xm0uJUlSVkRkfyMu4+fNxWrclD6iLStTqHvGTWrfdc97pEsmvAjuTCMtpO8kWeeC+Zjv6Gna3wRknajB8bfwGVUpNcmXUaqYKPiZXeddSk8Hg8Hzt47DSFk6+V+5+oq8NGZFJitQrbiImNS0me5wleD8Jl/2o3a8klJL/APEcf6P7f8+/VVG5BOLozZbN3PBxcefmX8Bk/ZWxoRlGXcdjNuKWnHmXfIxzUe6nrNsusXPHZQ6umQ3ZJIX2UaC7DIGk7dx98nkYHr0g16R3YZINRopMk+C5+wYibaXBqx4xlalP1s55s3qc6l7wsktRaPpla79HU247t9/cS94bZnuPBjfnT3rHD1w0/j3vEguQ/EcWw6wo87XUHhWD9Mjh7RmybUuDRGnSat1GVO3/AB46yepqak02hteTyg2zPOD+Q6T6DLnlV7S2oU1dOjtRKNU3YcSUwySEy28n+s4IiPsXPzGqqcm+TtdSxaaq26/2OmzznaNLdT2ulX0Ktqj12k0iPUF1GqNU9xt4zLaSyP4iwN1J7mOUPaF02ZI0vo1ZYjOOx6PXYsyVsI8k0SsKP5cGY3TbS4OVh1wtujGXo21rXqpV9MNIqpqNCgtTH6dGRIKOrhKsqIjLPyGTaV3jJvuw6Jdc2Ohh6qQmpS22zylO9JHghy91Pa3aeXT03zqNQbkp9SqVdissxafHeJyQbhmXHhkfGB0VoFSpNG0mtamzW1NSWKRGS42pODSezzIaqrG3yWsjHrpx9v3t6NhurUhOUl5fiOd9eNXeoDTZVXrdt2FQJtsUuIuSc6RKUh0yJBmfwZ9R0SpJKT8XA1F1VJJOgF9r2kZlQZfxL7fYPuY22bceCniuPlXeuDB9Bta+oHVH9DV+rWFb8K1qohbhzWZS1OkRKUXCc/IdItOOHnJ7hpDo1b29OtmLMk5KCvlJ8f2rnBGN4pSlP2Qq9cmWW4eRqCLLeVfkW3bNTr0dpDrkCG7JJCuEqNCTPGRgvTTq5VNa9MYl81enswZEl1xs2WlZItijLIyTVlBq06uIvgx+i5Jnu5L+zMab9n0ST6eaaaDyn3qQRK7f6wxHc+4mEI/h3J++DplWfIap6gdcqVofbDFbmRHZsudIRCgxGu7z6/sF9RtVXBkocj9dsGoU+Tp/fpQnJdMt6utuz20oNWxs1pPxD+RbRM39JGFXGy5Rn6KdR6kepix6OzfF+6OUtq2PgXKVDlqVJjNc5WpB/LA6X0+vek6iWvAu6gSSep1RYQ+yr9rnOSMc/a5dQGks7RSslTLrp9RlVynriwYcdwnZDrrhYJPhlyM46O7VrNn6CWxRq9HUxMREJxxtRGRp3mZ4wYiv9yxlVwUN60zdx/ZHOHVT1OXDoBWbWhUi22quzWykKkbjMltpbU1kyIu/Dh/QdHL+z8I5G6rafGqPULoxT5rKHmpbtQacQoiPLayaSrg/vILW1Hg1dOrqsuSt9GZatdUBWdpnb+o9ow49WYr0uPHSlasEhDnc+PNJ5G/4ElchvetSTPBEe3sR4Hy+1oZq2lSH9Aqwp06YVfj1S3XzLu0b2XGsmfON5fUfTmkKw2pJN7fhSrPkecjXVZJ8MtdRxaqIQdf3LoAALByCX+QsN7V962bYqVdjNodXAiuyCQo8Eo0JM8C/8GXAwjWBKlad3BwnamnSDUauxESDGM20uDZRFSsSl6Mb6a9X6prTpjFvmrU9mFIkPutGy1kyIkLMsjau9zdnHA5p6ATSrp3pyyXuR75K+LP98x0pkhFbbRllJV3SUfRorqw6g7g0BoNDq1AoTFWdq9TKAbK925GW1K3FjvjA8d2dULcHp+RrZasePOV/VyXFcIyJLi3UtuNmflg8jGet5nxqhpWhSUKJ28oqSbUZfEexXA536jKbUdD4106auJkJtW+HmqvSXHf7GLLJ4jdZLntkyMV3bKDe/R18bDouoTb5PozZ9bkXFbdNrchCG11CFHlGhBZSnxGyVgvqLq4/4akpM8bz4GKaU7T0/t5KCTt/RcbG3lP9mRcH+AyeVu+Hanj970FqL7ltHGsgoWOP2NB619SVds+9YOlWmVrIuS75rXjmy45sYZbIy5WZdu4t9n6/60Ui+qTZGseliKcmvGZRKhSFnIZaMu/iH5dy/Ma6uurQNKetV67b6X+j6HXKOmNFqDxfqCcLGSNXYj5IbrqHUtpci97fsahTzuGp1dfhp/RuH0R8ftOGWdhc/kY1xb5OjdVGFUVFb39zdcdxThHlaTxxwK5c5GPXLd1vWNQZdzXLUGqfTIaPEkSFkZkgvXgjHrtm5KTdlGi3DQJqJlPmtE9GkII9riD8+SIbEcuS9l4AAEkEuCMuwxK/NLLB1MZix75tmFWGoazcZRKa3klR+eBlwgf3iGlLhkxm4PcXo1LE6UunqDIblQ9JbdZeaWlaFoiERkojyR/UbUZitMN+EgsIIsJIvLjAr5zwQh27mC49EynKXLZTcjNOJNCyMyP+8Yx2jac2Xb1aqVxUW3IcSp1he+dKabw4+eMfEYygBJjGTj6MT/yX2EV2f05K14JV3w/COcTf600ehmMmQyhvO01c98mZirkhECW3L2UHI7LxGlxBGRkZH+I1hVOmDQSsVJysVHTChPS3VbnHVRyypWc5P55G1hLz2yAjOUPyvRbKHbtHtuC1S6JT2IcRgsNssp2pT9xC5bUCYj8jDHOQDfd7MZuzTuzr49yTddBjVMqc97zGKQncTbmDLcXz5MZBGjsxkeG0nCRWIsBgu4jSHc2tMiAAJIIZIxbq3Q6ZcNPepVYhNSokhBtusuFlK0n3IxcOMZIgIiMgCfbyjU1P6WdA6fITKi6WW+26jsoohcDZ8Cmw6awmNCYQy0giJLaCwREXyHrIhA8+oGyds7PzMjtIY9eNh2nqBTCo930SNVIZLS4TL6cp3EeSMZEIZIDWm16PLCp8Onx0RIbCWmm0khKE9iSRYIvoK/goM923kTn2AuSAfuYTfGjum2pDbSL3tCnVgmj+D3polGX4hZGj2m+nO4rLtGnUk1p2qVGZJJmXPGe/mM2x6gREI0jPyzUe1PglS2hCcJTghBTSFY3eXzFQBJgYnJ0yseZdUS95VvRXa5CbW0xOUnLraFEZGRH6YMxlKW0JLBJ4E2SEQJbcvZLsT6DGa/pxZVzV6mXLXbciTanRzUcGU83lbGcZ2n5ZwX0GTmeA7kIaT9hSceUYrdWmVi3wzEj3dbEGqIhPJkRiktkrwnC7KI/UZHHhxoraWozKW0ILaSU8YIV8l2ERIbcvZRVGbWRkoskYxun6a2VS7om3lAoEdqtVFJIkzEl+scIsYIz/AOqX0GVCGSAJteiCW0JLaRcDw1ejU+uQXabVIzciLIQpt1pwspWkywZGLgAEGoG+k/p5bPKNJ7d3evupZGx7etih2rARS7epceBEb4SzHbJCC/Ahdix5EI8+ojSM5WzmtSYIhbK3QaVcMB2mViEzMiPp2usPJ3IWXzIXPsQgZJV3EmEW4vaNXUXpo0QoNW/TdL02okaaSt5PNxyIyP1GymYzUdO1tJkXHcz+4Vy79xE+wjSM52zt/M9jBC13BbtGumkSaDcEBqdT5jamn2HU5S4kywZGQuZHyJhJh6LLbNqUCzqQxQbbpjMCBGLa0wyWEtlkz4L7zMXg0p9BEzwIF6mHoPnlnkqNMg1SI7AqEZEiO8g0ONuFlKkmWDI/wFutKzLZsalIolq0ePTYLZqNLLKcJIzPIvwATt60QwRi21ih0uvQ3IFWhtSozyDQ4y6jclRH6kLlnjIhgj8gIUmuUawovTXohb9WbrdK01okecwrc06iMWUH6l6DZTUdpktqEY4IvwLsKxHkMkQj0ZSslP8AMxtIxjtcsG0LlrFMr9doESZUKOazgyHW8qY3Yzt+hfQZGJfhEmKbXow28dI9PL/kwpl32rBqj9PMziuSG9ymcmRntPy7EMsjxmIySbZQSU4xwK2Mhz5iNIylOU0k36JgABJiQwQ8dTpUCsRHIFSjIkRnUKbcaWWUrSosGRkPaAAsFpWTa9jUpNEtSixqZBQalJZjp2pLJ5F6NpBCqIHgPQb29sx257CtK8n6fIuaiRqg5SZBSoank58F4iMiWn58mPHeGldg3+zEYu+2oVUagueKwl9vcSF+pDLiz5iIxcU+GjKNko+meKm0qBSYbVPp0ZDMZhBNttpLCUpLywPSplCsbudoqAMvXox9+zF7x04su/qeVLvC3YVWikeSblNE4X5i02Tofpbp3JcnWdZVMpclz7b0dkkrP8RnuOOQxxwI0Z+Weu3fBZq9aNt3PRn7euCjx6hTpKdr0d9G5DhehkPRQqBRrapkei0OnsQoMVBNssMp2obSXYiIXIBJgAAAAAAAAAAAAAAAAAAAAAAAAAAAAAAAAAAAABDBCIAAAAAAAAACGCDBAAAiAAAAAAAAAAAAAAAAAAAAACGCDBAAAiAAAIYIRAAAAAAAAAAAAAAAAAAAAAAAAAAAAAAAAAAAAAAAAAAAAAABDBBggAARAAAAAAAf/9k='),
(4, 'E & S MEAT CORPORATION - BORACAY', 'San-Rey ERSI Distribution - Bacolod \\n Magsaysay Ave, Bacolod, 6100 Negros Occidental', '', '2024-01-16 03:23:24', '2024-02-21 13:25:49', '');
INSERT INTO `tbl_branch` (`branch_id`, `branch_name`, `receipt_header`, `receipt_footer`, `date_added`, `date_last_modified`, `file_upload`) VALUES
(5, 'SAN-REY ERSI DISTRIBUTION INC. - BACOLOD', '', '', '2024-01-16 03:24:25', '2024-03-13 09:13:37', 'data:image/jpeg;base64,/9j/4AAQSkZJRgABAQAAAQABAAD/4gHYSUNDX1BST0ZJTEUAAQEAAAHIAAAAAAQwAABtbnRyUkdCIFhZWiAH4AABAAEAAAAAAABhY3NwAAAAAAAAAAAAAAAAAAAAAAAAAAAAAAAAAAAAAQAA9tYAAQAAAADTLQAAAAAAAAAAAAAAAAAAAAAAAAAAAAAAAAAAAAAAAAAAAAAAAAAAAAAAAAAAAAAAAAAAAAlkZXNjAAAA8AAAACRyWFlaAAABFAAAABRnWFlaAAABKAAAABRiWFlaAAABPAAAABR3dHB0AAABUAAAABRyVFJDAAABZAAAAChnVFJDAAABZAAAAChiVFJDAAABZAAAAChjcHJ0AAABjAAAADxtbHVjAAAAAAAAAAEAAAAMZW5VUwAAAAgAAAAcAHMAUgBHAEJYWVogAAAAAAAAb6IAADj1AAADkFhZWiAAAAAAAABimQAAt4UAABjaWFlaIAAAAAAAACSgAAAPhAAAts9YWVogAAAAAAAA9tYAAQAAAADTLXBhcmEAAAAAAAQAAAACZmYAAPKnAAANWQAAE9AAAApbAAAAAAAAAABtbHVjAAAAAAAAAAEAAAAMZW5VUwAAACAAAAAcAEcAbwBvAGcAbABlACAASQBuAGMALgAgADIAMAAxADb/2wBDAAMCAgICAgMCAgIDAwMDBAYEBAQEBAgGBgUGCQgKCgkICQkKDA8MCgsOCwkJDRENDg8QEBEQCgwSExIQEw8QEBD/2wBDAQMDAwQDBAgEBAgQCwkLEBAQEBAQEBAQEBAQEBAQEBAQEBAQEBAQEBAQEBAQEBAQEBAQEBAQEBAQEBAQEBAQEBD/wAARCAEIAkMDASIAAhEBAxEB/8QAHQABAAAHAQEAAAAAAAAAAAAAAAECAwUGBwgECf/EAFMQAAAFAwMCAwUEBgUHCAoDAAABAgMEBQYRBxIhCDETQVEJFCJhkTJxgaEVI0JSscEWJDNishcYJUNTctFzdHWCg5Ki8CY2N0ZUY2TC0uGTlPH/xAAcAQEAAgMBAQEAAAAAAAAAAAAAAQQCAwUGBwj/xAAwEQACAgIBBAECBAYDAQEAAAAAAQIDBBEhBRITMQYiQRQyUWEVI3GBkbEHFsEzQ//aAAwDAQACEQMRAD8A+qYAAAAAAAAAAAAAAAAAAAAAAAAAAAAAAAAAAAAAAAAAAAAAAAAAAAACVR9u/wCAAmASGo+PIxMRmZclgAMH6hg/UMkJVH2AE2D9RKpRJwJd2PUxKpeO3YB2v7FUzz5CAoKkpT5kQnbfNaTNOFfcG0T2NLbRXASIVu+LyE4EAAAAAAAAAAAAAAAAAAAAAAAAAAAAAAAAAAAAAAAAAAAAAAAAAAAAAAAAAAAAAAAAAAAAAAAAAAAAAAAAAAAAAAAAAAAAAAAAAAAAAAAAAAAAAAAAAASlkhges2qNH0isife1be2R4SOEl3ccPhKfqYzw1dhyT7R5xadEPDSZ7V1COk//AOQjGuyXZBtl7p2OsrJjV+p5ul3XzXTWq+qhW67biItkLaWUZxTRI2uFki2qxlZHj1GXdSvVyx09VOj0p+1n6uuqx3XScbkttEk2zTnv67yHO1rdZtA0b0Qtu0bYpyKxcKIRoW3whlo958rx945f1Y1jvnWestVm+akh52J4iY7TLZNtMoXjhP8A3S7+g5eR1CNdK7Xye96X8Psz8/V8O2tHV072nFUcL/RtgNN4/wBtLJX8CIY1M9pnqipX9UsqgtJ8vGcdM/yMce+GjOcciBq24IvtL4SWT5PuZ/TP0HL/AIrbPhH0BfA+lUx7pR2dXyvaOa2yiUTFKoUQ8YSaWlq5Pz5MWCb1+dRkleWq/To6CLBpTTmj59eSGlJtkzKHRmaxXlrp6aiS3KdEWkveZSOP1m0/sEZ8F5mNjaU9I+sOrKWp9OoSKVTXSR/W5mU5L1Sk+T+f4DbHIy7f1KmV0v450+pSvgk1/Quj/XN1GvJUs7vjI2J/1dOaTzkvkPXbfXn1DW9P9/m1eLVIhLw6zKiJJKu3HiJL4OBQ6jOlJ7p+tClVmdci6rMqE73M20sklJZacV3+9JDdPs9rGtO+rLvOn3VRYtSYTPZb8N5olFjw1eo20LJdzg2crqEvj8emvLqq2uP9mzdH/aD6cXo4zSryJVu1J5JfE5hUZR+eHPp39R1DRrlptdhon0iox5sdwsoeYVvQZeuSHKGo/s69Mbl8WTZUl+hSFkZk2g/EYMz7fCfbz7DRK9E+rzpqnHU7DqUirU1jk0RXzdQpBeRtHx9CHTjbbV+dcHz+/A6b1B92FPtf6M+nSFmrkjyQiTijyRDhTTT2h0enyEUPWS2JNEkkZNrkJbNJJV6qIy+7sOubL1Usu/oaJ9qXHCqLakEvay6RqLPqRC3C+M1s4V/TrsZva2v1M0So/URI8Cg04bmVEWC4xnv+JCq2Z5MbFqS2ijp8lUAAAAAAAAAAAAAAAAAAAAAAAAAAAAAAAAAAAAAAAAAAAAAAAAAAAAAAAAAAAAAAAAAAAAAAAAAAAAAAAAAAAAAAAAAAAAAAAAAAAAAABKpWMCYUns8bQBTcNz9lWPIcW+0nvWlQrBpdmLfQqo1SWh9toj5JtsyM8/kOhtZtcrJ0XpLFQu6c6hcszajRo7RrfdXg8mSfQiHzT12vaR1FasP3bSodZK30NtxYDiaY66skEXPwF55HPzbtQ7YnrPiWA5Z8L7fyo0WaUGZ/DhWcnj7zP+YmL4exYL5cDdVB0asxUY1VODqRMdb4cOPQPAT9XP5DK6dprotD2pqGmmpcxXnubSg//AohwPwUnzNn3CXyOimTjVBvZzQaleRZIbd6bdNod+XfLrFeZUdBtWIurTlY4c2F+ra/E+fw9BsVyh9KtMUZ3Dpbf0NkizuUtzHHrhwdTdL9q9PdcsC5pOmFBrEKlVV0qfUCqi17nDQkywk1mZl9s/yFnDw492zyvyX5bbXjeONbTf3MV6fOml2+q+/rrrBAS/InOE7R6S6j9VDj92so7cEZfQdhwYESI2bLDKEoR8KSSRERfd6DGEai2FCnroCLjpTcqMRMrinKbSpvHljPzGT0uZBqDanoDyHms/abWSiz+A9BVXCHCPjuffl3/Xb6Zxt7Tj9XpraqUc4rvn/yDo8HsyiI7Xu/P/xsf/CsXn2mMdD2ltBeUnKmayhZH6fqnC/mLN7MtvxrSvNveZGc2Pgy8v1a8Dl3TlXkbr9nrKNL41J/uv8AZ254jLivgWhZdj5EzjaHVEtxCT4wMAl2bdEGU7JpVYM9687F8kDdwX5ScFOo6JaP3m+44n/Y7a7HXlVtL+h4xYyX1QZWvzQ/THUaOuPdVpQJqnUmRqUyRL57/EQ5quPoJkWzMcrehd/1K25KFeI1GccNTW4uxZ8x1DD1GpLpkzUWnYjnmlxvj6jIIdYplQT/AFaW06R/uqI/yHXxer4OUuHp/wCC1DKyqF272jkWja79TuiW2BrPpsq46QxwdWo5eI7sLzNBEN96adRmmOqLKf6OXNGRLXglQZSiYloWfl4a+/YxsZ6LEkfC8yhaT7pMu41df3TPpLfTp1GTbDdOqPJlPpyjjSEL9SUgyMdOuelxLaZrndRe9OOmbbZk+Nn48EXkZYMV0kfmeRz1TLD170rbJq0Lyi3hSWfiTT62RtyNno2+Xn/vZ8hmlv6209byabetGnWnUVfATVST+oWv+48ktii+gtQ/KVLK1HlM2oA8MWamYyUiNJadbWWUqQe5Ki9SMh6m1KVkj5P18hJrKgAAAAAAAAAAAAAAAAAAAAAAAAAAAAAAAAAAAAAAAAAAAAAAAAAAAAAAAAAAAAAAAAAAAAAAAAAAAAAAAAAAAAAAAAAAACVR48xMKDy1pxtMi+8wBPuz5ixXZdNKtCgTLirM1MaFAaW886ouEkXIuD1SYZTl5aUEX7R9ho/qvu+31aGXhARV4vvD1Lebba8dvcozLyLI023KqLL2BhTy7o19r02jkzqT1ysm+NU1XNalfi1aFS7XntRVJbMyZluJMknz3PJJGEajXlc+k+lem1qWjW5VKqM2lO1CpOR3NqnPEcI2jWf+7kc+U1olSY0Q0bEvqbQ5uWW0iJzk+PuGzupS4qTXtSlQ6DIRJptFp8OlR3m1maTS03jb9/Jjzl+V5YSZ9swugV4eRVRHmOuf8GF1DUS96ypS6jd1VkKPua5S8/xFuOuVtX2qxNM/+cq/4jw4SX2UgOb5rP1PdV4OLVHUUuD0SKtVXG9j1VlrSs+SU8s88H8x350wpXaPS/Sp7O5l2vXVGyos/ETstto/yIx8+1Eg088kWf4H/MfQKNKcsjp/0NpB/qmqjcVNVIJWe3iKdyZ/eRGOv02L75Sk+D5/8+Vboqrq9s1t1fdL1wWTNuPXJm5mlRpkxtRx22jbW2lw0kXOfXHYdJ+z2nTZ2hiHp8t190qg+3udcNR4LGCyY8fXlV6ZL6da1DblteK6/ENCUmWPheQfBEfyFX2duxehPjN8Jcqso/8ACOrX/wDRaZ87yZSs6Pu2OnssPtKlY0mpH/SrZf8AgULJ7MVX/oteSlH9ubG7f7qxe/aV/wDsmpH/AEs3/hUMf9mUS12neSUKwr3yP/hWK05+K/u1su1JP41L+q/2dwmpPqZ+XcMIURp7kNavxtRYD7j0ZSXWzcMyTt8vIVWb6uWnGSKlbjuPNTfI4UvkuOrXDIqa/seM8HHDM5lUemzEmiRDbWR99yBZJFh0R/K4iHIrhdlMumkeeHqdQpB7JSZEZRf7RvAv0Sv0mZ8TFSZVu7EThcjfC7pGZ6aTf9iP5y/oWZug3PS+IFbS8j9yQnJ/XA9DNVr8M/8ASNG8Qu3iR15/IZGl5Did2dxehdhBKGjM1Fz92SF6rDrjzRYYd79NFri1ymyFGk0Gy55k6nH5j0PU+k1RtSJTMeQ2o8LQoiUlQ9bkWM6kycZQovmQ86qPC/1aFt85+A8Do1+eviXKILLGsem0Z5L1tvO0wiPltCjNnHoSM4IZNFS6SD8YyNXyFFtt5B7VO7yEzkpEd1lkzwp8zSn5mRZ/gRi7BtrlGD9HsASNmZp55PInGRiAAAAAAAAAAAAAAAAAAAAAAAAAAAAAAAAAAAAAAAAAAAAAAAAAAAAAAAAAAAAAAAAAAAAAAAAAAAAAAAAAAAAAAAASDBdarwnWFpjcV4UxknZNHpz8ttB45UhOSGd/Ian6pT26CXyfY/0DMLP/AGZjXZxF6N+Mu+6KPnrUK51Oa2UNzUCsX6zRrflOL8Jcio+7NILJ4LCC5GCPQLYhR9lc1KplWkGWJBKTJfT8yI8/wGV3gtxPSLYDJLUaXa+60ZZ748QyL8iGCVSyYcO/rmoKIW2LSKVLlEguyXERPFL8zHncmc5S0mfa+g4uN4/I0loqSqtpypKfe7ToU6Ohz4kx5UqM+ec8lzjzMbM0e0F0v6kptUpljTK3bFThteOtmQZSWjyZFnOM+Xn6jRLdFZKw37hNGVorceIhfns8F1Rl9ST9B1R7NFknb/uhGCLfS0Gfz/XJEY0FOaqki98hybMXCnlYtmpLRfEezLqO1CF6kka/2yKHx3PzCr+zpt+hR0yKxqhLjpL7Sig5L+Bj6CJbSXHl+QLZZeTsebQtJfsqLJDs/wAPpa9Hyj/ufVPTtPmRV+mrplt5w2q/r5LirLgyVFx/9n8xn2r1d6btU7NtTT2na5x4DVrKbJh447nxrQjCFn8PkWR3HULOtappUmZb1PfJfffGSf8AIY+vRHSp5/x3bCoil/OI3/wGX4KEFqJrv6/blyjK6TbX7nzr/wA223bobbj0/qoo82Gte/wpylYPB+RGsh2V0mWtStItOv6FTL5t+rvtzXXidhyk4NK8YyWT9Bs1rRPSllfiIsGh5IsF/UkcfkLzGsSzoLiVxbapzKkKyRtsEk/yGVWN433FXN6vPLq8H2OWfaUuIc0ipC0KyX6Ya5LkvsKFi9mL/wCq14c4/rsf/CsZR7SCIwWi0d0kEXu1RaW3jjB4Mv5mMS9mYTirUvIm8bvfY/8AhWKE7PFf3a2eho5+OT/qv9ncu1JlnKcil4LTmfESSvwGAvf5Rokh1TRNut7/AIU7C7CLd3XjC+GdbC3C/ebMcCXXqbLXC2h8fseP8D9xkZnKodMlJNLsNpRfNBC1P2Dbr32YxtK8lMqNJl9BbGdRkcpm0eeyfr4eSFwi39QX1bffDaPzJxJl+Y2fiul5L3KGv7DVyWtlI7NqENxJ0y4pjPolS/EL8x6W03jD48eLLLz3FsP8BdY1epUsiNmdHdx6OFn6D2JcJRkrdkvUxeqxsaf1U2aNbcvuizt1uqNKJE2kvf77Jbi/EetuuQlqNJveGvyS4k0/mPeSUqPKiI/mI+7tqPcskmOnRVbV7lsxZKy94mPjQfptPJCwXPM90rtsoUrCX57jX35jufzGQpjsIxsQSf8Ad4GtNYas9Sq9p94aySmTcjbKvmRtucC7Bz1yYrlmz2VbiMzFRPYUI3Yy+f8AMxWSNqMJfmJgABJAAAAAAAAAAAAAAAAAAAAAAAAAAAAAAAAAAAAAAAAAAAAAAAAAAAAAAAAAAAAAAAAAAAAAAAAAAAAAAAAAASKUZKIhOPPIcUhSVJTkPYPFWKrFo0ddQny2o0dotzjjqySlJF6mY486mOsvR+p2Lcun1GqztUnVGBIhJXFTlslmg/PzGZdfFdjxdGX6UuroiSJsuO2SUyCaWbZuESzIj78H+Y5lvrpw6d7f08q9xUHUkpFVh01yTGilOaP9b4fBY+8c/Jt19Oz1nQOmVTcbr4tpv7GHXQlX+arppHSk939JTJW7uZmh0X+uW+y9rxrFDfQaWotuyTLHlvhMJP8AxGLa6qBVOn3S2lKW34xXZvfbNfxEjLhZPnjgxspaqA91D60SXpbDkabazimVbywpZtMFtLnv8Jij/L97PZRtsxZShGD7df8ApzudH3dNaaoSf/e9BLX64jHn81DePs2pDcG9rlemOJSkqUjcrtj9YR/cRDWRMxFdHzqXH0tyXbsdkpZyW7YbaCLj7iGDaMzKy9e1Os6FX5lNhXRKj0+oLiL2r8Bau2fw8hXjONdyaOjLHl1DpdsWmt/5Povrb1t6b6XlIpVKllXK0ySy92ifEltfopWe/wB3zHMZ+0n1bTKcdK1bfJlastNOqcJSS9MkY2gfQHoy8hclV5VhT6ty1qVIaPOfXzHFOsVm0mwNSq5aNGkrlwqe8TbTi+TMjQR98jfl5dsI9y4OV8X6N0rNbosg5SOnYvtN76aSg5lhUlfOHDbkOEX4ZG9tPup7WfUSlNV6gaIsz6a//ZSGaw0kj9c5I/5D5cpTt5JaiLtjIzuy9a9UtPaZ+h7RvGoU6ER7/BbUe3P3CrjdUl/+jOz1v4DjuqLwY/Uz6sUnUbWeZhMnRhmOWSybtebL+DRjM6PWrwmLNNVtGPAxj7FSJ/P/AIE4HyjjdYfUHExi/Xl4/wBo0hQujfXN1FM4JN2wzP1XTmj/AJDqV9Wq9M8hb/x51PW1o649o0s3ND960ESinsGaSUXqNe+zgvC1rZoF2Rq7XIUFciYybaJDxNmrhecZPnyHMepvVDqrqzbh2ve1SjS4q3Sc+CK2yeS7HlGBqlKtrhrQrnOfhP7J/gKGRnRjepxPU9P+G5FnSXhXPTf/AIz7nRbutuoES4FYhPpLubbyVfzHuaqMJ4+ZLePTJf8AEx8L2KxVouPdqxOZx/s5Ck/wMXan6jX5S1b6deNYYP8AuS1F/MZ/xCqceYo5Fv8Axhkx5hYfb3/R6jPcTZl9woOUmjSs+NHZUR/3f/0PjXD6iNb4OPdtT7gSkv2ffF4GT03rH6haXhLd9Ovf84Zbc/jkY+XAkvrgv8FCf/HvU4emfWE7PtpRnimNoV+8gtp/kIf0Pgtl/VpM1o/7spX/ABHzAp/X71CwXCOXVaZNT6LgJT/gwMpg+0l1bjpT75a1CkF5q3uJP+Iy105LceCjb8F6xHlrZ9HGaNVY3DNbdNP7rjRGPUz+mGfhWtpz59hwFS/aZ19OE1XT2O6f/wBPJ2/xyMkp/tOKA6e2oadVNBeZtyEOfyG6qWNv6JNFCz4t1Wvh17O4W3ZCuHUII/7o0l1L1I4NW0tPxCI3b2iN/h4bg1pT/aRaQvY9/o9cjK89sYnC/IYVq/1O2FrZcmmdNsZc1U2n3dEmqbfj+H8BJURn3+Y6X4qpLtT2VP4Dn0v+ZW0kd5sZJPf1/iYrpPuLbT5aZMcnELRjGT5zjP8A5MXBrdg9wse0mjh2RcZtP7FUAASYAAAAAAAAAAAAAAAAAAAAAAAAAAAAAAAAAAAAAAAAAAAAAAAAAAAAAAAAAAAAAAAAAAAAAAAAAAAAAAAAAQPsKEjYW018j0Ci8kslxkNteiGfPX2lVNlyLmsRWSTHme9xFqcP4CWtxk0mf3YMcs6uaSHpPOp8Fy4oVX/SkXx1qjmRmkyMjMlffngfSzq46d5mvdtUyn0qsMU6ZTJXvJOOt7iUWCyn5dh80NaNL7r0hvJVq3dMRLleCiQ28lwzI0LPgiM/Qef6jCyKdh9e+DZVNvZTvnngwg5Ena0j3p1LbCvEbQSz2pPHciFRM2clxx4p8jxXSw454p7lF6GeeSHmJSj7p7CK+EmoloSRd8mXJZHD8k9n1uzHof1TimVEyH22fdkSHEsZz4RLPbnGM4EiXXY6mpDby0OsGS23ErMlJMjyRkYlcNRKUpCTNOTxwsvIvkIETis/AZ/X/wDEbO25/UkVnLDUHCpxX9WbTh6f3NK0jkaqL1HdQUd42TglLXvURGXz7jWUh5+VIdkynlvuur3rWszUZ8epgl6Y3FVD94dRFccybJuGTWT78GWMint2qV5c5NPoNlt0rdKTKfR8SunvnBrf7EQEFbv2UmeCyZF3x6jb+lnS1qtrDbZ3VaLFOTB95cjZmP8AhmZoxz+ORpqx55G1AtZfUcXptPlypaTNQh8P7o2Zq9076kaIxYMy9o8LwprhttqiPbyyXcj4+ZDWSdxfCvvjuMZUzx3po2dP6hR1CpWY8toj24LsHwF9lBF9xYHtoNHn3JXIFv0htDsyoPlGabUfcz8xtHU3pU1a0itZV3XcxTVU5JobU5GdNSyNZ9zL5DOrHtti56NeV1nBxLo49svqZqEAyR7vLB4+mASl1xxDLSMqcUSEfByZmsiIvzGEIuT7NFzzQhCU7HpLkAOt6H7Oi/a3R4dWbvSEwcplD6mXIq8tksiMi7+Q1Jr/ANOFydP8iklXKq1UWKr4yCcZZNJNLRtwR59d/wCQtWYNqXdo4uL8s6dmXfhoy5NRnyBeYglW5BKxzjB/fnkXO3KDPuitQ6BSmt8qY6TTZepnnj8P5Cn45OXajuzuhTDyN8FtEDSk/IV5cV6HKegSW9j8R1bLpZ53lwovwPIoif5lb00TWlZWrFJaHl2wnHfPn6DcHS9ZNm3lqeyxfdYRTadBirfJaZpxTN0jIiMnMkf5jT+4kuEpWDT55+8dwdBmg2nuo1kVG5b5tCDVFlOWwwuQ3uLwy8v4C706qdtqZ5H5nmU4XTm0+Wdd6faf2DSWGXrTuepTmiSW1X6dckkfyP4jyNmxlGZL9CwMTtvSPTqz9i7ZtKnwFI7Gy3twMxaSlJHgx69fSkj852vyS79lYAASYAAAAAAAAAAAAAAAAAAAAAAAAAAAAAAAAAAAAAAAAAAAAAAAAAAAAAAAAAAAAAAAAAAAAAAAAAAAAAAAAABKaEq+0QmAAUDjtKP4k5Icx9Y/TBL1uo8CpWkpli4KbvS2pzhK2jxkj+hfUdQlg+RTcbQ5jKRqtqjbHtn6LeBnXdNuV1D00fJH/MX6hW1qZXQacrb2UmXjP1GX6adAOqs+7IDt9MwoNFYdQ5J2P71OEXkREPp4TLSfsIIvwEPBL7W3nORRXS6lLuXo9Rk/OupX1+KT/uYTR9IdPIEBqI3aVMMm0EjK4qN2C8+w9ZaW6ekrCrQpX/8AUb/4DLSSSTNXmfcTKSR4PsL1dVcVrR5f+I5E225v/JobXzphs3U6xZdAolIg02oGRuRZDbJJJLheuBwlM6DeoWI+qO3R6ZISg+Hvecby9R9YXEbu6cl6CCG2jL7HnnnkVrenVW86O70v5Z1DpcHGt7X7nynofQRr5VqkxDqMCnU+K6oiefTIypJZ5wQ+kekWmdH0rsen2bSkoNqE0SVrL/WO4+Iz+8Zx4LBc7CI+3AghtKfhJPA34+JXjrUSr1j5Hm9Z1G9/Sas1/wBEaJrdZL1qT3Fx3iPxo0lJf2TqO2fUcXK9mvfniGj+ntPUWcEv3RR5+hj6T7U5I8ciRbaVKztzn5jG3Ert9mPTPkOd0uPZRLg4z6duhFWl99MXteNwN1l2nluhMMsG2lDh/tqyY6b1M09ompFn1Cz600hyLUWTaPJZNC8ZIyGZJaR+5gSqZRkjIuw2VY9da7CtmdXy829ZNktyR84p3s0rybkL/R9/QlRsmbanYqzPbnguDGV6TezwlWzelPuO97siVCFTnkSERWY5o3uIPJbsjvRtKEowlGMdhFDZKPctPJFghqWFVCXckdO35Z1K6rxTm9f1PLBhttNbElgk9vkNV9SOg9H10s0rfmS/cZTLhPRJSU58JwvUvMbi2ERcCi60hSkGpJZQeSFlwjJaZwKsmyi7z1PUj5uH7NS/G8s/0/p6izklnEWZq+hkNvdO3Qu3pXc67vu6uMViZHRtgNsMG2lszIyUpWT5MsjsU0IUnB8n8zFFbCN32McYFaGDV5O/R3cn5d1LIq8M58HDuq3s63buvipXPaV8x6ZFqDpvORnohu7XTPKjIyMu5jFI/szbkUlXiamwlH5baev/AIj6Ipba288l6CPhN8b0Zx6DGzArsYp+YdUx6/HC36T52t+zGuxTnx6n08myPn/R6s4/7w7S0M0loujtkR7OpL3jJYPxXXfJbiu5l8uBn+wvv+QnjtpbI9o21YteOuEU+odfzOqw7L57RWS2SewmJJJ7EIgN5xwAAAAAAAAAAAAAAAAAAAAAAAAAAAAAAAAAAAAAAAAAAAAAAAAAAAAAAAAAAAAAAAAAAAAAAAAAAAAAAAAAAAAAAAAJVJSruJgAEuwg2EIl8wPggH7ENiP3RA20mJxKozLHAjQIeGQiZYBKs54BXkJHogafUQNORTceJCiRn4jLOMZ7Cj758W0jyeM4wfP4gT43M9ZJ9ANtB/8A+ijHdNxJmo8KxnHoK6fMCGtcDakNpegiRc5EQI9eiQm0kRiO0w2/MUnHjbUksl5mZH3AlL7IqEWRE0kruQ85yUn2Vg/QhOh3dkyPj/z8hG0yex62yfwUZzgQVHQrG7PHzEUKNWTPt9wnPtwJI/YkJlBeQj4ZCcABLsR+6BJJPYhMAAAAAAAAAAAAAAAAAAAAAAAAAAAAAAAAAAAAAAAAAAAAAAAAAAAAAAAAAAAAAAAAAAAAAAAAAAAAAAACms17i2+gqCRfcvUAUt7pcmae4lOSlJ/E5x/uGQ1b1Ca1QdE7Geud6MUuY64UWBEzjx5K+Eo/iNeUbRTVfUaE3cOpertwU6VLy5+jKKso7UYjPJIMy7mRYGPet9pYhivtUpPg6TVMSWP1mSVnB7TMhUYd8X4iUSiwWDx37jjC6NPdW9C9SLTuml6hXJc9qv1FuJOgzJJuqaJZkWcefn3HZUBe5CjzxnjjywR/zGRjbVGv0z2iVStuBMKbvcgNJ4KrU0U2C7UXnEIajtrdcNXYiJJmNVdPnUXRddolZfpqUsPUec5FdZNXJkSjJKi+R4MePq1vKRamkFSYpzy01GtqRSoaUlkzddPHH3FkcW2O3WejnqQplKqUhz9A3Cw02t5X2Xd/2z58yP8AiK1tjhJHc6f02GVjTk39f2R9PkmtST3H58fyFVOeSPuPDS5jNQitSWHPEbdbS6hRdjI+SHuI+5izvaOJKLg+1/YpuLWRpSg+/wAsjROvlQ16tyFPu7Ty86XHp9Nh+KumvUxLq3FoIzcPcfPp5jfBtoPBqLsMX1KgtT7LrUdxBLJ2C+nafn8BjXbvtejdidiuj5FtbOZOknrRe1VkHZ2pMmPCuRSssLS2Tbb5Hngi+WC+o67YeW4Rqc+FSTwZY/MfJindPlw1LRCi616bKllVoDj7spDJmSzWh0+U/JODzgdedH/VdH1WpCLOuuV4FzwmybUlZEnxyLPJfMsFn7xWqyHvtmek6x0iqW78B7SXKOgNSbVqF6UM6VBumqUFed3vNPWSXM+mRx/YNL1kuzqFuPSS7dYbp/QluxPekuMyfBW6gzTjJl95judv9Y1lXxJWXOe5cdjHL1ioTG64b2ZWXwSLTYdx6n4zZZ+gsTXppnDwZN1SUlydM25S00WkRqUmbIllHbS2T0h03XVEXbcYu6fMxSab27j3GrJ55MVC7H6DZ9kc/lvknAAEkkC7DHr1ojlw0SRSWarMpq3kYKTDc2ut8l2GQkfkKEhO7byZY+YExfa9nzp1G1B1+0010pui9K1cqEqFU1RzYlSmm3XUIdNXHP3De1yWL1RWvT3K9ZGsJVqcy34p0+oQW9ruMZIjxwNGdQzKJXXhY7ewl4XSyPPp4jg+gqkbIpqSajzu4+ZkK9fO0mek6hKFVVOoLlHN3Tf1evapXDL06vyjFQbsgLWhccuUvbODx+X1HTzLil5PywQ+bjtDXJ9oM1HtTc2UeW3Kl+EX7BI/Wln7zL6D6QxCWRGSy/ZI/wCIyql7TOf1TFrolGVf3R6TGHal1e/6NQfedO6PTqlUt/8AYznzabNHnyRdxmP7I8VSShTBkryI8Da+EcytKU0mcf0nryuBy95GndV0kqL1ww3VtvR4DxOJ+HzLJZGWzOtZqjqJFe0bvuIeOTKn+IRfQaC0Mhs17rqumahtCihHIyrHmSkl/MfQORBY+BDiCUk/7hHkhVq7rN8nb6nXjYc4rt+xoKw+unS2/bzgWFBh1uJVZz3gttyomwyMyPuXlgdGsOu71JW4hW0i8ufMaprWgFkTNSaBqTEgNwqjRXHXVe7tkgniNGPi9edo2owg0pPcWFJ4Ufrx/wDsbqm9PZysrxbXh+5Tq1XiUeE7UahMaixWEGpx55ZIQj7zMWem37bNZQl6kXBAmtLL4XI77a05L8fvFzrVFptepr1Mq8NuXHkJ2OMullKi+ZD5m9Wej8bQrUej3NRDnxbLq0kveokWS42mPyRKLg+M7vyEWWuC3os9PwoZk3By0fTuNLckpNaSLw+DSovP+IquOqSafjIkmR9yzkYHozDteHYVKK0TWdOdjNutGp83lnkvNRmZjBerG6K3Y9jHelDv9y35NOQsmmExm3imumZbW8KyeeD7eozjL6e5lf8ADvz+E3uiQW7aaiMxUSZqyOX+neu9VF5R6Nc2o79Bp9MlJ8RyGUQykG2ZcHku2R06wtSyUZlgZ77ltGF9XilrZXAAA0gAAAAAAAAAAAAAAAAAAAAAAAAAAAAAAAAAAAAAAAAAAAAAAAAAAAAAAAAAAQV2FNw+yhUPsKT2SUReWDEr2RL0che0StOvVfTGm3BR2HHkW/U26jIS2jcaW0Fy5j5D09M/WdYt/UKFb121KPSbjabbaUh49rb54MicQfzIh1DVqbBrEF2n1KK3JjyEG242oskpB9yP5DhXXj2fjqp0i5NHpngOuKW/+jXjwSVmZHhtXci+WcCpkQnGXkj9j0vSrcLNpeLlfTL9TumKuDUkIcPwXknhxJpwpG7n4iMXJrYRqJI+U+n/AFFa99MlfboGoMGov0plSG3Ys0jVwRkRGy56Fk8/gPpXpdqPQdULWjXZbsonoslJK4MsoPHKD+7Izou8q/cpdT6RZg6mnuP6mZl5ChIUtONnzFcvIWyvT2aXT3Z8lfhsx0KccWfBEREZjd3dvJyYR75JHN2o0j/Kf1PWXp2le+nWky5cVRSR8G5wTKfwyoebrs0eRqJpcuv0aMaqxbZ++RiSn4nGywakFj7vyGr9I6b1CagXVd2semkuhRYtxzzhsyqg0brhR46zIvD8sHkbTnaW9WlwRzh1vWqgoZcLw3GWaKgsJwfGcCvJu1Pg71LjiZEZKXo9nQ5rYepmljdFqMpK61bWIMpKuDPGdqvpx+A6ZZPJqyeR8v7TZuTo36lYNNuGorkUWtkSXpZM+E09vPBmReqTURfiPppRpLM6I3OjveI28klpUXYyPkTjzbTTNfXMNU3K+n8ki4mLLdccn6HOLz91dx/3Re/Mha7iSZ0iWlPdTKy/IbpejkUtqa0c19A7aJmgpU6QROIYqkxk0q5LZuyZfUzGk+rTpprWmdxf5cNHveIqI7qJMuLDySmFkeTcIi/Y9S7DdPQCrbphXYXb3W557SS+RbMEOlKnTIdShrhy46Hm3W1NqbUWSUky5Iy9BXlV3R4OxDOngZb/AEftHP8A0o9T1I1st1NLrElqLc0BtBSY6lF+uQfHiI+gtdHShjrkqhNqymXZjXPmf64z/wDsSOeupTp9u7p2vJGs+kHjopvjm9IZZyo4/njH7hn5eWBlPTfrHG1k6nadeLbamJL9poiSkfs+IhZmZl95mf0GmM5J9rOlPBhOE8rHf0tf4PoA0pXxJPyMeaoTHIcdchDa3CbQpw0Np3GrBdiHobzyo/PBn+Yi4y27jxEZx2HQj6PIx49nOE7q+mxZz0VGi19OpYcNvxEQPhcwfchkmmvUjL1CumPa6tLrso5PpUr3ydE2sox5GY3N7kx5NoIvuFRMVn9zseRhp9xvssra0kVGTWtOXNuf7vYSylKJpW3vgVEpQ2WElgUpH2du7HBjL7GpcyPmx1Azq/8A58NIkW3SkVWpQDhqjRFOeGSthKMsn942TrH1ca36b0JuJcWkhW65Ny03UHpHjsJzgjPjsZfMYdU3iqftFUtunuRGeaaIi8sRyP8AiZ/Udha46U0XVnTqpWfUYzalyGT92UovsOlnB5/AUau7tn2nr866qDohauNIwDpU0bteg0l/U5+tFcVxXSkpkmqfspSss+G2XlgdGMoJO76D5/8ARJq5WNO7xqPT3fr62nmZTjdPddPjxCM8oyfkou33Dv2O4a9yjPOTL8DxyQ3YzU4qX3OD1WmdV/Pp+j047i21lWyG6vtsbUf5C5eZiy3Y8UWgzZJ8E3HcP/wmN8uVyUKVuyKX6o+Y+g87Vj/OGvu4dK6RSapP8eYTjc900pPLhYwZduw6ZufWzqqtC35VZr+jFIW1BYN1x6HPNaUJLGTMj79zGtPZyxzrF26gV+R8RvOtGr5m4bhn/Ad21OgUuuU2RSqnFS/FktracQfY0GWDL6CrjL6ZaZ6XrmVXXkqDj9kYB081C6bj0poVw3tMKVVarGKe7tQSUoQ6ZmlBEXHBYG0m2y5HholDplu0yLRqPFRGhwmER2W0/soQWEl+BC4kRF5i1BaXJ5iyXdLaRBTSVYz5dhqbqS0lg6taZVW23o29/wAA3Yyv3XC7DbWOw80tJqJKN2Czk/mJa7kZUWuixTj7OF+h/W9Nq27X9LtQqj7nKs7xHt0jj+roMycMs9z7cfMZvZlt1rql1CRqle8NUexqI+tu36W4WDmLyRnJcLzL4SxnjkaB1Lsig3N10s2jBY2Qpb8dVUaacMvG+A1OIPHkeS4H0hoVHp1FpzFKpUZuNGjNIbbbaTtIiLPBCvRPbcWeh6xGrFcLYe5pHog06PHbJDbW1KeyS4Ie5KCJRqSQmTghMLPo85Obm9sAAAYgAAAAAAAAAAAAAAAAAAAAAAAAAAAAAAAAAAAAAAAAAAAAAAAAAAAAAAAAAABSWnKk8iqJFp3GQAwPV+95mmdiVO86fR11RVMb8ZyMlXJt5+I/wFysm7aPfVvwbnpL7bsSoRmpLS0n23kRmk/mQ991UlitUmTSZKCW1MZWwolHksLLA4xsHTLq+0GqlQpVjJolftZ2Wt6NDnSTy2jcZkSVdyLk+w1ynIuVUQtg23ydG68aRWTqZasuNcNNZN1phxTUr7Kmjx33eg0f7NSPUImnFwRVuLcgMVdbUVauN2N24y+XYZLU7P6qdYIarevSp29ZNEk5RKTR3VvSXmz/AGSWvOw/ux3G89LNOrc0vtWJaVrxlMw4DaW/j+2tXmtR+ZmMFDUk0i3PLccR48nsy95xxHKeeO2ORzd1x6tN6f6N1ODEmJTUK2XuDLaVJNREsyJZ4z5Ef5jpJ5slJ7cjS1wdJuj90XK/dNyUKXVZb7viGibOdeZSec/C2Z4L8Bsmm1pFHGlCE05E3TGm3qRo7Z1BokuIakUpp5SEOpUs1rLK8pI85yZjbazXg9+TPjG0j7+ncYZY+humuns0qja9sRIL5EaUKRn4SxjBZGeGy2avwCCetGGTOM57Rwv7QR6x7yoTFKo09Mu8KHLQTUaKwtx1sl4PBmRfIuwyjpG6ja0q2KVp7qFadyR6uyaIsd5VMcNpxvGCM1eXl39R1Y9aduyJaqk9Roa5a+VPqZI3D/63ce+PToTGfCjp+hDCNTjLZes6n5cSOM16PQ24tSjJZp/Aa21mvW67XpyYVq2HV7ilVCO+ltUMmybYXwReJvMvX8jGyyQlPbgU3mm1ltV2PuQ262c6FnjkpaOJOlctetGo1WoVzaNVGVHrdXXObejymUlHNwz8Q3Mn8k9vQx2tHV4raFuZSrBGfPYzLsI+6sF8SUFnGBVQ0SVKV2yIUGjbkZP4ibbWi1XFQ6dXqa7TKpETKivoNDray3EaT+Q5O006Uqro/wBSrN324yS7Smx5anD3cx8oySPxPH0+Y7IU2lSiNQpqiMqSaFJyR9yDtTe9GVGbdj1ulPhkWfiTlXJ4L7xXJKcdhTSRF9kVC7jIq72R2p9AwQiAAh3IYVqVVr7pdKZfsK3oVWnG5tWzKkmykkeucDNhRdaSpRGBlCSjLbPnpF0A6noGvKtdZdu0KZKcm+O7Cj1AiPwtpIIk5TjsQ7dserXDclCTULstdygS9xtnEXJS8ZI8jyRYGUEwjxCPYjjguBOTaUqPaZkXbvwMKqlVv9y5lZ8sxJSX5fRxN1e9Lt43BdFP1V0hY/07EcJyQwl3aby0KI0mX3ESvqN2aF6k6v1hhiiao6UVSiyWmSN2peK0bCzL1IuSG7FtIUkjWnkQbYa54/8AJDGNXZLa9C7PlfSozWyHjuFwak5xkvmNG9Qmu1Bs+2K7b7BTXq8cFZMR2oDriTWssfa2kRje5tNKUSjRyXYeOZTYUhSfGgtunjBKUkjMhNsHKOkace2FVqnJej5u9D2rdn6H/wBJYupkiVRHKw5EcZ8eI6RbEE7kzPHH20jr1XWJ0+oZN5GplKUnONpEvd9DIbWftO3ZhKRLokGQgywaXWEqz9SGGVnpz0WuB03KrpvQ3TznmIgv4DTj1uCZ0MvNxs+922RaMQ0o6l2dbNRKjS7Fhk5atEYMplScTjxH1/2ZN/gShvxhzdnnyLIxCwtKbE0zivQ7ItuFSGJCyW6iM2SSUZdjMZgy2hJrUkvtnkxYTf3OdkSrlJeL0VTIs7sjw1J7wG/F5M9plge5XkQ1pq5RNU66zGjad3dS6KnY4iUmZAOQpwzxtNJl2xg/qE20uDCnXkXd6OLdJJMe9Ovu4rgQZuIiLkbTzxlDbbeS+hj6KQ2kpQazPuOFtN+lXW/RTUZepFu1KjXS/J8f3qM6S45q8Re4zIzM/mO2rZmVWdSIz9bgtwpq2iN5htzcltfoRivRFrbaOv1m2vIlDx+ki9AAC0cQAAAAAAAAAAAAAAAAAAAAAAAAAAAAAAAAAAAAAAAAAAAAAAAAAAAAAAAAAAAAAAAhtIxEABIptC+5ZFP3RncS9pbi8xWIsAeDMBtr0UyjtpPJdxOSEl5CYABKaEn3INiS7JEwACXCf/JhsR+6JgAEvho9AJJJ7EJgAjQEqm0K7kJgAkkJtBCO0v3RMAAhghEAAEu0v3RHBCIAAAAAAgaSV3EQAEuxH7obEfuiYABIpsldxFKUp+EiEwACGCENifQTAAJPCR6CXwECqAj16BLsR+6G0i7JEwCQQwQkUy2vBqTnHb5CoAAopiMpPclOD9ROhpDf2CwJwAAAAAAAAAAAAAAAAAAAAAAAAAAAAAAAAAAAAAAAAAAAAAAAAAAAAAABDJeoAiAAAAAAAAAAAACVWf3sACYBAjz55EQAAAAAAAAAAAAAAAABARAAAEpmfAAmASkZ88CYAAAQAEQASqz+9gATAIZz2PIiAAAAAAAAAAAAAAAAAAAAAAAAAAAAAAAAAAAAAAAAAAAAAAAAAAAAAAAAAAAAAAACQzPyGg+qLXi7NGf6LxrPoEGqzrhn+5IalOm2W7jHJDfZlgyHG/tCEIdc04jOVhdKberpJOal5LZslx8WTGm9uMG0dDpdVduSo2euTObd1K6sptXgM1XS61Wac68hMp5mc6pTaD7mWR0PHkrcSZrNBn/dPJDkWxrZtmi3FTatL6vavUUtPbigvVWObb3/AMvBcjrSKo3OfI+cdywfJGR/MZVPceSM+uFdmqyrJdfQgzJZIMiP9nI5Rk9TWuld1QvCxNO7Dt+px7XeJBvypS2VLIyLBY+o6tlElbKkpwSsH5D5/WdaOoV2dR2rLFgXz/RyTElI95T7uh03SNJ7CMucdvIYXuS4Ru6Zj02qbtZv7RnqUuy7dSpmkmpFnt29cUeL7222w74rbjfHOT+/8x0Sw4twlbuOfkOIekSGj/K/eH+U6pPydT6Yfui0yFkSXIfODaTnnP3eQ7XgK+2rzPB9sd/IZVSbXJXz6665rsPPcNWTQ6VJq7qjJENlyQ4SSyakoSZ4HKVB6nuoPUelzb10005tybbcN5xvw5Mtz31/wzPd4aUHgvxHUd2zYNMt+dUaqw69EjsOOPNttGpakbcGREXqOFYdp6MzKTPv/RbXWqWJ4jjrzlMelk2ZSC7kbK+SI/QvUTJs2YMK7E01ydnaQ3xWNQLLg3JXbclUGbITtdhSC5bUWfx+ozg1KLjPI0D0a6kXhqbpOitXmpt2bHmPwkSkN7SkNNngnOxd/kN9qJSlcKwNkSlkx7JvRpLqU13rmi0e1ZFGpcWcdfrKKW4l4zLYSkKMlFj7iG6YT6n2SUtRKURfEaS4zz2HI/X+3tp+nO95Cc3bHIjz2PYrH4DrSmEomiSrjguCLjzGqDe2Wbq4RohJey4AADaUiB8HkYpqXdUqy7Lq9zxGm3nKdEckJbc4Se0s8mMr7DWvUGkj0jupR9v0VITz25SMZejbjxU7Emc/2j1R9R9xWgzqNB0gpE6gOoU4Zxpize2EfxHj5DoHRDWag632im66GlxkkunHfjuFhTLyPtJMc4dM2s2mlg9M1LZuS7KWzLhx5HiRfeUG+peeEEgjyMq6BqBV4tn3PdlQgPQmLjrr8yJHcQadrOTMjx8935DGHs62Tj1eKUmtNa0dWJIz7mNP9Tus9W0QsFu7KNTWZz6prEXwnc4wtRFkbhLzyOWPaFqSnRZhxayQn9LRC3GeC/tCEzbS4OZixjK1KXo6QturPVihw6o+lCHJLDbxoSeSTuSR4HuecdSn4TT2PyFg0/bNFn0nds5gsHlJ5LlshfZJnlKPCNXfzGcNtcmq2C8rivRz3q51GXnQdUGNHdMrYp9WuFcL35xypSfBjttmZkksl3M/5C66Q6wavV68Zliao6dN0mSxHKQ3UacpbsNRem9Xc+31GtddqdoPe2rzFtXJctTtC9KbD8WPWG3fdUuN5z4fiGZIM+fMWfQ6+b0tvqGi6Pw9SF37bMuCuU7MWaHlRDJKjIlOFx5diGlt9x1/BU8fuS9Ha7bi1Ee5RZ+QsN8VC6Kdbc2daMCPPqrTJqjRpCzShxfoZkL0zjararPPAllbPhJXJc8Y57DM464mccTeqPqXg6jQdLZGmVslcFQirlMMHNc2GgkmfJ5+Q6g0uq1+1i1Wpmo9FhUqsrUrxI8Vw1oSnJ45P5DmK8WVJ6/7OYTyR0GQvYRln+zd8s8kOxIeDbPHlj+AiHsv5njcI9i0V1KV5eg536i+oO+9L79tCxbEtmnVidc6ZBkiW6pvabfhlxj/AJQdDn+8OJusum1itdQOkVKt6tHSqnIcnFHlJSSja5Z5xnki4z+Awum0uB0yqu69xt9aMml9U+sWndwUOPrLpvT6bSK3Obpzc2nyVO+G6s+NxH6+X4jq9l/xm0uJUlSVkRkfyMu4+fNxWrclD6iLStTqHvGTWrfdc97pEsmvAjuTCMtpO8kWeeC+Zjv6Gna3wRknajB8bfwGVUpNcmXUaqYKPiZXeddSk8Hg8Hzt47DSFk6+V+5+oq8NGZFJitQrbiImNS0me5wleD8Jl/2o3a8klJL/APEcf6P7f8+/VVG5BOLozZbN3PBxcefmX8Bk/ZWxoRlGXcdjNuKWnHmXfIxzUe6nrNsusXPHZQ6umQ3ZJIX2UaC7DIGk7dx98nkYHr0g16R3YZINRopMk+C5+wYibaXBqx4xlalP1s55s3qc6l7wsktRaPpla79HU247t9/cS94bZnuPBjfnT3rHD1w0/j3vEguQ/EcWw6wo87XUHhWD9Mjh7RmybUuDRGnSat1GVO3/AB46yepqak02hteTyg2zPOD+Q6T6DLnlV7S2oU1dOjtRKNU3YcSUwySEy28n+s4IiPsXPzGqqcm+TtdSxaaq26/2OmzznaNLdT2ulX0Ktqj12k0iPUF1GqNU9xt4zLaSyP4iwN1J7mOUPaF02ZI0vo1ZYjOOx6PXYsyVsI8k0SsKP5cGY3TbS4OVh1wtujGXo21rXqpV9MNIqpqNCgtTH6dGRIKOrhKsqIjLPyGTaV3jJvuw6Jdc2Ohh6qQmpS22zylO9JHghy91Pa3aeXT03zqNQbkp9SqVdissxafHeJyQbhmXHhkfGB0VoFSpNG0mtamzW1NSWKRGS42pODSezzIaqrG3yWsjHrpx9v3t6NhurUhOUl5fiOd9eNXeoDTZVXrdt2FQJtsUuIuSc6RKUh0yJBmfwZ9R0SpJKT8XA1F1VJJOgF9r2kZlQZfxL7fYPuY22bceCniuPlXeuDB9Bta+oHVH9DV+rWFb8K1qohbhzWZS1OkRKUXCc/IdItOOHnJ7hpDo1b29OtmLMk5KCvlJ8f2rnBGN4pSlP2Qq9cmWW4eRqCLLeVfkW3bNTr0dpDrkCG7JJCuEqNCTPGRgvTTq5VNa9MYl81enswZEl1xs2WlZItijLIyTVlBq06uIvgx+i5Jnu5L+zMab9n0ST6eaaaDyn3qQRK7f6wxHc+4mEI/h3J++DplWfIap6gdcqVofbDFbmRHZsudIRCgxGu7z6/sF9RtVXBkocj9dsGoU+Tp/fpQnJdMt6utuz20oNWxs1pPxD+RbRM39JGFXGy5Rn6KdR6kepix6OzfF+6OUtq2PgXKVDlqVJjNc5WpB/LA6X0+vek6iWvAu6gSSep1RYQ+yr9rnOSMc/a5dQGks7RSslTLrp9RlVynriwYcdwnZDrrhYJPhlyM46O7VrNn6CWxRq9HUxMREJxxtRGRp3mZ4wYiv9yxlVwUN60zdx/ZHOHVT1OXDoBWbWhUi22quzWykKkbjMltpbU1kyIu/Dh/QdHL+z8I5G6rafGqPULoxT5rKHmpbtQacQoiPLayaSrg/vILW1Hg1dOrqsuSt9GZatdUBWdpnb+o9ow49WYr0uPHSlasEhDnc+PNJ5G/4ElchvetSTPBEe3sR4Hy+1oZq2lSH9Aqwp06YVfj1S3XzLu0b2XGsmfON5fUfTmkKw2pJN7fhSrPkecjXVZJ8MtdRxaqIQdf3LoAALByCX+QsN7V962bYqVdjNodXAiuyCQo8Eo0JM8C/8GXAwjWBKlad3BwnamnSDUauxESDGM20uDZRFSsSl6Mb6a9X6prTpjFvmrU9mFIkPutGy1kyIkLMsjau9zdnHA5p6ATSrp3pyyXuR75K+LP98x0pkhFbbRllJV3SUfRorqw6g7g0BoNDq1AoTFWdq9TKAbK925GW1K3FjvjA8d2dULcHp+RrZasePOV/VyXFcIyJLi3UtuNmflg8jGet5nxqhpWhSUKJ28oqSbUZfEexXA536jKbUdD4106auJkJtW+HmqvSXHf7GLLJ4jdZLntkyMV3bKDe/R18bDouoTb5PozZ9bkXFbdNrchCG11CFHlGhBZSnxGyVgvqLq4/4akpM8bz4GKaU7T0/t5KCTt/RcbG3lP9mRcH+AyeVu+Hanj970FqL7ltHGsgoWOP2NB619SVds+9YOlWmVrIuS75rXjmy45sYZbIy5WZdu4t9n6/60Ui+qTZGseliKcmvGZRKhSFnIZaMu/iH5dy/Ma6uurQNKetV67b6X+j6HXKOmNFqDxfqCcLGSNXYj5IbrqHUtpci97fsahTzuGp1dfhp/RuH0R8ftOGWdhc/kY1xb5OjdVGFUVFb39zdcdxThHlaTxxwK5c5GPXLd1vWNQZdzXLUGqfTIaPEkSFkZkgvXgjHrtm5KTdlGi3DQJqJlPmtE9GkII9riD8+SIbEcuS9l4AAEkEuCMuwxK/NLLB1MZix75tmFWGoazcZRKa3klR+eBlwgf3iGlLhkxm4PcXo1LE6UunqDIblQ9JbdZeaWlaFoiERkojyR/UbUZitMN+EgsIIsJIvLjAr5zwQh27mC49EynKXLZTcjNOJNCyMyP+8Yx2jac2Xb1aqVxUW3IcSp1he+dKabw4+eMfEYygBJjGTj6MT/yX2EV2f05K14JV3w/COcTf600ehmMmQyhvO01c98mZirkhECW3L2UHI7LxGlxBGRkZH+I1hVOmDQSsVJysVHTChPS3VbnHVRyypWc5P55G1hLz2yAjOUPyvRbKHbtHtuC1S6JT2IcRgsNssp2pT9xC5bUCYj8jDHOQDfd7MZuzTuzr49yTddBjVMqc97zGKQncTbmDLcXz5MZBGjsxkeG0nCRWIsBgu4jSHc2tMiAAJIIZIxbq3Q6ZcNPepVYhNSokhBtusuFlK0n3IxcOMZIgIiMgCfbyjU1P6WdA6fITKi6WW+26jsoohcDZ8Cmw6awmNCYQy0giJLaCwREXyHrIhA8+oGyds7PzMjtIY9eNh2nqBTCo930SNVIZLS4TL6cp3EeSMZEIZIDWm16PLCp8Onx0RIbCWmm0khKE9iSRYIvoK/goM923kTn2AuSAfuYTfGjum2pDbSL3tCnVgmj+D3polGX4hZGj2m+nO4rLtGnUk1p2qVGZJJmXPGe/mM2x6gREI0jPyzUe1PglS2hCcJTghBTSFY3eXzFQBJgYnJ0yseZdUS95VvRXa5CbW0xOUnLraFEZGRH6YMxlKW0JLBJ4E2SEQJbcvZLsT6DGa/pxZVzV6mXLXbciTanRzUcGU83lbGcZ2n5ZwX0GTmeA7kIaT9hSceUYrdWmVi3wzEj3dbEGqIhPJkRiktkrwnC7KI/UZHHhxoraWozKW0ILaSU8YIV8l2ERIbcvZRVGbWRkoskYxun6a2VS7om3lAoEdqtVFJIkzEl+scIsYIz/AOqX0GVCGSAJteiCW0JLaRcDw1ejU+uQXabVIzciLIQpt1pwspWkywZGLgAEGoG+k/p5bPKNJ7d3evupZGx7etih2rARS7epceBEb4SzHbJCC/Ahdix5EI8+ojSM5WzmtSYIhbK3QaVcMB2mViEzMiPp2usPJ3IWXzIXPsQgZJV3EmEW4vaNXUXpo0QoNW/TdL02okaaSt5PNxyIyP1GymYzUdO1tJkXHcz+4Vy79xE+wjSM52zt/M9jBC13BbtGumkSaDcEBqdT5jamn2HU5S4kywZGQuZHyJhJh6LLbNqUCzqQxQbbpjMCBGLa0wyWEtlkz4L7zMXg0p9BEzwIF6mHoPnlnkqNMg1SI7AqEZEiO8g0ONuFlKkmWDI/wFutKzLZsalIolq0ePTYLZqNLLKcJIzPIvwATt60QwRi21ih0uvQ3IFWhtSozyDQ4y6jclRH6kLlnjIhgj8gIUmuUawovTXohb9WbrdK01okecwrc06iMWUH6l6DZTUdpktqEY4IvwLsKxHkMkQj0ZSslP8AMxtIxjtcsG0LlrFMr9doESZUKOazgyHW8qY3Yzt+hfQZGJfhEmKbXow28dI9PL/kwpl32rBqj9PMziuSG9ymcmRntPy7EMsjxmIySbZQSU4xwK2Mhz5iNIylOU0k36JgABJiQwQ8dTpUCsRHIFSjIkRnUKbcaWWUrSosGRkPaAAsFpWTa9jUpNEtSixqZBQalJZjp2pLJ5F6NpBCqIHgPQb29sx257CtK8n6fIuaiRqg5SZBSoank58F4iMiWn58mPHeGldg3+zEYu+2oVUagueKwl9vcSF+pDLiz5iIxcU+GjKNko+meKm0qBSYbVPp0ZDMZhBNttpLCUpLywPSplCsbudoqAMvXox9+zF7x04su/qeVLvC3YVWikeSblNE4X5i02Tofpbp3JcnWdZVMpclz7b0dkkrP8RnuOOQxxwI0Z+Weu3fBZq9aNt3PRn7euCjx6hTpKdr0d9G5DhehkPRQqBRrapkei0OnsQoMVBNssMp2obSXYiIXIBJgAAAAAAAAAAAAAAAAAAAAAAAAAAAAAAAAAAAABDBCIAAAAAAAAACGCDBAAAiAAAAAAAAAAAAAAAAAAAAACGCDBAAAiAAAIYIRAAAAAAAAAAAAAAAAAAAAAAAAAAAAAAAAAAAAAAAAAAAAAABDBBggAARAAAAAAAf/9k=');
INSERT INTO `tbl_branch` (`branch_id`, `branch_name`, `receipt_header`, `receipt_footer`, `date_added`, `date_last_modified`, `file_upload`) VALUES
(6, 'ERSI MEAT IMPORT INC.', '', '', '2024-01-16 03:27:53', '2024-04-03 14:06:50', 'data:image/png;base64,iVBORw0KGgoAAAANSUhEUgAAAyAAAAHsCAYAAAAqxcmOAAAAAXNSR0IArs4c6QAAIABJREFUeF7svQeAXWW1NvzsfurUZFIhCUmAQEhCv3QREClyUZArCtfeC1fB9t2qfmL577VcxGtB1IuCiAIqAqGHGgKhJpQAqaRn6im77/1/a717z5yZOckMZpgkM++Lx5k5Z59dnnefk/W8az3PUuI4jiGHREAiwAhE4fCAiFUPUPo+OgoURHHU+2ZFoWcUxPRf8hGj58DPDh68dawOfiGmPdSMGFBUOk7/j229j3Gs6Iih8vHjOEKMCIoSQ1XpDOj9Yj/irLSag4hn4lgB+PjJtcT0Xn3QOdY7tqrWuZbhQSu3kghIBCQCEgGJgERgjCOgSAIyxmdYXt4bQiDq4xC7fF8Y+xzMM6lgskFD/L8I2WtHGvDvapcK1HoEhDlAzHyBiQTtu4b4pHsU5Kb/EOQjIUGImIQQ91BUIh8pgaELVqAOJCCxgjAiwqJAVVQoiiAUdYlOnTUMVa0lNG9oCuTGEgGJgERAIiARkAiMcQQkARnjEywvT1CCgRmD+rgoiKLhJQTDJNvBmY4k+K8lAf2zHuJotcH74EC+/rF1XaMkRJLF4F8SntP/POtlHIhW1PCi5BwiRDGledL3i/yGpgzMgKTHJH4lMiLi2IOzL/WwHD4BSfYtb1SJgERAIiARkAhIBMYNApKAjJupHs8XSkHzcFIbwycgUZwG7CLDQP/jEiyK0RNSQj/puTiirAU9r6ZJEn6u36BMgz44ixEEYjvOsSQvUyZj4KiXAdF6MzOcpOFBGZ6I6sx6syi0/4EZkIS3KFSGlZSQcfYlgqYPJnP1jk1Zk+EN2m642w5vj3IriYBEQCIgEZAISAT2bgQkAdm750ee3YggQCv+wyUgwztgDNJXAMQFKKinQN33fX6zpomSJcpKBEGAKIr49/QhiED/86F9hXVKqyjrkBIaej8RiXpZmqielIvICxOi9CGyNf2rtQQBUUjvMWD4vifOWVP5mkjWEcMblE2qT0DqKV3qYUvkQ5ZrDe+uk1tJBCQCEgGJgERgbCAgCcjYmMdxeRUDg3gCoTYY7vs9Qhj6TBJ0nYhDzMRAUzUOsGmk+QjKBbiuK7QPyWu0Lf1O77cdB/l8HppqomoTuYhhGDqCQJQ1aZoOw1BAmYtyuQzDMGBZFpMT27bh2A5K5RJWv7Yaz69Ygdc3bOC/Xc+FkTEHzSPtY2JbG3RNQ6lc5nNDrMA0DT4WkYP2He3IZDL9rp12lMtkYGhaDelQcNxxx+OUU05BsVhkLPi6IkBXdYSh0ImYloFsVkuyJREc1+HjxlGIYkOWMzFRGEFRFZiGybhofBxBrIgM0e9BIAgZYcBzQ/+pCmNB2zO+sdpL4AR5E+dbT2tSj+iMyxtfXrREQCIgEZAISAT2cQQkAdnHJ1Ce/tAI0Eo+lR0ZpgmVy6IEAfE8j4NwLSEaFIDrugjsw1BkLgSpodV/QUiq1Sps20G+0ATbdlEul7Bp4ya8+tqraG9vZ3JimiY2bdqE1avXwHEcPjYRldbWVsyaNQuTJk2CaRgs8ibiQDqPkLapkwExdAMzZszAhAkTOJCnAF5TdQ7Q6fzDMER7ewfWrVs3CIgo9DlFI8q36P/F+ZfLFXR1dWP9+vXYvn07NHLLioBKpYxDDz0EU6dNQRyH0DQFkya1Yc6c2Zg8ZTKfq21XGaNsNsvEy/cDJkdUasZH0AShc12H369qGmtHCEufSJ+m8faEv6Kq0IlEqaRz6cv0SAIy9D0tt5AISAQkAhIBicC+jIAkIPvy7Mlz3yUC6Sq6CG5VllBQ0E9kgEgHBfOU+qAVec/3OJh2HReFQhFWxuJVfgrYu7u70dHRwRmN1ze+jg0bNuDxZU+g2NCItokTmXB0dHZycH3g3Lk49NBDmWwQGWloaBDEQVE4E2KaOq/4E3Eg4qHpACUKKMugaoPLltLsges4fJ6ijMtIsjMxTNPiTEM90XcYekwkRNkVEQElIVgKqlWPiQhdPxGq2/78V3R0tOPtbz8Tnu/gvvvuQUfHDgShB8PQ+NidnZ2Y0DoVU6ZMxaJFizB37hy+ZsqOTJs6Dbl8Dq7r8flksyYMk86TMiGUgSKiojPmg8X6wxP+S2tf+YGXCEgEJAISAYnA2EBAEpCxMY/j8ipoFX3gEDqJPvG0ICFUZiQE4fS6rikIQ8APfFCGgVfsPRee66NUKuHll17GqlWrmHy0d3Rgx44dvPp/4IEH4oADDmBS4foOB9xTJk/uzU7QkSjIDsIAHpVKKQqySYaDSpLCiDIDbq8mhEgQZQhS894kedDvkugauVQqydyw1sQLmXAQidF0HVEoSMYgLPTEcjfJflAGhErFiAAFYcTlU54X4MknnsRDSx7Geee9A4ceepA4f9/hLia6QecItLdvx4YNGxGHObiOxzht3rwZa9au5TKyOXPnoJAvcGZjypQpeOe7zmPiQlkaziKpSi82JMAnMkanzMJ2TZCSXsE7zVidPiJEduSQCEgEJAISAYmARGDfR0ASkH1/DsftFVBZz0CtQG0gm76ugEqFRG8OykBUqg6v9lMZUnd3F9asWYsXXngBG9ZvwIwZMxPhtYYjjjgC8w6ehwMOmAXP95HNUCZDONJqBmUtBJkggkCBtwiqRc+PVCheG1TTa5T16LWzSmaOXa1ioE4ChMkF6y/imLMypFtxHBeWleHniMAIR63BWYRICaj7R5L94QYgTMToPAI/guN4ePTRx3D/fQ/gtFPfipNPORlRRKVnAUxTY/JBGZQYAV83ZV46d0SwzAxnbojEpWVsW7ZswfLly/Hiiy/y/rdv34xKpYTGxkYsWLAAc+fORb5Q4PKzyZPbuB8JnTaZZUWR10ug0jlLMz+1N7ckIOP2oy4vXCIgEZAISATGGAKSgIyxCd1bL4f7btfGyDsxSVLIrSoSInDuY8F2rgp8jxyZhNibgu/A96EbBhw3gGnosB0Xhk7aDcoOqL2lTkQcKMthV32sXLkSjzz6KNauXQPPoyDeYn3DQQcdhMmTJyGTyyDTkOfyKdoXHct2bN6ObGVJ30D7p0feNNj+ij2kEtJBWQmRiOgjIcKBSpR6iVRA7QyJ7dLWHnWSGIN4hbD8FWLudJ+iOeFgQLu6O5DLZ/ncqSEh4UelaI7tcdnYM888j7/e9lcceeQROO20t4jyKMriUO8RPi9qREjnnDZWVLlcjK5TdFMXrUGINKTEjwXoAJd3EVGi0rWXXnoJTz31NIvlSTuSzeYY4+NPOAGHHHIQkx2aU0pw+EHE2RXKzpDQPi1ZoxK5MPaYjDU3N/cSn9QcIEWVO9KTyzA3TxTuX4xvnfutLt576wdInpdEQCIgEZAISATGEAKSgIyhydybL2UQARkUjKdnH0KJbCYeRECEgFqF5xGRsPgnBcC08m5olHEQJVcU2ZOQm6JNem3b9m147bXV6OzowAsvvIT16zbggNmzMWXKZC4RmjZtKvafsT9y2Qy7PtHwowCOIvbPATXrRYTbE2UeSDRNQTmJ1XMUzA9IOux9K/R0/gGfLxO5WOWsR7GQw8svr8bvfncjWppb8cEP/SOoEi0tX0ttf+vdT6kjWC/hSCyGB27b1dUDw7CQzWT5JcoIVas2C+ZJnP/qK6/i9ddfR0+pGxPbWnHALCptKyYi/ckoFAq97mEiy6QCWsii/lwux3NM50C/DxxRIPQ+KcFgAkJctpeEJL1Vesni3vzJkecmEZAISAQkAhKBsYeAJCBjb073yivilfLeLMDAcqHav2nlnXQDbNqaXIuwaiViQIJp3wtEyZNmwNB0ZPNZVCtVdHV14Yc//G+sW7uW9RlNjU04eN48LFiwENOmTseEiROQsUwORF3PY0cnWmGnbACv+qsqXC3mDAcRDQrIiXiQcJ3F37S6TpmBKILJf/Ufe5tI2g9cOLaNfL7IRIrKrkho7wchbvr9H5gQnHP2OZgydRIyWZ0vppZ81MuqsHtV0mgxLS+rd92kmyE3Mcp4ZKwMzx1lREhzQnoaoQ8JsWXLZnR2dWDVyy9jyZIlTCyamptRLBTwd8cdh0MPOYTLtjRdw+ubNrD+JiV6tG+27a2ZBi5GowxI8hxlZISjl8iIiJESEHpCNkHcK78w5ElJBCQCEgGJwJhGQBKQMT29e8/FRaD+EMNpBgiErInoK/GhINFPMh+UhYjCmHtqdG7egheeX4GNmzbhqaeWo7V1AusNpk+fzg5N7GZlmRzwktiZ9BS15MKwqO8GdxHkc6PjRr06DhGm9trDivC8N3it0xC8rnB6T84AuVFRxiCTyfJPKnPq6SnhL3/+C9ZveB0f/MCH0NbWhjAi/UqfwHuofhsDXazq9eygviuiC2LiPhaKXiHcnNGPOFtF2pW0DzvNC5VXVaoVbN26FSueX4FNmzex+xY5bJH+hTJYJHaf0NrKlr5EqqhUi8rBKEvFTSHjiLU06TkS+RAZlKQ8jtNWaXd5umZJQPbkPSqPLRGQCEgEJALjEwFJQMbnvI/6VVNGIYoHu1YNEmRDQRALzUKqj6AAl1bMN2/exv0uli9/GsuWLcMhc2ejs30HzjzzTBx22AJ2o0ptYSkoTfUa2WyGLWGpkR65XdFqOD0ouCWdAZGaNCgN4uE5LfVfdxdwDhW4jzboVK5GTl7c60TTOCNx3XXXsZ0uZT4OPvggdHWXkM1YsDKiDK2WTNS7nlTvMdC1auC1xfB7+59wOZSqMYmkjISuCVtiyooJPYmGSqXCf5MzGDV7nDChlQnK6jWrsXTpUtx99z2IITQ4p59+OhsETJ06lcllSmzo3On1jKWzgxfrZBTKWMXQ9DQDMpCADG++R3vu5PEkAhIBiYBEQCIwlhGQBGQsz+5edW0RekpdHDBSUJzPFTjwD4OI+2RQaRCTEUWB7UXI5SxUKn0iZnJYooaCNObPn89B51tPPZmJA/XbIDJBASjtv9YdSwTUtPquMOnglfdUXJ0GqUjKrsIYGaPQawc7UAtRz3ErhXhnr6WBeu1UvBlEpV4WgsrWKpUqB/UkoF+8eDFuueUWXHHFFThg1qxEW+OhoVjgAH3gteyMgKRkKz1mve3CyIGixEl/krSzuRDOC91OYi7gh6z1ofNL95cSR7ovOHuhafD8AO0dXXieMl4bN7KwnRopnnHG6Tznxx13HJqbW5LGjoDnOpzdosyJXa0ik8309n7pLcWK6TwkAdmrvibkyUgEJAISAYnAuEBAEpBxMc17/iIdp4qOju1cz0/9JNraJqGjvRPTpk1ngTI1qyNSQav2nd1lvLxqFZ5++imsWb2a3a5OOOEEzJlzAGsKZs6aCbtqI5OjEqr+ehIiNZw7YeIhshJUfpWuiAtXJCEuZ/tb3kiQFCVWkVGEaLp2sM1toh9Ig20yp021D/WC//TYO0N+pElI2rW9/4lT53MSbWfw1FNP4U9//hPmzJmDSy65BD093WyRS80Vi8ViXZeo3blrKAMChEnZmgCPXc161RnCOEC4aA2nEaHCjmfZrAHiql2dnVyGd/sdd7Dmp2rbaGpsxCmnnIJCPocjjliEjvZ2mFyCZwndSDLPrO2hcjAmQbIEa3fmWb5XIiARkAhIBCQCfwsCkoD8LajJ9wyJwMCgnAiIa1c56/HoI4/i5JPfAtPIwHF87s5Nj1dWvYqHHn4Yzz73PAfNRDrIqeqgg+ayyLy5pYk7aoeRzwJ1Kp8aREA4iyJOLy3JSQNOJhlMQJIyHN6uT5eikL1tJEqR+hOQpNFfja8rddiga0lJCBGAWjF2KtCuRzR25TI1JLA72aBeU8ZyyWZnqRdfXIVbb70Zc+bOxllnnQWTMk6Bx05TpBMhTDOZwW5Sf+u5MPagjFat5ic1FagVfvdvPrir49GMUfd2Kifje4DslqkHConMo4izIqtWvYIXX3wBr6/fyCVch84/FMceeyxjUCwWkrIv0gGJ/jGUYUnthIe61pEmjEMdT74uEZAISAQkAhKBsYyAJCBjeXb30LXVNt/rPQXOOoTcRXvjxs1obZnAtrCqZqB9RyfKpQpeemkVnnnmGfzrv36ZA0wSkLOIOKYyLer8HfDPiGyOaD2dOoIP0LXTthzq1pCFtNyHXovIkpZLr0gXkJbfpLoABUhsY/szEFooT/puUMAbhvAQQk20FbQtnS8dM7WyJUKS6iUGukS9GQSEStAGMycdq15+Fdff8Fu2t7344vew61d3TzeKRSIcMYuzA8LaHJz52Z3bJ+bsB2FNuCUZEK596p9xIC7Ym4ka4oCuTwSESIPYB+FI4noq6aNeLaL8LsSm13fg7sX3YM2aNejobMf++++Hs88+i/uHTJrUxqV45Uo50b5QFq3/2Blp3B085HslAhIBiYBEQCIgEehDQBIQeTeMOAJp8F2748DzoWsqerrL6OzswoNLHsbWrTuQzeSxfPkzXCp0zDHH4pyzz8b0aa1obCqwPsT1HCYdREQoYKYAmkppqJGg0u1Bi/qb4VJZDTsqeS7CQIjeNY2CVpKNC7cktm5VqFt5KooXJUAhvdbUMAgPuh4h4haBL62g23EAzdB5FT0lINyZvCYrkjZFrEdARtqylxykBo6tW9px/fU38tOXXnoJ2tomgNypWO+hRKyTyOaySaf0kdVCiPlKR0pAEvIxoOJKeGENPaKkhEp0fheZLCIgVJaX7sFzXWSMPKrlEKVKCRvWr8err76Cp55+iskWZUTmzz+U+8BkMgapf/odeGfkcKTna+irlVtIBCQCEgGJgERg7CIgCcjYndshrywN2uoFgGqYvKoAFONH3Jk8WdMm96JEyetR5+vkNVrw1qkCiha+A8oUROCypjhGubMTHVu24bbb/orXN7yOiRPbcMLxJ+CQeYeyTezrGzbikUcewbrVq5FTA8ydMxsHzzuIO55v37GNu53T0YlUUOk+lRE9ctu9UP3+wSt3L7er6O7uQaVSZrtWIjKU+dB0nd9HwuRCIc/dz8VICIim4JgzTx2EG4nc6UEr6A2NjUAmg0BToBg6VLJ3pQaFCU5UFqTo1Lckhh/4UDQDOlnFsgaBcy+iMCmRQ1BCho5Oi/oaSJCtsFMUESnWskT0jrSld1JWlnCFNJ9AGFMJFpEQw7L4molw/ewnP0dnRycuuOACHHLIwWxxS1kl0ek84P0TsSKipGmDMwFD3kC72EDcU6Jrey8N2Unr8Z1paAbuvmpXYBgmDL4XFARhwMJyIoRERGiOuN+JpyEMANMSXdFd1+NrJx3ME08sQ7lUxvT9puGoo4/EgXNno6m5ifFmi2bOCpFLV4I9Z7WIuO4OGvK9EgGJgERAIiARkAjUIiAJyDi9H/rIR9J3g3BIqozUGNA9sTIcq0DADyprUrlch8TEJol4qS6fOoiHEQLHgxJEKBgWFCeAESrQdBPVrTuw7NGleOy++7H1tddYJHzG6adz742XX34JDz34IDo72xGFAffp8CoV+Nu2MPGgoNK1bQ7kG4p50Hkl3Tn43HKBAT3qHxmS2xEFk2n5E5VZ0eo1EQLSCtDgoDsKUeop9Zv9UI3h5wZHmtQcL2NZKBSLLNzO5nJY5zlonjIZBx1yMBYsWoSZB86B7buwCnlkJ7YC+URT4QaAagCWBYqKq56HSFOhZyxWSTiex6VclkkgVzj4JYbC1xCSA5QOLRVLczPHCG4iU6Ez1WiuIhXdXV0oNjTC9X2o/0+0f/e992LZY0tx1tvfhqOPPoqvna6Zgun+2hnRiWMsibETszQWuKeDSAp1Uye3NdKKPPnkE1i/fh2TjmnTpuHEE0/EvHnzeHMic5RpI1JI+yAHLuqTkma46L7s6OhgG+ChbIvH6deLvGyJgERAIiARkAjsEgFJQMbpDVJLQKhJYH9WCmhexHEpZT9C/kmWpbSiTCvnKgzq3xABDhGHOIapqNBptbvqIqq4WPXsCixZfDdefeEltG/ZBq+7hDyt5XNA53K7ahYBUx2/XWHyYegGMpSl8Oj1iFe3KVimR3dnJ2dSakdOy0CtWWHn4JGJjGh6SEE82bsSAaFAkY5BRERoNRSRlagZsRIj0AY3SxQWv2JDfp+qotM04PF6ORBTl21dQ76hiNa2iZg+c39MmNSGXC6HmfPnY9KsA5AvFGDlclAKOYDKtkhAzYmiiJMEpEnRDSJJCmdVAp9wBYuuefk9laCwtxTpXMCEjAiIEqnwqjYTxDCO8ejSpbjl1lvxgQ9+EPMPO4TfS4G2wdkahTMgfeL9sUdAPLfPNIC9thQFFeqHomkwTYvvDeo70tPdjbXr1uHhhx/m3ijkEHbQgQfhsMMO43tT9BdJdD1qlIjY+9zVaG4GNmWUpVrj9AtVXrZEQCIgEZAIvCEEJAF5Q3Dt+xvXq7aP6tTgR4EIxPvie4UD3igQwm8dGmI/QEwr+KpGXqrY/NIqLL1/CZ5bugwbX3kNdnsncpqB2PMRVmxMLDagoaGBxeQ7tm9D2etBS65ZaCuS7IShaWiwMpwB8T2Pt6XV+8S0VQjIk/ONofNftcPQ6TlKNgScreH3JroMChaJ1LAGJBEy9yNeiOG5lNPpP1KbWCrLoWZ+FGRuJkcvw4BpWayjMDMZ9JRL8MMAfhhy1oZKoczJbTAntnJ2Ysac2Tjs8EWYfsBMNE6ciKa2NqChIJbZoxA+Ne+LATObgWKaxD4QRCFrU+J+NUBiDnoJSKzCKROJi9FTKuGbV16JE086GRddfBHIrYv6p5BIm3qhCLeuvo7ugoiMsQyIL8rLhCWzcEVLiQKRSdEZXYdjuww9/U4le48/vhRLliyBbTs488y34eRTTkGxUIRtV9h5jUTutQL4WtMBJriR6Gkjh0RAIiARkAhIBCQCu0ZAEpBxdIcMR+qbhqZV7pEhdB9qHIMSA5wc8H0utVL8CIHrQe2poGvTZqx4+mk8vuQhrFz2JFTbhUk6BMdDUyYLi4J9EjuEIWzfhgEDGctkYykSRQsNiSiRooDQ0My+7tYUgCflWYJ4UL8O7iABL1ZYm1I7iGDUNrVIA1HKtLDjEusS4sSid0DmhxoWpr1BanaasYS7EmsEaCeKgkAzxLH5f+InZYLSJohs/atr6NSAzjjkUqtIU1Bobka2sQENrS2YOXcOpszYHzNmzcKk/aaheb9p0IsNiAmTjAUnCqHnM/Ao80SN+qibNzRocQiNtDekxWGNjQKnUsW2Ldvwgx/+EIceeije+95LkCnkQH32iLuIDI6wIRaQ1ebAxhYBoblKOh6mFy5cypJsBmFBZVYBNUFU9N7SKtYbbd+OFStX4sknnuD5XLBgAWbPPoCF61SKRyMlIcLGV2TYUuMFUd4mh0RAIiARkAhIBCQCu0JAEpBxdH+kZrPpJaehe//SJhFMdyUWqhToamEMM4qhBzG4Cxw9KjZKXd1YevNtWPnY43ji0UdRrXRhTstU5KEirlZR1DRkoMCtVODAhaIY0FXhJkWlXEQsLNNgxyrSM4jshYJYtTiDkXbBptIhCv64mWASODNh0QZnQGpr8tMeEWmona6Cpz8HdS+HENEPHCJ2F+VWRGSo1Cnisi5K3ERMnOi/jJ50205seSno7UQIP2Mhk8/BjyNUfQ8u2QFrGiqBh7JjY/LUqZh58EFYdPJJmL9wIbKNRbTO3B8+lak1FeGRPISyRCS+pjKqiETqihD5UzkZNJRKJVx7zbXYsH4DvvnNb6JcrqCltSVx7iI3MbKwpRKktHfK2CUgogEizZcgmql2g6aRiEeqD9I1C6qiwfV8vr+yZC6QkEzC9YknnsC9997LjQ6POOIInHPuuZg+bRoc1+XyOsqmUNkglflReV8YRbAsg48n+4aMoy9WeakSAYmAREAi8IYRkATkDUO2776B1vtD6pORuFYlBSoIKauRsBMKpkif0KkE/Lzqh7AiIBMp0LwATnsn1r68CssfewxLH3oE3isboJWq0KIIRSsDMwyhk2g3ItISwohiKtaChwiV3lX3pDM5ZRy4FCoppGLTJAUeyJFJZEXSjAcps2sJCK9E9+usPULzIpTu/cYA6UnymhBl9JG4hJwwWel73iG/KcOAbpqsp7GDAD5tYOrsQ0UlUjQnThyjoqmw8jkUW1tw4MLDkJvQjAs/cCkyzQ3QGxuYgFCJV2ia0AwDtuOwFTBZGF911VVobGzCP1z0HjQ2NMDQTZDbLj0GVKn1E/KPxRIssLx/6HxfFKuIB5gYMDlJ3x2LkrYXVq7EY0uXYs3qNSxUP/zwRViwcCFM02TnMSrps0wLLtsaZ/jzReQkJSGUKRlISCRBGaHPq9yNREAiIBGQCOyTCEgCsk9O29920qT1IJEyRVhEPlICYpcq0GglnUTbVBZFTkvkpRuEKGgGYHvo2bAJ6158EcseeJAdrbq370DOyqDVV2B5ISxVgw4FXqUMI46Ro7+p1p6JQgyXgu9U861Q+VBKOkQZVEouYqjwkOnVeogAX5QbCRKSRPhkl4qR7V3BR2B9RP+RWg73PpuIuvmckzhXaFREyVrtHhRVBwW65MJEYn5F1/kYJD4PKZNCPEZV+DmjmEeJHJbKPYgsA+XIx4x5B+KAQ+bhqBOPx/wjFqEwdQrQ2MQlXVYui41bt+Cvd9yJbe078M53vQsHHXQQAiqRgwqL9Ou1l9L7R20ubOxpQNIMyFCfkphK+AZ7DrCmiTrEU1apUCiyRmTb1h145tlnseL55/n5ltZWHHnEEVi0aBHyhSzsKmX4FHR1d2DixAm9ZVqUcRkoVuf7fSeWxEOds3xdIiARkAhIBCQCYwEBSUDGwizu5BoGlhhxew5ESd5AEBA2nSXXKBLushY6ZG2HReU+jodtq17BY3ffh+X3P4jXX1oFnQLfGCiYJixNh+L4CG0HYRDC0g1kSYQbhkxeSDtCDxpk5etpSUO6tJSKMh4R2fr2kQsiICGsXlJCdU79Beh9BEQjgcMIjwGmWuLM6kWpaXam5vhE4FgOUrP4rsYqazQo2BW9Qoj9qfygViu0b+o+QXqPz8hqAAAgAElEQVQDEtkQEXFJw2AZsBHxg7QgmaYGTJ81E9NmzsT5n7kMxYkT4MUhbrtrMVZvWI9PfPYzaGppgeN6rD1xHA8NjYXefiPiNNPSoLFOQIbOfjAaXJ7V/wZK55od31iwr4J6yyhEdzXRK2TLli1Y+cIL+NOf/oSZM2awhe/CRYtYpE6fMNu2mXTQ/in7wU5mA8bOGh6O8O0sdycRkAhIBCQCEoG9EgFJQPbKadn9k0pr32v31EdAKNshXK2IhJCAOQ5CmEQoSGdetbHtqWfx6rPPY+l9S/DKU0/D7+jG1EIDclQ9RIGb58EPHGiaxRa0LMxlq1vRWU/kAigYFxEeBd7pYrPIdiS6ilgQkFTbQVF6rFjJ+4Xmo172g/c9wEZ391HrO9/afZEuYHAAOdg7rNfWtybtoPhUgqZCUxN3roRwCHwEbqJLO+HgsttVSJp96llBmRJNha+IPixETkJVRU9zG6YdOBeT95+ONZs34p3v+QccdfzfQSNhv25yv4+QdDtNWc6w9KVBkvK7MS5CH+59kArzB25PJINtiw2h5/A8cmKjZoRUshVxyRWNrVu34oEHHsDzK1ZgUlsbjjvuOBx19OFM9FKtCXVpr5ftoHmXWZDhzpTcTiIgEZAISATGGgKSgIy1GU2upx4BoRKggLISHPpSDwnRlyOybaiaAb+rG48/thSP3nc/whUvY+2KF9HTsR1tRgFT8g2IyhWYYQSVSYPIpDgUGOtkTSuCMrKR5aZ//F9NJE7ZjjB9JtF2JLFxqvUQhIVSCGlX7iT70a/8ipmLIDfU0buOaPxvnVJ216ILGDAGd+qmUragtzdHujnpZ0jDUjs0ClxDlsz3FmkRVpQtEdatMQvYVRKxqyH8KCIzXn7Qs1rGgk2WvlGImEieYcJum4q127ahqW0CC9Q/8fnLcNIZp0NtKFKLeMSBj1jRoDRkEVm15xMnLUVSfU0flmOpEeFw578eAUntdFOCQESE5suuejxX2WymV2Te09ODfL6Abdu24u577sFdd92FI488HJdccgkaG0mHo7MdM3Vu7+sPIu4vJp2998rAe24Eb+rhgiG3kwhIBCQCEgGJwCgiIAnIKIL9Zh2KYuY+i1mKcyPWHJAdKVUFCQ2DAi8GKkGErKaxoNz0AhaJo6MLrz65HI/cfS+efXwZOl/fiMmlKlqyeS6zilxf9P9IbGepZCigsiHabUQlRoO7hw8K4jnWHV5pTD2c6q0WDyYGbxbCw9vv7p4jO1sNOFRvE0UqRUv6gThNefQ4DmzXhaIb0PMFtMzcH8eceRqOP+tMFPebitAyoTTkOINCmh6aIsrZEIfRqR8K9b+I6aewFRZqdTneCAJs5RsE3BuGyq42rF+PJQ88hVdWvYqFCw/DW049GZMmTYDnV1Eo5lCp9nAZVyZjIgyoJ43B9XoKNzlM84OUSUyWCFJ9kZyaNzItcluJgERAIiAR2AcQkARkH5ikoU7Rp5V0zh6kW4qyJeprQNoCshdlcXkUw3EcBFUbjfmCsNJdsx4P/fV2LP7jLVj3wotoyuTQms1hYtUBPLLK9WFCQzGbZ8cfFrLTvnoJiCayFsMYu0MYdje4H8bp7fYm9c+Rmdew9r2zUp1aDQqVAZXUmMXsVPLlR4AdRtjuVqA3NWHSgQfg2LedhrMvvACZA2cCBukWAtiBB5X6VmgadwIn0wGdDXzZkaCOU9awTnlcbyTKs6gRp5qUawGeA7z04mu4c/Ed2L59K4459kicdvqpaGoqsolC1a5wZsQwsmzPoHDajfqR0Cc4MQSIOT/Z+6fUq4/r20xevERAIiARGJMISAIyBqbViUPOSFBhTepuFVGTtTiGqRvcIZv6aqi+B9Wu8ur39nUb8Og99+DZRx7DmudWMhlpzmRR0A145P5TtmFSzw5yxiLNR9JzgsIkIiHiQaSHgqXhLdFKArLrm60eAaHn0nK6VLjsRtR/woSuGwiimK191XweHa6NzsBFw9TJmHf4Qsw74yTMPnoR9xghUXvVtqEYJgwqI0p8x6iGTVVj6IlBwBj4OIzaJVDWgzrM07xQJoTmyXUIS4N1OPfffx9WrHgOxWIRkye34YQTjkfbpDZ0d3fBsgrcjFNUKUYJCUlNAtgarbdAURKQUZtSeSCJgERAIiARGCUEJAEZJaDfzMNUYh+eQooBla1paWVbTTqXx36IkMqtDBPwPMRrXsULzz2P22+5FU8+/Agq7Tswq3UyDD+ATvatVFIShmhSDUQU2JL/j6ohpg7h3ElcEBDxHw1htDucIQnIGycgnD/hJoiCYFKwa5D+hMmmCFJJ7wHLRGQasJUI3a6DahCgvVHD/FNPwLvf+14cfPSRQLHIPV5gGNyDxGflCZXoxciaI+8oNpx7Yl/ehptjJgSRsiA6NcakisbOLniui7a2SWzZ+8STT+Lee+6B7wc4//zzccwxR/duSwSEP1sKaU0AlYlgao1M6NCsy7nZl+8Tee4SAYmAREAiMBgBSUDGwF1Ril0mIOS2ZECDGWswIgUh9SYIYqi6her2HVi3/Ek8dN2v8Mzy5Si1d6Cl0ICmbBZBqQKFrHeZvACh48CiVdww5EaB9KAVXqFHSHpMJ53BoUgCkt5Cb0YJFq+PU4CaDCKEJrwk00UUROh7iFBQZ/hQVeArMWJdx9ZsiHbVR6G5GceeeirOuvBCTJ43D8hmEZJbFmXHyMFMAyT/eONfBPSZ4M8IaaoSZywqWUybEKqqzj1ZyMa3q7Mbjz32OJ577llMmNCGvz/vnZg+fQoflPOJMe0H0A2ychY0XwxeAnjjJyffIRGQCEgEJAISgb0YAUlA9uLJqXdq9bIIjhLCjT0oYYycYkILYnjdJZihAtXIYeuLL+N3v/ktlt9+O3KbN6KhWEQxm0XkeXB6KsgoKjTqWE4OWVH/fEateiF18uFzSO11Qfay/TUgO7M33ceg3itOtx6p0RVf9FepEfULBQE5iFEne3Lj0tCuuwgKFgJFwYYdHVh44ol45wfej0OOPRZqQyPUxgYmIOS4ZWWNXj0D9a2oVqvI5XJ7BQb70kmEkStOl3VRIkPl2B4y2SxcJ0B3dw9uuukmPPvMczj77HPwlrecgnwhJwiITpoQMo6gUqwIvu9yS518rnFfgkCeq0RAIiARkAhIBIZEQBKQISHauzaoS0ACB6quwiTrVdcH3IAabyDauBX333YH7r99MVa/vArZSgUH6DrsapWbDxq0cku9QIh00M/kkURQotUelYjQE9w/Lym1Smy3aKE2VCQBeTPvkLq6ED2kDo7kd4yYbYPJWjnpxa6IfhVUzxNYQE/gINYMRFYGHYEP1zLxlvPPx9suvBDTD5kHFPJALoNIF1STVvRJ9E49MPqsY9/MKxxb++4lIFxbJUhIteqwZocyIYZhMb4PPvgQHlzyIErlMs45+2ycfMrJbEZGWZAwpGaSCnRdgeO4yGZJwC6HREAiIBGQCEgExg4CkoDsY3NZtyt3GCAmgTkJxYMQqDh4/Znn8cBtd+DJB5Zg29r1yGk6mlUdDbbLVeXkxEMr6KEfsNCcgiU25EnwIHUAr6oncRRrBah5Grv8itV3IixEQCKZAXnT7qK6ZV0mlexwwxXuJE/NV2gOaVux5k5aEcALPRhZC24cI1B1VFQFmyolaC3NmLVoEc675L044oTjgdYmlE2FSQeVElEJ0c46eL9pFzpGdhzFXsLfU12U6KQumk2qcFyXe8BQlqmrqwt3Lb4HK1asxIyZM3H00UdjwYJDWQvi+TaXZrmOg6amlkHoyCaGY+SGkZchEZAISATGKQKSgOxjE08r1ING1WbhOAWiHa+txtK77sEjdyzG2mefQz6KMbmhAVoQwu8qoyHWeQWWVsnJPjeIQmgkYk5W0EWyg8qxyGiXEym9DyYgRFK4VEtY/YbQuct57ZAlWCN3U9ULNCMtRkzgJ1kQOppOBIS7xvc1b4xjH7lMDm4YwiESYpqwDQ1uxsK6rk5MnDMTZ13wLpx84fkoHnIg63zIapmcnYiIUJAsxxtDIGaDAPEpEkNFpVLhz5xlZRlTwrm7u5PdsUwji5dfehV/+ctfsWnTZpx++mk48aTjYZoaPN9BPp+rOw8yO/XG5kVuLRGQCEgEJAJ7FwKSgOxd8zHk2dQjIJrtAd0lvPTss1h88y1Yds89CDs6MMEwUaDAJwhhxjGsWAccqr6ivgMqEwxqUqdSGRXHS0kZTxwnTkuU4RAPIiIU9PAKexizZoSGJCBDTtlubVCPgASg+SO9hyCL1MBQjSMmhKQN4XaG1GiQc1Pkn6UCRD5UBWVaVy/k0RH6qBoKkM1g/+OOxoVfuRzz5s3jPjGmaXIpVj6f361zH49vJi1H/9HX8T4IfMaWPkdB4HEWy3F8aKrFP595+lksXnwXJk1uw3nnnYNJkyeCCE2ByuQG7jUthxyPIMtrlghIBCQCEoF9HgFJQEZ5CqmUyUXYT3PBleJUBpU2+COHKWpOnVjdRkqMIIpEP48wQJZWUhUNXtVmLYfVYWPFn+/E9ddeiw2rVqHZ0JEnwuA6MMMAahxAI6JBBCS0+l2xoBGDGwkSPUkF6KkWpJeipB2aE+Hz8NrsjTLQY/lwacaJp01kPEgLks5i2k+dyugU7jFBVr0KZ6picjLTNHbLohyXGwTYrito+ruj8Kkr/gmzTjoelXIX8pMnwIkjeNTMMgjZijln5ZiM8n1QM+lcwpeM4bWkHMuTI+akb/QhQoQjJZREQKhJKH3Q45iyVxqomq67p4x777kXd9xxJ04++RR86MMXs0UvZabo/VQ6yZa/XELZH8fafqDp72HU56CWPkfZMlFMKYdEQCIgEZAISAT2DAKSgIwy7hQOOAkBYQF48mDhcEJAuMs40wKx0p323kAYw9J0VLq6kdVM6KqOdS+vwh+++QOse+QJ2F1dyMRAQVNhhAEMKq+KQ6igshAKdjTEUX8CMsqXLw83AggMtys83T9k5yoaGAr6qKr0O+lFBGmhALVTV7G9MY8pc2fh/I+8HwveeiKUlgZUyVDLsrjhITXqjsOYu6n3dqlIAmDWn0gC8oZmNgh9RMQ4KDuViNWJhKgK0NFRwXPPrcBTy59Gxe7GBReejZkzZ3L2hHqPUHNR+r2XQqREREupZ59xBM1vaiKRbmZIAvKG5kpuLBGQCEgEJAIjj4AkICOP6S73SMTCJ1LAWorE8pZ+0sp0LQGh32NRKkXry1Rao4URKjs60JjNAXoG65cuw0+uuhpblj6NiZGGrKaz1oN6eige9QAhu1bKfIR8MFppjWJjlK9YHm6kEdhdAiKybaLDOmkTKpqKrpyF7U4Z1vQ2vOMDl+Cdn/woPF0FLAuhQo5MJgfKqja46SSL3iUBeUPTHEY+W+/2ERCFMyBUipXNkFYEeOHFNbjnnjuxes1L3MBw4cKFaCQ9l6YjCsM+1VbKLHRRVpkO/j6RBOQNzYvcWCIgEZAISARGBwFJQEYH576ggHQTpMFIHaeSiIEICOksKPtBDwoebNZnqDCo9CIMYfohoo4uONva8dzDj2Hxzbdi1YoVaHGAxlCDEkVQwxAW9fWg8o4wITpJUzMq0qGGdXLs2wjsDgGh91JjySQlwl24A01FlM+hO/KxySlDndSKMy6+CP/wyY9Dn9CCiudDNS0YppV06u6PX707St5lu77HothnBRWPWHiXRbEgIaL5oCB61NhQNwRZ5BKutFyTDQfE25NKPCiGzn/0lk6SdishILXERGctl5yhfftbQJ69REAiIBHYtxGQBGQPzB+tXg6s31aoeRwXzHBfZCYjVbJXBWCSzsMLoDoeKq+twd2/+z3uuOF3TETaGhrRFBvQvUhkSkh27IeIKRPSq+4QwQZlX4LeDst74MLlIUcEgZEgIFzyR7EvidcpUEWMLt+DNqEZmz0HXYaKv//wB3HWxRehcfp0RKYFJwxQaCgMkgzV0wDJ8HbXUx2DMiBUGpl+ShX4fsDfC6aZ4Q7qTBY1jUu1uBSTnMx8H77nwbIy/TIgTEzMmuxmQkTIZKJWy0VnJQnIiHwM5U4kAhIBiYBEYDcQkARkN8D7m97KLIOEweLdaXBAASGLvakshlY6VQVOEMEpldBMK89hjMqLq3D1176Bjc8+D3/7DkzJF7jkSnVC6JF4P7uzsg8uraGmK51ivZMyK74y2Ma3XnPDv+na5JtGCYF64f1gGtCnAUlPS2hBBIHp24cahTCUGJ6iwM9Y6NEUtFMfmOYmnHj+O/Duj3wY+f2no7unGw1tE3ilPSYrZ0XhbJ6mk10C3cvCuIAe1PVCkpCd3w5EQEQGpHYuEhc6WkRgIzPKeNCc0TKE+FynqHZ3dTGRIDG6YzswDYOXFkgbYlgmXNeBbhhst52Kz/ukIjL/MUofVHkYiYBEQCIgEdgJApKA7IlbI7GwrS2XoFIJEphSaKBTO+QohlOxkbcyCDs68dR9D2DJH2/BK489joYgQoGsdT0PehRBhwEl1kTjQOHA2ktAqNeHaE1Hq9wRPElA9sSM75FjpgSk9uCpGL32OT2OYFAwrOnwNQ0VRUFJU+EV8ugxNZx76Xvxjve9B+bUyYgzJhTTRBwECOMYOq26q31GCbzeThbANcL0PXLxe/lBYzaG6HOoEqdbq6ZJL0DkNfuNGFi/bh1+8L3v44IL3oX5hx6KQr7Altr0HWJlMtxM0rRMJiEpKUwOUfcoezlc8vQkAhIBiYBEYIwhIAnIHpjQtJs5dxlP16Ij0VmcROdEPoJyBXqowN64CcseWIL7br4Vry57Eo1RjDYrg1wYIqyWYEHjPgIROVyR1WoS1vAqN3U3p0yISK1wmU1AdkYDhsyA7IGbYBQOOVwCQkYFOjmzUVmWqsNTVNiqCjdrYW1PF4ozp+Lt774A577vYsTTp0KjXhYU2MaRICEZs1/5IF2aLlUGu5xh4XM3+LM4OG/ExVWDCMiO7dtx8x/+gFtv/ROOPeYYfOGf/gnZfJ7teqnRYWNTI4IwZAIyUBdSj+aMwu0oDyERkAhIBCQCEoFeBCQBGeWbgbhAQB2sa8uvqBjD9WCqGtQgQuwGUIIQax9airtuuRXLljwIpVRBMVZgeR4yYYAMZT6oJCMKEMcmYsUQBIT4C9mupuuptE0omtRRSUfax6H2siUBGeWbYJQON1wCQrRVUUhvJMr2YkWFr4imhWTHu7Hag7iYw8e/8iUc88H3A6aByA+gZhJb2FymHwGhe5wIyGC/rFG68H3gMFwl2TtSNXlfL5e+1/qXy6VfHKQj6+7sxNNPP4NfXHMN5h18ME4//XQcdeSRqNo2E8NsNotMLtuPgND762mI9gHI5ClKBCQCEgGJwBhCQBKQUZ5MCjW8mNQYSeojseKtdpdgREDeyMDu7sHal1bhj9/+Hl5/aRXcri5MzOWRIzdd24bue6DCCoPciwIfYagjVk0WrsdUDpOYHHHoQnadIREVIUal4HLgkARklG+CUTrccAkI3S+xBugRoNG9Qm5Miso2vI6lomwo2GqXMefYo3DaFz6PE089FV7gwyrkuWO6Zpl9TTQTHYgkILueZCYgvQKwGrrR2+Gx9sUBapoY6OrsQGOxAbbtwK5W8NWvfBWVSgXnnXceLrjwQtaQeZ6PbD4ndl7jjiUJyCh9AOVhJAISAYmARGCnCEgC8mbcHAP1wDWC8yjpLq2RaJRcrhQVkedD83zoYYzyho24/6+347bf34RoxatoNjPI6jpnRKgPiEZlFVyUQbac1B2OROuk/6ASLF7e7NW18p+kN+FMCREQViBLAvJmzPleuU+a8cE6g4HqcLolVHJwpW7qgqVyNo20Hl1OFWZjkZtnbndt5I49Ap/80hdx0LFHA7kcSr6PbEGsstMdJkykI5gyBzIEAxlkhDfgo1n7JTL4M+s6DtspVypVGPRdEob4y80345677sLhhx+Oiy66CA3FRmTyefhkz026HV2hXqbsrKfRLhO9WL+913xX1cm97JV3uTwpiYBEQCIgEdj3EJAEZITmrDaLkPry16460mF63WjCCI7r8ROWZkCnDR0PnStX4t4//BEP3vYXbF+9GvOQR0G32Ms/CHwYhsmBRuqWRcRChClER/oHKVyEVceGSGY7RmjCx9BuNCWGkTTkZpM2snwlJyb+SXGqyJr5qoLVuofD334G3vWpT2C/Y46BTeRYyAyIwQCKT0ojmMhA5VBXjjcDARKb1w6aqa4tm/HCihW47lf/i0q5iq997es4cN58xLqOyFCxcccOFJoaUbAMaGnVV7KThI+Iv6hpaZKglX5Zb8bsyX1KBCQCEgGJgCQgI3QP1AvsU2vS9BBMQGIg8iIYFLjR4rTrA16AlQ8uwWO33Y5ldy6G374D05tbYG3pRlYzQFmTKIzYcrO3sRjbXUkCMkLTN653oyoxdHYqoNszJR99xEM8BwSags0ZFdsQ4ZjzzsGn/+PfkJ86BRHxDOa7EWLFR6SG0BQLiiQgb9p9RULzfoMyoU4FhqZj3Zp1+O8fXgXbtvGD//4RQLbJusZZEI/6iyCGZWhizuqWgokn2cCiTsb0TbsouWOJgERAIiARGDcISAIyUlOdqErTf89Th6u+NmDJ4iJVTVUDxJ7Pmg/V9bH6qafxrS99GcHWbTDKZbToBppMC1F3lb3+OTAkrYgqCrllBmSkJk3uhxe8ewmIcE4TmTuRPqPsh7iXFc6AlFsLWLF1E2Yf93e44rvfxv4LF5Dnbt/NrQSI1QCKZnE3EDneHARIezNwxL6L11/fgImtE2HoJq6++sf49a9/jU9+6tO46OKLoekm8sW8mOK01Ioc95JGh5pKNgQpDRV75+8cOSQCEgGJgERAIjDCCEgCMlKA1hAQFoOnXc25eVgSn9E/6H4Me3sPaH046OrBI7ffibt/fxM2r3wRk3QDLarG/T3gOghpR0kpFQlH6b+0MpwzLjIDMlKzN673QwSEsiDch4KsoNMsCJdhESdhnyx4moItORXKxBa8/dL34e2XvBfWxAm8ws6DUnpqiEgJoWrmYPvYcY3yyF58auVdu9dyqRsNxSK6u3uSVQoF1/7iGjzy8CM44bgTcPF73osJEyYgiH0ousYNJKlRoSjqpGyHWOxIS0hZG8RiETkkAhIBiYBEQCIwsghIAjJSeBIZIE5AYlwW5Arb2yAMuCkbVbjQQ6PKiZIHv7MLt/3metzx2xugdXajwQ+RIyG654BMTYt6Bl2Bz/sR3ZDTVWZxwsJFZ+clWPwuqQEZqdkd0/th3wJqAULko9eeTWG7aEXTESoKAsRwdQWrzQiHn3EqPvLlK9Ayfx5K1QoKDU1MWWIlQkQPNYauGLIX+pt419Qr+aTvmp6eHhSLRf7WiMi4AsBfbr4Vd/7lrzh8/gJc8M53occuodDUgImTJkHLWpTmYNteugn4B5PQxM9CEpA3cRblriUCEgGJwPhFQBKQEZr7OCIyEAvykWRAKEgodfdwN3NL0RASwXADbFn5Cv7w6+vw2hPLMcWwUFq7HjnbRSaMYJLWI/HoLHHv8uGsQA4WoY/QZcndjAMEeKVbFXLjNPikvB0RD9WyUPFdBKoC11DRM3sKPvLly3HU296KsgYEhoZ8rpAQFyIgoteMBZ37isgxegi4XpCUy/VZB8SODytWsOaFl/DL//kpl35u69yB8y+6AGe941xUQh9aJsOWykQ2Y15BSSyCKTOWlteN3mXII0kEJAISAYnAOEBAEpARmmQiG/xQ0NvsL/B9GFRD7/owaS3S9dD1+iZcc+W3EfdUgI4udL22FmapikIUsw2vWIEWmQ2HjU2HMyQBGQ5Kcpv6CPQnIII0kBNWqKmoUBbOMqAXsthql3Dmv16OMy56F8y2ZvTE1IzQQlYjxytBXoh8kzohC00qQEb5hvN9IoBUNpcQkDiCqejoXr8RjbkiVj36OL7/re9gy46t+Mzln8NpF70bvmtDzeegFQvcI4gWPKgPDJEQRY2hSAIyyrMoDycRkAhIBMYHApKAjNA8pwQkzYBQGEfdoqmxm07tyb0QN/70Giy77z7Mb21FUdXw6G23Q+suY79CE+KqA0TUQUFFQMEfq80HON3s9FwlARmhaRyXu6HyPs6AJKU3pPmg7IeWz6AcBbBVYHulhOZZ++Gbd96M7H6T0emUEecsXizPaRb0WIFK/UPILUtVYMlO6KN+L0VBUv6ZiDjUOIZOWZGuMhQ3xNI/3YZfXv0TbNm+CQcedgje8e4LcPI5bweam0DmyUa+wPMutECUFhP9YeSQCEgEJAISAYnASCMgCcgIIUqiUKqjFqJdsRpM5Q70D3/YU8ENP/8l7r9jMU5ZuAgzMjp+9/NfYJKZQTGIYXkBzJjEoApcqHBVqrlXkIl8KIm4fdenKQnICE3juNxNLQGh4JMISKACoakDxRy2lLvRMKUNn/zqF7H/u84GciZsNUKoaai4VTRZeeihwr0lROmWCk3jTjRyjCYCCQFJHfhoPpz2dmRVE5uefBY//fZ/YsVjT2Dy1InYUerE1LkH4H2f+BiOOu1UoFgALAshue4pVI6nsC5IkUZmozmD8lgSAYmARGDcICAJyHCmOq2D2kVERX06Quo2nnSEpk2JVCh+iOt//DNc+/0f4f3vvhjTclnc9aufQam6TDxyYYxMrEAJYviKAldR4LDoV0E+DFgYPNQQPlv7Qrg3jIt5A9eRWoYOhQ+9Ppwj7xsYDudqa7cZ+soVIgwKt8Nk4hyqgK8BvqmjUwlQzWg49fx34OJPfBTK3JnwdIVf9+IQWSsLPQK0SDhopQRG0Sh6faPnKrffLQRCsfiRNjzl746qja3Pv4i7rrsRi3/zezTCRFNTDlu6tqPddzHl0Hk4+30X45Rzz0HD1CmINWG7DJ4/BeouCEjtnSWnerdmTr5ZIiARkAiMOwQkARlqysM6AdyAf23pH2y/7MLUTPhxiJJTgWXqcEsVXNcYCssAACAASURBVP+zX2DHK2vx+Us/jK2vrMV3v/RFTHFLLNDlB5WusOOM2itgp4otKm0xAk2UQoyBIYpz6KqGHgqGV/chKtaHDrBJSTPcI6ddv4c+y71/CzLPHQ71UmFAV7Kgkh3Kw4VqBFuP4TVY2JbR4E1uxueu/DrmHnMkso0te/+Fj9Mz9HwbZbuCbD6PmAwtIkB3Qvzxu/+NP131c0wNTLRpWURhCa4eoV1T8YrtoDBrFg4/+SS896MfwvSDDqCVEziKB003YChkp9xHamp/T3seMV+RbHOc3nXysiUCEgGJwN+GgCQgQ+EWJZ3/6lna1jznlh1kDAtV14aRMbFt82bcdN1v8dozz+HzH/go8naI7//HN1Fevw4TnRKoyIGteWvMSlMDmrT9hyYJyC5nRxKQXd+8wycgOnTVEuV+SoRAjWEbCtrVADuyOj76tX/BKRe9C11xiOaJbUN9YuTrewiBktODTCaL2PehUKPTELjnNzfiT/9zLZzVmzA73wy17MCLHVT1CNsQo/Ww+Tj8tDOwfNXLULIWLrvinzBtzn7YUW5HQ2MTTC3TezW1ayFpmZfoICIJyB6acnlYiYBEQCKwzyIgCcgQU1fPbz99rnbtXYMKu1RBNpfDE08swzVX/xhFVcdn/vGDmJ5rwNXf+A5WLl2GFlVFodLF/2iTaFeJRAFV6qBFa9aSgMgMyEh8owyfgKgwVJO910I15oaDVUNFl6Vi9knH4TNXfg3m9KkIMib0tOngSJyg3MeIIUDfRV1ON+twLD+E5UV45bHH8e3Lv4pwSztaYg3FSIXq+DAmNGBtqRNuQwHv/+IVeOv7LsG27dvxnz/4AcpuBZ+94rM4cP5BKJUraCo29xEQ+i1pEJISkPRFmQEZsamUO5IISAQkAuMCAUlAhphmKt8ZWOQTR4MLetyqC4QR1q9di//81rdhhRG+dvmX0KqZuPOGm/DHa37FhGRCxoLa3c6OV+w6xN0Lk6aCqQV/0kdEC2UJ1q6mR2ZARigDoijQVY0tXIl82LqKsqGi6cAD8NF/+2dMPe4Y2EoEtZCHZUhV8t74LwN9hbTbXcgrKrKRCufl1fjNf/4Aj9+2GFkvgOEFaKWGkXGEDYEDt6kBJ5x7Nv7+Ix9G6/xD4XaXULFt/ORnP8Era1fhE5/7JA5bsBA5M8eXm34HssGGSqYX/WVnoouMHBIBiYBEQCIgERgeApKADIET2eEOUhnUISBxBGxYsxZfufxyTMwX8V///jVk3AB3XX8Tfv/zX0Cr2Jjc0AS3sxON5K2f9A0hIlI70n/Y6adKJVhj5B92qQEZ3gdyJLcadgaEHFc1FYGqMvmoGBpKlo4z3vceXPiVL6KnWkFx2hTsKPVgYkvjSJ6i3NcIIUDfF5VA9BMqvbwaj9x4M+685jpkqi5U1xWZVkODrwAv+zaOesc5uPzr/wGttQWeqsLMZOG5HsLAx8+v/RmeWfksvnnltzBj2gxxhsmiCP9KBCT9O+EdkoCM0ETK3UgEJAISgXGCgCQgQ0x0UENAUq+pKAih0mqx58HUDTKLwcoXXsS//8u/YMHcA/Gvl10OraeC5+9/EFd/40oYtotcFKNomPBKPbB6Vw/J6rJPRs2lWKw5EaREjagUae9eWdS0wSviaU+U/tBGdHH9nuIr474DA0Y8vFX23cmA1EOVi+GG6TtarzRvb/vOqEdABNz9r54uWdFVlAIfaGnGZt+B11jErxffDjQ3Ag1FhLomXK/04c3N3obFWDsfn3QeyWeHPoPU9DQOHJiOj8d/fyt++bUrUSzZMFz6jtLYXldrLKLLczH7zNNw3sc/ihkL58MzVGhWFr7rs/UDZWRtt4rf/O63uP/+B/CNf/s69p8xAx2dnZjYNhFbt23DtOnT+WNLds30OSALcl0fXtnkWJsHeT0SAYmAREAi8LchIAnIMAhIuklqU+rZDjRVhaEbcG0byx5/HD+46r9x0vHH4z3nnofJbVOx7eGl+P6//Du2vPASZrZOQHf7VkxrmQinVIYSUJthIFYp4KW+C+IIbGPKpVlJR/RYEpBdTc9uE5BB5IfIIHmSDT3GEgGJNQXIGCgrwJbQg7XfVFzwiY/h1He/E0pDAchluDlmEAbIGMIVSY49iwAF/bwAYppMRGJaFCmV8dydd+OGH1yFyqtr0UD9hQDo2Sx6ogBruzsx9/BF+Ox/fRdtC+fDVQFbjWGYJmI/hBbFUMMYVs7C5h1bccsfb8ETjz6Oyy+/HPMXLMC2bdvQNmUyf0eBvruS0qwojlBvIWLPIiSPLhGQCEgEJAJ7MwKSgAwxO9RckBfGky7R9DNwXXiOh5yVYfLxo6uuwpRpU3HZZz+Dqc2t2P7MC/jN936IlQ88iBZFR4HIhu+ihVYgO7qgx5ooYaDsxwACwqUSkoAM6zOzuwSESkn6DwXRMG2PxxIBoS7YcTGLbkRo1xWccMH5+PD/+SKU1ibEGRMwdERRiCgMYRh9rkjDmiS50W4jUO9ecxwHlmVx9oFeV4IQ1Seex0+/9R2seOhhTDIsFKgRoesgME1sDzxkpk/DpZ/6FI45/1wEjXkgZ8En8kkEIgYMSlD6IaApUE0dHTvaceN1N+DJ5U/iYx//OI466iis37ABs2fPhujzwjlbwUfobzkkAhIBiYBEQCIwTAQkARkCKD8M+pEPss7dunkLJk2dhqX3P4CvfuUrOPqII/HP//4vyGcy0KHhLz+8Gtd99/s4asYsOFu2IqqWocYhVDVGY0MTyl3VPgJSW4LFLqiSgGC0SrBkBoTv/kBXETYUsK67E1OPXIgP/fOXMettp5K3KiLSKxFBiQMgiKAZQpQsx+ghQCRj4KDsRyaTQXd3N/L5PCrtnbj9/1yJO2+4ERMyGSh2FRlVgZLJYLvvwpgyBWdecinOufhiKJNbEWd0hDrQ4zncnyenGTATa3A6HvUziqkHkhfiuv/9X/z2huvx4Y98BJe+//2g8i9NU3vF6KSS02QJ1ujdEPJIEgGJgERgDCAgCcgQk0j/0KfaD+7bQRINP8S9d9+D7175Lcw7eB6+dMUVmLLfVKhRhHtuvgW/+/7VKJSqMLvLaNF0xE4FuqbApR4huonYU0DNBjkDoirCdpdteQEljJmE8HFEVfZefZuNJQ0Il8NR1D2MMZYyIJ6uoUtXEBRzuPCyT+Oki9+Nas5EZlILQm72GAoCTQGpTgRk774nhzF9+9Qm9QgIZUByuRxKpRKCIMB1P7sGL/zXtch5HnKagtCpQtdURPksNjk2zv3Qh/DOj30CassE+Aag5E3YCOArEQxdhRHH0LwQCELohoFQVVgXElRszrL89vrfYsmSB3He+X+PCy96N1RVE1kP4acB3TT2KUzlyUoEJAISAYnAnkVg/BKQ1HyqJpaKknKrWl+qgGqjQyC0XVi0yqereOTRR/D/fe8/cfiiRfjsxz6JnGEhY7vY+PxKXPPd72HDUyswvdCAuFqFFongTaef/8+al1ytgmSFP632GXgqrAXhsecCvVAhkStVWSjikfQqSc8tLUmLDA0s3uaysYiJEyK6TsDQNKi0Ckur7ABCRZRpcPCe2A9T8DTwKsXl983CznqdZzMW4jgCWSXTyYb0e0QBlc4kLnR9aEmJWxBFUFUVqqaJlVsSz5LiQ1Hg+h4f0bLy8G096a4u+jyTkJtXe4VXcu95+XVaq+9tpETR6OxFH3j6ja6M7kEVKjL5Ims+enwPTmMeq9wSTnj72/Cl7/xfODkT1sQWVBHy3NDKOJfn0A2rSbHxqH5lU+mbZyPUhIOVF8VsVGEEMcL2DjRqJhZfdz1u/uWv0dzpInJc1mhohoGOcgmvhttw6Qc+h3d/5uPIz9ofQc6CburUAbXmbk7aewy4sCiM4DsOf240VcMvf/lLfPWrX8H3/ut7uOR9l6BaqcAwDX6dyvRYFE/fFTX6kFr3LF5kGTO+fqN6F8iDSQQkAhKBMYeAJCBDEBC7bCOrGiw690tlPPzYo/jtTTfilLe+Beed9w5kYcCkwGzzNjxww0248Se/gNZdweR8EYFdhcYBeAg9jJiMUBAXDHOVfc/dbTFCjZUBHKDTgwgH15rXaGGYlOhCzyIIhXhwwK6ooH4pRAroOdWwoJkZJghBKPQEqVtWLQGhEF/PWHA9Tzj70HtVtW4DPEMhghD3WoJyj4IYCD0fcRjChAZT08GBOJe6RwjTmnm6LgrqPI8dfNiGNiDulE2oX0pACAUK4PsTEHB2qv/YGwkInTv9R/egESvQI7ofVbgAuhEjyGfRkdURTG/Dp674Ao45+wwmHihkERs6B4x6BBhxErHqstZ/VD+X9PkJPYSailARZJ/nxHahVBw8fcuf8cefXoP1z63E/g0T4FRtxJrOlsquruGIt56C495xFg477RTEjTnYmoJMxuTP9FCDiE4YBPA8l0lrZ0cHN1n98dU/xrnnnIOPfPjDTExYxE73RbLP1Nmv1lI8XUQYO8biQ6EnX5cISAQkAhKBXSEwfglIHVRY0DngeS0CKl1dnOV46oknceV3v4PPfOHzOOKoI9HY2Ax76w4YfoRHb7oFd/3qOnSu24hJRo699yPPhaZT6BpBYwIScYC8txOQWIkR6pSz6BPfc3lYDflIYRKurCKbkHZx9ynQp6c1Haqhc314EAKuE4hsikr140pCLPpKN9LeAu12mUkBZTLovZRFoUzJoFEug1uqUAdvzrpQQz0VWcOCHiuIyIKUVuyVGI7vctBFRJJzMnHMBIeOYRomB1pVyoSotRqH5G7oS0klWRHS6tS3H96bvm6I/DIBUWhmBAGxNJMaOcCOwM0Gu5UY200VJ/7je/DJyz6HMGcChQw7JJF7EoWpaqQwnsz0ZKXNqE4xkVo3cEFmGCrdq6oGLYiB9m5sfW4Ffn7ld/Da409iv6YWwCM7ZR07KiXssCuYfcQifPlb30DjATOASRMQxiGLzi1LOGcNNXjBgah3FCKk0ixdh2s7+NGPfoQ/3HQT/u83voHT3vpWlMplFJubeHf9GhZySaO4bdIhMyBDoS5flwhIBCQC4wMBSUBq5jkMOWwWgXfys9rZgbxlYcl9S/DLa67F3HmH4LIvXoF8oQi3p4ysnsH2lavwk3/+V2x56hm0mjn24qca7Kxp8j/6tAKtktMMlWBxBmTvXkWmgCEwRPkNl1YlmpTe4KGGpVnUIRshAgXwVQWeqsCJY/iayivoCvVJoZ+xjsinLEPAJU9e4DNhKTY0iAxG0tiM9TA5E6Zlccaip9SD7q5uNLc0D/pEKu2dKJgmZ0eI1GRME5EXwKvaXDKUp4yLFyAMXOhGWiYmiJQaxdAVlX/3QhcmdOQKRXRWbRFI1QZNgxx+6GIHf0HsbRkQTlZwiVqEWBElWIaqww1CxNk8SqaGTiXClGOOwEe++XVMnjMblUoP8hObUfVdWLks4mRymHxGgCpdeEf1Xwb6RnIoCxJFsFQNuh8ApSrCTdtw01U/xn03/gGW7WBysRFubMA3NGxzK5h+2DxcctmnMPek44EMZSg0/nwSoddo1WCYBIQylcQi+D1RDMe2YdsOfv7Tn+K1117DP112GebMmQPdEjdGX5EioFJ2tPbLlL9Xx0pr1VG9DeTBJAISAYnAmENAEpB0SmNwWdCAfy/hlzrx7PLl+NlPfoHJU6bhY5/+DKbtvz+LNZWKi2hHF27+5XV48Lc3oKnqQLV95JKylYgyCWqMkIJ00keQwDymYpihVx/35J3GBMTkon9BPkIhiueyDYookh+0XSYp76HgxlFVOLoCtVhAaJkoBQEqvgeXyq0iHaaZR3NLK9omT0LrxAkwMxa2bNvK5VFcIpXs970ffD9fPtWYb9u+He3t7Xj2mWcGQdJmmFADH52dndiyeTOcSpWdmkwqGCE7US9AMZtHRic9SEUQDyZUYNtRJYx4ZZ+ICD3o0jxyPRtMdQbpceI6Tl17GwExuTQuzYAQUVSgmxYqRMpyOWwMXOx/5EL84z9/GdNOPA6e58DIWlAtHWW7gmyhyCU/pD0nq1XaXWZ4Gv09efuOqWNT3q8Sx1zCmacPSFcJ8dZ23PQ/P8UDv/8jCp6PXBixRi1obMVWt4rWuTNx6Rc+jcNOOxlKCxGTEDGVMeo6dIX0H0KrMdSg+5kzj3EMwzD4J+tCXA/dPd249hfXYtPrG/GFy7/AzQppkI6OixbjmG2CB3ZMlwRkKNTl6xIBiYBEYHwgMG4JSBJH980yBVm+D9/zYZkmqrbNXc69cjs+9+nPoKV5Ij5/xZfQ2jYZppWB3dmNbEMLnvr19fjxN65EsVxFawSYQYQM18vH8KIAvhqBGr1R7TMFv7TsTwHdwLEng1cWkdYMCiA8KvwnDQgF60kGxI1dmIqFII7Y9YZIQ+BWYWVMeJqCzsBHmLeww7HhGjr2O/BAHLJoIeYvWIRJ0/eHlW9EvlBAsbEILZMByDmHHqnNWMr+qF6LRi1OibC134mSPWmpB37VRldnB0I/QLWnhNjx8diSh/DM40/AKVfRvXUjvEoXcmYGDbkCitkcTKqn93z8/+ydBZhc5fn2f8fG12IbI4RCgksgUFwDlAJBilsIBAleXEqRGi0UgrsVp8ElaKBAcSdYsBCXzdrYmaPf97xnJiyb7b/bNiRkmdMr19JkdmbOc94589zvc4uFroCLBLmlYnH0khuFQYreWkTr8kcum+cpPYr8nTh/5RwvEt93OOSxnfd3lbHBYsS+rm8uS3oNWGVw6KuWULQ0hgK/RqaGae2tOH0a2Oe48Wx/1GFkExaB61BXm8F1hTpoqKaVWJxSCG5Z4lMnm+c/jXvjMjnLzmtA4LDU33J84l5A28ef8fw99zPpjruo9UNq0JBkFgEK0wINrzbF2FNOZKsDfgV9avBMcBXYEBodCnBripb476+iWrkyfams6rJxREmE6ZpOW1srE/8+kdtvv43HH3+C3r17q5rlCwWSQt8ru2SpFVM2o+gO9WuZFL76otUKVCtQrUC1Aku1Aj9pAFLpdyvNbtvCZmoyGaUNkN3yXC7H2aedRG0mw977HMDIjTbB1zQCL1B8em/aDG7//V94+4ln6G9ZJEoO8VDD8qOdQEcLcDSfwDQU/cUQ5CEaENWUfv9Y0s3nf7KKFgcg4BmR8FpNPoR6I+JwyyLQNUq+hx63kBZcQJZnaOR8l3ZBV3Vp1t18U9bZZGNWWm01Bq64Ignhh5sxMXON8gKEnqWoQWBIyF2H6YdqldwOAnURiy8WGFg+O9HZSCZBOhVt0Qtw8QM8SZt3A6Z/8RV33HobhZYm1hy2Ep7j0DKviVnfTqetqTmaYnmBAh5xy1LOQvG2ojpXRTkKhTIXYGk6MaGg+D6uK7bMIQ7mYgCk+5bESxuABMruGd1As+KUYjFmuzZr77wjux19OINGjsC1TCxDp3n2TObMmE59XR2Dhq5Izg8glYZ4jHzJo19cVnL1+KEq0Pk+IOV3HI+U6D7acnz4+CRuv/hStJY2eiVTtMyfp9am3GOmxeLsctD+7Dn2YJJDB2ALtk/F8cvmDDL1E02boQDIv6eBRtC5fK8qT8BkY0VoWBHXKuTLL79UIGTa199w3vnnMWDAAJI1NXhOSU1cvtOAqHGcMn6oHtUKVCtQrUC1AtUK/GQBiOwKRxqHqLmWn4Hj4pRtLMVF6fzzz8cutDF+/HhWW3cDnKKD9AGa65HUDP55x1088terMOY1UWdaGJ5HPNTVl7woP8Q2s6SHyiFGdh4VAAlCZUn7YwIgXTXOnqKNCQAR153yrrdhUPBKlETTkkqApZM3Y7T5LkHCYpUR6zBy2y3ZcJutaFhxSDTd8H1EWxPGYhjptBK/Kkl0EBAILc0op8KXCyLXxCwDNfn3Sv/T1XtU70woH2GgXLNkOiGaD69o89ykp7nq0gmsPmw4Z55+MgNXXiFqutqyLJg1m5YFTXzxyWe88uI/mDdrDvn2LO1z5rF2plEBDuU3JJQ83yMdMynlc6TiMRKmSS7bBlqiywlIV9e1u+Cyu4/r7m3LVPMOoWCFBIZkzugQTzLfttEGNXLEH85n9V1+oZzKRGheaG3mnptvYvJTk+jVUM+Eq6/EHDwYrBjZINpJr7dklvd9AF3d1e7uFfm/H1dxhfveo4T+KC7RBZvPnnqWSbfdwYeT/0HfREpwvLIFl2vbHnisseee7H/kOHoPGYhtaWiZOHoipgB+tJkQudgZuqW8tP7doRy1y9e6cq9UJhquQ6DsgANMw6C9rZ3fX3Ahs+fM5oILL2To0KFK/yHuWHIoWlbZ9toyyxPPf/fi1X+vVqBagWoFqhXo0RX4SQIQ+WJVAKSjpWwIpUJBWbgKx/mWm27mqy++4PwLf0uf/gNwHB8/1NWXqjgtffTMs9z9pz9TfGcKQ3SL0HXVF30sNJRtqUegBNkyHZCpgQAQXdCLWFt2sYW8pJvP/2TVdtXcB6GvdBKGpi+y7HRkIpCMESZjtLs2OddmYTLDShusz7Y7/4J1N/s5DUMHE1qGsg3VBFxIjyS7noaBIzVXVIyoAF3leyjXpcpuq4oUCVTzIrupnQ+7UELXxWHLU4BGJjRffPY59951N2+/8Sb77bkXe4zejXhNHGJiJ6xjipBXl11YjTBfINfWjlOw+WTKFKb88y0W/PMDmubPo615IVYYUCOgQwtIyq+4DnrgqcR7u9VFF6pdh6OSf9Dx77psKv/FxVnSa8BAXMci8CF/xCigEELWMFh9+20Yc8G5pFb7GXbeJjavlRefnsT9t9zCrC+/oLFfHzbafDMOOGY8tasMo12uQV0tcUsslr9/Av9yQvWfLMLqYxfZUncshS7hgAva+Pqd95l49XVMfelVVunTDzefV9qObOhRihmsuenGHH35pVj9+uIUcsQySXXNZZMgmmJ892nTNZUI828rXrlPygPVZLLj51KmgY4b6UoMQ4H5U04+mbXWWZszzzxLGUOk0unyK0cARN0LREtSHaH929pXH1CtQLUC1Qr09Ar8ZAGI6BgqX6oVi1nRDyTjcW6/5TaeePxxfnvuuay9wQgc2yHUTYx4QjVf2XkLuO6CC3n97ntZ1dMZEuoKfNgSgic0ozLNSoTZntAjBIAEGrqk1ylR8OLfwEu6+fxPFm5XzX0oNCtpGETQLe9XcgVCn3zokg0csrg0DlmBLccewRpbbc2g9ddV0Rgt7c2EMZNMfY1qTETYL1kb4lIVpSVHNLRFTU25G+lYEbUjLw5V5TrJJETyBjofzXNbVbJ8PJmkubWF5194gVtvuYWRI9bn4P0PYI3hqyrBTd5wMWqTyg1K3ISEplVJtPcdR4HCZCKBqSfITn6X6d98zQdvv8WUd99i7rffoLtF+tfVYuFTymcVlz5hmxgSZ98RgPyL69rda9vdx3X32uoCQMoTOF+XCYZOu+fRuPrqjD7mSFbbY2eaRIZj+7x/x0Pc/7dbafrma3qnkwSeo1yT1t1mG7bddz/W2GJztNoaPJVI+P2jq/XT3fdYfdx3FVBTAlmfHQ7D9vjgiee468praP50KrUlj8ZkimI2hxu3WODZbPzLHTjg2KOx1l2DrG0r/UU8I7REvyw4L0/Byh+6iBD6XwAQ+X01AXHVVLOjpbXuBbz51ptcPuFyNt5kY/Y74AD6NTYuMqyooFZFwawCkOqyr1agWoFqBX7yFehRAKQjZ/l733EdGl71HapBTjIfXI9MPKnckEKh7pRK/PXSS/l86lROOe1Uhv7sZyRrUwR+iGXEsVuySifwyO138MiNNxFvamaoYaG3tRIz4rhCWVJic6U1j/6I3qGyqy86hfK/Lb7yupoHLNn1qaxllZg7qo44cqnsDM2I/nvRRmmIa5bQDVPxxf1Qo+D5eMkYM7ItNKy8AiO335ItfzGKFX6+pRIqy25rUeylhG4mCeii7+iQAxDlfpTPR1Eyyu+ifKEqURvyHksqtdwou26Vww11XWURyB8xCZBj1lffMmjgYD7+5GNuvuUWRRfZcccdWWfttRk4YCB+OchQbH1di+g8y29BgJH8t0x45L/lT1wQ1PysjGwgl2fuN98w48sv+eyD95ny1tvM+OorFYNRl0rTK2djeT6B6EiCkLikrwvFRShmAjIF4Mo5+wZa8B1pSTJWFpV50ZaySltQwKg7RyVRvtxPRtey/IsdI0s0rYSRNHCFJhP4ZHWDYjzObmMP5ZeHHIS+4kDavRJOaxs3nHUeLz3yOCslMvS3EjgtbVjxOPNcl8Ebrs92B+zLBjuNwh3agF2StG2oSWbKzmLSzkaEHbX45b/FbakbTW53zrcnPkayNVS4p6w/+ZyI0F/0TJI8bxr4xSKaPGZ+MzeedDavTHqWQbW9yOimmtoZmTTTC+30X39NjjjnNFbZcH20vr1xfQ+hOcnzqxBPmT5W1lzls9ZNM9yOc5Pv7qeSnxMZMkiGjgocFQpkoaimIe+8+RZ/+P3v2XnnXTh83OFKiO54ngoXlQDSmGSQVNbqogtbtebtiWu8ek7VClQrUK3A/1WBHgVAoqY/auQXtdkdaAMdm1xpluMYuNk8muMpUfnLL7/Mueedx9gjD+eQcYdT8l2sZExNNHSxAcra0JTllIMOxZ+3gF5hSGH2LGoMg1QsScnuIhyii+ov6Z3u7i5xZc6lwiEisKH0HaJZCcXpKcrEiI4AL+FR9ORPgGdYBJkM03NtrLblxmy3/56steVG1K/QSOiaOH5IGDexVSaIRk08qWhoCoFpILvv0osuFqfRVW1U7kGEkyraHLmk+WyOupqM6m1lIiX0j6Shc+ffbuflf/6T+vp6dt5lZzbddDOsmKUmLhVAqpmGCkTseMg1qOS+qHBEEbuL5WzRxrUdpeMRpjyuj58tMOvrb/ngrXd4/eVXmPLBhwzMttKYSpIW8CUWqIUiNakUrlPCkQa9vABN38QMy2JcKYlQoiQ4UfQt0hiq1476dlMAajcOYWv4rQAAIABJREFUVytbUXVY2539t9TLmyXyXo5SLI6TqWF+GLLCButzzG/OYcCqw9AySZXHovsebz79LA9ddwvtH37OoDBGnaep6Ve7rvGtnaV22FC22G8PNjnxoLLI2MfSYypXRF1eNVH0xdtYERwxJFF+cdpcN07vJ/EQmTDKNFQmqwIoRfakNi5sm1BcpHSd+dO+5qPHn+GFi68maSUI3RDXC8j5PjnLgEF92eP4Ixh14N44yRiplNR82Rz5fF5tPMhsZdJjT/DEY48z5tAxbLDRRriBh5VKKPMNASmVFPbvgEgHAFL5CFSnJMvmQlZftVqBagWqFVhKFejZAKQL8CF1lV325mybmn5I85iMJZn51df87ne/Y4211+KQcYeRaahTTavEPYhdq1ny0eyA9594hmsv/COJXIFYe46+MUtpBPLtBTStezHRyxKACAqIqGfRpEa++gWIyC7993jiImJNJsiFIQsch3bLYNimG7HbuENYY8uNCGri2LgkSKBbCQILiko0HhJHx5Q+VJqJCgBRtrb/vquQXxGpzKKHyi6xaGocT9GnYpbs7obMmTWL83/7GxbMn89uu+3Gnnv9itra2sheVJ2gTCIi7rkIYsVtqzMA6eo6yC6tWPLKTrRMTNRiyRaiEymWWDB7DjOmfcu9v78Qe0ET+ZY2UrpB/7reBMUiuu+rAEqxcBa7Us92IrpXed2pOYHkKywCIPJWNQVy412Jg7q4EXjyvjodizJayn8vJYinoUiJUiLOwhAK6RS7jRvHLoeNpWRoxGrSOKFPXHbJcwXef3oy9192Na2ffsmAWJqgUMLMpChaBvPsArmEzh7nn8yOu+5KXWMjdrFEYBjEk/EopTCUplp29j10M10FIP/HTVwmFMqi2VBKHTUBkfsMRZukJ/bSOZ68936evPEWGmY1KQMF+et4bR2tEuJZX8c+J4xn0z12JmiowU/GiMe7d//5Ib5bHMdR00CZhNSk0zw88UHuv/8+Dh07llE77kC2kCdTW4sRi8B45VBDwPIGgPq7KgD5IS5P9TmrFahWoFqBH10FehQA6dK1pSye7Fx513NVoxkzYkz9aAo3XHcdK630M8afcKxKDfa0EDcMSCRFcNxOBpPCjLncetGlvP/cZDJ2iUSxSI0WkpbHu8Lo+vcNtvqO7cKGd2msDLXTXh5DRDaz31F3OoqlpY4NDX2ZX8izkIDY4AH0Wms4R//mTGqHrUQpdPAtDSthYZSEOuLR7tn4cZNEIkFcM5QbmNj3/qcARNVHhgNlPKRCoP2QhQsW0NDQwMIFTTz91FO8+uqrrLjSCuyw4w6ss+66yqpXrqmYBAjtRChQlTrL//9XFrkdr0ek4/GwDDMCDWLrK2ukPOVQ2hHFYddZ+PabfPXBR7z98qt88cFHZGfPJxXqJCTY0AuUk5cALlPl3lcmY5WpjIp4VLoh5cyliUYIYk73KFhdAZCunKjsME+8V4oWP2C+57HVPnuxxxFHUDd8GMRNZa0ru9OGgDTRJzk+n0x6lr9ffQPTP/iIxlRG5agIDS8UkJJKMDelM/b4Y9l01LYk+/fFT8RUcr2EbarMCAEgCGUxKcbTS2NZL5evoZzhJIBTj4JJ5bNot7aRkeFRazvP3zuRZ+57gKZPP2elWEIZCIgJwNx8HieTYr9jjma7gw+CmjSFwCNMxEinl11MvViWx62Y2iSwNINiLs/dd93FSy+9xGmnnc6aa61JoVgg2VDXYXchunTfAyDL5dWsvulqBaoVqFagWoH/tAI9DoB09q3vyInvWBzhUctO9VdTv+SGa6+jV0MDvz7lZBLpNAW3RLKuhkLJVs2on82T0i1evvvvTLzqOrSmZhKFIvFSiYxQi0IfzzcJwu5RTpYlAFEMrA6grALaFlGDJMVY0ynpSfKGzqD11mKr/X7FBr/cEbNvA54eUrCLypJWdvu//OIrGgcPIt3YS+2qyyF2n1YQNdWqySoHL3fLLUmNQMpXSk0/RJjrU8gXVBr6fffex7x5c5U18sabb4xm6rTnsqSSKeKKgiI6DKG0RM38ojDB/0P5WgFf8j4dCe/TNBVqKGtH8kE8CSw0RQ8jE5GQUtEmLoiz5JKfO5+P33ibd198hQ9efg1vYTtpdBoSaXyhYpXaiOlRroxMnSqqXIVBhfuvhDEyAdGwhObXjcOXEMXOj+sogC8nynuJADepMyefp3GNNTj09NNYZZutoK5WxjtR6rs0wOLgVnSICQ3MC3nziUk89rc7mTXlU3qZcSwnwG7NKiA233PoP3xlNth+G7b61a70XW1lwroUrhHRy9TaIiSmJ7oldO7G6fbIh7hiTy1rVJdqiVYoChoMm1p56f4Hefymv1GYNY8+VoyMHrCwmKdNXJQHDmCvo49g8z33gNpaBW31ZJKSBGmmlx3gkyBEmfjF5H7puCSSKVrnL+DM089Q1KwzzzyT/o2NmDUpwvImiPo4yPuXz0A3ghF75EKonlS1AtUKVCvwE61AzwMg5elCxeFKGtJAdq5FExBIcxn9bG9pVdz1q664ktdffY1rr72W/gMHoMVMNfmQnUmhKwmpwSiWYGEbl5x2Fh8+9Rx9Ap0+wmWWPAW3pAS4QWgRat3bgVzyAKR7kxddC7HKglSVnyFsfQEIhkbBd7DSSaXXaC0WKdX1ZcvRu7LFHruywsgRBDUplWtiSTK47VCcv5BvPvqYv1w5gdEH7suu++9NwQxV4J2lG2oKIjoKBXAUANGUKL0MfxZ93JQYXP5dF8csmRbokWhEgIcn9rrC5dK48cYbee21V1l77bU5dMyh9O7TW4UlGsKF1zRcz1Pp3SpXpJw5oHQdYiP8L6ZglalB5XrIe7Vdh5i4dSnH5MiNSw6hmFSEtwJE8oU8MU0XAhoUHcLmdt574RXefGYy77z4ClqxRF0yTdLPotltSqiusmDkDMMozFJeXzQgqgFVKdWLN5AROz5q7CugI1AApEw1q/x9hbNWHh2JnCSfCphjt5Ps1499jhmvJiD07asmGbbvqRDJRCKuAEjcjFMq5ElKSF2hyFfvvMeV5/2OOR99SqOZpLeYLOSKxOI1TM82kezfj01/tTM7Hbof9auvooCprA9D9Ddid9xNq9ef6H0XW+hWauGHysJb5kVCg3vzsSe5+9KryH41g/rQICEyJN2jLXDps9owfr7LTow++kior8X2xWJZNj504jFL4lqW2SEakGQ8Eek7/ECBELtQZN6s2Uy47DKGrLAChx4yhj4rrYhYfCuTBnG6E6MGJZTvtJ47GCsss5OqvnC1AtUKVCtQrcAPVoEeBUBUk1YBIB22iKWRlUauWCgQs2LKFjafzfLoo4/x1ptvsv9++7HlNttETZ70vuVde8XbL+aJByGfPf8S15x7If6MOTQaFlaxhC5OWqEkisi3ZRyRLXc+ljzYWHwtdDcIToCShNNV9AiSZO5pGrYEC9amcCydlmJe0Wo2PuAgdj3oQBqHr0IpbpIPRCsQI2zP88Xrb/PuU8/x7gsvM3XBbI7/7dmMPuxgFpayyv5TLHMlzE9RsATkyAanADlFrSqPQ1TNNHUtfM/DknwAeYwI3gsOxUKRdH0dn02Zwh/+8EcaGxsV3WqTTTclU5NRnHlf9xftuld2U8XmUwToHRt2BUC6EHh3NZFRtKsOR+V5OzoCyT/bRuRcpahWJQ+z5IHtUZw+mzcn/4PnH32Czz78iMEpg7RbVPz+jBlTKe8qkFJeR568PK2IQhUXt0atvMfKlEZgo6ZHnab8euVayo66ylgRVyUFiEOaUyFzwyKb7LADR5x9JqmVhkIqiRcXylRFJx+5jKlgOZn+iCzBDzBdlw+ee5EHr7mBb998n2TRpZeRpCZI4loa+ZhGi+Wx9qgtGHfWqSQG9sMzdRxNI55Ko3ehU+nuOv3B7nY/oid2BTz4AZoAZ9fBcF0+ffEl7rr8ama+N4WByVr1WYulE8x02nHiFruMOZAdDtiXhtWG48WEJip6CnGwEwMJjbjcgpbRIevze9NmAfAlRxk7fP7xJ9x4/fUMGjCQY046QYHUgm2TzqTVmpXbhFh0V27Z5Y/ForygZXRK1ZetVqBagWoFqhX4ASvQIwFI5y9CRTHxfUURyGRqsItFXnzhBW677Tb2339/Ru+2G/lcjkxNzaKGsNJ4FhfOJV60uea83/PBk88yMDBIFV1i0kAKjUK8f9Tus9iwLr6D/eMCIBIu6IAm2SQ6nlhkyp94jLA2xcxcK+l+fdh+z93Z7uhx1A7sr4CHrcCCTq0Ro+nzr3nkult44pY7qPEgZ+nsMW4MY04cT9ArjR+L6EFCWaqIrwWAyK6/4UeOT6rI8jMQVx/RbcQpFvIKPKpGCovm5mbuuedeXn3jNYYNH86xxx5Ln759MCxLXT+hr4gGZdF0oDxcEbF5xQGr8rmJ6E/fJy11yTuXh7hlANJxqCSN/veGTBoF+f96pHIQQGF6Pnaz0PoS6jm+fft9Xn7+eaa88Cy5aV+T1A2SoYHleMSFeSMWwb5AQLFu1lWgYtApV0Tev+woL3rnlXOQ4MtOAMSXiZYUV0IH5VmDkI/dFgZutC57jT2UzfbYHdsy8JIJjGRSvaohwFNqXjaNVtOwsjmBJSCpLcv0dz9g4jU38vYzz9MYz9BYipO3i5h1KUoJnZm5Frbff292OmA/+m2wHoHnKhezRG1aWbB2PqogJKqI4OFCe5FkKADWYfbbb3PvNdfxyauvky4bEgiIL5gaM+Mhm++4A78aezCD11sbzzLx4xYyCYsc7coAxOzeJPQH+T6pAPwyKJbXEBpjIZujNp3hmUmTuOySSxXNdcuttlKfUdGjmQKGxR0r/t2aLt8hqgDkB7lQ1SetVqBagWoFfhwV6FkARHVlndjxQYBjlyKho9BcTJOpU6fyuz/+gc0224xDx4xRV0L2s+Px2OLx3MVmPn7hBS4+5SzqcyVlUUpLlpjQaMS7X5O0c1N1qLpSFX//+DEBEE0E0aHUwiAwLdXIFE2DQszii5YmfjZyBLsfciBb774rpYYkgWVSkgbVkLpo1Ggm3oKFvPTAI9zy50upCXXaCyVWG7kBh59+IoPXXxMvbuAL1as80ZCSqN12iQip9PZl1xtpku2SrSx1pRnJ1NUROC6vv/Qa5593Pr379uHkU05hw402ouQ6KkVZaUpEYyLUK6Xz+O56K1mFgMEO+SPq2nYQ23e8Oos1w0p/8h0AWWTIo6hS318abiCTCF0JzSO6XxhNWUriRuBGYzTPo+mDD3js9r8x+YknSbohK9Q1kPACnLZWNE8maBEVyxBylre4hqjLhl3tfH9/AiLUNxVwKQBEDTUCPrVs9j79ePY45BBoqCdn6BipDK6CH5pKehfrX5FBh5pHqBv4kakuRhBSXNhKjW7x9Rtv8cBtt/PSI0+yYWagslptbm3G10MSveqY0d7CzgcfxC8POZC6tdZUVDqtJk7YqSH+qYqNO4cLqubc13CzNqkwJP/pVB698SZeeOAhkkFA4JRIS/BlMsE3hXaG7DSKI48dz9B11sILfXwB2dKwKzQfoWP5X6yLqdNS+5opA5CK5kvWp7KjDsJFupB77ryLp594kuOOPY7NRm2H3d6m1mwynUKsstVnbNFEUFbhMgRUS61w1ReqVqBagWoFfpoV6PkARDWVnmpKRUz8yccfc90N1zN0lZUZO3YsdbW1tLa0qhwJFay1iAcQLYjCzM+47Nxzef+p51g5VkOmzSbjapih5EzrOLqBK78XhOiya/wjBiDyjg1NUt11fN2kZFkULYsFgU+/tVZn57GHMHL7bYn3qccxXBljgFCiQo3QD0lKg1Owaf5sKpdf8HumvPkWtXoGK53hoJPGs8nuv8DsVUNg6sr6tqL/UBQscfdxpdmNMjei3kLDEzG3+unxwQfv89KLL/GP5/7BwYccwrajtqOuoV49jynhgwI+1Mwg+pmUwMDOcuyKzqQjYFAv171mppIN0vFKRiLZThe25EfiWdnlF9qewi4y1fBVsKU4SynNS66EPW0Gb7/0Mi889AgzPpxCDRoZ0cqIviXwCAIX3dNIuF1xaBSsigC0KplMRKLaVkCIEs9LroR6P+V5RhCQ2GId9j/3VFYaOVJNugqij1E8HYE7oaIWWhL6iEeoucp8QNaF/LuihDk+ahJSKPDByy8z8cZbaXr2Tfplaggdh5K4wNXXscAuYg3ox+AR67LFnruz3lZbYfRJ44u3cIdD6vVTnIAox6tOGyNhYOBnbRZ++jmTb7+LT5+bjDd/vnLUc0MP20RRIjNrrMqBf/kjq6+xutKlybq3EvGIZvc9UKxhRck1y+aQdVIGEGqSBmTzWaULKeYL1KbTFHMFLvndH9VUZNwRRzB89VVpy2Zp6N1LhX9WAciyuXTVV61WoFqBagWWRQV6FABR7Y6ilFS6s4jr4BSLCly0Z7M8/NBD/OnPFzHpuWdZYfBg2lpb6d23Ly3NC6mtrYsC+tTGumzdh8x8+SnOOvpIkgWHRmKYzXnqTaHZhIp+5YrrizTCPuhdJFkvlQmIalC/a0g75GJHO/PlCYCuiU7AxdN1Spapwswk36NulZUZc8pJrDFqW7F9wjd1DDNQ1Igw1PCloZZ05VKJIFfALNjcdsVVTHrgIfr6Cdrac4w+/GB2PWIMaQknFEBmSsJzqKYhIlCWnBHd9pWoW5yplO7ADyjk8yq9+dlnn+ORRx8hm81x3z33q4A8mVbFhTIkdC5TE4dPNf1QvHFp8MVUoBMAUfqPToLW7ja9Cqsq0fv3j660Ikap7BUszl+im1f1jyYLMn1wSraqe0L+QaYiuTxfv/Mej9xxB5+8/jopP6BGxNqei1+yMd2QhBs1kCpU8DveVVlwLq8Tidal8+zYaCrNktJfQBCPUZBziFnsf9FvGLHPaCWs1zIZBT7yjoMVSygAIuDCFAve0CPQXEIRt+vyLxEAkVwH37YVfYzAZ+HX33LZ4ccz65PPqQ015ZCl2Q5aMs58x2Zu4LLWtltx6K9PZMUtN1RWzbJ+xGBA0euEdlOeGKkKS1Pe49yPKusnupJyOI6r1qysD1kbUgfLDslOm83keydy/yWXU287rNy3H0W7QMEImFHKsc42m3PI2afTb9ONKRTyCvDKlLa1rVVZUqvnKwNy+cybyzL4sdMERG6h+WJB3XfFSVDAaugH1MaSjDnwINZYcw1OPOkktS6SmfQiAFK59Qr1sDoBWRYtQfU1qxWoVqBagaVTgR4FQOTLSyTWihnth2onWgCIWO7KF92kp57invvv5c8XX8zQYStH+QcVNyhpECxTBd7FAwNDjPfbivx139355p23qU/XoDseWslTDk8iVq40gcp5SW37/fD7j10105JCLYcv4Xvi9hXZSkVhgyIoFspS2U3JN8FNxpiDQ3NCwxwygNMu/iOrjtyAou9hJZIiRcYUR5sycFETBz1QyeEq46Lo8vqjT3Ptny4msTCrnjk+eABnXnkpA9ZeU2VGaDHlDYaje7hGqFykvGyJ+kwtoespp6xCe5YZ02dwy223Mnv+XPbce2923OkXUXCgYaiGq9L8d5XjsXQ+Iv/bqzj5ApYu0zcHy9BpmTGTpyc+wIsPPEJh+ix6YZF0A0zHwRRXKiuO4UXTNHHFkoZd3HkdAXKSoi4NvOdjKdesCCooAJRMMtct4fWu51u7wHa/2p0x555BrH/vRVMH+QxIHbtby8rOvXIVCwJFy/rq9be4+U8XM+uNdxgUGPQuhZiBj2tCMx7zfJuhI9Zi7GV/pnGtNYgn0hRdabotlaEiUyGVci+gVPbJyzko/1uVfzy/HQS58sRKiGqiUdLJ5fJYiRiu7+IFDslUguY3PubFm+9l8sSHaSgF9IklCVyfVt9Vn82Bm2/IPicey3rbbI4fX1xLI+D8x364QkXslPMh9803XnudyydM4Bfb78Dee+2t6JoxCbM0DOXMJrdRCRw1BfhWj2oFqhWoVqBagR5ZgR4FQCRdWgEQmWL4oQIJYgcp+QWvv/oqN958Ez/fZGPGHXkEniGuTLJjrb4iVfMu/vRij6oSqT2NhZ9+wXGbbcSAeIy4Zirdh+4F6rl1xZ2PDmUj6WuEywiARAJroWRIrkR5l7xs7SrvU+ohX+VyWk4iRs4I+bbYxkqbjGTnww5ik913IYhZagcdw8QpuSRrMgqASH3k2X09oGjbpCSkL2cz7Z2PuOzcC3CmTidpxWmxNMaddxZb7LUHJBOiyVdHoHm4UdQamq/RurCZwPFUWvIzTz+t7HW32Hor9tlvPwYNWYG2bDt1dXUKeHS0ya1oSpa3T6GsPzErcJ0SmmQ9yBpb2MprTz3L0/fcz7xPvyDu+or7X2/qhI5HqVCgLpbGDGRNBXiBTJLAU0ZZ4svqq/KaytpYVzbKbYGH1q8PH86bw7BNN+b435zN4E03wE2ILW60UlUqvOhWZL124xBaXMdD1pHWmmPGex/w0DU38Pojj7JaTR/ivq92u7V0gnjfXnw2/RsG77gNB/76BNbcZFPa2tqJ1dRjJhPKPEB2tw0j2iiIDAl+eODejdNdIg/xw5z6vMg8IqKymWonP9sqeTCiM7OYNnUqD1x8NZ899RJ1hqUmSdmmhSr+JqeFrLjx+ux5wjEM32YLinjEahKLvbfuXsMlclL/5ZNU1k9l/al8HbHWdj2ee+YZbr3xZvbcYw/23XffKOBTPhuGhlemrCUTi5/3f/lWqr9WrUC1AtUKVCvwI6tAjwIgbhD5y0sSrzTP4kcfuB6ff/oZN9x0IwMGDuToY8aTtwv0GdgYAZUyaJDmXcCL7Fv67QVMK8UjV1zD5AmXkHIcBTgSuokVgC+UGskWiToNZTsbqGbxh2+kupqAlNvLDsJkCeOr2KyKA1UkxPYTcVpiFk2lAsM23oBdxh7Emrv8Ai90Mevr8YOQfLFIMpVSWoIKAJE1K0nX6vQcF6NQwsi7TDj3Aj558CkaEhmm5VvZ8oBfccQ5ZxBr7AMq8VC8OD2li5CmwrTiKsRv8vPP8+STT6pgwcuvvIJVVh1OIp2iLZelvr5B0cY62s/K7vvyCkBEaO+5rgpjEyDi5XNYMpnzQ2a99R53X3sDH73+FpkwoK8JuoDmvE3GjBOI25oADJVrEoEP+SPTPWlqVeaCTEgkjFGYXrUZZjpFxp19BtsfsB9hTRI/GYsycBSdLqprtwIhlXTKW5RSXTFx8BZmVWv9xeQXeezm2/jin6+RdDx6Z2oUnU6mV7plMqWUY42tt2SvMYew7nZbQzqFrYUYAkKEVCbaE/mjANGPfze/u/dtLyyUB6EyAZTMF11NtApNLcqGuW3GTO686RZevfch0nmXunRGTWqd0Me1DFZcd232Oe5ohm72c8JUknzgkqlLdfflf1SPkwlaR/Ah/+2JM1Y+TyIW54rLLmPKhx9xxulnsPraa5HP53AJSKXT6l4WF91X9ahWoFqBagWqFeiRFehRAET4+9KsmpqhGhzZfXZLDhecdz7zFzZx+RVXqJ3afgP7K4Gs5FKIPazoPYS25EoInVBCsja05rjotLOY/+JzGPk8mWSKhBHDzRdVw9BRWyG7kYEvuoRlA0C+20GW5D9hhcvEQTj35R1zIbuI204szgx0agf24+Djx/Pz0TtBXQbf0kG+7EVQ75VBXMKKAEhZiyAULDGNDRwHLW+TMFNMuvk2Hr7gUhqMBLNLefqsM5wzJvyFxjWGE6iAwKihFtAiu/hfTPuGO+64g3fffZfjjj+eXUbvSktbK4VSiYY+vYglEsoVKyl5GRWnrHLjvDzs+HZ1hxBqvGgA5IiZhsp90ISaYjsEre3k5jbx9KOPMem+ezCa5jCgoQ+W6+O25kjrFoYjeSHRRVAOXzIZWhTwqOHpGiXTwMmkmZZvZ+3ttmb8uWdTv9qqagoVxMxFTaB8Nv4TIXjFvWmRe5W8jaIXmTq0tvP5K//knquvIT99FgnbVYGdbr6dGivFwkSM+YHLkLXX4IBfH8fqW25GUJMkSMRkuKiwqRg3iB7I7EEAxKVUNkoQ/YvcYzRiwqHLlwhmL2Dy3x/msXvvx5+9gHozTmho5AKP9tBjxXXXZP9jj2bVUdvhaQG2rpOqS5antMvf94+sn44ARM5AqJitra001NUzd8YsrrriCvr26aMmoH0b+ym3O6UJEQBSnYAsfxe9+o6rFahWoFqBblagRwEQabKFsiK6D88uYRcKTP18Khf96SJOP+N01lx3bTTTJFfM09CvlyJHRBOQMsdaaFuFAprtMuWp57n2j3+hdv4cMmIElM8TNy1Fv4oASPRb8tvCVfYDDX8ZAZBIOCxTDl8JiuWn7JlLcyPiZAkblCjGJt2guaE3O+25G/sfOZbYkEFK9GrV1aBbFoViUdHVTKFCaNGEpwJAhIJVcEskBKgUbKxSwCevvsGVh55EjaOR1Xy8hhRnX3UJK228AX7CVLv1hvD/iy6vvv46Z154Phv9fCOOP+EEGgf0p+R5xFMJ5epTdEqR05VkiAgw7ETB6q6QvJvrfqk9rCTBg5ahHINFgCxJ8gLiDJUjI2OpEH9hC1PffpOrf3Ma86fPZFBtLyyZfjgBGc3ElGmbrNLK9CIUiCm6EE0FIuZE5FubZn7oc/pf/sT6O46ipEG8oVbtxlcmHpWG8H+pZeCGuIUCcZm+2CW+eOWfXHrGbyh+O4uf1fbCbMvRN5WhyXMpWAaz7SwrbrI+Y888hRU2HqkMG3zLQDMtNTmMDGR7zuHiRFGfZVtmS/BjaxajpcBHz77EnX+9itzseTSYMWVXbNSm+TbfSv+1VuPgXx/PqptuRJBJY9XXKu1PvpCjV7kh71il/+UaLq1qK+OBTvS65tYW6mrrmDV9Bv379GXqZ59z8kknsevo0cr5ToEPxTL0ydTWLK23Wn2dagWqFahWoFqBpVyB5RaAVCglHbMFhF8swKC9tY10IsmFTTRpAAAgAElEQVQLkydz7TXXctLJv2aDDUcSE/vKCDEQWpJbbqAHAkJ01SCK/77flsVobWfC2ecy5aV/Mkg0JGIVWxZkK9GvaEeUrkJTNC5pocSS9ztZ+ndXcWm4YIWmFU0bAh8jkPfqoZkaZipJk1B+6utwdJ0FpsmIvffmoMMPo2ZQf1zNR08lcIXWU04Pj3onoTzJFEkoVFETERghRc/FkPAwEUH7Gn5TC+fuehDOjPnYnkO7V2L9nUdx4kXn49YllRvTrK++5aYJ1zD1qy859Jij2H6HHYiVQYckIisHp7LpmNrll0nBsswzWMIfQK8MFipPq9ytZGdYKGlqClB2g7JzvPH3u7jpimvIzpxDo5UmWQrIBBqm6yPQTDQf0tiaMYOC55L1A+xEnCYC5rgOB550AnsdeTh6rzpccUySfAUVkvnd8b9mcSijtyAg9DwVpqiXXD597kXu+MsEmj78jFVqGrCKJeXNJKGUpYTJF+1NDNtyYw455USGrLc2YSaNL2Becl0qVLJOdV8eGuyulkp7Iat0HmJu4ebzJH3QmrO8/MDjPHjtLZgL89QZccLAp80p0uTZDN1oPfY98RhWH7UVQTKGY5lKjyb0OgGe8R4E0UqeG1kSy2fAC9Q95t2332HChAkcedSRbLb55uX7tIaEilaPagWqFahWoFqBnlmBHgFAVONazvmQL2zJ+xDq1XHHHENjYyMX/fUS8vk8sWRC5SWEwrWP6VgyAwkEhGiqEfSKRbXbPOvVN7jsjLPJyy6dF2J5Qj6KDtXAVQCIpHuXQwwFgMiUofOxNACIhAoqLYrvYYaeAiCSvaEsWWMmbWg4sRjr7Lg9+55xCr2HrqhGGwIahCqlx6zIjKgc2idTJOHly3kqNzGxvTVCbDVZCZULU0pytLN5/nTgeKb98x3icv6+x882WpfTr/gzhboEf735Bv7x/D/YcYttOeDAAxk0fGWVSC+vG0smcXxJQY+VRbvfVU4csnrKERkjRC5lEcCKAGwFxKopmgAR38GZO51/Pvs8d191PTOnfMK6jUPR2/KkQ426WAI7m8MSbY3hESbilIRSV8hTzGQYuuFI9j32aIZvtblyEnKkcY3HIsvjJQRAVLhcEAnTRdsihgwxL4C2PA9dfQMPXXcTqbzD4Jp6LOHzOzZ6OkG77jOzmGXVzTZm72OOYrXtRynDhJKApFSySw368gpASqL3kWmVUBXlQzVzDk/87S5emPgoC6ZOY0htXwzHU+YA89wig9dclQNOOJbhW2+GnzQJMgk8sXZWSDXS+sQ1cdPqGYdyuSpPhwSACA1WwMhdd97F8y9M5uxzzmaVYcOVfbfcr6tHtQLVClQrUK1Az6zAcgtAhE5SGfFXmhUROEuSttClrrr8SvUFfuyxx6owOyuRIO/YKnEXSWg2xZrWRA9NxdPWhNqeL2A6LpOuvY57LrmMvuj09kJFl6mEvkm3FKVeC8X+uwmIqy07AOILh14T6pLsqkuDGCgmupdMkI3HWajrrLPFlhx25inUrj2MQIThktMhFC0RNhsREUbpRpRwPETXIrpZxwmIrUk2iK92v2uMOBRtpj7xD2753cXkZ8xVjXJrUGKdXbZlpuHg9K5hz732Za1hq5OIJzGF/y8uSOUd3oJdJJVKRQ14ecKkCHHddGlaHj6SHh6+EKYUgi3XedH5RuEtShIhAKTQhmm7vPLwEzxx613Mfm8KQzO9iNkOZsklY8VUfodnFCkZOq0CCOrrafr/1KwLr7uWFUesi5uQHXQDK5lUj1VhiJ0AyH9bNwGfdmCrVaKy20ONmK/jt+YozVnAU3ffz2N/u5OgPc+gwKXe0LEFhCTi+MkEs4s5Ruy4PXuOP4p+I9bDj1uUwoCEWLB2OrorlP9vz2VJ/F5Xmwu27WL6PlbBhpY2/jHxISbecDOlphaVCdOQqlV1m5prZdDIdTngyMNZd9Q2kEpgGwFWbUrpP0LZzgh9tFAnZiSXxNv9UTyHiO0VXVT0P37k0OcUS+qefelf/6r0Myefego1DQ0Y8e8Dr/91evejKED1TVQrUK1AtQLVCqgKLLcApJJR0PFLqVQQgXjIww8+yG233spVV17FKsOHE2qh0iO0F/Oka2tpybaSqk2q4C6zAwChUCL37bdcdc45fPrMcwxJpKixo2TrSqq3CjHoAEAUjUYCCdFxu7ATXRoTEK/csFtCnRL6lYaiP9nJBPPQSK28CnscfjhbH34QwgnxPQcjHlOtsYjv5aeQPaK98gjYGcQwhD4iu/VlClZBJiuCvISfbQoAKeFPX8CF445n7jtTGBKvoanQhvGzRjbcfzTbHHoAvQevQHtzO7XpDJZMagwdN5SWPEo0V3kfQmer6E3kL0XA3kMOMSEW+X4ULNgBgCg6VcUEWuyKJefDJ+4GuLMW8MrER3n0hltxps9l5d79cJpbCOwimVgcW89SNDWcVIav83nW/+VOnHbFlVCTRshPWiKuamxpGrElCObkipUolAGIhRGayipYswNwA0qz5vDwnXfxwF13MyTXTj9CitksNckUxOLMbGvFGNCf9XbeiW3HHMSAddZUQNmML061WR5MByoi/Y5LtbU5S69ECnfOXN5/6jkeuPZ6vAXNZHQTO18g1HQc1ye+1nB+cdRhbL3rrqrpdkyNRENGrQOxrgYXTU0zxSUs00M+DVAqAxBlDS5ubiG4dkmFFX45dSrnXXA+o3bYgbFHjFNT3M7geXkApj3mYlVPpFqBagWqFfgBK9AjAIhq7aRJdjxmfDON8887j1123oVdd90FXTew4jGxIFL0K6HD6DETaQxNUYGEhpqA6PKdX/L56uWXuPTU0zDmzqVfqJHIuQrUSJMgegXFzS5TCJTLf5mG5SxDACIaDtlGj0ngoIhZRJys67i1NWQzNWx36CHseMBBhPUJzF7itx+5Y9luCcuK4YReFA6nZkZRWrNJEl3S3TsAkJznEJoyAQpIGzG8XJ64Y3D3eRfx6aTJuN/MxkhaNI5ck33OPZn+m21AVrQLRiyyjpXXEMcwySPxIyqGWG0qAKIcycorvQcBED+aRalQyAjxCwjRIwvdCmUv1HA1yAYOVsmlRv7PrAV8+9rbTDj7txTnz2NYr4GUWttIWAa23oZWm6YpgEKmhlP+ejGrbLElYTKJLxOQ8hqQzJElCeVkbTjk1fuX+Z8eWoumh8WWLDEZmBWL3H7TTbxyxQSGmAYJ+WwVHUzdVNqGWaUSrbVpNt1/H3519JH0H74Sfqc3ubxMwboCIIU2m0TJ5ZUHH2biFVfjzphDnWwCyPQqZjGnrZUhw1Zhj3NOZ4XNNyFV36BSwH1Jrxfra9n012RDQEh0YjVggB65QvWEoyjTV6GLygQ5iDYexCo98Hxl5vHwo49w8803c/GESxm2xmqLqK+Ve/zyAEx7wnWqnkO1AtUKVCvwQ1dg+QAgQgWKNpAJRNsQ7dPT1tZGTSqtGtdioaByOk465jgaGhr448UX47mOelwsnVJfeotoVLKH67u4uoGnSSOlBgMwt41rzj6HNx99lEFxC62QI1HQ1C6vHJX+uHJROpFbFvv3//niRQrlxXYBOz+vH0ieQC2OE+D6Gu0SXpfJMNO12XbMAYw55xSCXhk8S4LQpNvr9JzlJ6zQoORf3TBU6d0SGpZOpZR2Y/78+fTu1Qvf85FpUzIe550nn+X1hx7nlQceZcSgnymaW1tc44gLz2GDvXYjZ9tk0nWE4srbIdG54zvoSS5Ii1/zzqumq1UhxLdQZaVIqr0hSm+x7i25vDnxIa793R8pzV7AmoOHYre0UtJ9WgKXfCLGPscfxy8PG0Osfz+cMqVO5UkqktQiiPM/L8XKE0SJJGUwVf4p2Q6iVRBgLlbWosG6+/zf89bDj+MvaKa/FiNZcpWI3sykWeCXmBO47HLQfow+/kgSqw7FdaPMETOewLFt1azLtEDAtEzpBB5by8yQNiQIBRCUpRllsqKEKsptw1dJ8WAJtfDTObzz+DM8dftd2NNmUiv3rjCgPSgxx7dZ4ecjOOTXx7PGDtvip4R6pkiP6tANXf357vNZDhrqQSJ0mQfKWcl6UR5oYgT3/63ShdYaegHtLa3cd/99TJnyMRdd9BdlVCC/k2mopeg4mLKZVNFNRSN8LNHMVI9qBaoVqFagWoHlqgLLBwCRXfjyocTVkhhcyJFOpSnlCwRCaTBNHn/wEV6a/ALjjhjHOhttiFduZDRpDDoAEKV18FzlDCUARHalky5o81u49PiT+OSFF0g7NhkjJFmMNCLL5NCkvfn+0ZU4NykpwiHkXBcjUUdLENBqmQzZaH0O+83pDBixOgvcPJnetVhlSk5l/z2iBpVbyg69soQ1muJS5AcqRM+xSxRyEiAWIx6LM3/uXO6//37ee/4Ftlx1LWa89SGz3/uYdCZD1gwZPf5wdhs/TulQjFgSTYBPz9HSLvHlEJljRYBTAvpUVojsDM+Zz1N33ceTd95Lq1j09uqDqwVMb1nIJjvvxGFnnUHD6sPwUkmVCaLc0BQAiQTMS8Pk1hU3rHLYoZyDBBj6X89g4tXX89Sd9zKspp5egYbd3KLARMnSadV8zPpaVv3FNux03BEMWflnagpgxONgmUqkHq3+SJkk6zumxgPL4ggIAmcRUCinsighvmlYFAtFJfbXA3jlmrt57u6/M2vKJ9T6UGtaWIkYLaFL7zWHs+NhBzFi1NZYjb3xOlHP5LPd03f4KwCkYsAsa1UmIEL1DD0fp2jz/nvvc8vNt7LJJpsx5vCxFDxHZccIrTBTV7voflWxQpcYo+pRrUC1AtUKVCuwfFVg+QAg5SC2ig5DfhaKBWKmRba1jYbaOj75cAoTLvkrW2y2OQePOQTHdUnVZMpBHcZiAATHQbQTnoQW+pBwQua98wF/OuZ49KYm0m6JpIhBW9wfPQCpseIq7K4gDmCpDNMLBYaMHMFuR45lvZ12wI2DbYSk6msqW7jRl3hZAK2C7ir/XV6/Qo+yBcCJU5HoDgoFWppb1NTjjddf5/FHH1PWvWP23osNVhrOUzffwaQb7iATTzCzdSHr/3IUh5x1Cg2rDccRgXwqTg9y113in3JZ014kt1G0N90XVwRfCZlpbuO2CVfx+L1/p09NDe25NjL9+3LYyb9m4332UgnaZFIKgETTD/kTKKrU0gAgHRPTpTAqcX1hG+7chTx55z08fuPN1JcCGtNpss3NCmBo6SRZr0R7XYqRe43mgLFjqB08UJkjhAkLsZaWM1BLsyzaj5nLKhk7IPBLEQVTYSHZudfUdQqKDpZoefxQJdpfeeSpeM2tZEyLpGGo8MnZLQtZdaMN2GXswWryQU0SN6ajdRJZ/ycp9Ut8AS6lJxQTCqlhBRwLdhANiExaZd3qmo7YqT848SEefeQxTjj512y4ycYsaGumT2Mf9RnpeO+Se1gPYmwupatQfZlqBaoVqFZg2VdguQAgMrSvbM4v2qQPQgq5HKlYnFx7lqsuv4LmpoVccOGFJBJxCrZNXZ/euCVbOWBVJiDSoamxv1MiUHoEHc0Nidsebz/8BH854SQa0Ug4RWrjMfRcUA4rXAYXq5sTkIQmHHKw4zEWGjr5mjT7HD+ebfbenSCTxKhJocVMCo5NItPBUaccpihTjspRmfXIrq5lmrhCezBNDE3n5Zdf5pabb+bbadM46sij2GOPPUgkYpC3+eChSdz35yswCiUWZtuID25kv1NP4Od770bB0IhlkpidMimWQUV/tC8pV0CC5xQAkUZMNDO+j9PaSixdx1eTX+SO62/izZdfIV0b56Bxh7Hz/vth9u1LkE4pECJTgwiAiImATEAqUZk/7GmLIUTFDGLRhK7oQq5IbtpMnr/7Xv5x30SM9hwpoTtaAi4C9Rmd6dloKw7gwCPHsfXuu2AO6q90Rl7MLE8+ypqrUFN6pWVzBPheBEDUMFSukWgXCg5W0UMv+Xz8yhvcOOFKws9nKPAhWjPJamkp5Vlrk5+zw76/YsQuv4RkDN/U0ZMxJTjveEjterrIWgEQBTSi6ZwaXgQBri0qOg3PdYknkxSyeX5zzrkqC+TCP/wBX7HwNOLJ+HeW6OVNEzE2rB7VClQrUK1AtQLLVwWWCwAiKRyVr+oKdUhG+MVsTjUCN99wI59/+hmHjxvH2uuti+2USCQS+JJnYRpoRjQBkaPCqvZLEQCRbkJ3fMy8w62//R0v3H0vK9fU0jZ7BvViZWpr6Esh4bzLZdNNAGIEOp5u0GZAU8Jk/dG/5LCzTicxuD9e2WBIF7tdAV+JiMby3fQjov50kESrIoljj8psNE2am5t5cfILXH/D9YwaNYrRu45m1VVXVVMoK53AKJbIfvoNfz3mZIrT56rJ1LSWBex0xBgOPPdUSnUprEyaWKdMiuXro/LDvlsBIGImpTBaGSQLABEqVnFhGxnD4sO33ubqyyaQzy3kD5dczND11sOWSUk6DUozETV0Mv0QABL9vx+en1IRY1fAh/x0vBC/UFLaD3f2fO6/4mpeevAhEgWbXrE4lhhCuC5eJsW0UoHaQf3Y97jxbDZ6J2ioIUgl8dV6ESF9BKQMoRoukyMkcGzVBAdlpwQloC750F7ky5de42+XX8c3H3xMo6cTi1k4cZO5pRxDRqzFCeedS++Vh2L17YNvaDihhmkJ2Pj+yfx0AUhIybaJWzFKTkm55Xmuz7dff8uVV1/Fz1ZZhcPHHa7WdzqTXnQvr1SvCkCWyYei+qLVClQrUK3A/1SB5QKASJMloCKVSCjhou94SqgqaeeTn3ue2265lfFHH8WmW21FIBavsqMvTZwuFpYRAOms4/SLNvlSiZp0Gq1QgvYC+47cjN62S0MQEnMdtMDD8iONSMdjaVjrRihhcQ2I2iEVwWbZ+Use1uYX6d1vRd6f/y39112PEy/+I4NHrE1Ym1ZNkwg1DcVjAVcaKJl8CN9cAv/K6dqB52EXbeVKJTvaC+bMpW/fvtx1193cdNNNmJbJgw8+qHI7EnEJCBNhbqjyC/JNC6ktePz9ogk8fP0tDBuwAl/Mmc6QDdZlzAVnsdr2W5JzS2TSPcdO9H/61HXxy3KlSx3+vsJvN+XaiZDZ9Si0tvPJRx9x7jmncec9d9N7wEA801K/F0tEO8ORXNtHX4oApKtaqHORJt32VLZJbupX3PD7PzLlxZdIFks0GCa1sbgK3WsXBzA8cgmTQ0//NduMPVg5FHuWuNVFZyJ6pJi1jDQgYUCxkCOZSmIXi+paxOQW017gi9ff4aY/X8r0Dz5mcH1fajWDOQubaNE81tt+Gw749XEM2XhDiFt4po4vmyHiNC15kkt6ES0Hz6eMQMrvs3JXVT8Vzfa7+6wnwLXk8cknn3DKqady6qmnssvonfEkvNDUVXCq3OblXmxKrlP1qFagWoFqBaoVWK4qsFwAEDcMKLkOkpC9KIUcjfbWNn534YUKZJx11lnKIremvk59KVXG/IpX3XmLTHb4JVVaUrhVcrFG83tTOGH3fenjhtT5ATHZWfY9FVT4owMgnZZYWFfH7JINver45bhD2eHQA9H798U1wkWWl0bZmlUsPxWAkZTz8vOIw5VumHgyFfIDfN/js48/5e677yaby7LhRhsxavtRNDb2VxMlJZQV2+MgIJDd3lyBTKDz4k1/444/XUpdaJDL55TQdreTjmKHo8ZQDH2SNTXL1Ydjab5ZmYB0BCAKf4q7kucrUTpeoIBf4Dg8MPFudt51VzRDBM4pbM8noRyVymn2KtdFplqKVb80T2PRaxVEHyEfQscjLTTHnE3zJ5/z6M23Mvm+vzMwnqQhFqeQzarAObMmwxcL5zF4vbX4xUH7s9muOxPUpNFrMqppb8vl6LXM1o98XjwlkpbzUQGdbVk+mPwSE2+8lXmff0UvK0GpPavW+IJCjiHrrsXow8ew9nZbofdpwLVkSincrehTFytfnWVycZbhi3bPE04ZhzFn1lxSySSXXXoZbqnEiSeeqO5BkftYqOhqulgX/xSR3DK8htWXrlagWoFqBZZEBZYLANKeyxKLxZUDk2R9SBK3YVo8/MADTHzgAY4efzSbb70VrW2tZGojl5TK0aWzjFKzR7tu7fPmql3LO/5yKS/efh+9nYAaL8DyfUKVRLy4memynoCoFkbsSQVIhCHOgL68MWsao/bYg3FnnUFyhQHoDbV4VkQ9E/BhCOBQAgODUDIHKmJOyQwpFGlva1P2xdI1fvXllxw9fjzDhg/j+BNOYJ31RzBv9mwaevdGM2T3UVfPJa9tO76iVsV0ky+eeYHrzrmAhZ99Ra90DQtLBUbsuj0nXvw7wl616EIV6gyeygYDna/Zkljcy9NzRABEgEMZRpSvj9CUkrG4AobCj5fJiKEH6hqoQLtEilLJJV6m1kW/LQmS8lxCWVo2AMQt73R7sk3th6RkpJHN8+L9D3D3hCuxp89ghZoG6kwDu72VeCZDLgxo00IyQwZz1DlnseIWmyhBeiluEZgGqaVkR7v45zvEcRzCYomEGcedPovXJz3Dpb+9gFSgKacrsU5OJRN81jyfkVtvw96Hj2X1UdsQxk2CdALP0suaj4juKJbCEbXsp3V0BUBU9tBiNwaNhfObaair47OPP+G6q69h+PDhHHfscRgxk5LnqqmYIdOPn14Zf1qLpnq21QpUK9AjK7BcABCx+QzF3tORLAFdTSw++fgTJlx+OVttuzX77L8f7fkcvfr0ib7KymJcFRgoTPiOZOvKN50bEHguYaGA4fr8/vCjmP3auzTYASnXxwoEgIhjy48QgMj5lScQQpf6KmXgrziQ8aeczM9H76p2WvXaDL5Z1n1I+KI0+kGA78jeYdmHX3IHdJ1sazvxeJzHHnuUSU8+qWhW2++wA1tuvTWpTBqn/GUvk6SIjRbZvaoN7pxDOpYgLNnkZ8/mpgv+xHtPPEtjsobWfI70yoM54U8XsPLWmym6VuejqzC3ni7E7epOIqJsR9KvywAkCixE0eKSiZS6TsoQwDAplWxM01IWsEGgSX6dYtKpa6LEPZKqqYhLywyA2CWbQCiQKuhSXB9QWiErV+DdSc9x16UTmP/5lwxNp0k6RaxYgqLrQzJFk+ey5jZbMubsU0mtMoQF+KQbGlga8zMBH12tSTmfpBcqZ683HnuKB6+7Ga+5BUscyzR52wmaWheSGbE2+x5xBBvusL0KPxUxvZ5KqFTvUO3by6ZGgKlFEOSnfFRuxZHJyPchiOv4WIZFti2rnPUef+RR7r37Hk4//XTWW38EurJW15SzXtVd76e8iqrnXq1AtQLLawWWCwAiQEKoKOIRb2kGufZ2Lr7kEgp2kTPOPou6Pr2wXYdkWho1Q1k5Sj8mAEK+18RKdtFR2Vm2XfTAV3kgbV9+w++PORF76jQabJ+k42PIlEC+FrVIztvxWNYTEOUgo+tKqyF0qU8yBjscdyT7HjKGeK8GlYgdxCT9PUodDzVlaKroa+JjKXVRfaqIljVduVrdctPNPP/884wcOZLf/OYc6nv3xvU9FY4ndsYCAiVRvuJIVnEV89pLJK04bc1N9K6tYdI1N/HwNTdhtBWIWTEW4LL38Uey+0nHQm2qCkD+xZ1CAIiLE5kBKNvZyCVITbkkNdq0kCbY0E11XZQOx0eJdeOijagYXmmyZiPbBgEgZZ+hpX5/EjqfLbk06RSeWKvKeTk+aTcgnNvEu08+w8O330HLx1Po5ZWIGTHCQEeLJcjpOi1xgw33Gs0vxx9OepUVFYWpv7U4gF3SJyb1ls/V9z7vhLgyEW1u5+nb7uEf9z5I69Sv6W3F0UVzpgl49Kjv35cjr7mcAauuSqxPH3zHJYzHMeIy/ZBnDAhVoKGPoQkJaxlpWpZ00f7L56tADoFl6p5a3tSQpyvZDjEzrswwMrEEc2fO4v5776OttZVjjjuOvv0b8ULxGguJp5aVO9p/eeLVX6tWoFqBagWqFRCaeRccmB9ZYSTTQ/qrfHuOunSGxx95hAcmPsBBBx/MVttug+05qkm2HYdEMvH97AOZgqjt4e8Oobu0eS7xvE3KDXhn4sPc9Ls/kWjPk/FCkn6I5Ql1KVR70p1NsJZGydR0ISb6Ex/T97Bk11ToVvjEkxkWFPP0HrQiM5uaSG46ggN/cwZrbrC+Ep0b6STtuTzJTDpKj/d9TENXfvuyJy7OVmLB0zR/Ph999BHXXnctqw5fldGjR7PeiBGRmFlRraKUZgmIkx14oTzI0dESOcg7+EGIowVYus6ctz/imlPPpW3KF/RNpFjo5Ri+6Qaceu2VMGiASjUmplOS59Q0YpqunMwisBddIzEa+Kkd0R5wJzvkUFO1FyAiupugHMgp4FMdorMIwghgdyyZ5Neogcj3vM2WakkF5ErTHhgS9qkpwwLJzbCU41wJo+jyzMQHeeSaa7BmzqJ3OkOYLyplsR0EFGMWLakYP997T/Y+7lgaVloBLa4RStp7mUEpP40ykUn5ZSm0XQ5C6c7ZhkIUk2mRrHOx/dVV9Io8rwDz9rZW0ukUMdfH/XY2r016lsduuUNZC9dhqvDT9sBVgvOh66/DuFNPYsVtNiOQkZS6JjqenLPkfURK6wr3c6k5lHWnDP/pY7q6/3UVkPrvnrfjzKPzBMTzfHwviOx6BRS6HjOmT+f66/8fe9cBJlWRdc9LnXsCDBlkBRUDRsxrwFVYw5oDiDmgmHCVXXMAFcwZXXNY1yxiZsWccM1iTghKhsnT8cX/P9VdYzM02pMZ6MfX3ww9L1TdV6/ePXXPPfdO7L///vjzTjuJCvTMAaFARku3tupL7vXb45z5+pcvUpfvPrTk3rTUnp113B/ZXNKVC42u/9H5OqufxesWLbAmWaBLABA6MlS9YhL6grm/4IrLLsfIESNw0EEHQTU0WK6LAGshODZ8XPn/g40ux1I7hdK4hUjKwZv/uhtP3DQVQdNCyFMQcBX4bcBwycv3sv3YzEsAACAASURBVKuXv520QwCIoiAR8IkojZ9gybXgoyJSwA8nEMDCRAJuWTmWp9I4845bsOmeu4s6EGnHQiAaFgAimUqJol5BX0DU8SCY0RQPlZVV+Oyzz/DiSy/i7Xfewdn/+Ae23XYb9OvfvzG/g3QrAhW+5LgiTAfYyKdC5ADJZApu0IeEmUa3JHDzaefgs6dewKCSMjTYMfRYfwBOuPxS9By+K9KuDTvIApCkrijwc50+64nIughcty9uXdsCQqBA4Vq/J0AxHUyN0UgHsOpjCLgqqhcvxWsP/gcz77gLQddBqeshzLiArsM2DCyyTNT4/Tjo5JNw0EknwOtbIqrOpQluSI/UNOjQRf0IndK2olAHEfYKgkqrNqSXAry0EC12YcBVdHieCodRGseFa6YRCQbQ8OtC/PLiG3js3vux5LsfUaroCGo61GAAvyYasP4uO2K/k47DxjvtAK17BG6TnIQ1vbo5DcxilE03sdDRwo1zTtNz8ruff/5Z5Kr16tUrUyhV0xAM5tQ2aub12sPRlOfM/bk2jIFmmr5Ndy/0nVwoGGuPcdGmHW7myYpU52YarLh7h1igSwAQruA31NWjtKQUt910s6jEPXnyFFT0qADJJv5QUDjc9GMLkeokwWKpmUSFpcC3vAaPTbkGbzz8OEoE+PAyAMQFDCejTJShT3QwAGEEJOiH4jgwCEAYCVE8kd9hBf2IBwJY/P+KSJvu+Gcce8VEoFd3EQXS/D4BxLjqymY7XL01LQR0A4quobZqGWbOnIknpz2Ffv364aRx4zB48GBR/Mu2LVjZfA+RR5ONHHEy5u/5HAo3bYt6DY6hImGZKGlw8NpdD+GxKTegwlWQsGJAxMCuxxyBwyZOhKt5SDKQIgrNeQKA0DHlVgQgHfLMd8xF3EwUhs8n8x+EZDOjNZTm5co2KZCOh9TcX3D/5Vfgvf/+F718fvQOhZCsq4dGxa9IFD9UVmLA0KHY97ijMWzMvvCVRgWgSZESxYrqjKAxm4IAxMtG0wpMrSAdiuQpAUAIPghlXFWouvH590HF/G+/xX8ffRKfP/UCGqqq0KukTERGXc9FTTqNDXbYFgeNG4vBI/4Cx7GglQVWkvzuGIN37lVI0WxLACIALNXfmsy7yWRSAA7+TTqJrPnU0m1VjmahjuqqritX3GU7WwPG8l2D5yUAa7qF8wh9tNQ2Xem4fA52vvYXel+bA0AKPWdr7FkowFrVNZrSSrlfW4/J1vSveOzaaYEuAUDMRBKuZWPhgoWYNGkShg8fjuNPOF5QPIyAH6yuS5le1rDQC9BkJACpNFNCcjf57Rz86/xLMPf9D1DieQJ0+B0InX+fpyJNDn4nABDhkPt9UNwMBUunrKoCxD0HVjiIGkNDMhLCiWdPwHajDwNKIyJRX9jE7xMKX1RNstImQpEIFv48Dy++9ALemvU2kukUxo8fjz/v9GfU1zdAvLRU0n1cQbXi8YxO0GmUFa45AeZbxYs3xOGPhlFvWQL8qVUxpL/9BXecdwkWz/4KkZAPdcl6DNrlzxh3/bUID+iNNL1QvwGL0R1VywEgmYew5euma+dDvFr2mupXItshA0D4k5QwPscBVRfgw0mkoNkOlnzwAR6/6y588ebbqFA16CmqTbGauIq0qiHmAKlIEGPvvA4bbbEZor17CiAu6mrwrFkQopO8J3K+CrOI49mZPAKOdRFHAUSBwYQJzQLqvvsBzzz0MJ66634M1IMix8wXDCAFF1WpGDbablscfuopWGebYeI7JRSCPyLpVoW1oSvulS/akW9uaK3T1JQuI51uCmawDZyb6Fjx/225yTmvpeeU/c4FUe0RAVlb6VZN74sEe02/l0qNufchbxQ/z41uztgtlNbV0vEkfIEmYLy558p3fBGANNeKxf3b2gJdAoA0VNaIBPTLLr8MJaWlouJ5j149haeh+QxBx2B9Cr/uK0hXhq5RvW2iNG5i4ayPcdNZ50BdVgmDORKOC93xhE6/4amwMnX7VtiaMzm15oZRbhLMlfAyKlbklptBH+p9Guankxi2918xdsIEGH16wygvE9LEQumKimFMAIYilJO++Hw2XnrhRcyZNwdbbr81xhwxBr179xbqVpyQCTT4Ef3Mgi1S2fhyF1r72YT3fC9RcrVtVUV9KinUs8JpD/a8Jbhv4hS8N+0ZDOrdC+l0Anr/3jjwn2djq5G7w/IrUMIBmK4t5HsZARHs+Oy1iwCkNaNmNTnWzgAQjipGLBwmx4svPCiOC7+qi5vuNcSgJBNY/PU3uOfqazD3w4/RQ/eJPCxQECIYFgpZS80U7B2G4rBjjsI2u+wEtTQqAIit6UJtSyGoEUCkcAYWqZsSgLBpjGz4GJ1pSKL62x/xzJ33Y/ab78KuqkXUUeAGDCQNBTEDCK/TD+ddPQX9N98MCPhRk0ggVFKCTDrCijNGRzgoHXnX862mNjQ0rNSESKTlhUcZUUmnV6yMI6OwvD6dJ/n/1qxA5zuW96s155T2ac/3BK8Rj8dXsnlZWdlK361p4y8fAMnnYMv7kAsoC7VFvnu3qqhIe4DLpn1kX1oznvKN545od0fOS8VrdT0LrHYAROYcyPwDmtSJJ/HazFdx8SWXYOq/bsOmm28GPeAX0Q9B8/Bc4UBTotdgidw/2HhM3DIRSdr48OEncNdFk9BH0aFSkpdRANcTK6Fkl2f8qPZXweIqbu7GK4qVXCpWZRO06XAlAgYqVRd1IT9OvPA87Hb0EYBQRspQElgvRWy2i/lz5+L5Z5/Dm2++ia223BJHHnc0Kvr1FMnkXEHUssmbmk7uuyiPDpVFBrM95r3IjYDkm8ToJ6aZbKxmIiYBy4MvYeOLZ17E3ZOmwJ9IwmyoRyLow77jT8P+Jx4DK2xAK4sg7VFqk3kumQuK0iwKayQUty5vAVGmOntfeW8ViOicRnEDDjX+jcnFqZTIbUIyidkzX8Wz99yHb99+DwNCUZTAByRNBFSfqAXyWdDCdsN3xTGnjUPPLTeH69pwgqymrsOlPLduiILa/oxK9Co3+SJn9ITPjcaaNo4NJZ2GzwPqf/gZL//7Ubx4/8MImy7W7dkXdTU1qLZSqPcr2Gj4jjhywplYZ9jmSJK45Q8IemMylUY0kIk+5m6FOj1d4Z7Tdpw7OD8TJPB39i+fM5MPqDSnj7/nBEoZcs5Rha5q57s2jyWViW3lAoqc41rjnPFcPI+MFEkbNafvf7SvUDBU1RWc0lU5qOyL3J/n5X5yTPJ3SRPjPrLfBH/8P+3TGjD2R/1o6d/ZZtl/aV9+x9+ls85FNDk22Z+amhpUVFQUdEn2meObP3keGUXh+UgD5E9SAXPvA/eh/eR9yLWbpDEXdPE8O8kxlesf8btCIyPsC/vB9skFxdY8Ny3tR/G4ogVW8HNXNxUsPlR8IfBhkbSfWGU1LrnwYiG5eNW11yCeTqFH754ZhzWnN0IJp8AE5ngygbCl4OkrrsbTN07FuqEofJYJhRMbV2mp7+8pcLl8W+A5WzO08r3wNDdTz4HcK1JOTF2DXR7F3GQ91tl+G4y95HwM3GIoElQW0gOZ/BfHRU1lFZYsXISbbrwJ1VVVOHvCBAzZcAgipVHokd+S9IUPmOWCSlld2dVC7UgFLFF3W8j9ZvJm9LiJ5f9Pv7puwrmo+34OIq6HOtfBxn/dAyf8czxKNhgIJxKAY3DVWoPqZfJ3ZATEKOagt2YorR7HSgBCJbWsmlputQd5i5nf5dkWlFQaSk0t3nv2BTx7933QqxtQ5qhQ6hJAOg3dF8KvZRricHDwccdgn+OOBnp0A6j0ZhhI8mWsaNA0Chus+onNddKoeEUZY5sOhWUh7HlILF6CZ+7/N157bBqMeBr9SrqhvroWCAagdS/FgK02xW6HH4KN/7obTL8Ki04gAY+QTvYQ1DK5V2vyJudoOmB0ZuR8ndvnVdFiCrVLrjP8R8fko4T90THy7xLAsL10LLkxp6Q1AKSyslLQwmgb0lvz5bMU2r7f209GanId3VU5pBJwSCc9F7xIp1TS2uT5VkfgzHvE8Ub7EgSzzXSu2S/eN34no/ZLly7F4sWLsWDBAnz33Xf46quv8Pzzzxdk+vr6egFWdtttN4waNQp//vOfBRiLRqOZmkyWhdraWsRiMfTv3z/DJMjmLbF9vO9NAUhr7Mn28Lw8J9vAfrI4aiGiO+xwRkXRFVFFPr+MWPbt27cgWxR3KlqgvSywWkZA+GDxAecLji+Gl599Af/73/9w9HHHYuCgdVEbq0e3iu6C+81Nxg4yUKGw138qkUCgJob7L7oc7z3yJHqrGkLCI8/AGgIQUUvElgUW2usWZM6b74WnuxkKgqtqsFQFKUPHcsWDNqAXjjp/ArbZb280KJxUHJSESwSd6ZOPP8azT0/HooULsfdee2P4brsJ7ro/EIADB75gEyldOk9ZJyq3h4UCENeheGwWgPBeeIBu2lCqa3HHJZfh4+kvoAd01KWSsHqU4/hzzsQOR49G0k4hUF4Gl/UuigCkfQdXJ5yd+UgZ7JwBIGIc56l4LShQBP22g4BpoX7efHzx+jt46Lqb4C6pRj9/BGFRVt1DQ1RFjZmCv1cFdjvsYOwz9nigJAJEIvB8OuKWDVWjQtXKACR3lVdG9ey0A5guNC48pCwsmj0bM598Cm89/yKCjoqo4YeXtuBqGuyyCPY89GDsdMA+iGy0PpKqAy/iF/QyRii5aKF5pJb9HvzphBvRxpfkfExniBsjBvPnzxdz84cffpipWbOKQo5t3Iw2Ox0duB122AE77bSTUNfiPCzpXYVcJF/UgU4xxxsd1Dlz5uCTTz7B999/X8jpmrUP2yrVCaXjXVpautI5xo0b1/iOkVEBvl/lO0dGteRqvuw/38OS5pZ70o6MiDS1r/w/f4oCxdncRLapqqoKP/zwAz799FP88ssvIvLPe5BIJMSHlLVC84UIKOis815KQErltU033RSbbbYZNt98c/Hhd/RTpGqbjIDw+Ny250agmnWTszvL54rP3rJly8SYooR+PupjvvOTDrnhhhti2223FcCKY70YAWnJnSge05YWWO0AiAx7csLgKgJlF0885jiccsopGH3kGCyvrkIoGhUeht+gTo2kc2SXPZvU/FilsUwT6Z8X4JazzsX8dz9Ad9uDz3MAfkSJhWwlBZuUkcJATWtuTN4ICGVCSUFTNZiahqShYykc7HPS8TjwjJMRi/iQDujwqQHyoPD6q6/h8UceRa8ePXH0UUdh0802Q5qqVgEfjIBP5IX4mFcit5zCXzICkmXNFFyLw7NJ5M/UShFyq3TILBuG4+Cdhx7FI5OvQ7AmDtK8FqTj+OuRh+HYiecjZSgwykoBqnMVAUhrhs5qeaxDmVw+klRTyy4LrFzvmvTJTH1wj2PGduGzXDjLqvDs3Q/i1f88iXDcRE8jCKuhAYpmIaF6WJiMQe/bE+MnX4ahf92DS9Zw/H6YzFfSFZaZWWkZIpcPToMJioyoR+JAdRzMefs9PH77nZjz2ecIeBDS1bo/gOr6OiQ1FfudNhb7HnYoAgP7i6KDcdWDryQs0uyZCq/BgS5oISy2+cc00NXyphXYKM7RdIKopvfMM8+IleVFixZl5qosV721lJPm8N1b4xATKPTs2RMnnXQSTj/9dOGY0fEsVE0qX8SBjvC0adNEYdcvvvgCc+fObRV///dui1ztl6CaoKHp1q1bN7Fazn0IUNjHW2+9tXFFn3kjJSUljXLrkuZDgLkqJ7U1Ni9wmOW1GccexxiBlKS51dXVYdasWXj11VfFh+Ajl5YlnX/aqmle0arawn0lBZl24IcARtL1+L6meuTuu++Oo446SvxOO/PvvLaMfEm6W3MievnaxGuzX4899hhef/11fPTRR8IOhd4HGekbNmyYACHnnHMO+vTpU+itKO5XtEC7WGC1AyAEHlxR4APHB+yBBx4QdCICkP4D10FDMiFkd7nCalCLv5FPngUg2dXW37WWqK7nYPnHs3Hl2NPhzluAbpabASDZdVqR+sHV+U4FIGSYA46mI61pSBg+1AUMnD/1RgzYbkskyoKohYM3ZryGN19+DQ21dTj0oIPxl+G7IRKNwhfwoSGZhKW4CEYi0FXWXs6S1nLBh/DIMnSs5gIQVlaX3CmhdqQyiOTASKVQ880PuHn8Oaj89Ct0L+uGn2srMWDYUJw65VIM2HJT4dj5I5EsAMlEUbgVKVjt8qx36ElZcJJjiZE0CUBWlnPIABCTlccZOfMAn+NBNT3Uf/MTXrr3P3hv+vMIJh1UkHLRsBxJXUWDEGGIY8jwnXDkhL9jnc02hcn6P/4A9KAOIw8AkRGQXCNopge3sh5fvTsLM+5/CHM++BhRT0HY5xOUx/nV1fjTxhtim71GYM9TToCvRw+YTIY3NOgRv5AYVgT4sKB5toiAQI2u8QCEDvVdd92FRx55BAsXLhTztaQvtZZ61bg2kiMD/kcDt1AefL7zdO/eXUR0/vKXv+C6667DJpts0ixqSz76F4sl3nbbbSLqQdvQeSUtqy233MhELljLB9wkZYh/Y3SDK/oyH4DAY7311sOQIUME1WjdddcVAEUCGpk/ktt2+be27E++c+UbSxJYVFdXi6gbox2Mevz3v/8VUQ76DARN0uaSeiT7XigNSoIPaU+pGMXvc8EPz08Au+eee2LnnXfG0KFDscEGGzQqtEkAIqNVrbHZU089hbPOOkvQytgPtimfFHO+a5C2RfDF4zjmH3roIaEmWtyKFuhMC3QqAMm4KL9t9D/jsTgioRBSyRTm/DQHV06ZgiuunCLUr1jrIxKNIGmaCDEBLBv9IP9abIx+FBKs4P6miUXvf4KLxxyLilga0WQKTGl3+U/IcgpiBVSbFKH2v0V5OcdektwsJBUVaSrtQMEmw3fG6VdMhF0SxuJUDM+++jKmT38GI3ffA6NHjRLRDzp9bLLl2jB8PhhBHyzXg22mEc6RrJTdyg3wSABSKAVLZOnLE2SjIPQmnVgcvngad51zMWY9+Tx6lZZgUfViaD3Lcez552D4MUeg1krD372clUAEkKQ6r0hQLspgtf+Aa+cr0DnnvxUBSEYVK3djDpHpZgpdUkSCClkaqVFpF7FvfsIdk6/BF+/MQi9fEBXxalGE0CgJo85zsCSdwGYj/oIjz/o7em6yMRrIzTYMdAtyAHEwqeJZ5rICq2aL+YLUSirL8ffqBnw18w08fue9WDj7a5TBQIDPvKFjWTKO0IA+OHTs8fjzAX8D+vdEilQtw4AeMJBIm/AHqJWXiYAIQWBGTRXWpFizIyAvvvgiLrjgAnz99deC0pKvaCDvcXOiGE2HY3OATKFOZb4hz/bTMdtoo41w+eWXiyrrktZTyCPCFXm5Wi5XpOmEMnJPp4/OKpOfWwOSCnXOM6/AlV+A0vmVeR9sp3RIGRmRzjlpOltttRUOPvhgAciYI0AnVzrfMqqVe41CV+D/yJb5Ima5idcywZt9YMTj5Zdfxh133CEiHwQlBB2S9sQ+SXuzfTIqJ8HIH7WFf88VVpA1biTVSkaZuA9txuuS6sXzE4iMHj0ae+21VyM1i23gPq3JK2If7rvvPiGfL8esFAoopD9sA6MyPA/b8eyzzxYBSCGGK+7TrhboNAAiMECW7iQeeL676SiYXE1UEK9vwE3X34D6ujpMvuFaIbcrJzsZUm3x5MeLJ1Ko+fwrnL3fIdgkFAWWLYdipoXDYqus1J0pTEZJ3s4CIJaTgBaNoIqSi6EgGoIB3PXkE7ACfrw26z1Mf+5ZlJaX4aSzTsOgjTcQUSNOxgwFS65vu44e4di5OapG2at5LpxEGlxhnv3iq7jlkinQ6ivRLeShKm1i2F57Ydzky1AT8sFjIjFUBEl7IXuAslqhQlBke/eseP6OsIAQH8iCFRF1pPgDFd2SJgxHwbfvf4R7brkdX771NoaF/FBtC14ygW7RCKob6lCnKdj9mKMx8qSx0AcPQrWqoK+RTQLRGTnURTFRAULSpqBXRRQF9csr8cljT+Ktex/EknkLUGqERFV101UQUzxUDFkPex57OLbbewT0HuVwQitrs7XGoegI27bHNegonn322bj99tuFk8Y5WCa3tsf12vucbD8jAnQuzz//fNE3uYpeyLW5Ai0TkMnHJygjLafplq9QYyHnb4t98tJ7s2pNEnzk5jwwKkKazogRIzBy5EiRO8BzMMLAe0575Xv3tgYIyshGPnUu2k6u9n/++eeC3kYQPG/evEaHWkwd2VoZjTleNkVc2m6T4z33jLmRFZlX06NHD0ycOBF77703+LukP7XWPm+88Qb22WcfcS847iTwLaSH3JdRIUlBe+WVV7DrrrsWcmhxn6IF2s0CqxUAIQhhoTImgL/7zju47eZbcdppp2GXkbsLek4uAGlVGJheT10M3736Jq4/7UwMcBSE6hugWObqBUDcFJRwCPW6irnxGHY68ADscdihePTFF/DNz3Ow175/w557/xV9Bg0ADC0jratpYlLmZFgoj7k1o2sFAJI9kbh+MoWAraD+x19x99U34pMZL2BwjyiWNMRQtt56OGnSJVh/+M6Ih/1CzYzaXH4CEL4zSKMvbmuNBUSCZbZeCJPNRV2YlAWrLiaSwd955TU8cNMtCC34FX7bgRKLoZyKN5qKaseC1bMCO4wZhUMm/F2A9KDiCGEFVzNgU/2FJDDHg1UfQ4miwqquwQtPTcMbd9+PwJLlMDQDyUQaejCMlKah2+B1sf/Y47DVnrsD3UuQUj0YublT2TuzNgIQOlOck++9995GyVHOxYVSQVa3Qc17KOlIBCDnnXdesyIgnOv4oYNHB/3kk08GqTJNt9YodbXWZvnGKQFHroyrzFGQCfR0+Lm6T/Wn/fbbT0RE1llnHdEU6XQ3bVdrHWyeTzr5MgJGUCcLTzLfiNS/2bNni/EmE7NlZCc34sbv2trmqwIgckFUjgO2lzSsCRMm4JBDDhHgif3IV6Ol0HvLvhQBSKHWKu7XVSywWgAQmcfBSINn22ioa8CVUyYjFAyJhzhYViLoV9xaBTzkXXEBd3k1nrvjHsy4/W6U18fQ3XGh2FkAomhwVoMIiKM6sAMGalUFix0bp19xGf4z4wVstO02+NshB2HdIRsgHmuA6tMQiIQE6OAKByfAjtJvbwpARM4KPNikqDiA0mDi9Uefwt0TJ2KAT0Nd2kQyGMCh40/Fvv84C5aRqWhNp9OwAYVL1WSxFLe1xgK5AEQ4Ea4HWLaIgvg9FYppY+G332PS0ccgtWQZBpd3h1YfQzmpmirwY6wW+uCBGHP+BGy9z56wQwF4rH2gshSnAp1jKp6CARXuwiV4fdp0TPvPI3B+mY+BwRAsRcGvtZUwjQCG7rITRp12CtbdfhugZzniji0KnZZka+bk3pTWOFxd9ebSETr88MPFKrR0bDnXyByQrtYvSTEisCL4uPTSSwt+x3CsSnEDGeHYYost8NNPP61khramYDXHzqsap9Jhl+9U/sx14qWiExPXCUKOOOIIkeMgk7IlGGmaJ9Gctsl9cyNEsj18lzHawhwd5hvdfPPNIqFfKlnJhO98PkFzKHyFtvf3riNBkARRbOMxxxyDiy++WKhOEZzmUygr9NpFAFKopYr7dSULdCoAsYTqVIZ+JT5iRgOmPzUN06c/jX+ecw42GDIERjCwAgBptYFdwF60DFePn4Bf3noXkdp69GZl3WwExFE0uFkAonUiBcv2KTD9BpbaJgZuuzVOvPgChAf2h1FeCoeZttTgTyYQDAeFapdMTJSKJ5y823trCkAYqTKpgOQ60G0PRtzE4u9+xk1/nwD7pzlQDB+qbQub7T4cZ0yZBKV3BUzS6ygpyaR/14MWWLM59O19T7rU+bnoIHKvMhXTOY4pMMER4Fd0pOoboFKhTtNx/4WX4OWHH8c6vpAQjVBZRd2noVb3MB8mSodugOPP+yeG7DUSFrnrnpJR1jJdoCGJhp/m4t3nXsTbzz6P2kVLUa5rMFxb5CJZJWHsuN/fMGLMaPTaYjOYho4kV1F1DbqmoURbmRbYYgpol7pBKzaWjhDzJGbMmNFYW4DOVlcFIHQcZTSAykCTJk0S/Srk3tLJlXMt7cJICqVZWXOi6daZACRfX/KBD+lE51KZ2CeZN8Ak6zPOOENQzGSdrlxxh0IlbvMNfympK/8mow1MNmftjmuuuUYkmxP8yGgb+yDbIROsm4KitnzUVjUmcvNXZNI5xxSTvAma1l9/fdGM1ixYFAFIW97J4rlWFwt0GgChASyXJex+AyDk4sTq6nDuueei34D+uODii0QCX1n37lAKUbcq1Kou4Py6BGccMgrmj3MRrW9AH6ro2CY8kbSaASDwVKgEIIWetxX7NQ2TM5KQDuowg34sTCVw8Gkn42/jxqJOcRGoKIdJYommigrOBqubsgp8tmqtVPAo5CXaiiaLQ5sCEJZNSVhpkZeuuwqcmgZEPB23nX0uvn9uBkLhCJbV1yM6sB/GXzER6++yA8ygDy7brlJCi2JGxSz01t6XLnO8yEnPSPESvDJZXHwjQIgCPxUJWNTQcbH0k9l48Nob8c0rb6Kvq6G37kN9QzWCFeVYplj4qnoRjp1wJg68/DKkdB0+Ape0DaQs2HPn49XHn8ILDz6MdFUlugeigE9BUndQ59oY9tc9cMSZZ6DbkPVhBwLwAiEx5zAlifVAA5ToarJ1xPO1ut1HOkIHHXQQXnrppcZiaHQ8uyoFi/aVla7/+c9/Cu5+c6LHslYEj2E0hQCEssSr05ZvnOZ+J6MFTSlGElwwp5AghDmGBB9UYiIlS1Kg5PuGeTQt3WQyvHTgZRI4E82vuuoqobYmAY7MO5KFE2VSuIxQtEf0g/36IwAiI0gS1DKP5v7778fAgQMFM4HgqaVbEYC01HLF41ZnC3QqAEmmU8Kx8GxHrHC6poVPPv4E115/Ha669loMBUYT/QAAIABJREFUWHegyEwPhsKFqVvlsXQuT1ROEOSDO3MX4dSDDkOosgb6suXoSYqFULnRYbJCsqtAVfSMMlOT87ZG3SVzKiUj2NUoNcnQt0jBbSzmRSBUE6D0robeQzfC0ef9AwN3/TMcvwZTV+CqbJ8ClapAilpwBfi2Hoy2m4likUJFO1lCildBymZVeQ+lqh9eQxIfPT4dD114Gey0jXAkjBorhb6bboTLH7wHXjQIREKIWSaCoSD0jkB8bW2I4vlaZgGh/ewJwEoAkikDKp+SzJjiR3M9eLX1qP52Dh6/7hZ88uyL2KC0HB6lN3UgrrswwwZq3DT2mzwFO++9D0IuEEhb+OXzL3H/9Tfi1y++QcBy0T0YFrSuZYaF6qiKPfbfF6PHnYSSgevA4jzgC8D1NCi2klHBgwstrLWsf2vYUVyppkoSk4AlRYddLJRv35SvL5261s+pLTc0k67pIFJhiM5uc1SwpLNLAMaI88Ybb9yqooPNAbW5K+/yuNxIS65D3tQ6hdpbFiWUIIP/p1Txtddei+23374xEVrm0bT0Lkg1MbaZKle05ZNPPinuByltzEchAOL4KRTsNqWWSXvlApRcWlVuAjz7yf04rqWtCrUZz8PjBw0ahOnTp4saIZKd0FL78DgmjlNdi5so3qqqjRTAPzqvBHR8ZjnW33nnHZHfU9yKFuhMC3Q6APEsByF/AFY8CUNVccABB2C33XfHuDNOg60AvmAAht7yFXE52eRO0JrtwvtlqQAgwepaaMuWo0JXodgWFF2HlQUgmqJDbQcAkmlLBoTIn7mTnABNioKGHlEsc0wcc/bfsfNhB0HpU4GUX4etZ2R26RJp8OCjjG2HxGlWHqpNAQjvmaMpSDu2cCyjigHE01j84ef4z8Sr8Ol772NA7z6oitUhOqAPJt5+C8o32QBeNITqZAKRslL4iwCkM+eEjr12DgCRxTAzUHzFTYUHq7YOAU/Dh49Nw/N33Yels79Br2AQmuLCgQs17EfSM/FLtwqcf/lkbLHrrvj5vzPxxH334/vPPhc1RkrDEbi2jWTKxJKQhy0P3RunnnUWSvv0QoNjIxAtEQsPiqNCswFVCulEWj4HdaxB2/dqbQFApAPV3ivWhVqCYh2kkF100UUiB6QzAciq2vx7UYxcxziXWiXeLk3yOuT5C3WmJbCgIy5lcenM7rLLLqKY3R577CFoaLIie6E2b7pfLBYTEQ4yHpgrwcKWhx56KH788UexK51mRpnYjuYAEEmno8Mua3jI8Se/I9iRCfkSPEhxAUk/ox147XxqZk1tWQQgLR0FxePWNgt0KgCJJ+IIaD6k4wkEVB1vvf46rpg8GTfecjM22WJzNJhJGKGAqErM1f5CtqaTQdNwrJDEs1y4Py/GqYeOQqimHlplpQAgyAIQ22GdwkwERMoD51670Ml7Ve39PS6obC8BSGXvMqSiAUyaejN6brU56jQXSmkEjqgu7YHCoBQLNjoRgMg8HkaKaCsWInQ1FZnvPYQIkxImsKwWM+98AA/edgf6lnVDOp1C0gAOHnci9jz9JJgqkNQU6KEgwlnBgULud3GfLm6BbA5Io2OUqf/ZpFoIYboH10zASDtI/LIAH7/0CqbdcTcClHtOpRHUVLi2KRLJvrNc7DJyT2y7+eb48K238N3sz6FRhjISRn0qiSW1Ndh8622w5YF7YZO9/4KB6w1GLJWER9qWP5iJTHI8UxSBZW4Y4QtSp624tRaAyKiJnEOllGhr59SW3hmuVMsaElzVP+GEE8T9L5Sv39YRkHz9yJf8zP1yo0nSfrmF9yQAyXfOQnNSeL7ceyRtw+8JPpibQZlemTDe0vsgZXglELnnnntwxRVXCEAiQQD7mK/S+6quKUGDpHXxXkvalqSbyf5IpkTTaEcugMtXzLSpfyHvSzEC0tKRUDxubbJApwIQTgZ2Kg0vbcOAgglnnoUd/7wjDjj0YCh+A66hwdUUBAxfQSv8+SYDObHkhvoJQNLfzMPpow5HpCEOo6oK3Q0NnmNB5SRFAEL6RbsAEAUaczck1z37M7d9/BtBxvcRFcP2HoFxF56HwMB+aAjosHyZWuZcEaZLZLC6rdJ5ERBRyyVbxZrRIkGj0VmWjZ6lJ1SMQB5+QxrzXn8Ht15+JRoWLEY46Ed1MoZB222FC267AV73cjiREGxFQTSP4tDa9FCubX1dlfO5YqFMF4l4NQzLE4sW5rz5mH73/Zjx0KMoVzSEbRflIpIaR6UegOoLoCQURF3lcuikLBoaqs0EErqKgZtviuNOPRXr7zUSrl9DIpWEEfDD5/Mj7VjQSAdlWjyHsMs6NwoCevsLOnSF+95aACKpLbkr9fkcu46yhSwux2rgrG2y3XbbNauGUlsDkHxSr4XYomkEne8TmZciaz/knkeqdxVy7lwqE3+Xid+MHFA57LjjjhPftUbliWOAbeL4ID1o8uTJQnZWfsfrykT1QsEq28djZBFDmdvD76RkblNALAGJjHRIACZlfZvaTfoXuXYsRkAKGVXFfYoWYOHpQp/mdrBWKpEU+Qswbbz07POi8ODzzz8HNeAXTqy/JIykYyHMVclCrk8uedahl7u7rABuZ6rVSidft1zEP/0e48cciZJECkZ1NSp8OjzHhKJlAAhTG1TFEKv6TbfWmEzw2VkEqjHfg46OJ1Zome5OFSBSUJjM/WO3IM666nIM23MkrIgfybAflogOsHZ4FoC4HvSs3GghJmrrfZoCEMHl19mXTFVz5obAorpAGt78xbjtiqvw4Usz0adbOaoT9VAqSvGPG67GBsN3QkLX4FJ/Xi/y7dv6Pq2u58vkoGceMvGM5zxvHEuNXykuzHQMAd1AurYeftNFevFy3HnFlfh4xkwMDJfCq65Fd38AcTUAT9XgWCZsJw097EfaUPFrrAYb7rIjjplwFtYZOlQkmyMUZsF0qJoG27WFGpdGqgcc8H8E0gQgJUrLE2xXV9u3pF1tAUB43VyhDFmpuiXtae0xzC0gpWe33XbDv/71L/Tu3VskCxeai9HWAIQOeFNBEkkVWtV7SEZr2GbSmBglkA70qqInhQKQpsfLdx8T05mTwXyQ6667TlCyCo0a5btnXIzk+UiHO/XUU/HQQw+JaIWMWvC6/F0mqxdy3yUtTNbG4rE8Pz/9+vUTtTpY24RAhR9ejxXsv/nmGyxfvlzU7mA+imyHHLe51xaLhQ51vn/bigCkkLtT3Kdogc4EIB7w3cef4avZX2DwwHVx+61TMXLECKE3rhOA0M/2MSHcgT8UgG74hIdipdONlWqbTngkJomFdyeTOCaqLDuZlRX+n6s0DQ31KNX9ePOuf+Phm29DOJZECROjXQeaxsPp/mdzNEgpEg1ZEf7kAyCZrIx87PUVhxlzNRivIGfdYcE0hXkcCnwEEYYPDbYjJEDjuoqGLTfEVXfejrLePWH5VDg+DV6WnqSzvoHHJHRB9G1xkn6HPQRJE6hP4Nnb7sSj19yEPkFWZU2iXvOw65hDMfbyyxCn9GpZGfQi26XDbktnX4hPDJ1+buJJywEgoi5Q46OnwDZtaLoO13KhMTIRT2HuRx/h9osnov67H/CnYAi+WALpNKAbATg+FQ2KiXrdRSJoYKeD9sPuow/BwGFbIq2q0HQfdG3lCue/4aDf0uELWgDpbGN2wPVbC0AYcch17unIVlVV5eXWd0B3RHE4yqRSXpZVpglImuNItzUAoX1oE+akjBkzprHuRb6Vd0Y26LSzxoQEdLSl/J73Sla/5vkYARDPmao2VsRu6kwXYnO+R3kP6ZjTmaftLrvsssb3rKyq3py8EPaDIIDRD9Lgli5dKs5XaL6HbLccW/wpK7bzHvXq1Qs77bSTqGXCuhwEmt27dxc2oZ1knwhSSAPjtdmGzz77DO+++y4+/fRTkZdCQEL7yr7x3LIoYuMCZzZnlUnoLJ5IFSxep7WFS4tJ6IWMzuI+XckCnRcB8YD/PjkdL7/4EpYtWYpPPvoIB+5/APY/8EAEIyFU9OqJfn/6E0D9feF0Zx70hoaYmAC6d+uGprJ/yUQSqWRSrALxw5VMrq7apomq6mosmD8fr772GubM/hKJz7+HtXgZ+igG+vmD6BkKYdnSRcIDkuuxdIAKByC5+j2rHgLsiQ4ts7qqMMs1A0BYgM9VNdh+P+xwEIsTcWw1fixGn3yiKMRoREOwNEUcJ6IoWQAiHLYuAECctAXWVPl2xmu4+4JLkfh1AXp1745liQb0GbY5xl81BWXrrwfL0GAEiwm/XWkSaU1bM7CdUYbMWVbl6DM6mHQ82JaNoM8Q9EMkbbgLFuHrV1/DUzffCmfhIvQKhGA2OAwzIq24qPfSaPABR/z9dGy19wj4+veB0rMCCQpcGH5RnLC4FW6B1gIQOqzceB5GHcaNGyccNCpRdcbGJGeurG+22Wbo0aNHY75BZ0VAeF2ConXXXRdPP/20ACP55G0JOAg86CjnKpAtW7YMrJ3BftFpZu0MrujTmWY/CUi4sp8vB6TQyL6kKdFp50bp4QcffBB/+tOfhCNPJ57X4nu6UGleFhvk9a+//nrccsstAoA1rQ3ye+MjV8FK7kcwSRuNGDECY8eOFXU5JE2MNmP76FMQkEgKmDxWAqLMomUDFixYIOz4/vvv49VXXxVKZzxG1tpiW2W+iMxZ4Zh69NFHMWDAAOGPFDqmVtXPIgDpjBmieM32tECnAhCzqg4NtbU4/5zzxIpE/3798NHHH6M+HkMwEsZGm2yMkvIylJWXo2evnujbpy/KysvEpBYMBKE2SVbmZBKPxcUKxuLFi7FkyRKxYsHqqbO/mC0mgU023gSb/GkQ+sUc/OemqQjUxVBmufBbJgTzpwMACCMgNpV7shEQRkV8ug9x04Ed9KNO8RAzNEyaMR19Nx4CCy4MIVObgsaifYyiKJkISFcBIKZlwvAU2L8uxr8vnYL3pz2HQb37YMHypbArynD8pRdi+4MPRAIOQqUZJ6W4rQUWyNYByXD2fmNgNWU+ClU47uKwQCGgpW340hawvAq/vPsenrj5VtR8/wNKFRVukqu8OizVQ1J1YYYMHHn2eGx+wN+AXt2R8OtIB/yI+ENCyKG4FW6B1gIQrgLzQyf16KOPxt13391qx6zw1q+8p3Qa2SYpuSpXwws5b1tHQLhSTqeWK/astUIwQtCwUp0oUnVdVzj6MrLB9kqpWpn/UFtbKySTP/74Y7z++uuNERU65k23QhPTeRzPL1kF/P9JJ50koiBC5MUwGiViCy2Gy3E1Z84cEf34/PPPxZhgXwrZckUDckEUfYrRo0fj8MMPF/LIubaS940/5Rjg71KuVtqRx/A7CXBoTwKRt956CzNnzhS/M+okIy4SEPL/BD6k9fXs2bMIQAq5kcV91joLdCoASS6twjtvv42bb7oZDz7wgAjnBktKsHzJEvw092d8/9MP+N8HH2DW+++jrLRUhEy5ceWCKyQrcS81TSjd8DycCPlCqejeHYeNGiW4ngyJipDp8mrMuu9RPHjDzVg3FEUwlkTIpdwNZW/aNwIioxe2mpEO5QIsAQiJWXHbhRsNY0kqia1H7o5T7v8XEAlmJEYDPiQtE2o2QVtEQHhcF4mApBwLyVQS5a6Gzx5+Gg9Nvhb+eFqsctX7Nex4+ME48pyzoFaUQy0qDq09E5EIgfwW/mhUwMoNhTASqSiodTP1QNRUGiVQoaZMfDL9GTw19XbU/TgH/ZnPkYhDcXSoiiYKnSZdC0ldRc9NhmC/k0/ARvvtA3SLYnEyiRLOFVox2tacwdZaAMLFIzr4dIBHjRolAAidPH46Y2N/+J6QdRUkbafQtrQ1AJHOPXMUuNJO51WqOeW2iQ6xTAaXkrHsg8wBkc40j5GFFglE7rzzTrz99tt5K9cXKgZA51pWJJdRhj59+oh6HbIivKQpFVodndd+4okncPzxxzfW3yi0tkwuAMnNhyHd6oILLgAFBmTByNy/S3vKnI3cKArtJ6Mkkt7GscLxQf+Cv8+bN08Akcceewxff/21WPDk+KZNCFSOPfZYXHnllWL/IgWr0CequN/aZIFOByDUXWcy2IknnYTK5ctFOFQoSzAZ1OdDPB6DrrEokIv6unrBw1y2fFlGxYLZozkbjwmXREUkpaS0FMFAAIbPJ1aPRFIek725YuQAT1w8BS899CgqWBvAdAQAcR2zQwAIJYUzEZAMAFHoTKk6EooKpySKOTXVuOD6a7D5mAPhhfxQyFOFC9tzoWYTtAlABHWriwCQNDwsratCPyOE1NdzMPXsCzDnvY/Qs6QM1a6F4AYDcfrVl2Hd7YcB4WLC71ozCYkkkGwVS0ZAsh/Zf45vYhESD+ssFxFdhZqwYC+vwlvTn8Ejt0yFryGG3tTpr6lFhPlTCVMoWumKCsuykVI8VHk2dhl1MEaecCx6bT8MMUOFrqkINJlD1hq7t7CjrQUg0iHl/M06D//+979bzY1vYVfEYbL+gxACoThIdkW8UEDU1gBERg/o0M+aNQvl5eW/W2NDgg9pAwkAciM7dL5lUjqjDFdffbUo8td0aw4AkaBRHsNIDfM3SB1jdEsCpObkPbAKPaMosugg+1BosrwUmZGqVTz2gw8+EIuOspiiBBgyopGrvNXUFpJSJc8r77OMksn6ImRdkJ5FehQpc1999ZUAd9xvwoQJuPDCCxvBdaFgbFXjuUjBas2TXjx2dbRAhwEQmUwmeaOsgP7DZ1/gwgsvEnrfPXv3EpOt6luZFFFVWSkmNKnXLuX0VppAGxNaPaEmRcChKJmVIm6MbTApXTMdPHHJlZj5yOMoS9uIpiwBQDyXbn5GlYrHEd64HlfmCklCLywHhGdSNUXIC7uKB8dz4bgERn6kDAOLzDRC6/THP6+ejIF7DYfH/bK1ERwlk0DI5tAxkwpdokZKgXVSOmsQpuCiwUwhYNqI1iUxe/oM3HLuJQilHHg+A0s0C8dcOAH7jjse6VBmlZSTOCd6Uuo6iyPeWfZaa67ruICdrfbJWh6qIkAIKXue7SIUCMA1bQHQYXmw6hpQ++sCvPLkNDzzwIPopqqIcm5wbDjJFFzHhhEOo7JqGQb3GoBYZXUmvT0SwlI4GLjTdjj8/H9g0PbbIJ5KwDAyq+8yqTaXzrLW3INmdLS1AETO3XRSjzzySJE7sCqlpmY0q9N2bWsAIvMEOO/xndkcB35VRpARHulws81//etfBS2LK/by3dw0n6Q5RmU7KZ1Lp1uqdvE6heaAcF9Womc0gbRpHse8kEK23ITzaDQqqFuMPJxyyikrHd4ae+ZTI8ulcBHcMYpDqhtrozC/iXkgbB/HexGAFHI3i/usTRboMAAiq6hKSTs6zzdNvhrffvstbpl6K1hROxAOZyZceuk5JHDx4HuZSqbyI5LMuW/OxggIgYfkgTZdzRKRFfJmTQdPXXIVXnzoEVTYQDiRaqRgtTsAIVYQAIQ1MwhAPOF/af4gUj4/FrsWdj7kQBx++ikIbrQunKxDJmR7CUCyQEPodEnmCgunreYAhJXRE5aJgKoiqOhY+MYs3HjW+QhUx5CKJxAPaui79Sb4+9WXw7feIOhZdRKOG97rQlck16aHd43oqwQgqiKU7zxVEc+EUPDRfXBNC7AcaBz8NQnUzJ+Px+66B688PR39oiUI6xpiDQ1IplPoM6Afttl+O4TKS/HS9Gfg1jSg1FURVgzYqoIlZhJWz27YYcwhGH36OPh7VcCEK+aRXACyuj9LnXnfiwBkRet3FQDCVstoBdtMdSZGHOg0c7GHq/Zika6JjH2hY43PDNWwrrrqqsZ8CZ6r0BwQgo19990XX375pUj65pzfnBwQSQkjcOFC5vTp07HFFlu0OQBpah++n/hMcGFQ0t/Ybn7PdhDcybwYtrE1WzEC0hrrFY9dHS3QIQCEDy3DwJzoZMXU+ppaHHngobjgwguxw047ImVbQu1KRisaHWzyv7NCnWKyz8ySIhqiMBqQs4m/M5dDbiJwkeOcU7M7C0CmXXoVnrnnAfTVfAg0MAfEgSKu1L4REKIGhYXRWDGcxdezAET1h9Cga4hHwzjrmiux4fCd4XUPi3oguZsICWe/yAUgq+Pgym2TlbbEKpCjejBcF+lfl+CpG27Hl8/PRAQqEqqLep+LqU8/BmeDwTD8PjGhyyhI0Slc3e9wC9tH+pXjCnDtEIBkn1kBtFMWnFQaPiMAxJKo/OhzXHPZZVj0w48o1Q1oNiMjKuqtNAYO3Rh7jzoE2wzfFa5r4cbLp+Czl19HP8+HCtUHQ9NR7zn4JR1H2eYb4qwpk9B/x22QJqUrO4/IBYtiFGTV97IIQLoeAMlHY2JUmYnjpGLJebbQnIt8o4Pz8/777y8iWjKPhtctFIAwkXvIkCHi1Gwbt3wFFFc1MplnQcefC1VMOGd0J1+0ozkSy02vJcFm7veS6iYVu2SUSdqA7zyZ/9Gaa/OaRQDSwndM8bDV1gIdBkBk5VFOKnwon3vmWbwz4xVcd+P1iJSWCrldghB/IJCpwkHut1j2ZwIqYUFmdUYW8BMPdVMA4mYASCYYsHJUIBMBcaClHUyfdA0em3onBoWiMOoaRAREFddpfwACHVkKVhaAsFP+EJbZNvpvuzXOufE6+Pr1glsRFpXFJdAQdRKynPVMpZIutJkOYDpI+4FkOokyPYjl//sMk48/Dc6yKgQiQVSmGzBs35E45d47YGcr40rKRjEC0oXudXOayhVX14PDaCCLWIpn34NCqiTrfTjAsnnz8eV77+P9hx/D7A8+Qu+SEkR9PiG5XRWPYeBWm+OgcSdii333hqsrUFUFbz36FP5790OIzf4evR0NYd2Aq2tY4iRRXxLAnkeNxjaHH4TyjYc0qtzQQaAD0UgTbU4/1pJ9iwCk6wGQfFENfvfwww/jnHPOQU1NTWNtkOYoYTV1xHfYYQehuCULOfIahT5LjMAw94M5oKRgtQSA0LfgM0za04cffpj3iWzrhSwZAZE0QvmTfec7S9qTPk+hdLRVTSVFALKWTLJrUTc7DIBwdUWuFjBp66zxZ+LkI47ByL32hK14sAktNBX+YCCT3yApRi7gGsyXyAKQDALJUI6a0I5Ufk86OSlJAoNk95Fh5SwFSzUdPDPpGjx001QMKe0OvaYOQceBpjL5vf0BiMfyJKSaiAgIKfAKtHAUC5IJ7D32BBxy7gRYAQPoFszUSMjaQgIQCT5+K5PWBUas6cGrjcEs9SGluPBZNnxLavHgBVdg1rTnEA4HEPfSWKxYuPnD97DekA3EipZMyiwCkC5wj1vYRLFqyAiIyNLKABI7mYLPBqoXLsGT/34YMx59HN2qa9CTsqSqhsXzf0V5RQVGHHQgNt5jV/TfbhiSZVHU6QoCqTSiMRMv3/EgXr7lbvROeShRVDHHxHwK5tkxhNfpixHjT8bwY48UTotMqqVDUajT1MLudunDigBkzQAgpDktXLhQSNQycVoWD2wNBYtqU0xEZx5Gc1f9pYIX63QQEDEqIwv8FfLAMEeQAITXHTp0qCgemC/i0NYARNorl94m6ZyyirtsR2vnlSIAKWQkFPfpShboEABCnyIWaxC1O2zLwhtvvIGJl1yK1157FYFgUKx2y2J6Pr9f2C+3IrJwS7LL/VlosQobs6BZTlygaYhA1hywPbx7+3249eJJWEcPoiRlImQ7cG1qNXkC7IgIisA6hSWhZxq0YvWCRhCU01qe2zIAwyVYohQvkNJUJII+VAZ0TLj+Wmy623CkDB3BHiWNZ2ykXXWl0ZXbVseBy8RiFodUNCiWBzVp4rm7H8D9V16N/j4DXm0tgqVRbHrKiTj6vHOQbqiHEg7B8xtwqcUuqsZnpFhpO1G6vkuFgbrqzWt+uwmcM6U9ZFnPDLDIRDEzIF/8RWFdiIzwBJXunHQaimlBS5lY+v3PmHb/Q3hnxkwEHA89fSpM18GCyqUo6dUTR44bi93HHA5EIqwqCJOLFAbzPVyEXAWJnxbg35OuxZcvvo5yT4PmWHA9G7YP8JeFkRzUF0dfcQmGDtsaqbQJfzQCm1FVVYUnw6/ZBQCDSfDFTfDdDz74YLHSLVWjaJZC6TvFJPTfH0TtkYSe74q8j5SNZbL2HXfcIfIVWMCwNRuBB6V46Xjzd6lIVcg5OX4YAWHhxcrKysaq6oUAIinDK2uTsLL9e++9JyIO7GduXZLWJKGvqh+Supn799zk9LYCPUUAUshIKu7TlSzQMQCEnP+0CV3VUFNTjeuvux7a/yveXHLZJAE85APKnx2y0m17mP3wU7ju3AvR0wTKUhaCTHZ1TJEYnqlFkPVsmwVAmt569m3F7xj1sHTAb3vQWKsEHhKGisqAhugmQzDh2qvRe5ON4fp8UFkRfA1xsOn48aOyeokjMvCh2C6+eP9/uG/Klaid/SV6sQ5K2kR05HBccs3V8Eqj4pMyVDgGyzdCFI7TqV7sOBCVI9cQ+3SlSaOQtmYASIZDmblFpEcSgGRytOQ6Af/qeAocSndaDny2Ay2RxgczX8OrT0zHr19+C7u2AZFAAHGnAUnPwzqbboRd99sHIw45CHqP7pSVg0tqoiIqiSKhku5nI2Iq+OKlN/HEjbej+oe5CNk2fK4FuGmEIgHMNVxsd/RoHH7scYgO6I806VdlJUgTHDFXS4j/ZtrvU4slC3nfigBkxdHfFZLQ8z2vjPQx1+L+++/HueeeKwAD8zBas5F69csvv4j3OSMSzQEgHFdsAylYBCCkLGUWJZqWJF25hVJEgpEG7k8FKgJk1lDhJqV02a72ACCtsVlzji0CkOZYq7hvV7BAhwAQz3Fhmmn4fX68/dZbuPyyy3Hrrbdi8IYbCBvlyjB2yARhe/j2qedx3bkXIFqfEgAklDahek67AxBGQGzdg88BVNeDqXiIGyoW6x52OWo0Dj9rPNRu5UhrGkrKo11hDBXUxhUACCXABOfGhRuL45m77sIvbHdBAAAgAElEQVRTN9yM9YIRLF+0CMnBA3H2xEuw+fBdgW6liNEZDPqEO8t1aEZAdOb6ZGuiFNSA4k4daoFs1lZODIS3mySrDDVS/BM5Hx5Mi1EPGxHoSC1ahrmffYlbJk3GL998jfW790PU8CPtWPjJqsVOI3bH/keMxnpbbwkn4IMSCcFRdXgCgGSy2F3Vg5NIQ2tII5Bw8O6Tz2LanffCWroM3X06VDOBgKFhrptGbfdSHH/GaRg59kSkzTR83UqREhFXD5rninwUAl89G6XpUCOuhhcrApA1A4Aw54KLfXTUKYfM9y5pWYU4/KsalkwEZ3E+CUBkVfFChnFrAYhcuGS0g0WHWV+MdWZyow8yGlJIe1bHfYoAZHW8K8U2tcYCHQJA6HXU19XBp+u45pprRcHB6667DprfyNA0cqIgrVWKKMgYjofvpr+E68+9EL7ltehmOoiYNrQmAIQsDE+4vH9cByT/dVeOgHDllw4SV/GZy5JSFTT4NMQrIjj1qsux6Z57wA2HYCoKAnlqohTUv9Vwp1wAQg1iTyAxR1Cqfp71Pu68aCLS8+bDicVRHQngLwfsiyNOPxWBfn0RZ2JxNCQSlHlHNCb4eYDeRIRgNez2WtskRjpkJDGrJSEKaWbYllRyY34W4LlpeFYCRtpB/c8LMOOhx/HO9Beg1iZQEYoCaROxujr4e3TDOgePwIFjRqPvkPXgsGZI0A9L0+CqjIRlzsknNdWQQNQfhFUfQ8jTYS5chgeuuwGfzpyJcCqJUtdFSFFQ7zfwTawO6w/bCmddeQUqNt4AZtgPN5AFu1TMY14Zc9JIHSxuxQhIkzHQVSMgjH7QWX/55ZcxZswYATxYnb41GylUBCA8F3M5msNoaA0A4XVya4MxukMlLFZ8Jw2L9C7mlMjE8Nb0sTOPLQKQzrR+8drtYYEOAyDpZBI/fP+9qHR6xulnYKuttkKwJLIC+GgrruQfGsrxMP/Vt3HtP86HM38xuqUdhAUAISHqNwpWewAQkSeielA9BTaApKag1q8hvOkGmHjv7dB69YAbCQsaSNTvX2MYRi7BnaBgkX5FtSFFKJZpjgOlth5P3nI7npp6Bwb37I1liXqEelXg3KuvRN/NhsIuiQLRgLAX67ywAjzdQS3jwxa31dACTQEIyUys7yEYWFIpm3UC7DTUeB1+/vQLvPzo0/jklTeQWFKJvuUVopL54sqlWHe99bDNyL9g5HlnwujVA1YigaTnQA8H4enZ6AcyOULcrFgKhqLBrxusaAgtmcb82V/gP9ffhHmz/ocKx0MUHuKuh3QojAWJGPY4dgxGnXUG9N4V8CJBkQemi0hbVgTCKOaACNsWc0BWeNq6KgDhfWSS97Rp03DqqaeKaAgjIC3d+O4mAJk7d24jAOG5CpW0bi0AYYI3E8FJA5NVzG+44QYcdthhYGRG1uooVBa4pXZoz+OKAKQ9rVs8d2dYoM0BSK5WtlSjoqNpmhb+8+9/Y9asWbhqypUIRyIIRMONfc7NA2l3QzgeUl9+j7OPPBbq4kp0S9nwJZLwMf8jIwSaqYSuKHBc9bd8kGzDmhemXtFFJqfchYVQIIx600Qq4ENNQMMWB/8NJ994FdJwEKNUsN+HUl9wjXGwCUAc14ZKnj5pMvxQ7SiVQtjw4csXXsYN510MPZaA7lmIw8NRfz8Tux12CLTePeCE/bBEbk5GIU1jBKQIQNr9UWnpBURCOZ13ogIqULkuLNOCrmjwbAc6NFGbw160EF+/MhMvPPk0vpz1IaKaD91LStEQiyFuW1hvi6EYdfzRWH/rrYDBg4U6BaulK4aOlGOLyET2ic2oxZEu5QGm6UAjRY/iepYNNZXGu489gXsvn4xwfRx/KitH3fJq6MEIllop2L0rcNxF52KHg/eHGwrAM1S4bKeIznLANSnI01LDdPHjigBkxRvYFQBIvvcVcywY8bjmmmtwyy23iIVA/r/Qd1u+xcJhw4ZhxowZwuGX+RaFAhDmjuy8886ora0VQILgiGwIjrc/2mQERNaM4v6MgvTv31/IDDPCwzbxnMxNkbU6ZIQmX587bDH0jzqX8/ciAGmGsYq7dgkLtAsAkVXPJQAhMaK6qgpTJk/GJptsgiPGjBFkCS2YUbzK3TqKgoVfF2HsPgfAv6wW3U0HgUQKuueIJFnCEDrKrDNiOTIN9bdWFjpJ5xsBdGYMQ4WqG6hJp+GUl2K5X8V+Z47D3049QSRc15tpRCNRBPBb0cEuMZp+p5GNAETAB1U4jVwRN9NplOg+VH77Ex699U68/sQ0DAjoqHdtDN11F5w26VL4+vcBolFY2UJ1alamWSftv6sbZg1tP4EiX/Q2xQKEGrYCz3Kg2i4MQT/UUDXvV7z/9HS89+jjqFq6HGF/AKqiorq+Dv5updhx7xHYbs/dMWSHrQFWEQ6UZm44gWi2ZgjBTaNCHmsHyUUCXj+7n8brNcRhLV6Cx26+Fe9NewYR10OFp8NLUIWiBD/G6jB45x1x4gXnovv6g4CwH75QEC6BlGPDF1h5rlpDb93vdqsIQNYMAELFK8rWshjhzJkzBfDge7vQd1tTB53/Hzt2rAA0sgiflNYt5DlZvHixkASmehXBAilizEuRyei/dw6pgtV0H36/6aabYsKECQLcUGFLSuFKyhZrjhCU5Du2kHZ35D5FANKR1i5eqyMs0K4AhB0QDoEHPPboo3js0cdw7bXXYtC662aKf/lX5lV3yMoDqy/PX4KT9z0Q6sLlqDAdlDoeXDMNeI5or4yA2K2OgKx4GxXFAxU9XU2H5Q+g1qfjV8/E1JeeRq/NN0Ta0BBLpxAKBBEQZKM1YxOOnOcISMV/pFOx+JxpW1BSNqKWgq/f+R8uPfV0DEjFkdQ1WCURnHv9dRi8/bbQyruJqvB0NkWRSpEYvGbYZk3sRSKVhs5q5czVcGworiPyOXTLhVNbj+8/+Rz/ffZ5fPnaW4jGTSEDuoROkeKivH8f7LDPSOx1xChE1+mNmObCUTWU+st/y8eSE0uO8TIJ7rkARRUghIDVqY/Dnzax+KtvcP2FF+GbDz/C9r0GQFlaBTcYglUSxSLbwogjRmPUaSdD7dENNusPGRlJXn8xB0RYughAuh4AyVdckA4+64AccsghIm+DGxPTCwEguTmb0hr8jpK+48ePb8y54N8KVbXkdceNG4d7771X5G0QHPG7QuSd87WH12beBwEMFz0PPPBAcf4ePXoIoCUjKwQkbV0xvb3m8yIAaS/LFs/bWRZoNwDS2CHK/zs2Jl8xGY7t4Pzzz4OZNlFWVgYYK3uQHQdAFuOUgw6D98tilMZS6KZoUG1LABDKhdJJprNsQ2slBasJAFEBf9BA3HHgRCJY4rko3WwjXPXkf5AO67B9OtK2Cb+mI6StSTkgLhgF4Qo3fUQCEBMe0rYlOPs9/RGkllbj8tPGI/b+OzBKS/BzXQ32Oe5YjPn7eIR694ZN+k4WgIgoCPHrmoLQOmsGaKfrJlKmcCAYP2Sujp/3iVLXVTX4aOZreOLuezH362/RI1KOkmAElXW1qErFMWz4ztjjoAOww157AOUlSLNYp6FC03UEnKay1Nm6IoKaR1SaEf7NwHYFHqMuzA2h5DPHXHW9kJR47ckncfetU9F9SRUGpj3ELRtGeXcsS5vQevbAfmOPx26HH4KYz4NWFoHq17DmPImtu+FFALJmABA69tOnTxf5H6QmtRaAMKLwwAMPiBoxHCMEHrmJ4X806jhXMGfj4osvFpFTHk9AVGhl9nzMCSbCs288z4ABA3DUUUdh3333xZAhQ0TUQyqB5SsQ2CFMjD8ySpO/FwFIMw1W3H21t0C7AJDcqqD0COKxGM755z8x/owzhEZ3Ip4QyWJ6HgpWh1iMEZAly3H2qCNh/TwfweoGdPMU6K4Nj1KhBCCeInJA2gOABEoCqEulkQ6FsFxVMe7Ky7DVgXshGTJg63S2RKo2/IqxxvjXTB4nvU0mCtsKkIYLkxQd20PQBIKOhs+en4FH/nEGUpqGGlWBVVaKSbdNxYbbbQdbzYBBgg/mgICsmCIA6ZBHprkXYYHNRDIN20wjoKtQ02ks+OY7fPLqa/jfizOw+Jvv0M0XRKS0G36prIEWCWLXfffGXqMOxoBNNoQXCSFJ+OD3QxUJ4ErmnmcrlBJaiH/Zmh1CaSv7Nx+XDwQvK0P3o+iBl7ZhJVLwKUB9ZSVuu/km/PDYU9iQQU9FR13ShhMMo8HQsf5O2+P4i85F6YZ/Qo1iiihIRTDUXBOskfsXAUjXAyBc8W+6MQLCiACT0Pm+LjTfgufJR3mis88q6IMHDxbnYgSDIKLQpG8CIqpWkRK2YMECQZViGwuJyMg2Ne0jz8G+86csdMg6I7vttpuge1EIh+OZbW+6ydohq9NDXAQgq9PdKLalLSzQ9gAEHhricYQCASTjCQT9Afz040+YeOmluOvOO8UKJRPQmZyqdZbMLAFIZSXunjQFnz87A6X1KURSJnzM/8gCEDo8mQgIV10LkeFdRcGklRxkF4rqIRnwYbmmQBs4ABPvuQPdNlofXigAk7UHVAWeYyNg+NriHq8W58hUvmZuTcYgrAhBzTHLcaCzjkPSRFDxwauqxuQjRuPrz79Ej1598e0v83DRjddj19GHwA4GBBVH9VQYrCMSzPqYq0UP1/xG8P5ZInbFZ0MVSm78ZLPAs/QnPkMuGhhNgIIwlajqY/j5o0/x4qOP450ZL8Gur0ev8jIhIlBtOggP+BNG7LsPdtt3b1SsPwiO6sEL+KBROpPPoM2RQjoHYXm2sCELlDHykQNA5B3Qs3K8meSQbG0Q04aqarCSCSF//fVXX2D6xClY/tq7KAmGoXsqFM1AUlVhloTwt3EnYuQJR6HGUBAoL0VAJqPn3uasKEI2/iL+suZkbeUfz60FIHRK+eHK9BFHHIEHH3xwBSXE9nyK6DhLZ5vXYV+aUywvX9vaKwmd0QOqUjUnisD25XPY2Wf2XTxHnifO+dVXXwla0tKlSxsVokhXKiTiIOt7cF/ajz8HDRqE2bNni98JOghAeD0WFyxk4/5sywknnIC33npL0Kfi8fhKh64KkORjTrCfBCA8l8xLlYCEOSGMiOyyyy6i+KG0M9ss+yfy1sTCmbdCPRF5LdmWDmFtACgCkEJGUnGfrmSBNgcgzPdcVl2JbiVlqKmsYt1r3HXHnQj4fPj7hLORTKUQpMysZRa8OtLmBmU+Ql0N5r37ISYecxLW8XT4a2MI0l9pnHC4ekrp0JUpWPnbwwIHK4OQppOT6pFPrqE6ZOCrZB2GH3skjr/gPIR794ZIDslWiWaCtk4PbQ3ecjm+cjJngcEZ99yHeyZdjf7+KOqXV2HYX3bF+HtuBipKkaQEr+KHnvCAEhL812ADrWZdIwBpQFyAD93Tobu6cNwzBc9F2rmAlZZtIs3KxoEw0vMX4+PnX8Ebj0/Hsp/nQXVtBEtCWFCzDAgZ6Dt0M+x+6OHYdfe/wF9eAgQJOlwoPl3kb+Q+Uq150dPZpJNDfjmdX0Zgp119E9684z6kK5ejm6ohyEdYV7EkEcPAHbfHyVMmo3zjjVDnOYiKRZNMrUP2V4zXbE5SNhYj7pa2BuVt5Rt+bQFAKNfK1W0CkLvuuksAko6gvPCe0cmWTrgAjKq6gnPZ3EeurQGIbA/H6ZIlS8Q7sjltlEpQfFbobPND+3Lsc6OjzfNSDp/gTzrnMi+iOQBEtosggxEFUqiaboUWFq6pqRGRihtvvFHUCJM1SZpGb3JVNv/oXsnaH5KRIftGm3Ic8+8ETsceeyx23HFHUMWL7ZWRF/6d+0o7irzVbLX1XNXO1sxLf9SH3L8XAUhzrFXctytYoB0AiCecD8ey4NN0/O+9WTj9lNNw+9Sp2Gn4rpmkY02FoqoFJ6i1uSHpPKQSmD/rY5w/6ij0sxWUJE34bFs4UgyQZIqlUampjQEIXwKahoWahSVhHw7759+x3yknA4GgACBS0cfxyINds71rvkykZjvvsZBF/P9kxCVffoVbz7sUP7/3MfqWdENlMo4pj9yLfjtujYSuwR8MA0kPWqgIQNr82fjdE3qw7GRGplo42vID2BYdHBeaDtg2nyUViTkLMOPxaXhj2nMwl9agLBRCbV0t0qoDo3sUe+y3N3b4298wcMthIh8slk7CHwlDD/iE7K3M95FNas2Lns4HV1QJPOQqeOXnX+Plf92LV594Et1sDz0DQZipFFKaiuqAjt2PPwaj/nEWqswUynv3bgQfFFQQdMJGFYTfIEgRgPz+iKSDxw+dOsqjTp06VdyT1tzb5j4DdNI5BuiMsy2tuXZbAxAJxuj4UhmKTvCqVJ7y9ZvgWtqYbZPjnt/RzqzTQaDw8MMPN1Kl6PjT4ZcRkkLsyfPxOF5v++23F8njG2ywQYsBCAES2zp//nycfvrpeO3/2PsOOCmq7OtTqfMEGDKimHXNq4uK8a+46rKm1TWHNWBCzCKYQAQEQUVMGFFEVMwJdV3jYlpcs7IKGEBymNSx4vedV/3Gdmykh25gBvr5w4aZ6uqqW6+q73n3nnPeeEPkB81J6C0BILy+cnv5SmDHv8vKl/z+2WmnndC3b1/RnrXllluKtiyCDc5TCep4vs2rIisjwBcSw5ZuUwYgLY1YefvWHoGSAxCT4MN1QePB6qpqTLjjTkyZPFn0d9ILgK03etA3DTL0dWTuRcnBRAOWfP4NrjzmZHRK2iIB0dNsCP+l5MpGE8f7rQxv/otaWAVE0GMNHT85SSibb4x+w4dgxz4HAtEIFAKQ7M43FADCh7t8iIsvWoLDRBxvT34SE666Ad1CFahPxLHH3/ritKsHQu/WGXaArWkqxEt5rN0IpDIgkcdlewJFAUjudiyonoMAuRqeA7OuFrNfew/vPf8a3vvXW3ATKVRHKkTCHrdNbPHHHdH7sD9jn0MPgtK5ExAI+j4bxNsG7wHfDFSA0uwNIf7ZrBWypSfO1W+50k4CaoURwtcvvYaHx9yC1LffowO5IskkYjXtMM9MwuneGZeOGYnN9vwTHJphZquT5DO5jvMrkzVRPG0iwLf0yNrO9sVWQJj4MTFkcnnwwQcLEjQTvnxSqKWOytdffy3ET7p37y4+jy1OgotYxPdQqQGIVGUi8KBKlWwNKrSSIInbnOfcF8+NUrOsOn3zzTd45JFHBFmcPyPIIfCQr4x3IRUQbieN/3j+p59+Ou677768721JZYtVECb+48aNw3XXXSdI4s3BoQRVhcwN+dm5bVuynUr+jOdBBb7ly5eL499kk02wyy674LzzzhNu6l27dhWAhfFiLDlfeC1k9Z6v+UjshRxfS7cpA5CWRqy8fWuPQMkBCL+gCEAcmn+5Hi7o3x+HH3YYDjn0UFH18DRFkEqZDETXGbHTQybeAOunBbjibycguqzBr4BQpYcJsFDvYaOJAltkQoW0QhUGQKjMY+saFmkONtp3d5w38gbo3bsg3L49FMXX7xF2iKICsv7rzP72C8+DnUmi8ZsfcOM5F2PJF9+iig/9zu1x5R23oOvuu8KkUpgKRAN6uQNrbT5heGukLF9dijwl4cPiwbMt6CS6plKYP2sWPvngA7xx72NonLsIkWAIVRVVSFs2UoqHTXfeHkedeRo232NXoF0FUlYagXBYqFyxfTNtZcSqI70AJABpUtyVCgarcc5cqWUCIVsvmHxWhiJILVyK6U8+h7cemATrh5/RXjNAqex6HZjnpNDrsEPQ/4YhQM+NfABEHkG22UxTeb/6ClvyGCXHaTUOsU28pVgAIleR5XWgNwOTu0L8HooNEJWQ2C5E6dlzzjlHgBEmuIUm9/k+v9QARHpoME6sBsiKSKGGfrLFTB4rz4+eHzNmzBDggwuBTPS5XxlzuQDEc8lHWG9+3tyeiTjBy+7/XxzkmmuuwSGHHJK3ja7Q6pI0H+R5fvvtt7jqqqvw6quv/obTwu0KBUn5rhevv1T94nXPNS+UfBb+rHPnzuLcDj/8cPTq1UsAEVZPGDd5zRkrCfSKnZuFvL8MQAqJUnmbthSBkgMQQXij4mY6g0ULFuL0007Dm2+/g3QqiVAsisZEHIrB8m0QAXVdJdgeMpkkgkvrMejYU2DO+hGRhgTCridAk/QBYWrhshG9oPFbAJJv1dZRVSQ1FfURA7seczhOH3oV6nUNkZr2TRK1AoJ4PsFvQxnyS0XwDFKNCC2LY/Lwm/HeE8+hJhjB/IZa9B8xBL2PPRJOTTUaVRfV4XAZgKzNCeIBmYwtknBiAZWytxZ9XFJQ4kksnf093nnpFUx7+lkoS+vRPlwJT1WxtLYW4Q7t0efoo7DfUYejc69dUJ9JwIuGEI6EIWoeovXRV+Phf2KlMntuIsFneaEIAMJkiQkEV1WZ5AnHZQAdKqqx4qvv8MDgIfjh7fewWWU7xFesgGWoWKG7UGoqMWj8zej+5/2gkHDLg2HiwjaOJgBC1a0sB7/IKs3avJyr81nFAhDZFsPElH9nIlso+Xl1jjf3Pbz+y5Ytw0EHHSR4Bttuu22rAyCy5YoA/LvvvhNzVsaqkPOXZGu2NBFoEHzcfffdeOuttzBr1qymqghjLsEX/87vGl7bVZG8+XveozwuPrPZLkXpXB53PpBUKACRlRguDPDcecxDhgwRVSrZ9sTzLxaAcB+ygsG/8zz42bkCBfJc5LPiz3/+s1DnIhDh9rktfLKNL/faNCetF3LdCtmmDEAKiVJ5m7YUgdIDEK4KKCqWLl6MJ5+YihXLV4gVErGqT8EcTYGrKuKGD6yj9JHHkjQTiDZk8ODgoXjn4cewSSACPZMRUp9+MuFLeXqyF2QVV5Wrps1J6CJxUn/N43B0HYstC/HKEM4afh32+PuRcKor4Bi6kJf1P1uwetcKMbO1TVaeeaOZRGXGw/+mvYlbLrsKWn0CCBhi1fzC0TcgXVOJRFhH5+p262gGtbaorZnjyVUM4iewsrksnkRlNAKPMpuUuLRseHUNmP7iK3jr2RewYOZsWA0JxCqiSFkmLAXYcY/d0feE47DVnr2AqgqkwgGkQgYyOkArl2gWbGjkXQlutyLASHNNh1ID8rTnIp1Mo9rVMPP5VzBl5Fgk5sxFlW7AgQM7pCOu2NB7dMaQ5x9HVadOiKcSiFRVwuFdmgUgVALjs0L8Wc/XDIoFIPlacpjEtaRVZ3VnOxNtrmBT9YiGuMcee2yLCN75PrfUFRAmv4zF9ttvL4z9NtpoI1G14Yp8IWPatGn48ssvxR9WEn766SeRxDcf0ohvVfuU7XISmEgAwnvxwAMPFHHs2bOnz98rspVN8j34GQQFlAn+17/+JSpksuWreYVHHv/KgNOqzo+/577ldZSEdV4Dno90h6+pqRFu6gQj++23HzbddFMBhnjMBNGMp1TdWhmvqFAwtrJjLgOQQq5meZu2FIGSAxC2L/0waw461NRgv332xYgRI3DAAQcgKCRUAUf0j/uE4+A6Sh+58pnyMogmHTwyeCheufN+bF/TGU59AzTPFbKifkKRFfcp4IoWCkAsXcci10V48x44e+RQbNFnX6QDGpRAwAcglBnNGrhRNnRDGwQgKcdEKGmh7pvZuHfojfj2vf9wTRx6TTX6XTsIu/71YDQEFVRWVRXUHLehxbBU5yvlO+UKJDWuGtJpBFwgwrnamMCcTz7DW8+9iM/efR8LZv2AmkgFIoEwliEFo7oSu++7D4448Th023knIBKCE9SR1BSkFYAAIAAPlayoSH8XAfx/kRMl/pe8KL3EFUEaYabMNCpMF+rSRjxz8+14/r6JaKcaCFMmXNdEtXa+k8IRIwbjiOOPFVwVS1OgR6NwxKzMNmtmzQ7LAOT3Zx+TumITsdWd30wyZR//zTffjFNPPbVoCeBSAxBZlWCVjiCE7UJUraJEbSGjW7duovLBRJ0JMffDBL75KLSNSYJDyb2QBHcSzgcNGoTjjjuuqYLA6sDqDh6PrN5IlboPPvgA48ePx/PPPy/OheCM55YPbBQDQHLJ6jIuBCDy3AkyJDgiX6RPnz5CwW3vvfcWXCLGmn/IXyFwWpm7erHzvgxAVnd2ld/XWiNQFADJd9O7to2lCxfj66++wuWXXY5333kHRiAg2q8IPKjxTwsHjpCw21v7gwBkudmIjibw7OjxeOLGm7FNVQ30VFq0YClsw8qCEHoaFDIKBSAZVkA0DVvv3xtnDLsa0W23QEKnq7dfDyIJW6UMqSh1ryOSfiEnvAa3SSRTiDD+iQxef+gRTLntbjiJJBKOjQP/fhTOuuZKwQnRouGiiclr8DTa1K7z3svN5r5w1TAdmLX10OJJ/PDJ53hw3G2oW7AYqcYENFVHIBRBXTyBLfbaBfv0PRgHHnoI1A7tkTEzAoAobGFQINxEHGEo6SIk5Ha9nOpjVuqW4CNrM8JXo8SAPGml4XoOtJQFNoLNffdDPDruTnwz/UN0CcfgJtOoIFE3rCK9U08Muu5adNtxe+EVpMRicDXeqaza8E+WC7JuHmlrba4VWwHJl4S1RGa2mBPlHJekbhKd+/XrVzQYKjUAYfIq29IkJ4NJf6EcGdmuJVfnGa9CeB0ri6vkPEg5YCbYG2+8Ma644grBpenYsaNo82JiXkyCLY+X55/LTXn77bcxevRowV2RhG/J4ZDHLK/B6s6N3JYs+RzMlSeW+2Ulir9na1aXLl1wxBFHCCGF/fffX7Rmse2NMZDtac2Pp9gqXxmArO4VLr+vtUagaADSPHGxMyYCuoFRI0bCsW1ceOGFCEcj0EMhuIonqiC+rRh95NbNtzV9YZeZjejs6vjiyRdw/+DrUdGYQsRxfwEg3IiKWE5pAQiNzuYpCg469XgcN/hS2B2qYFdEwI9jNLQyAIGdsqATBKbSWPDZFxg7+FosmvU99EAAsW5dcNHwIdh63z2BWKQoXkBrvSnX9nGt7AuciYtcERQtFlztX1yHxIJFePGRKaZYEgUAACAASURBVHjn+RfhNcTB1ikYAdTbJoz27bFT7974y6l/x+Y7bAOtshLxVBJKMAAjEhEEdtIkRGNi9tZSFN538IG/EIHIKl4RfLBqml2wKDUAcTwqsHlIN8RhZCwYaQdfvTkddwwZDm1FIzoaYdj1jXBiQXwTM9H36L/hH/3PQ6Bjje9XEgjAZcmjDEB+I5fakjm8tgCINMnjvCYAodJRsaPUAES2Msl7jwCACbL08VjV8co2RdlCJA0Nm7+v0IoBE3EOmTwz8f773/+Oq6++WgAlggGCUlYCimmRlBUQaQLIzyQQoXQ2KyETJ04URnz06MinjFUMyJLeHs1jlCtQIFuzpGqa5KywRY5AljGhqIHkf+RzgC8mPjy2MgBZ1ewv/76tRaBkAES2SdipNJb8vACDB1+FUaNuROcuXWDEooKhyRYOhyAkq/S0LgHI4kQduqkBLPrgvxh/2SA0zJyNLsEwdNuDyqVZF8LR2W0BABH6ODktI1wTFao4PHeF9mpA0jAQ79QJR5/fD3v3OxUJz4TWroo1j18AiDB1YwVk3QC0dT6JacdiW7Ab4zBUA5OGjsALEyeje9fu+Ll2Kc688hL85R8nAjXVWQDyO0IBIpld52e0Tg7gt7aYKzkM4SHoS9+K9wiHcXp7mOIeIDDQoMLwgK+nvojH77sf3336OTZq3wFexkRNly74ZNZ3iPXohhMvOB99/nYktI5VaEzUi6pnrF07UfFo8l5g+5YvJeV/liarjrzvpO6uj1IIPqQORKkBiGmlYVtpRAIh8KHk1cWRWLAUj98+Aa8/8jh69dgc5qJlcIMaPnGWI9i+CiPvugM9d90ZqIzCDQVFBYQHqrEFS9i1r5NLvdY+tNgKSL4krNgV7JacvDSWIwAhx0BM9yKEA0oNQOS5SNM7vjb3wvi98+W5SHUmqeqUb/tCE3bpXM99McHmgiKlkxlHcktYFeAxSpPPllyL3G0pCkEQI0nm8lkhyeHktAwdOhQvv/zyb4AOr0GhnJaVHV/zOcB/87wk8MgVTCAwkrwR/p0xYJv5pZdeKiR8Bb81j0Z8GYCs7uwov299jUDBAES0ImVzA8nLlsmKeEhkEww94+Djt/+Ne++/H3fed48gndPVOJjTH9oa8sFEKg0lk4K7YgXuGToMM//5JjomHEF+Dtj+KizPye/zXvWgiKgGFy4fWsxJWE1hz7GmwlFcxBULmYCKunAI6nY7YfBNI1Gz5SbwYmHRymEoTGJUwQPhEKI/G4AMb/PIMuYNyIjO+rCnQatNwflxKc4/7DgEXQ+1mQZssffOOG3wRdh8tz8i7dhCwlV4MGgGPCbLgszMfj/OWQXQlPU+Mcw3Qy3P4Yz0jQOzN63/ResLI8h5rTp+a5VrqLBVwMr+xkqnEbRdRFwVP387B1+9+x6m3XAjVFWBbehYbqZgRUNwo2EccNhh+Ovfj0HPrbeGwypHNCAkt3OHqmk+IG8lw7IzcGwTGueZaxBGABkb//3Xm5g4fATMmd9hu8p2SK9YjkRAxyLPwZ/+fgT6jR6OhTAR3aibiK3heQhaLlTbAcKh9RrwFgtAikn2SzFtZL8/HdhPO+20VgtASnGuv7cPVjaYXEuzPylJy/dIno5MtNlSRPI1OR/kpUhDz+b7L4aEvjKQxGOU1YZPP/1UOKXTpJCVEClRzDkp+WqSqyKBQ/P9Flr5yXc8EoyJZ6fnCWCYS1b/4x//KCpDNDPkkCBKGhoWw5Hh/soVkDV9V5T3v7YjUCQAoXxmVulJrJp60EwHQy8bhGhlBQYOG4LaFcsRjIYRzur68wRbQwqSzliwk42IaSpeuGsCnrn1TnROOagiALF8AMIETajdFHDEBB8aqxxU+cpyObhyrKuKqPo0SgASCaGq9z64ZOg1qNykGwLtqlCbbERlOAo9C0D8+seGCUCEDK+TEgvhIcVAMOVCWZrAq3c/hKkTH4YSVLDEakD/6wZin2OORLRjB/YHIEmfh0AAju0goAfECrtQIRO9bRsmAHFdR8g5ZyPhJ1uMCn08cuY0K5M01xPtD7yPbReKaUO1XJGQf/nGO3jy4cn49N/vYctYGKbnIO7YiCuuaEe6/pax6LH1Vgh16iQ+T9F0eAFK1v4auq+tVptCH6K2ACAWNDaXuTroYs6bNzl/AV596GH8674HEV5ei57VHZCybSxTXXg9uuDYgRfjT0cfhlQk6EsS0z+RCw6WA7BlpTU84AoNQgu3WxMApFg38kJPgQkjAQgTQxrnbcgAhMk0Y8GYsBoiFZ+aq01tvvnmgnBNs0F6YRB8cFvp05Mb+2JX+JtfR1ZVZHWFwJXtT99//z0ef/xxPPzww0JWmJUYJvZS6Usm/fx5Q0PDb6ZGMQBESiRLwCMJ+ZK3Q4nnHXbYARdddBFOPvlkEVf+4XE3VxQsdM7mblcGIKsTtfJ7WnMEWgZAsmci04qmmznb100wkq5rwOnHnYR/nHk69j+oDzxdRTAaEavUcjQZi63DL+p4MglYGcQAvDv1KYy//Cr0VAKoSrsIWmwJ8Y+2UABCTwRV9QGISPRcF6rjQldZAQEaFRvpgIp4VQy9+52NEwecj6TmQKkII8kybigC3aEDgg8+NlQAwjO3vDRMJnTQELQUqHEb89/7GBeedgY6dWiPHxf+hL+fejxOGXoVvIoYjFAI8XRKGNoxkRb+DB5d1UnqV0CKwjoSXFu39z7NAUU7H6Oae7P5bYESH1ANKumSd0NJXBVK2gISacz9+HO8/eLL+PCNtxFfXifkd20lg7TnINy+GrvssxcOPPJwbL7rLkCQFQ8Npr8iASMchJLHt2Ndr4DnXhDHMeEKF3dKYJPhQj6HJypni2d8jPuuG4pZ06djpy6bwKlLIB7U8W2iFrsccSguvWU01E7t4Ro6FE2F4nhQKEGep/Vi3U6C0n56sQCkWCJusWcjpVJZAfnHP/7hP6uLqMqtqRasYs9zVe+XYIGJMRP4XBlaxohE8969ewupYr5yG6ppcTu2SuWrdhQTx3zHy2MjCJE8GM49zh+CoOnTp2Pq1KlCppcKYbJqIysgK2tdK1T9K9/x5AJlmftIzoesKHH/5MnQyZ28EMaS50AQUqxjehmArGpWl3/f1iJQMADJd+OKm1AkHIpofWGb1jeffYEhg67C+LvuRLSqErHqSlie+4uzsYzQOu7Nz1hsvXCgpzOY9cFHuGnAZYgsq0d12kWYspyiF50rw77U5qqGSHJpIsKWM76DyYjjtwMRgDSorpDbTVTHcMjll+GwfmfAMzxkdAWW6yGoajAc3wdB9OKzBb7EsqOrOofW8XsmgClYgpagQLUBwwSc+Usw9MJLMG/mt6hduhg9enTDdU9MQqc/bC04RWwdosmjYui+kSThS9ZTgnlwETlG6wjL6hwFW9A4j3N4SawwNRn8ZVcSLMdBQzqFmKIhaHpw5y9B/Q/zMGrQ1Vj8w0+IGAFUVcSQyKQw26zHvn8+EHv+3/7Yac9eqN5qC0DXwH3Qq0UPBpGxLASo6tbKg07w4bk2VI+O5ob/HHNcce+irg6vPfAwXnhgIqINKXRJK0iHDPyUboDWoyvOum4wdvnzAXAItEIB4QzvuA6Chk/aXV9HsQAk3yq55Dus6ZhxNVqu+m/oLVgyGWbizASZsSHIoKfHXnvt1aTuRLBB1ScOJtHcjnOAf1/TgwR3qXwluSGSD8MKx9y5czFp0iQ8/fTTmDlzZtMx8i98bz6eS6Hcl5WdW67fifQIYSxlFYnxZDVmm222wahRo0TrGs+hFI7pZQCypmdcef9rOwKrDUCatPqpFMVU3XbEF/A/p72KqVMew70P3I8kpTc1BRXVVdCNgN8SwzOUJZRV5/VrLB5py4SZjCNGd+NltRh+3kVYOuNztEs5CJuOMFnzAQiJ4AUcKBdPBQDxJUVVlwCE/2RfvYp61UMqoMHuXIPLJt6LTXbeERndha2rYsU4qGiiBUu0fmWJt6Uuaa+xYJZ0xx7cVAM8tvEIE0fFj0tDEu898wLuHn4jgikThm1ji2P+iotHDEPczKC6Sych06sGDT/nVlSh2iSMqzfQAggFFHh3ivuz6cbzFw0EOJMLCOQ8pUx4jSks+upbvDn1WXz4yj+hpy3RkqUQJHs2GpwM9u13CvY/5GD03GZrQcS2XFuoQVHliq1wNCuEqiGg6q2+6OS6NkBJXVZ9xI2rijiR+xKgUt6X32DCiFH45rW3sIMTRlpX4FRG8GO8Fjsd9H+44tYx8Coi8KJh2AEdluIiogcLeVqU9I5ZmztbUwCk1Kvn+WIik0dyG9iCRR8QjmI+u61WQJgo89j5ynjssccegmDeo0cPdO/eXcjqSgleScbO5TyUmu+R73pJsEEwIfkXEkDIa7Z8+XLMmTMHTzzxBF599VX8+OOPTdyQfMphxQAQWb2T1Q8eg1TK4qus1pCUzvuEIIRmkuSEyNawYu7VMgApJnrl97bGCBQOQLKkiOarp8nGOMLUyk8mEQmFMXjQIOy19944oM+BYjU6GAnDcth76wMQQX9lYkSzvXVIss5YGdTX16F9JAo9nsTw/hdjzhvT0cVREUqZCDouwkEDyRT1ewoBIHRG9uCp1LNyobkeAqoGx/FgxCrQaGiYvWwJNtmrF65/+lEgGoYVUGGpiqh06KyWNAMga+Mh3/omJSsgaZEMioQw67NQv2gRKiwPoy8ZKDgJVa6CHyMaJjzzJHpsuTm8aBBOQIepcF6x3U9QikULlvhXAZew9cWiuCOyPQ+O5wr37kAwCF3X4PJeJG/BtqFTQpZAuzENe85CTP/nm3j5salY/tPP6BCtgGfbSHom6qwkttp5e/Q56jDsdcapfjB579IHQ1fhaIqQ1+X1IuTjfwTerT3knucITw/OEUrp8hxIoHdYFbEtGCkLH736OoadeR56I4a4mUZNj+74et5PqNxkI5xz9ZX4Q9+D4eiAVlOF+kwalaFIqz/vYmZVsQBEJr48Bi6wcNWd+yymN7/Q86Gb9cKFC7HbbruJ1WmShnk8xTxnSw1A5KIT9yvbipiI54uPbP8Ra3rZVst8LW75km7ZMiQlaHv16iW4C7vvvjs6deokKgisFkklLV4n/ozv43d9Pg5IodehmO2kKaCsmsn4sy3rww8/xJNPPok333wTCxYsEMfKIdu2+Mq5JrkbUvo33/EUMx8JRhgfAjuCD5opsi1LGhvKa8RzaQkxvQxAipk55fe2xgi0DIBkqxeiksGFVMeFbZrQVQ3xxkasWL4cl1x2GS674nL03mdvJDNpqOyRVpTfABCxTG2sO5nZlJkSZdMgibeJFL58/R3ceuFARGob0cUIQkulEaBniVNYBYT97qyAuPQ0oHYWv0AUFWnThhKJwevQHrUKcMJlF2LXk44SpmwmV5bJHVE04S4tAAhbjyjgROO1HN5Ma5w8a+aYKD9mZpfsNQFAuIKfSSYRNm288dhTeOCGUYilLCwKajj/6kE45JQTYToZgKvRISPrG+HzaTTPlzfeEAEIidOO348Gh4Z7ioIgQUM6Bd12hWpYatFizHr/v3jn4acwa+a3MONJRII0eASW1K9AqFM7HHBUXxx8zBGo2awnUFHhB5P74R9V8WVyBa0ka8aXhX/+v1rvoAkh20ZZDfIBCGApgOnYQjwiZLqY9823mHrL7Vj83Gt+Nc3QoYXDqDUz2PmAfXHq5ZcgsGVPeJEgEioQDZYrIL93xXO5B2zvIdeAySKT2jU96Nmw2Wab4cgjjxTchlgs1pSMru5nlxqAsLVIJsYyyWdyna8FWsq98pXJbEukaJkMs3WI7+HnkLC9ySab4KCDDsKJJ54oQJoEJ7xm3J4JtQRr66o6L1uxZAVExorVB54P25/eeecdvPXWW3jllVcwf/78JrUqzjf+Pldal+eVb+4VA0A4lySwYJzOOecc3HDDDSKeskVLtrC1JI5lALK6d2n5fa01Ai0CIJK2QfAhCKyOCyuTQZrO1aEwZvznP7hl/G24efw4dO3eDRnbgqrrojUrHAz/qgKybgGIh1QmBdUwoLOM2piEWp/CibvtjfaJDLrqBgJmRshrptJSRej3L6F4IJKErpK2TgDCBE9DyrRhBcNIV1XCrKjA8AcmILbLVkA4IFbrKXnKVDnARDkXgNDbTVvPTQXyhJTTyoIN3VGguioo4uQnuAqQSiH+08+46rR+qPv2e3jVFdho260x9KZR0DtWwYmFYVRFRRLJ1fgmDsgGAEDyfWHSziZjmoIMzoISKxoaKyCUj0yZmPe/7/DC1Ccx45U3oS5uQJg93q7nxy8UwJZ/3An7Hn4odjtwPwQ6VKMhnURldXtxLUSxjqBb8Ev8nkqCbv4RsEM1CqscrsMnIyWKqdql8RbniSj+gkDKsaCrOgzLhZdI4/vpH+LB8y5Cqr4BAbb20Z+Hfj6aggHDh2Kbww4FKkKwwkEYmr+IsL6OYisgub4SdJIeOHCgSHzXxor6d999J7wsWAlh4slzYdJaDDG+1AAkl+gsk/18PiCy/Uf+juchk9vmcy8feOHnsFWI4EZWEyRHhlWQs846C4cccojYRlZDJF+E55zPaG9tzflcAriMPwEIARLnEc+HvJXPPvsM06ZNE7K9VMwiyMrnep7v2VkMWV0CQ8aI4GaLLbYQXJU//OEPYt4JtdCsu325ArK2Zk35c1pjBAoGIGIlVQp65gAQAolEfQMioRDG3DQGi1csw9g7boNpWX6LlaqIh1xlrNIHIML0LEuOXWcVEE+smHuq3yjCXnelLokLDjkCme9+QAe2X9kWguRiuIUlUqLhhDK8ZE0L9xAHumEg5XhwY5VY4LnotN12uOb2WxDYujsQCsJUPVhcgaXJW/MKyAYKQIRZI1wEbQWGzaV7vxrkBQA7nRHtcZNG34I3Hp2KWFUVljbUo/+gK7DfMYcDlRE4QR22aAnasEjo+dos0vE0QoEQXI+royYiQYOIBEtmz8GMN97Cf996Fz/+71tYdXG0C8aQdiwsrF2BbXb9I/ocdQR6H3wQKjbpIbwtkp4t2q7Cml8pkLwSjy1vouJB3lPWK4gXUfdJ3a15kCFD3V26sEsHRkcFElZGVIcoQRxRdChLluOxq6/By1OfwmadusJqTAqRgxVmGr2POhzHXHg+In/YEm40BLWZ90lrPv/VObZiAYjkYTBxPu6443DXXXcJQnMxPIxCz0PKonJ76YperDJRqQEIj0ceE2PC/TOxbl7dYAKb284mPTH4Xdt85KuMMDnmNeA+ZItXrrM5+QsXXHCBUHIiH4QJvWzbktyRQuO+JraTcZdGhZIEzp/zfGSlhGDkp59+EmpZ5IgQkHAwfowzAQE9RZqPYrgiEhxy3wQY/Pdf/vIXTJgwQcSQ/+Y14WtLgFy5ArImZlJ5n+syAkUBEDdjQtUNNC5fIWRnB105CH2POgIH/vVQXwknGBCr11ydqIjEWg0A4YqtaNnRdGQyJioUA8ryRrw3+UlMHjkam4Yj8OrqENM1NDSaBa3k+t3v5IBY8BRb/J3cjnpWUmq64MdMBoecdgqOu/JSoENIABDm1zZ8l2mNRmZeTgvWBgpASP2nenuEokoZQCFPmDgkBNj0p2iMo+G773Hr4CFY8uNc1MYb8acD9sXFw65FeKPOglfjBZj8/tKCleO9ty7vtTX62XlXSVMONFWHzZargIHFP36Pt6ZNw5fvf4TZH38KpTGBTtFKaJqKukwCVR06YIfee+D/Dj8Mm+22KxAKC7dvm1VMtl2pEKDcBx9N9HbR2sWKn1hYENoNbK80BCm9NQ8fgBA4ZU1/mJiqQDxjwmD/eMZB0NOgZizMfuoJTBhzM+LzFqFKCwiFOzsQQH3YwDnDhmDXI/4KtyoGNdi6z7nY61EsAGHix1VqJsps9XnggQfEivXaACD8DH4ukz5pvCd5Fqsbl1IDEKnSxVf6bnDU1tbmBSAyjvx+lcCO1YrmI99qPitBBBUyWZfJsPw340MyOish5513nkikpZeFlMVd3ZgV+z7GXBoP5hLkZeIv98+KR1VVlQBw/LN06VI899xz+Pjjj/HBBx9g0aJFYtN8YGNlRoaFHLvfcm40KWNJqWNWQf7617+KOSj5KfK1kP2WAUghUSpv05Yi0CIA0tSCxRVP15esTCWSCAWC+OKzzzFgwIX49wfT4Wi+7JxcAZVkuab10HWugsXKA+U3VaiUvqXhmung83/9C6MvvgRVjY3okDFRaVpwEBSr6asaPlOExoyOSM6EGToXgisrsQQuvmhcgX5DrsbR/c8B2ldlzeB+2asvUpSNUOteOF5VKIr+vVCx8qkLYnCBmjKvjmXBcD0Yjocx1w/HJ088CzeRRLh9O1w7dhQ232sPuBUhOCECXxW6DWg0lWQnW2D9CapDsGqoQr7ZormaqmHJzwvQpUNHJFIJhKtjSFhpVCpBaI4Cz7KwYulS3HXbeDwz5QmEGRuKI7iA7gFJ18R2+/bCgEsuwTY77iDAg6NrUCNhoeBGYrYrSOZAjC2LOUJ2vD5+ZLM3ddO93ZbinQUg4pB9I1F5Xn6rqQPEV+CjZ1/EsP6XYLNwFQINGYSNAOalGvGHgw7AlfeMh9uxGnB1nxsjyPl+chPUaXLoh8hVPbDKQo0wLjy0tVEsAGFixgSNCSHN2mgo1zxxXJMxySVul+JzSg1A5Ao5V+fZMibMQTXtNyvlBApc2X/33Xfx8ssvY8aMGaAiFHkOrGQQXNC3gy1U+Qz58p27rLzIc5KeFiNHjhRmhFIFS17DUsRvTe6DYCwX2PJ8eI4EALNnz8bEiRPx6KOPoq6uThwG48b5zblJkCoJ67mgrJDKiASDzc+tb9++QjKY14bHwcoLq0uFjjIAKTRS5e3aSgRaDEB4YsLXzVVgZkyh959OpPDvd97FvffehwcfnohIdeRXq1qlfuiXIri2a0FzNSjMBtg1ZTuIL5yPsVdcjoUffYQuaRMViRRszxAsjVWNXwCIn75wwZh1EMSiWOTZ+El30X/0MPQ56XggSvvD8lhpBEheyHqhCP5HVuVFoXqa5Qj1pk/+8x/cdPKZ6BSKYP6yZTjqlJNw8iUDgC4d4QQ0kTRr6ykAsVgJYoLLhNZ1EYQKN55GKh6HAweByijcoCqc5BkrO5UW81v3VHz6nxmY+fmXYtWff2i46YU1bL3Hzth8y60RCAXhqirUgAGPqllMyFWCQJ9iHs0CkA1q9noOkGrAj59+iXuGjsD8jz7DpsEqIJFCAw1He3TCsQMvQq8j/wIl0k5UfkwdsKiKpwDU/yPQIwBxVFd41hjCf33Vz5XWFue2DkBKHc9SAxDJSeHrvHnzmgBI85VyJsJMsAlQuLL/+eefC8By2223CVI/qxSypSqfHG2+OBBYyCErADyOXXbZBddccw369OkjPpP7LUY5rNTXYGX7I5DIBSCS6yGrJ1REo2wvJZmpoEVAJwEf38shSeLS86MQcrqU5m1+XHSVf/HFF9GtWzexMMHPohBCoaMMQAqNVHm7thKBogBIJpURRGnbcjBs6FDssvMfcfQJx8BR/JtL3vytGoCw7UnQNlw4dbV4dNyteP3+B9ApZaLGpkcAH8qrThR8PS+/LYU+IKI3VVXhEYDAgbtpd1x662j03GdP0fpVHr8TAWEC+YshI/9umZaouJHkbDDhdlyc03t/eHWNSJoWqrp2wZWjh2PTffaER78VjeASAoRQbZY+c+vLyLiO8EgR3AtWhFwF1ooGvPnaPxGtqsC2u+6EaKd2sGxHxCwcDMG1bJjJFMKBYFZ+N8vDcl2Yjom0YiOVTEMLGKisrkaAq4GOTYaEaIETHG1PQXhDlBPzXGTi9TASabwxZSoeGHojtorVAA1xoYg1p3E5ttx/T1wy+gbEttpOcGUyiis4XjpXsEk6df1KkaN4WQBCn5pVP1da25wtA5BfX5FSAxAp1coVeCo4SW5H84RfckOYyMqWH27DFXa2+pDzwO9gtlpxP4UMSYCX58RXAhBWAI4//njhadG5c+cm08JC9rkut8lXrSAY4/kwzrLaxErRY489JtoBv/76axE32bYmwRt/Vkj1Q55vPnUryhtTDYuVP+5f8lAKjVEZgBQaqfJ2bSUCRQEQ27SFApZjOzj6b0fjzjvuRLce3dtEBcRyLeieLpIq0XPBpNey8O0bb+D+ocNgzvoe3VQdTtLyt1nF8NNBn9TqD99TwAwYWKR66L5vL1w67iboXToiWFW9qt1t2L93/ZVjAUNkBcT14Jh02DaoKQszncZnU57BQ+PuEIny0ro6HH/2GTh+wHlwK+ixYkChGR598VThjbdeDMYk5dnC34OJLeWbddMF0g4mjr8DkaoKHHP6KUgH2EIVRDqT8Q3FHErOeggZAcHRUFg+oYmoSyYEvwwVZNImAqEQFAJnenlolEH2PT789ksFRtvLmUtw3T0kGhsRVTQs+O/nuPOqIaj/ejaqPQWBgI4FjbVw28dw+hUXYc9TT4cXCyOjKUgrLnRNF9hXc/xlDII5cr8MiiS0cpnifIErA5A1C0AkCCC/gyv0zb0j5KdL+dnc9jVJvP70009xxx134IUXXhDgpNAWrOY8HAIQqdrUsWNHXHbZZejXr59oTyqWvF+Cm3KVu8gFUjJOsq1KfLXQ88dxhFIV4/7NN99g8uTJgifCKhIHz5X74ftW5seS70DyKasR8Oy33364//77BTDk9WKLXKGjDEAKjVR5u7YSgaIAiJUxRXL+0osv4eUXX8KYm8aisqYKnu5zQFpzBYRJKzuzRUd7VpnLSSbgLF6K2wddjS9efg09wzEY8YzvE1AQAJGSpFzu9AFIOmBgqQ7scFRf9L9pOBbbaXTu3mNVu9ugf++SxNwM83ElX5CbHSbLujDUU39ejlE0Jvz0M5iZNLbvtSsuuWEIYht3hR0Owg0EoCmaACDrizgRp2LCy8C2MoILE3E8KAkbH7/2Bp59kh17/gAAIABJREFU+ll06N4Nl9wwFPMb61DdvbNYcWe8SBC3bQcqCeO8N4ULuj/NyFuifCz9aARRN54Q7/EVWnzEIUG4uoEW7zIZG7plAcvr8OZjT+LRm25FF0oNp1MIRIJY2LgcW+y8Ay6fMhluTTWcsIEE60eaihAlfV3KSvuyxWzBokdQGYCsfQ5IqR+spa6AyMSYrTmLFy9uWqXPBw5kKxHfw0Sa/2aSzAWHTz75BMOHDweT1pb4gzSPj1TbIm9hxx13BPkgVHRqC0OS1eWxSkNCgifRupp1gyd3hvFm3JYsWSLUsljtYUsWf852LFZCpHRuIeeeT1SBYKNnz5547bXXhBS0lA0uZH/cpgxACo1Uebu2EoEWARCulUoTQhK4HcsWf4YNHSYqIUOuG4qK9pWi3WVtqJoUE2RLOCD72lUisYUHO51EIJnBc3dMwJO33oEu0NEu40Bn8utnaj55POs6m/v5apaoTsM3DipgeYYOJxLGPCeDc28eiV2OPBSpkIFwpPBVj2LOsa2+l9eGcRZEdF/dWKzUC50x9txLcLs8iQ+efgGjhw5FyANi7atwxsUXoPfhh8KMBOEEQ9DIabAdhNaZ5HNxV4GJRW45ny1+jel6qI4Dem6rlodvX38bt48cg6VLa1HdYyPc/dQTSEeDPhdECCNQkU31563nOwPn4jthyOexbdJvCqKglZzPzJh9gYTseawnlaSWXhXy0D0asTnAgv9+iqFn90e4thFqvBE1lTEkMwk0mCkccsN1+PMpJ8IOB5Ax6BivI6wFYHiaWMgQxVaVIr780/ZGuQLy62u2pgAIKw8kS/8e1yK3tTmXOC5J/jTi69+/P1asWCFACPclDQXzqeblm43ShFAStKmIRWAj1cP4uQQn3G8uh6S1zOzc72opa8xjk4pe8u/ktkhQwmcuyemUzSW3hoAlt+Vtdc+NVS2aYb733ntCnYugpiX+N2UAsrqRL7+vtUagcADi0bbLH5KEzr78REMc11x9DfbYfQ8c9tfDUNGuElqo9WcpNhNaz28tkWZqimPBSJv49KXXMOHaG6AuqUPXtI0g5UVzRn5XWl/1i6aLHHRMdjQNmWAADRUhDLz/DnTabQc4FVEEDa4sl0e+CAjXc9cWAJaeMVmI6BtfypEtWqm1GSyaOQtjr70Oc7/8CpFQADv13h1/P/dMbLTrTqL9TaGzsOMiqLfFdI+Y1+cTyS9SGufBSQkuDJbX4pN/voHn73sY82f9hIzjIdi1C+5/7WV4HarhaYqoeMgi38pmnC+p+4vhpqCbZ9sOm9oPN3AA4tqATWlx+gwsr8VTd96Df058BF3Z0hZvhJVKIBgJwt1zN1w2ZhTa9eyOBBEHfR3UgOB7+BUQ3zne905pe6MMQNYsAJELd0z8mRS3xCmbR8brI58VbOEiKX38+PGi1UfyH+S+C5l9UvGKMrwERKyCDB48WLjJU8WJVVLZbtQW2rLynbP0h5EVJcaHjunk04wdO1YoZknZ5mIMCllxIQ+EymU035RGmIVcB25TBiCFRqq8XVuJQFEAhCvLdbV1OKffubj9tttQXd0O4aoIfM3J1j1stq5ke7JdGggqPsE5aDmomzkHdw6+HrPem4FNkhlECFayngbNy7pNObHq98tLmMYKCInQta6NzrvuiAvG3wRt0+6woyHEgpHWHZx1eHSS4yBWiD1OJX8FvgmAyI45trI0mAilHLz2yBRMuvkWOMk4tGgIp192EfqceRrsoAHHCELXlTbRgrUyhRVJNBXJiOchs2QBgp6HGa+8hkfH3Y7E9z8jqoeR9BTo3bvgrtenwenUTgBienT8aggg0aynUBhoSpFtH5Fn6x6/5T+1xay52PnMwpHpwIIL2zQRCQSR+O57XHHiqdCX1aGCxmeN9QgYOj7RXVx7523odWgfxFUXjqEjGqkk/CgDEGpBrGMZ3mKnQvP3l7oCUiwAkTwFvhIQzJ07V4CFOXPmiEMniGA1g7yHQobkgMiqM4+PcrL33nuv2A9/zmqI/LxC9tnatpEKV7neIjwfAqxRo0aJSoiU4pXqWKtzDowTARuVsPbZZx8BFFuiJlYGIKsT9fJ7WnMEigIgZjqDb//3LS6/9HI8NfVJhEJh6CGjTZhxEYBwEHxQGpOtKo5nI2x60JY1Ytr9j+Dpux/ERstqEWULS7ZthQ8Np1lFhPtRKLWkUDEoy1+gaoauYX6iEfuddCxOGH4NUu0icKNhRPVyBWRlNwWvCl23uXLPBWTN84GIHEIzIAtCkkkHVZ6O5V98g9sGDsasTz6GZ6g46NijcPKlFyGwUXckFAXhaKjNAhB+8UmXX0Emt21g/jz896238cTdEzD/0y+xRVVHOGkbDYRqPbri9n+9ArNzjVhiJ2VDQpAmENe8hZAVEAa5SWxBQL5syKUKgP/PAixxWvPzbvWOjfHKmPAMA43JBEKqhkDKxDPjJ2DKmFuxUTCIdirljpP4CiYO73c6jju/H0LdOyOlKohEY1CotufRRb5cAVmXPiCrNwFW/q7WBkDkYgWrHZLA/uyzz+Lss88WCS8J6S3hMsgKjFRt4r/bt2+PYcOGCTUn2SLKZ1NLkulSX4di9tfcdJDzk9WjLl26CH+VK664QhgXcrRECav5MUl1Lapt0VeFsWxJzMoApJirXH5va4xAUQCEqjovvfAS3p/+PkYMHy5WTVW2X7WJCggvBysfPgBxsu7oEVtBKG4h/r+fMOqywXBnfIKKnJUKchDyARBqvSqsgnCFWHpYBAz80LAcpwy8HPtfeTFShgulogKhNtl8sXamLxuBkrBF5SMXgDSZEmYBCEGIRR7S8iQqLRev3HI7nnv4IZiuiYoeXXHm4CuxU99D0WCaCMciMNqAfFO+8r5Uu+EXFf9Or48PJj+CV6c8jsUzv0V3I4wwhRKgo05V4GzcDePfeBXpLjViLkrOuIQUspr0K14HKyI0BMkBHX59kHfIrysoG6IKr+B+JZLwQgGk2Ypq2QhkHKRmz8XYiy7Dos+/REfdQERVMC+kA53a4ZyrB2KXvn9GGg5CEWr9s3pVBiDlCsjvP0eLrYBIMrqs1PO5QUWnc845R5CfyTngc6TQCgiTZJmgSyUpXsNBgwZh4MCBTXKybCeiCWJbHLlkfvHMY5ulbYs/bJui+hdb2WSlZ3XPkW1s5MuMGTMGF110UZPnSKH7KwOQQiNV3q6tRKBgAGK7TtNKLHMVklTtTAZnnnkWDvi/A3DKqaegMZ5AZXUllFYuOeTzDEhq9lMsvwfeg+s4QtZUTZgioRt31XWY89iTqEiZ0EwL7YJhaFQacWzYWU4MXdL9hhXRZOFfd9VDRgMadQV1IQ3njrgefzz5eJGMqJEIAs3bYtrKbFkLx8lrw1YX0SOfwwFpUmzKVj+4WB8nqTeRQjvbw/fvvI/Jt47Hj99+h7r/73R78oAL8LcLzoMdCcHVFQSYGDYfefgRpRZP+LUw8y8HkJvWCwFn14P9/wUdVEMXwMEl14P+ER5gNsQRNoKwVtRjxjv/xuTrhiK1aDE6hEKo8lQYaQsZGmmGAjC22hwjnnsCqS410AN0TPmlfOSDEP+Tfw0rfEne3J/678qSFeRhZ0UB1sI0aF0fwXs9kyCxC65mCCa5ZnvwVtThjclT8OSt41GVyqDCdbHU0LDASqHvGafgjKsHIR3QEYxWiMUJlqSEChbVsVjhK8vwrnUn9FJPrNZYARGiE5TSzr4SHLAKMmDAANGCxYSb/JJChuSfSYM+JuX82UEHHYTrr78e22+/vcgLCEqYYK/ukJUF+fzNlRde3X0W+r58ra/8fCpiUa3qlltuwZVXXtlE4C90v823Iw+HbV0k8ZNHU+aArG4ky+9bXyJQMABhi5KZySBoBEUbiKrpaKyrw7777otRN92EPof8GYlkUpDdVu2asW7Dx7Veeik0KXplk106beuaIQzb6Dfx6rRpuP+sC7CpEUawIYn2noqAZQmiuaW4sMRqvCbaKzTxR7gmiHaueEDBYs1BbPstce7IYdii957IQIUWDNGnrDxKEIElmTgMXUPEchGsT2LquLvxzrMvY8Hc+djsD9vhrMEDse2hB8K209CaARCBAYXfRU7nkfhRaUkOrKz94gzjn/SvGpyy+IDAwHU8pCwTjuaDYvDLPm2igmaK9Sl88fZ0TBx3B9TZP6FS06E5FmCaiOo64paJVEUU0e23xVWT7kemaw2C0XCrvxdLMA3Wwi5cOF4KiqsDHoEsZYwVIJ3GTx/PwJ2Drkb8m2/R0YVo+VuhAT337IXzRw5DzVZbAsGgMKIh6GCzp6240IQMb2nn2loIhEiajj76aLz88su+T0y2na9QVaVyBeT3r1KxFZB8eyeh+vvvvxeKWGwl4kp+MVwGHmO7du1EFeTSSy9FbW2t8LVoSTtR8+OUwCYXeJR6Mail9wfPi2pV5LtQ/SvXoLCl++L2rKawNY4AhLHjNWgJaCtXQFYn6uX3tOYIFAxAmCfxhqGzL1sQDCOAr774QqwM3DR2DDbbcktkLBPRaASG3rptp3kurEZwiFX2LG3Ds/yVHM/iKo+Kxvp6DNhzPwQWr0BnNYAqy0PE9ZA2U2IVk4ZiXhMAIVdBEtt9ALJId7HJvnvinBHXo/0Wm8ENhqHoOrS2l3e0yjncAEuA4qgLhC0X0yc/hSm33wsnaWJFIoFDTz4RZwy+AnbAgxIL/uocRPFD8Vekc8faBCC5yl6cOaZDMrgLTWUtzYPC+y1lAikL7055As899CiWzfkJ3VwNUW7j2FAsEyFNQ8K2kOS9t9VmuGbyg/B6dEEgVgYgpZm4Llwvk+VxEIRkaxdmBqitx7O3jcdT427HxqEwgloES6w0AptthP875QTBB1FiMdhZ6U+h7qbTc0Xqu5XmCNfWXsoA5NeRbm0VkHzzgDK8JKTfddddov2HgEQ6fK/OvOEc5vfk3nvvjQcffFC4o3NetMRUr/nn5raf5lZBVuf4SvUe8mV4TjQOJIeGgLsYDghjxjjdfvvtAtBwXy1RDisDkFJd2fJ+WksECgYgdF5OU++b4MJ2RYXg4YceEooOt995B6JVldANQ6wShLji14qHbPORhygBCGxHSLaKc3Rd8feZTzyDe4bcAKMujk6KgZBpwjLTwomaEIYtWPQTIVlaJpQ0GmsMqAKA7HpUX5wzfAjcqgrosUokMxnEIqtfqm7FYV3rh5YWvB0TQcrsuiowdzEuP/Us1C9cihV1Dei21Za4fNgQ9NhtO7jtIr/SfpIARHQZ5ZDcSw1AfJ/xX0YutVt+Ln/GelzC9QQ4tVJJKJkMRC1xRQP+89KrePa+iZj79VfYrH1X6CkbtJjQaMZo28JpO+05iIdDsHt0w9DHHoa+eQ8EYhHho1IexUaA93oGqstqpw4vW7mw+TxUNcx9/Q3cesUgOIuWYmOjErVWBksMD1123xkXj7kRNVtshgyrpeSSQRWmj6CiWRu8OGUA0vYACAEHDfW+/PJLXHjhhaIKUkwFRJoTsgpyzz334NBDDxWcEn7G6o58Zon8nFI/j1tyfDJurICce+65RXNACDaoHDZp0iRh5ig5JoUeUxmAFBqp8nZtJQIFAxDLtmGabMEKwDEtkbSNunEUFi9ZjNFjbkLatlDToYO4qQy9ddslM99kBUMMwTP4xezOzJgI6IaQL82YJpz/zcGICy7GTzM+wSbhCkRtGxr5MK6TdU5g5SPbTiF83hRYKtAQ1NBQFUbfc8/AYQPORZ2ZQWXHTmhobER1Vdsk67W2SZ1mQ4vnQrVsoDGJUNrBe0+9gKn3T8KyRUsQqqzASf3OxAFnnwK7MpDj+eL3QfmO4NmWqCwIKfUXXi4AaQ4+mrABu60UBY2soNk2Qq4LI52B1hDHY+Nux0fPT4O5YDHaKTpCwruGq/AuVNeGLgw12Q6ooDEURKJjewyfOhmRrTeDURH5jaN8a7uGbeF4fJcUS3C8FJf9k75/EDlwRioNLFuBZ+++F689+gR6NLiIVFZgTqIWyZoKHH1Zfxz6j5NhBQ14mg7dU6HzzezDbIOl0DIAaXsAhNUOkp/ZInXTTTeJSgjdv1d38BlJwjnnwgknnCAUsaiMxRaj1R1SPlh8JWfb+ni8pX4et+T4WAEhqLrzzjsFaZzHU4yrPOOz+eab44knnsCWW24p9tUS0FYGIC25euVt20IEWgRABNlM02Gl08ik0rjxxhux3Xbb4fgTT0B9vBHtOtSACXw41LplZvn9zwqGHJILIsrArt9GJUh8rgfrx5/x0gMP45WHJ6PGdBAjUdi24Dm2T/ITMrEklJL05xuNZTQVdUEVdpcanD1iCHY49EAsTyZR1aED0ukMYtGyD0gpbo6klRH+LAFNh2JaUJMWsLwRQ88dgFlffA1d17Dbnruj37CrYWzeXVxzNWAIxTNBuc5KK8sKmJASKPGqtHAizznZ36hQ8ctWUUSLTsJxoGRMVCoafv78S3w87TW8MnES1GW16KgZiHkKglDR6PhcAtVzoAkg4sDWdTQEDSQ7tMfQyRPRfsdtoURDbdPtrhSTo4T74BV0KCAhvDz8/knRkko+WGMjIoqOOW//G6OvvAodvl+Kbh074edEPZaoFrY5eH9cfttNcKpicOhErRjQLAcIBoA2aI5ZBiBtE4AsW7YMXbt2FUpYVHWaOXPmrzgNuWanq7p1uC1bkwhqaKhHWdm99trLvy8onJFVzlqZiSK/Z6Wsr2y9kqR5uQ8p75u7j5X5JOUer2zfynWJX9X5NN+vjIV0or/55ptxzTXXiLazQgFIbjzlMbECsvPOO2Pq1KmC3E7QRY5JoaMMQAqNVHm7thKBggEI+R0cNB9kG8GC+fNxTr+z8eDEB1HVrhrhihhSWefW1t6CJc4jNy2Uq+Ay+czNGOvj+PGjj3H/8FFY9tmX6KjqMEjCp+M5lbQcD6rLXEKD43oIRKKotW0sUV3om3bHqCkPwejRCaH27ZFidcUwRI9/eRQfAba0+CRvT1yHgOkCKRtvTpyMFyY/hrmzZ6Nrty44ceDF2Ov4o0WVLhiLIOM5MF0HRjAgVKHY0Z9VTxbO66Ucvr7aL0NUXKje5bqCv8JP48oaq22KpiHsAMtn/4BpkyZj2gOT0BkaKh0XMcdFwHahuC4aYAilLBUudAIReLB1DfWGDmXjjXDhbTej2z57wNM8KG0wyS1l/EuxL1kxFfOE+s9Z4QK2U0bphF4fR2rRUoy9ZgjMtz6ClkzDVhWscDKwu9Vg1OMPof0ftkJS8RAKRuAlLWiRIBBo3ZXifLFbEwCEn7MuV7qLmSNtgQPCayYTfCa9p59+uliFl6RoPn+kGV8hST7jJR3Quf35558vFiP5TJNqWfzMlflcSEd2fq50U6+vrxdtXDw+VlfY3sXPkHLCUtFLGiLmXjMJaOTv5DUp1EU+V2ZY7pfVD4IDkvcvvvhiIbpAAFJo65qMtwQifCUA2X333UULFj1GpIljofOvDEAKjVR5u7YSgYIBCJO9dCYtCNu6ouLrL7/ClQMH4oGJD6Jjp85iNa8xHhc6420BgKxMeq/5hTMbGqHVx0Uy+MJd9yAaT6FK13wCsONAc9iLDwEsTNuBEY1hSSaDxlgYHf64A66993YoXdpBCQVh2Y4AH6wilUcJIuBC8HAsxRMtdYblIdCYRnreQtw2ZBj+89ZbqIxG0GWn7TFg5HB033QTmJoHNRISIERI3gqHBgIQH4SUWhpVAJAswOUZS8ldyzQFEZm8KZdcDpdmdxbqvv8Rr015AtOfeQHmz4vRSQ0g7NgIcK65fj0lpYSEf42qEHz4ACQDD8lIGHrPjdH/5tHoulcveLoCJVCWXCt2prFWasMT9kasdnLSsBAST6YQ4vVLpBG2gfdffR1PDboWwfoEKgJBURWuM4A+Z5+CvuedhVD3LoBuQMl48AIa1GDrFusoA5BVz5y2AEBYqWDyK6sK9913Hy644AKRAPNnTPSZ+BeaXDMqTO7JZ+B72AXxyiuvCNCQqxQl9908igQgEvQQqDCGBx54oFDTIij605/+hMMPP1xUVdjaxcH3yCS+ObCQIEVWGmRVpVBVLmneKMEC91dXVycAyKOPPoqrr75aGBO2RD0sl0gvcw22W5HMzv1R/YqxKpPQV32PlbdYfyNQMACh+Z5YJXGY9Tl49+138Oabb2LI0KHCmM8IBWDxYRam63QbWOFnwidH1ltCPICaXWuWrjuGK/Dz+x9iwuDrsOzrmWhvGNAdGxoJ6wQgzFDo2h0IImE5iBs64pUxbLzv7hg84Ta41VGYPgNBALgAV03Lo/gIOH4rTJq+K4oHjTK285egU6waT465Bc8/MgkVoQB+bkzgrEGDccQJx8INqFBjYTgBTYAQ5pM++PABCJ0zSjl+U97nzjn3sr4b6WRS3FdRVcMP707HM5Mm4+t/f4hgYxobR6vg1TdCpxyvx5P1qz2OEhLHrSiO+DlnraNrAoCoG2+E8266Ed323dN3IWwDBoyljPea2Bdvb4uVqqxqngQgKdsRLXtWMo2qQASZZbUY2PcvaJg5C92MGCKuikbYqK0JY+A947H5AfsgQ8EELeRXP0o71dbEqf9mn2uiAtKSdpm1cZIt8aBoCwBEtg0RZBBszJs3T7QCMclmAix4m4YhkvxCKiCMD5Nxbsv9cdGRniD9+vUDKxkEJvxMggnut/kgQOBnSbDy2GOPYcSIEUKdiyCE+2WL0mmnnSbI2r169RIJOysk/Ox8XBMJHnLVtPJ9dr75w2ORBo48L8aE+/vqq69Eu9r06dPF+fL4ChkSKDGuPB7pEs+qx4QJE4SHCoFbmQNSSDTL26zPESgYgFhc8VcUpBJJZBIp3Hn77ejQoQP6DxiAeLxRtGDRrJA32/oAQCQQibPNwnahLV6Ol+6YgNcnPQo9lQR1rAwCL4evEB4OoVgFViRTsCsr8bPn4K/9++HvV1wIKxaEzb4b9uwr5Cy0vZXPVnkTkDhBTxcNSPmlBYQzjmhjWvzRDNw1YiQ+/+hDeOEY9up7OE4/92x03HZL2FzPjgRg0ZxaUYQYkQAgnoJAicFz7he6dB+n4SWng2mZ4pUrestnzcaka4fi03ffQ5WroUYJiHMJkC/g+o1m5D975CbZhujj8jwGgMDEhRIOoV5TkelYg/5jR2GLg/sAAYXlylZ56drSQRGAsAGVdy0XECQASfOWVgAnbSGiGjBs4K0H7sJLd9wL78fF6OAaSDoW5gZsnDLsKvQ58xS4sRho3xIgP6cNXpo1AUCaO1Gv67khpJILbJNtCwBEJtcyGea/L7/8ctEKxOvJxJ5AoiUAhNtLHgf3semmm+Ktt94SYIQr/XKf+UAAP58JuFS5Gjp0KEaNGiX+nbs9rwPJ2ocddhj69OkjKi2/57b+q2dtFiQVMpfI9ZAgWLaQffPNN8L/45FHHmmSy+V2hfjdSJAkW7tkaxhNG59++ml07NixiSvTEuJ+uQWrkKtZ3qYtRaBgAJIWLSMKMskUFNsRpkZcmTj7vHNFH35QrFAkBAAJBlZfDWOtBa+ACogv1wukl6xAVSCM+W9Px73DR2LJrFmIui7CXM10PBiuh8pwBTQjiHl1tfA6dkRjdQw3PjoRkS02RipiAJoC17UR4ENWKbdgleQ6ZysgBCCU5GWFIJixkPp5ITrUdMKzY27GPePGoaq6A7RoJU4772wcfMbJYinbC+owmcQLLxfFJ6R7QFAprGVJAtRV5pCezwKRzuICJ3Hl3KXcbkrMnZlffoknbr8TM59+Du2CUWxc3RFuQwIhB1ApDU0nbpX2E4rgiTCBJZglA4avQhErEsYS20FjZQz9x47GzkcdBoT1MgApwUSTzwG/BcvfIakgKdsWBoNwPFEF1bhQsehnDO93PhZ+8Cl66lFR5PhffBl2OvIvOOnqK9Bhxx0QT6QRrYqhxFi3BGe66l2UGoA89NBDBa26r/rISrcFE8b1DYCIOUveGb/HVRU//PCDSOwXLFgggAcT4ULd0bkvCRb4HrYqEThQkpdAgdUK6ZdBoNJ8SEBE/gerDXQaHzdunOCDSGDCJJ7+IuRisPKwyy674MwzzxSSvz179hSLoXIQPOQCA3n9Cr2G/FxZreF+CDTIa6HFAM+LcWNlpyUqWBKECH5fJiOA3nHHHYcpU6aIfTF+wrS5BaInZQBSunu8vKfWEYGCAUjGsUXrSMPipYjpQRx08MG48eab8Ke9e4t2AmGe5ggdWmjrkdW3l3H95pxUBmZ9HM9PfhSvTnkc5vyF6KgoiFkWwq6NiMVefg0rdCDRqQqLQxomv/1PuDWVsIKaSHBFCxa8krf5tI6ptPaPwsp6bPiCAp4AELrlQjcdIONizkf/xdgbRmLx7DlINdTikOOPxokDzkbHzTbx3anZHiDKHypcAkQoQmChkMH0n6O5jO9vvmxdE7ZjwlN1eLohqiyGo0BNW8Cy5Zj730/xzEMP47NXXsd2WkR8kbrkp0CFlm1z4D7lSiv/bhO9CP6HR1wrjiHtAplIFD9YJgbcMga9TzoRiGgQhiHlsfYisDSOSaPG4LkJ92GH9h2h1DYgnkoi0KUTThp8BbY77hjEFReR9jFOuzY3igUgTDiZ0HGeM6EcOXKkcNEupPVnTQRLJqlMcpmEMjlmAl1o+05bqIDkixuTYrY4PfXUU/5zTFGaiOirinO+ChF/dvLJJ2P8+PFNLUe8xvmcviU44VzifKDELaVu86lRyesgPTM6deqE/fffH3379sXWW2+NjTbaqKllitvwvOT1y8evkIT8XLUsyS8hmJo9e7YwCnzuued+w4mRwGlV8eHv5TznsfCzOOdfffVVQUKXxyC6RegHVOAoA5ACA1XerM1EoGAAQtUgx7JhNSSwfP5CXHDhAEx6fApiNe3gGVoTABESti24qVp7pFzTV/bwEiYUy8GSWbNxzfkXoPH7H7FxJAKsWIGoB4TvUoezAAAgAElEQVRt9scYWKo4SHaqRmTbzTHkvjsR2qgLrIDaBEAUz0WgwFX21h6bdX18JAazPcb32vDlkylxqmUcaBazchuT75qAN595FrWLFiLcpQbHnt8PR558PGCwOrD6AETK68q2qpWl+TSt5Eq3Tv8cKHDTFgKWCyQz+Oy11/H8/Q9i9qefop3lYRPPAP12ctVkZE9zLgBxlCwAEUR0H4BkXAWZaBTfZzJZAHICENXLAGQtT1JzSR2+euffuH/YSLg/zkeV6SAai2FRJoXdjjoMJ183GIGeG/FR0RY7sETydPTRRwtVICZPMmkspDWFl4IJGZMzJl9cLT/++OOx8cYb501U18alI+eAbT4kUMsVbr4WujLdVgEIk2km2gSArDLwWrJtqpCxsha1bbbZBrfddhsOOOAAsS9JtG6+T/lM41wiwKA5Ir1JmgMQ/o5zRVY4JKmcVRJWXeipQfI6+Sxsz9piiy2aEnpum8sHkcfAfbHCwXNgdYav3N9nn32GZ555BtOmTcOcOXMEGGs+B6Ta1qpilBsftqTxMwmaKL/Lc2ZcCHoY83wVopXtvwxAVhX58u/bWgQKBiBp24TneNBtF6888zyGDrse//7oAwQqo3A1YdEllHz4qrRBg62VXbhMxhTmi17GBlImFNPGc/fcj9cmP4pAfSPCqRTCjoNKhKCqASwwU0h0qESfs07FkRecA6c6Cssgz4A+IfRu8BBg20Z5FB0BnxnhAxD+XYBf10PQU2HVJ2BoAXz27nQ8NO42LJwzB/PqlqNmq54YfMNQ/LFXL4SEcy8rIIqYw9xXoRUQKePcXLRArCbyf9LYUJylh0wyLfg/uqrDXLgYM157HS89NAlzP/kcHUMhdA5GYDSkQH6I6InPtoHkAyCu4sJjBYQAhOdMlRhP8SsgZgb9x7ICcjwQM8oApOhZ1rIdpBIpBBoSeGTkGLw3+Ul0tICqykr8sGIZgltsjAG33ITN9t5diCHQp6atjWIBCJMzuerL5JJ8AVYfCgUwpY4XVZb23HNPHHHEETjyyCMFgVpWQQr5rLYKQHjcM2bMwKBBg/Dhhx+KU6VaViFjZSR9VpBYzaBnBp9bTL7ztUE1ByADBgwQAKT5yG2FkzwhghIeuyTWS3dxVkMIgAg8dtppJ3EtSWRvPki8535Z7fjuu+/w/vvvi9ePPvoIixYtEtdeqoE1B0S5i0C/FycJbvg5BBoE2OST7LrrruL4ZFVEVmsKiTm3KQOQQiNV3q6tRKBgAJKi6ZsLBD0FUx58GI9PnYonn38WRiwMW/WTLvZBkyfitxutHyNDzw9FFW1TZjyJANt76hpx66Cr8N5zL2DjaBSdwhE4tUkYehCLHBMrogYuHT8WOx7ZF05QFwBERIiKRUyQyzK8JZkc0lBQeoFwp1Y6A4OJvk2w7MHJmLhrxI1495VX0XP7bRHo1A5/PeZv6L3vvn77lW+JntOCVVjLUi4AyfKSm1a0s3v1z9Em2cOBlUwJfklm2XK8P+1VPP/gQ1j89Uz0iMbQMRxBprYBQWgCgEhQw3tJ/j33y48AhDejIgGIRyliDelIBD9kMjh/7Gj0PjELQALrz71YkkmzhndSl0qi2lXx6dMv4YGrhiG8vBEGFKQNDYs1F2fccA0OPOlYoCLku6G3sVEsAOGKL5M8KcPKf3O1PN9q9doIDZNFJrVMXkePHi2qMuubCla+ODLeTMbZ+iT5F7wusj1qVbFvXh2QwHKPPfbA2LFjseOOOwqgkK8FSz7LmOgTQFAS+O677/7NR+arQsmfyTYrAgnZGiXBCYEPW7MILJoPghJ+Jv+wErJixQoBfmVlgj/nPqU8cO77CwUgfA+PT5L0TzrpJBFjHrtU8+Ir91coT6UMQFY1I8u/b4sRKBiA0GfBTGdgN6bwwpNPY/ac2RgyYrjQs6cPwy8AhO1GhSVxbSFgbPPJmBbC7F02HSgpE1rKwo/vf4jJt4zDgi++wibta9D482IEjCAaQzrmuiaGPXQvtj5wP9iRAGzdTyRpIscV+oBeJqGX4trTm4YkclkB4T5pLOiYFkK6gbqlyxELhfHtfz7Gx++8i/37HowuW2yGuJXJtlxQDjkXgLACUtjclS1YEnw0gYZsBYRtUYL1k7Sg8CBNC4mf5+OFhyfh5UceRTiZRtdgCFEae5oWNE+BabsQ5yQkev0hv6Byv/xY/eBZCwDCw6eiFsFNJCJasPqPGY09CUAqDKAMQEox1QreR9x1EIynkfnuJ4w991KYs+chXV+P6q6d8fnCuTik36k4+ZIBCG/aDQi1PTnuYgEIV8mlRCsTPVZD8rW7FBzwIjdkBYbHQ0BENSZKyZIcXOhoqxUQaRTIVXWeM+XmpTxuIeeeD4AweWfs2NZ1xhlniMpWPqfvXABC0MAKyKoASK5TunjOZ8nbEuTIioj8OVvqSC5vPqhAxeMiEZzvJQBm5Ue+j6/8uTRmLCQWzbfhPhgHfg49TcaMGSNepfFg7vkTLBU6yhWQQiNV3q6tRKBgAJJxbaGAVRkI4/L+F+Lqa69BrH011HAQDtV52L7i+a/+yvL6MUyhNuSvaTOpDND5Lp4G6hsxddx4vPjgQ+gQDEFvTKGmsh3+t3QRqnfcBhfdNAKb9t4dTvT/sfcd8HZU1frflNPuuTWVJKSQ0Ht7qCCiWHmCBVEfCPpUVLCDAipN4anPrk994rODCoqAoH9FQIqISocUSCCkkF5ucutp0/6/b82sw+Rkbu7c3HTO4PXenDOzZ++1955Z31rfWiuPmnqIpA4IA4ebVultsTokzWFUlTqqDycvUbEsEQBEVcfNgRLMag0o5uHnbbhU8Jlyl54olhQ3DKlczeJ+2ZTeu2QAwkD4MCOSFKxzPXg9g7BqAdYtWYS/3Pg7PPin2+GsWYt2P0DR8ZBlKmefgMIQL0aag8tHM2ApBavkB6gWiujO53Dqxz6C0z758TAIPddca2lkuq3OKbke8mUXZvcA7vnhL3D7j69FwQfWbuxGtWCjbeZUvOeTH8Xhp71W6JlaC0E9AmmDn7dVf0faDq3FpLcwoFYBMvdcWsv5SO+3vc8n5YoyJxh6/etfL8HHaeM/2LfdFYAozYheEMZg3HrrrQLE4pTPkcqeyjSV+VNPPVU8KwQf/KxRnpQZvV5aH4MeEFKU1PDSmOFquH7EK4rHDTVJ89hIq2Lbo6H/xYsJam0Tgmx+zpTBrI9CD4hS0oYby5a+bwKQ0Uivee2uKIHUAET07v4+uANlnPXWM/Cr63+NcVMmCfjYkwGI47uSppUZkvhblMvBCuzBClY8Phs/uPqLWDpnLro8E52FFqxxqjjgNSfh3Cs/h/b9Z8HJZ+BKnQkqpWEWrCYA2TZbof6yjEAIW2XKWuUt1TNUsYqu4yLIZ+BlLHh+CBKyZibMp2oSgPDPkQOQqAZlqIxFIJyUKzDLFdGRC6z550O4/ic/xZN/+xsyg4MYY9lo8QLkPB+WxAWFp9YIWlIcIX71ELCuTORxqTAIvaUFqwwDp3z4PJxxyaebHpAUstzWp1RrPuyyA6vioefxubjmqi9j0dx5KBbyyLW1YGn3WpzzwXNxysc/gGDSWFHOqPxSYRlJTYBt3e+07VFZe+tb3yqVr5WqtDsDEIIPTZXKAnG33Xab/DstNWZ3BSBcc/yhB4iZsK6++mrMnz9/MxAwEtoRs5lRCWfBvSuvvFISDAxViFDjMNj+RRddVPeA6JrSzFFJgKFxrfJcDVDX8/k7qRJ6UnsjqQDfeG/NZKVtcLz06pFi9e53v1tiYpg2WKvQp91nSec1AchopNe8dleUQGoAwiB0UrBK3b1455vfihtvugkTpk7e4wGI57mio3qGCY8FqmAg43hwuzcib2Zxy7e/gxt/+nN0lGpotzJYWSnhxDPPwAeuvBTGXuNRy9ms1iDKqSWW+ZHxPnfFRbOr9CnOGxeKW0O6WvZTfFf0MAS+UOE800AgAMSQmAspsGEyta16QNKBADeIeV808Jwgp1xDziMvzAD6BvDwn+/A32/9A+Y/9jgKtRrGMrNLlckMarD8qA5JmEQYHuNFUhx00hB8MKZIKFisVeMbqBVbscSp4dXnvhfvueJyYEyhGYSeQp7b8pRSyUE2MMVIYZYquPGaH+Gu2/6A7lWrkM/YGBzsx2te+1qccdmn0XX4gXVFlxZhWotHkpZzW/Y7bVsEIKeffrp4QKjMqaK4u3pAOG71PjFTEQEIlce087C7AhDOI70f9FKwJsh5552He++9V5ZBIwhIG5+jdCtSn2j1pxeEHqY4KNC/KXP2gXK+9NJL8dWvfrW+BPX+aWlQ8cQGwwGmJK/IaNauZrwi/UyDzglC6CW88MILJUOXUvxG691sApC0T6nmebuLBFIDkP5ySegl/es24LJPXyLFg9rGdSHI2nu0ByRgWlSyaUwTThS0nGWG13XdaLezWPbQo7juB9dg2T8eRtEDlpf6ccq578F7LvsMvI4i3EJesis1Aci23xKNL0bxJMTiJ154oxFnBKghkIr0LKORCUxkCT428YCkD5lwfE8ulWgNggApl+1KDRLTMzCwdCUevO9+3HP9b7B23lPI+z7G0LLKFJBeFa12PnSQmCZcZkjjGqlFpd2HEVUcgEhxPAAljr2jC8+Vyzjh7DPxwau/AIxvC8t3N48dJoGe3hKKLS1wS1UULAurFi3C0qeewu033YKnH30M/evWYlxbJz78na/gJWe8WQJhqbzQgkplLa3lfYcNqOFGVBrPOOMM8YDoXhtJfYSd1e8t3ZeKIcd10kknSfG5kczD7gpAKA96KzT1LuM2GIfBz/Sgcj2SueX5XMv8TcWbma00GF3lpJ4JKuXquWDQOjNnKaBVkMA5SesB0RiRONhJUvg1VmRbrUPeg4CVgIp7mf1gFi7WQzn66KNFfvQ0bQvjQhOAbKtZa7azq0ggNQBhHZBapYJlzyzCLTf8FhdfcjHsljw829yjAQgiAOJEAESoWFQWWPhtzVq0wsZDd9yB6774VWQHK6i05PHm887F684/F2UzgNneJh4QKopND8i2XfZxAKJ0q6gm4SY3CqwAjhmgCk9qcTDVLlP1ZsiNE3SoFKyRAxC9kcV4k6oLt3cQz89bgHtv+zPuv+MuYNVqTOSL2fNgDgyi3TJRsGy4Tg2OacAxLflhv7M1ljgf/mDxQT+qgq4AZDDwYI+ZiIXlEv7t7Wfg/C9+AZjY0fSADC/ObXrGQNWFYVpwfRdOrYqCnUEhCLBu0WI8+/BjuO/WP2DJ0wtwxOmn4qyLLpAgWFqBqWxR8R1J/ME27XjKxtjPt7/97VIvYU8AIJqZiIo3PSB//OMfR1SbYXcFIEw5O27cOKxYsUIoU08++aRQpvhvHjqutLUvqHhTGafCzQBwrhPN/sS2tB3+rYCP9+Hav++++yQNMkG4ej/4nRRllfi44Y94kHpSLMmWWkgDcoa6noBLEyvwHNbIIaWMWdXYJ8qD4yXwGUnNj6T7NQHI8OugecbuJYHUACSoBWCO+ysuvwysRnrhpy4QC3CmkBPuvFJgpBZDykxCu5OoNNsR+8yXVZ61QWihYQq/SgU3/eCn+PZVX8J+Rx6Gq7/9Dcw65giJK2B8DK+lgipB0XtYocbdYQ65OgkCNbdUuEajdRor5MF1XEIZFquQB4YkVZBgclKlwqgLOL4Pn7wnKwOv5sLii8X1JTMaPSD/+N0tuPkX16Fn5WoJaG8vOyhW3HoMEL2ISvKqB9BHnzBFc+OxORUkQM10JQOWxZTXrBnCrLzZPNbVqlhrGzjmbW/Cx77+ZWBsB5BtZlzbkWu07DovrDPZ7wEGe3oxtqOLGhVKPb14+MGH8KNfX4crvvhfYFYeUldoJdUCfTuyvyO9FxWqM888U4K1afml1VeDuEfa1q5yviqGrFLNAosjyUxE5VWzKNEKfuyxx2Lu3Ll1Cpd6EJKAZaPSrBmYeH++Y6mYM5CZP9v6iHsXFGywujjvqYUYNaFHWq8Bx9MYQN7d3S2FDidNmlRf41wv2rb+ZvpjxqBoIDdlqsHh2j+lO2nihuHoVlsDLOJZB1Xm2k78O6V9xdPtnnPOOZLRa+LEifU1pDQytpGUkjjtvFJOXJukP6rBgtemBWh8tii1kMU3Sbc78cQT096+eV5TAttFAqkBiDvowKk6eP/734f9DjgAl11xqaTbtbMZeGaooPGoK3bbpbu7RqO01Gj6SLXuPPfobPzl5tvQPm4M3viO0yVA389YgBXCMQEgVBRZuXoPqhS/a8zIlnsRgsdohUa/JDZks2xtPqpBBVJWMzBgSVJfA4ODJZikT7F6ukW6lIFyzwA68wXJjFZashzPPzkX99xyG56f9xTWLX0eBcNEe0sR+cEqMqVaKjElvTCTuOg1yxEkKwHojCliOIiVQU/goztv4bDTXo+Pfe1LwLguINvkYKUS/jY6iQCEcxP3yEkMkh+m9qThgkrDw489iv0POlBABz0fmpp2G3VjuzXDvjOw9oc//KEoNEw1qpbe7XbT7dgw9xcVbj7TTzjhBKFgERCm8URxv3JOqTRr4DrTrRKAqGKtNKOhFMW4Eq2ARAEIlUSmc01KZTtakSjVKk5Z+sUvfiHB45xT9pcy0ViN+P3iXor4540AhOf95Cc/AYGNVv/mWqfM45Qs3uuhhx7CtddeK9XImSKXXgUCkHh8RmO8UbwfSc/OkQAQnW/93ThfCn40c5fOPfs4c+ZMnHXWWeIZZEFEyo39j3uRKKfRJJlgf+h1pIeFfVEKW1I/k9YuZU7Z8+D8/vWvfxXKYfNoSmBnSiA9ACm58B0Pb3rTaTjpVa/ExZ+5GBbrWdDK/yIDIGoR4ubXaq1WxcXa51fAyNoYO2WvsPYHldVIGakDECqNu2EBsp25SEd9bwEdL4Bk/is5XTQLalSlMKGAFglMD9NKe25UIDAI4LoeWn0L3pq1eHb2XPzrrrvx+D33o3/lahRhCPiwJMNVgFzVR8ZJRyNIDUBMR/ad0K/8AIbHGBcbA7aJnmIWs159Ii6gB2Sv8QBBU/PYYRJgunJZX5G3k39nSMlyXFiswFwqi1KVaynAjJ4DStPQAn07rLNbcSOu0auuukp+qChTAaP3ZiTK3lbcdrtdorQ3xkKccsopuOGGGyQzVFoAEgcalMFxxx2HOXPm1AEIO96omOtg1OOhSrYaGyhX0qMIQNiXtIBoJEKKB3irokzFlPU77rrrLhk/+0NPRGOQdhIA0fOVasXf/Iw1RhiMTsDDf9P70VjbiPfnZ7Nnz8ZvfvMbocEtXLhwk+HwHK41vXccwAw17rTegaEAVdzzouPjvbRdGg8OPfRQSWP8qle9SqhslBe9gpw/eetEdZ34m+dv7cF7MvED468UHHJ+ksY4VByZ1rwhQPrLX/4ifW4eTQnsTAmMCID09/ThnHPOxjvP/A+c+qZT0TV2jGhyLzYAwgeyZvCoP7xqrhTAs/M5BLaJsueI8iqWsSDmAWkCkB2/3gVNNNCbImAR/5RKIyo1gEEWEX2OCa0kZ31gSOyG4foo9fZj8d1/w5MP/AMP/e1+bFyxGm2GhbwXoGjZEvfts+6I5yLjW5JxK80xEgBC5w27SdoWPSC+ZWMwY2ND3sZeLz0Kl3z7a8jMmNoEIGkEvw3P0exosrwiECLKk+Mgl83CrYW8dpafsSNljAo8aUD8PRqaxjYcxpBNse/XX389Lr/8cqkizecfFa60NJ0d0ceR3CNuqabyzeQqVOzSWKvjVnBV0lkJnFQitkHZ8D3Bn6SUsLwHr1PZKVAhKKICe/fddwvIY3rb7ZmcIO4F+e53vytZqdhn3puZspLAWONn6iHQaur6Xnz/+9+Pa665RhRzrm2OVRXx+POOa4njpnJMIHLLLbdIbRLGpCjjgNdx/bFvlAdlrN4U7p3GI212K85NXAZsRz9TgKm1RrT/DDBnpquTTz4Zhx122CaFEXnfONjQttNmVktav7wvY0De8Y531NeMsjAaz0+aG35GAMJ3Gf8myGPfm0dTAjtTAqkBiNQzWL4aV1xxOd537vsxdfpUTJ46Rfr+YgMgfCgpZULBiL4gmJzVjzwfXuDDNq0mANmZK1xMVjEAolggAiBipYr6J19VXNHsmTWLSbLk+6oDu+qgtGo9nnroMTx839+x5IG/o7J+PSp9/Wi1sujI5RFUqrD9ALaQtAyyteB7hvykOdICEMdkBhmJnRcPCAGIkcmhz4TEgHQcdTAu/963UDxg32YMSBrBb8NzuOf1EEAbUf00oJa0Pv5PIoE4f1GgKhUePleSFNVt2L1RN8U1unTpUnzjG9/Ab3/7W6HLUBHSbEqjvsEObkABH+MsLrnkElxwwQV1ZXm4rigA4btAvViktTz66KN1S/1Q3g+2rcHYCkBUmaYiPnbsWAEg/JsAZDTK65bGEVe8CRKo/J999tlYvnx5nX7VqMirMh5vl+1wHPzNNUwFnOOjwsxsWFr1nspvkidAqXwazE5A8vDDD+P+++8Xaz09Iko7ahyPekcaPx8JAJHnfOSt4N9cF/Exsd8EZPvttx9YL+Z1r3sdjjrqKDEcsF/c35oNS5kR9edARPVN41Ubaq4oP9KmmCggrnM0FlFUL1NSOwQgjMeh/BnD1QQgw+3w5vfbWwKpAcjgxkHMe3IuLr7kItxy6+/R1tEmilsmt2fHgCS5OBv5onxQEXiQpCO6bl3fDOuGhCl4wyB0Oag5No8dJwEGd2uAd1z0UdXzgDU9opoGge+h6jAblY+MacLmnJUczLvzXtxz0x8w/58PY3DNBozPG8gGHjLMquUDFmt4kCIQFRYMNU/e1oYvK2DrDiOsOvjCYQTwLAZ9+GH8B3980v0yGLBMDHYU0d2ew4//9Htkpu8N5Lbe7b91PX5xXxVEWXs28axtFmsU0voavXKjUVB2lNS5T+jxWLRokVi2b7zxRvGEbC8FeXuPiwo+x8Mg6K985SuSNlY9UmnuTeWTFnoqn1QGH3jgAXz4wx8WkKYFJpV739iexlcogOH3VC4nT56MD33oQzj//PMlAH209SPSjIPnsL+s4cF5JW1qzZo19cxNatVXj1Gjx4trl+Ohgstz1QPCSuAEdpQxFWC+T5PGo0HxcVoz+0RgsnbtWjz++ONgjApjRUjnYnu8BwO+KV/2lWuTc6H3TwIg8QD4uNdGKVJsiwo676txMtOnT5fkAozxoIeLiSOU/sTfGrvTGKSeVu5pzmP/CA6ZKpnei5UrV0o/45m2ODccU1JhRYJLHlxbb3rTm4Qax7XePJoS2JkSSA1Aav1V/O3ev+GCCy/Agw89iJbWFni+D4uVpffgGJC0HEtSLwhA4sWsaQVXAFKvyi2KaROA7MhFz8KDiKVzlIKF/JHA4DDXPPn5TKpQrpXQkiuIByPY2IOBVWtw7be+h2WPzsXAkpVo8wwUDUZflGEGYZwHq6oTYPqOK1mPeGjWNA+jBSCbrxWfAIQLijFI9IAEBgKTAMRAeUw7VucN/OKOP8GaNhnINwHIjlxr8F7wgPBZINkBo/2uWc/YHz4XdtengGZ2WrZsmVj7n3nmGbGY744HgQOVfGbAonJJK/eWrMiNY6TiTEVVDRj8/rHHHsNTTz0lqW2ffvppURaXLFmymXjUW8AYj7333luCmQ855BAcfPDBOP744yVzlFJ9tycFSztGLxYVavaVnodnn3kGs+fMwYIFC7B+/fpNaoQkzbV6a/bZZx8ZC2lkBGNUetm2puklEGk84jEp8e+oTCvdikCXfaFMKV/G2hDoESwQkGgGLSriW6InKe1N50yz0PHfvJaKPeuYTJkyRTwexxxzjNCs2G+CLPVcjWSdjHZvcHwEEatWrZJ1xZ958+bJ3lu3bp2Axy0dp512GqZOnSrjYqKEWbNmpaIZjrbfzeubEtiSBFIDkKAa4OYbb8Lll1+GRx57VDwfGWbYMVldes/NgpVEi0myVBKAhLWxXzgEgDBVaqSR1tk/TQCyQ3elH+WhF+xH5a8eIBym2BVAyIwrTg1WSwYYrGDt/Gfwz9vvxBN/vQ8r585HbrCGsXYOHXYWTqkE3w4T+xJ4EIAQBPhMyxwDHwz98MGML6PxgCSoqbYQ/cSCbtII4JMylkG/ZaDSFQGQO/8EswlAdug6k5sRgEQ5yRVw8HnxQsrlsEtqmNjxHRzdHfk8pJWbv5mhiWOjYrSrU8eGGrUqtxwHlWQqp2mLxlEGVPw0Y5Na0cUj7vvSFj0KTHuqQcnxfqg3ifcllYf1M6g4ExRR8da4iXjg9uhmb8tXc14pB/ZFM4NpJipNNaxW9kbDHP9NgEDlnetCqW38nMozQZ7KKWmtDMU0oAwpC6VH8Vpth/djPRN6P5544gnxjpCqxXGwv/zdeCig4xgJKPib5zJ7FelzBH4Eg1TW1cPAvhGA8b4ch1K+OFc7yjvFdcS+sw8aO6TxRRrXMdTcUAaafUw9JoztSVqT23N9NdtuSqBRAqkBiDPo4JYbb8KNN/0O1153HcgMyRXyMKw9G4CkXTIarLYJACH4UOtnTI/cE+ukpJXTzjiP4JA/6oXSpACs28HEAfR+iIZYqWDJE4/jkfvuxxP3/R0bFi6B3TeADtho4TmOA991YGcsSTTA9thW2J4pmbIICqR0CMwwg5aYwbfe1p1Iy8mE4EMoWFIHhADEFg8IAcgqekCaAGRnLDWAVLwI6ao5gtnUwriPF34YC7L1sHTnDE3vqkYZKt9UEKls7ggL/fYatdKo4op+WsVSqUOqVGtWMLWUs8+q9Db2n7LTQOq4bClLteartT1tf0YjI32HaWyLAGXT3CToW8FV43zzcwWiGuNBuWqWSLZNBZnKcto6Kwp6tLq63kOL+lEmcQMh45GUfsVzSN1qPLTfvJb94TwRiGhFcz5vVfa8VudH21XPCsfTOHejkf1w1/J+ut+03woOFUSzDfYzaS9ynPqdxhhvLGoAACAASURBVLaMtjDicH1uft+UwHASSA1ASj0l3HvXPVi+cjk+8MEPwvUdWBkbpmXu0R6Q4QRYf3Ewsw1Tom6KQITWE6deyEN9tyVfpJXGrnVeLfDhBF4dMIQpkQPJaMW5cAZLeGb+AiyZOw9//t9rsHHZCtgDZUxr7cK0zi50r1gFg1XUDQ9B1oJVyMBlcUFpJyxWyL9DAEK8YcAnGUuyVBly3609kgCImYlUWQEfpICxkru1CQC59s4/wWh6QLZW7Ft/nQKQGAghAFE6li6F3RWAUHlROo0GTVM5Gk2K0a0X9uivjMceUAlVOtVQcRuNd9SsTHFlNCnrVZKFXxVCVfKpNDfGFGisxY7IjkZPhdKQNKA87sng2PXzJOVV4z54niq5GhuiSr3WS0k7c3HDnoKNeLwRvSNsW+N2uA713kMBHfUc1OP+onoubFfBjj53ea7GVKhnSPveGAuadkxbcx69OZQF+xAHhZoZTOeG5yStFQW7Sj/jeUlUuK3pW/OapgS2VgJbBCBx64JR8XDr725GW0c7XvXaV4tFmYXZDDusdRG+b0O60dbbe7d2GLvAdUzz2qhohsUm6tbP+oNrF+juju4CRdNIUUvuQ0DfQeyrcDV5UZB4WFs6jN9lwLesOfEyafRFFNtLsUf0Nwf0gLgIag7MmoO8FxaFrK1eizkPPoQn//UQ5jz6OFY/sxATyx5a7Iyk3LUcD36tiqzEfNDNYcA1fNRcB1k7H95bMx1x+qOK6fICju2CbQ1ADNNDwEajIPSQgmVj0DIx0FqAs9dYfO47X8fElx+HIB8WItxigDPHQEZZ5KwJ4Q1z88fAk6YxZsqtelHHaKfX131s59NF+mKkGsar2at4YjEg8WfA7vqcVAu5KoJU0naEhX57PLOGshinTQjQmPFInlUNVuh4fEjjGOLv2LjlOp7+NW1ftoV84kq5tqfgKZ7RK4maHPcSNF6rclGAlaavSrviuSobTfOrnpVG2Wi/hpJZvAK8jqcxU5mu77j3Jt7ejpyPJDnpGBvlU2dbNKacj2qXaOA8r9tSdrY0c9M8pymBbSGBYQGILnbTCfD9r30Dx5/4chx53LEIrLDQXpjRiUrgCwBkW3Ss2caeJQGJWkh4MG4+SqaxZZB1qMSHuq0BSW8qQCACJNG3Ieg1xOrl+wF8ZmCBiYwUeTNQrlRQHuxDzjbRUWwDqlUMLH4eix+fjTt/dzNWzX8W5XXdUjywNTCR6908mC+e3aT+4jU2L/CX9FIe7SwmvuwMNwQgBAkSg2LAsLMomSZ6czbMqZPwnosvwCFnnAa/kKmDjyFfnGzKJcgjSGREvclajIIzJF6mPm8BYDPOJYJXMjlRNqdGmpmZeXECkNFOePP6pgSaEhixBNImi0l73og70LygKYGmBEYsgdQAxNnQj/POPRefu/xyzDxgP3imATNrwyAIaQKQEQv+xXaBeEBSABBCDmaXikqV1z0bYYj/C942tleLon1DLr0Pw/ORNW0JJg9cD7lMpASTGtXTh8Vz5mLuw4/iifsfwIqn5wN9g8i7PoqmhQwpWZUa8mEh600OTYUbtzhhFwMgdjaPQdPExqyJUlcbzr7w4zj+P8+E35pPBUAocspYfE/0fNCiIBm2Qm+RBlb7magi/CYSaqAeCs2QAG13tfG/2HZnc7xNCezeEkgy/iQZXNKet3tLo9n7pgR2DwmkBiCV9T14/cmvwa9+cz0mT5uKqu8i11qUGIcmANk9Jntn9lJpPWn6wLgKPdSwzpTPohxHwbz8PeA7QotiLQ6mw80wJqLqwHIZiGdJVfM1y57H8ifnYeE/H8Gcx5/A2ueXwenrR9ZxMSZXQN4PkAsMGMyCxYrFRkhZakAg8s9dHoBYlnhA1udMvOuCj+HV570XflthWABCWsJgZVAolfQyub4H1/XQ2lKMUgwbYTV3xrnk44mGlYwVzm44a6HPygKjHJoAJM16b57TlEBTAqOTQFpgkfa80fWmeXVTAk0JpJFAagBiDFbx0mOOxY233IwpM6ahd3AAXePHRbz+JgUrjbCb5wwvgTBWJDziITVUiP2oYCD5frRuuRLq7Uv1cYKODOtwuL7U71i7ZCnmPzkb999zD55/Yi6C9X1StK+YyaIjnwcjOJyBQVgO09iyWochAaDVLWSs2pUBCClYlUwGgy05rDJ98YC8+sPvS+UBceGh7FeF5iZF200TJgFEQGBnIOMBtgTTGzByVjgv8XCP+mzFSXOhZ7R5NCXQlEBTAk0JNCXQlEBTAo0SGBaAiCJIfn1fCS9/yctw/Y2/wZTp09BXLqFr/NhYDMiLOAC9ua5SSSAeINhoiVJ3OcEH65DH2VpUZWvViqRMZIwHPRUMeqUnoy2Xk9oLzsYerFvyPFYueBbPPvEE5v7rIWxYuRJuuYI2w0a7nYVXcxE4DjKmgRyDpB0XphdSvmzDhGXZKMcKFtYHFSEhxj7U+xWLR9HzdmQMCMEYWVKUDSlShplBOZNBqbWAtXaAd134cZx8/nvhFzelYCX1sWY4eGbVIjy1YD4YsD9pKvPgT0c+k0PByCJLIFHzENQ8FFvaJTidKIRzwfayGRusIB/mXOB30iHxiezsgM1UC7N5UlMCTQk0JdCUQFMCTQnsUAkkApB41o4wuNdHee1GnHbKKfjVDTegc/xYmPmsUDaYirdJwdqhc7Zb3kzXEQszUkkNmLZYwg2YLSm0lTNGhNmuBlwfGcuGzfSlvie1N1goMGOasAxDYjwGBwbQVRyDYNkK/PO++/D0o49j/mOPY8Pzy9AKUwoG5oMATqkMp1oVRdi2LNimxUgSSV9rsJK4BFqzpkZo1ncSUuYmKe0BGOS+/Y8kBd4wXLi+G46JYMALYFm5MAtWSx4bCxm842Pn4bUfORdeMVfPeLKJByfW9ZJRwW1//xN+9IufYc3GbnRNGI8ZM2fi2GOPxX7TpmOfSXtjXEsnCsgBjgGn5sh8EaDks1k45SoCz4NtmiJfpuq0WwriSVEDRohNmoBk+6+Y5h2aEmhKoCmBnSOBtEa4pmFq58zPrnbX1ACEQehn/8eZ+Nl1v4CRzaC1qwNVFmVjNXQ5WPU7zITVPJoSaJQAU9RK8bx6atYwa1WolIYeDwJdASGmHQICz4XpejA8V4r/eX39CFgheGAAS5csxdL7/oVVCxbiiYcfRrWvHwUfsB0XHZkcWu0MLFKyPB9V+KhIaUClCoY8L4IhrYquqXKZ5nGzvicEz+9UAGJ6cD1XioHSc2PQi2NlBYCUWluwLmPg7R/9EN7w8Q/CK4Z54ynnoQDIgFnBbY/cjl/+9jfoLvVi0K1KbR/TtjChoxMzp0zBQTP3xT6Tp+PYWceimC8ia2QQeD68ShVdxc5QjowT8QJ4rGdQyIe1LyIDBn+PJAVncwc1JdCUQFMCTQnsXhJoApDda752dm9TAxCvdxCf+dRF+Nq3voGy66ClvRU130Mml31hDFRChqg50ES8O3uqd9z9Ez0GgjAaAYgvwc4EAkZkLWfK16DMYPAwCxMICBwH3YsWYd2yZXj4gQfw8D/+gQ3r1yG3oR9FiVMAWuwsLD9A1jfQYmUEuPiVKmzDgmcbKMOVGIZ6WmkBI6YoziF8joKs/douD0BMApCYB8RwAdPOoZ9Mqc5WLPNqeNuHP4A3f/pj8FqHByAbzUH88v6bcO2N12PQr8LNAB6LHVoBvGpZAvvb83mMa+vCARMPwdGHH419Z8zCuPYxGN82FrZvIcP/fFOAScay6mBHQGVEaxsKgDSfDTtubzbv1JRAUwJNCWwvCTTWKNGaI433S/bsN43X22tedtV2UwOQjctW4Zr/+R4uvPgi+DYLn5nIt7YIBSuswUcai7C+E3nf8SJLu6owmv3aNhJIsrQL5cpj3EK4PrTQFuM5tGAdz6E1P18FetasweIFC7B0wTPYuHIl7v3z7ci4Dmp9/TAcB2M7OtDm+UC1Bqdag+F6EjDNH5uB07DEO0CvB635rsH4Df4YsOgRYPi6p5mbooJ7RgBfIlA2PXY1CpZp+fDiFCwnANPw9gYBap1tWFjuw+kfej/eeemn4bW3DOsB6THLuOHxP+JnN1yH9ZVeuDkABRMDlT60ZC1kWLiKFDjfRLWb9VQ6MLFrPPabvh8O2/dgHHHA4RjXOhZdLR3IBDYMjzE2hpDU4nn3tbBXXLpNWta22XPNVpoSaEqgKYGdLQF9V+r7fSQApKkj7uzZ2/H3Tw1A5j/wCO7+f7fjgx85H7mOdjheDZnWFpB1QTa/FFKOyqCrUhHHs8L910MBCzkkm36YXDxZMhNFgQIN2ZE2Q9bbWIbxmtzadBqcnhBKEJVSYDWLpKOxknoYKxEeja01/Fvlk2rsCT1LGFAIJTfTxGMfaEHATaYm/F7qRtDbwSJ20Qg8H67jCCCwJOCDhSf8MGDZceCUyxLXUe0bwLy//kNS5s57/HGsW7YcQa2Mg6fNQrWnBznxdmRQ7u+HzSBsCcQ2BNzQY1LI5hBIRb0AWTsj1cmZVpZrNHw4hgBEihtK0UIe0fpix43NZzwZgCTPYqopGMFJSZYii54JBn0bzEJswHQDWNk8+oIAlfZWPFPqwRvefRbe/6Ur4HUUhwUgG80SfvPYH/Gr236LleV1KNsuvCxQqpZgBT5Mpty2DBSzeWTQgf6N/WCwTA45BBUPRx90JI448HD82+HHYvqkaWjLtqENFjJMqRWVrWda3jD+xpQ1IRm1KAeJoq+7oTataN8gpx0j8RFMTvPU8Om0CbVyU6E0Jp4Yrber8V5JlcjjPYjff6jp2lL/t2aK4/eMVxFP01ZSoo6hZBZ/LinFMk3ti6GUwjT929pz6jGAER00TTtbmrs08xpfG/x7OGNHozzT9HGoc/R+8naJ6K9bWvu6Bodbi2nP2/zV/QL7QMEBPdLx/TvcvRv3VeN41PCoc61rv64PRvoMP2dCmcZnx0gAiM7tcPs/7RzGx67jiBcgjo+18dzRPtO21MeRzEnase5K5w0JQOITy6DST731HLRUfbz5jNMxY99ZmHz4IUDGAjImk/6j7Dmo+a5USM/kScOwRUmiYkjwwX8Lhoi4/qzrQI65AhMqirSAC199M32bgcpafyCqiRaWXt9ENRdO/zaOQakGnnDZeSNVyOW30s2i2QwrIcQO9i1MCxRutOiHAdAZKt3RUR9r6EbapPe+SZlpgHSU4lQ2ccPdPBOCBJOOKOg7/Ir3CGMc4tlmw2KS8f4bcKIHtswHv2RROqk47otSL70IAgxyKFaGxbMhBcx9BpCbAg7g+hKw7NaqovRn8y0h4CCtakM3+lavxsK5s7HyueewasliLH32Wax4bjEmoAi/5koNipxpiTXdr9RAVlBGvBuy5DAQeFAIsSttqu3dF1uEzRTEoe5OOdXgw8u2oCdrYXUW2Ovwg/HfN/0SbntBYi+29JDsRwXXP3grfnzrL7CgbxEy44vodzhnOdgBaWo+gqAGP3CQzbeGa43eIw+wPBMDGwfQWezA+M5xmDl9Jg464ED8+yEnYUrrBBTNogT9E7DkzRxyhg2LTi8XYBmXwPJg5qkcmIImuQ1Y6lAwrGTSCg/ClVwa5L+9hf8ib597nnVjqEBUKhVZWzxUoYiLZ3BwUP5ZrVaRy+Xkh9nrGo+0L3BVbHg+jQe8Z7lcRj6f36zNgYEB+Z7PL76/stms3L/xYDtsg+eyffaV5ya1mXbqOW62x37WarURtcf+iGEkGiP7xLZUztoHfq7ncozs81DAgn3Q9rQ/PH9HHbwn9QnKtrW1NXENJPWF64zXcOz8m2Pgb/ZdlXrOLY/29vbNmuD65MFreP9isZj4HOzr66t/rl5a3iNOGU0DeOId4D3ZFvvPtcS+JK0/rj32Lb6PkuaG7cXXZ6lUknbTziPvr8qsrnVdM7qPKdOk9uLALL7+GuMKOc9si3tc9w/XqK7L+B5T/VLnUvcd22wERklrg/fief39/Whra9tEhsOt67hXXs/VOEn+W2nD2l+VmzI3eG+ez8+5/jivSc+/4fqxpe97enrqc8H2KcfRPJNG05fteW1qAHLJm9+FJY/MhmFZmDFrJg4/9mjsPWM6JkydjGkz90HnxPFAPieaoZMxkLGzCAQ0UKs2heNPpYK0fgEiXGg+k36GKgazIckER8p5XJk3xVr6AgDh+YkvLclLum21FDchKDnNHSQAV60fsQtIU2PWJT3U9h4KJjrqWldoJQiRSeQhEazQAEB8Ewga7cNqVY55jwzATbDwN4K2wAjgEExG/WRJObEGkObEeVKPAWMOqgQ0JrK0aEi+XA8OFQ/JWmXVMyFV1q7Hwnnz0bOhG+tWrMBzTz2F1UsWwy8PYO2yZQiqVXQWiyhmcnB7qxg/ZixqpQrKff0oZrPIsDJFwJodVLhDMFYOWJwwzWxszy2049sOAUgIArmWKBO+hp1MTgDIupyJiYcdhC/fnB6A3Db7Lnzrl9/FovIyBF1ZDLg15OwCbJ8VUvgSqcFDDZadg2lYsGEjQzABAsQMKv0VDPYMgD6OsV1jcPjEg3DojANx9OFHYsaUaWjPtSGHDHKBjSyvDSxxNonRgC6xaBqZhEC8VZHHM/4cyG7jvb3jZ273vyOfCapQqsKiylDj6KhcqRKnyldasJEkKd6bCk5ciVbFpfF8nhMHHjyvUChs1qy2xd+qqFKZGI1CwXuxr1R4qTiw3bTKgyo1qmyzX0kKDpUktqvKCe+TND4OmPNARY9t6ZEEBLfH6uTaIDigTHjPoeYh6d4cH+eQ49K+q7KsVuq4stvYBu9NOena4785J0nrVK30LS0tcs+4IszzVWFOY6Vn3yhztsHz2UcqlEkgifLgD7+LA4TGPhLUsm+cZ8pCx5J2HilLlT/b4L7UNalAiZ/zHo3HUABE5ycOXHTts78rVqzAunXrRBYEeTymT5+OffbZR+7DPcZ1yX7FvUQqhyTKLttQ0Ek58Fy2wflJC8aSwKSCdP2OsuC6aUzgonuO49R1kmQgGO1eivdHDSmjeSaNtj/b6/rUAOSKt5yDJQ8+joHSICZMnChKQt9AP4qtrTjgoANx1FFH4Ygjj8S46XvDHNeJbGsrQKtMzQmD1seNFeO3K4bykJ6To34dBamK0kFKCWs9RBZ6UbMNIMMsP6p3qyQaKF3yMRUU4fdsu8NnFqZYc1G21k28HRGm2vymMQ9I/UsBJi8Qf+pej8irEG9EsgpFRwjkgqjyfAhA1IvBuIbNiF2Md1D/SxR34RkBahEAUeCjVnT1xOgdiTekBXo+xHNlyFwKEKw5qJTKoGyKuRbxdICWTctGsGEDqgQgjovlS5bg0YcexvOLF6O6sR+9y1ejr7cHfrUigIM/7S05mK6DAq18VG6qVbS0dEn7TJVLEGP4HnIMLCcdiHEkklErjNZ4cQIQWp015iqQIHyKpGJn0Ju1sCFvY8JhB+CLN/0KbkfLsB6QQdTw9+WP4orvXYVlzho4rSZKngPTzIZAgV5A1OAFNcmAx7Vg0jPi87eBSn8Z7YU2FDIF8YL5VBy6HYxtG4vxXWMxc8p0HH/MS3DkgYejs9COAjKwuaOZbjnIoMXKSf9DvBunYxGXKAQJs2g1j50vASoU/Ons7MTs2bPxk5/8BA8++OBmHaNCQEWD74bXv/71ktaZFvDGYzhqTP0ZGFkcuQ6o4Pztb3/DX//6VzzwwAObtbnXXnuJgn7EEUfgP/7jP3DQQQclKihsh/e//vrrcdttt4lFVTy7kfdma6Q9depUTJs2DRdeeCGmTJkiSuNIFEX2Z8GCBbj22mvx+OOPi6JDj078oFxf85rX4KyzzpJ7bdiwAePHj080zKn3QJW8X/7yl/j+97+/NUMb8TWvfe1r8ZnPfEaUObX0p5WFeniovP7mN7/BE088IQot1xXXH+dpv/32w8tf/nK87W1v26xvVPqpZFNZv/vuu/HHP/4RTz311Gbn0YJOee6999544xvfiBNPPFGs6gpy6oY4ywoNccMcPJ/zReDEez/00EO44447cO+992525dixY+Uz7o2zzz4bM2fOTFwrCqb+8pe/4KabbsLKlStFgVfFfktd4ry/9KUvxZFHHonDDjtMAAD3rnos4p7JpLlJ8hhwf3AfUm7sw8KFC3Hffffhz3/+s8wzgeL69etlXbLvqjxzPjo6OsBxc71yr3DsnEOCE57HeVflPgm463pWYH377beLTNiHNEecjqcA47/+67/AZ8akSZMEpKrHST2Z6n1Vz8sf/vAH/P73v5fx8ZkRB/dp+jDcORMmTBA5UlavfvWrccYZZ8ic7WlHagDy2Te+A2tnzw+55zDQ3taG8mBJtAbfcZG1bHS2d6Bzyl6YfPB+mLX//jjosEMxbsoUmETVfPHQSs6gdVEcfVjUVujKEkaHD4dZtQr5MK4k+uG5WbooI9ZS3WMQhwWqo2xHANIIPNTDISpTPdZhU8+G1kepLxoqWXStixdhUxqXoP4GCpagtQhF1AFIBLCkKF6EGkLwsSnwkodnWAqu7nEiAKlGpCWeTcVV0qdGAE/+lj4E8GoVqesg2anYBy9AZcNG5HP5cMDVWhijMlDGsucWY8WyZRjY2CNgY8HceRKj4VUq6Fm/Ab7joAgb2YorPe1obUGOmZKYxtmgAu0jQ2+Z56BKypbdIvECvueLMsv+cH2R3iWJDoSu5stIFMztaRtzS+MRz5IC0sijxnVVNk30ZSz0tWQx/pD9cdXNv4bbURwWgJTgYG7/c/j41RdgjbkRg1k3Slucge1zrZKCxZVTEwBLuhQ9HaH/w0TWzIg3hKDEdzx4jotaOYBtZFErV2G6PqaOn4x/O+woHDh9XxwwfV9M22sK2vKtaEELCl5RaH0cE9eHxLVEGyT0Fob7yoh4wy+mud7VxsrnCl+4VFSWLVuG//3f/8WPfvQjUTgaD748qXxQATruuONw3nnn4S1vectmCtZwFEFtl0qJWtLvvPNOfP3rXxfwkaQgUXHh+VQqPvCBD+BDH/oQ+FJvPKg4rFmzBh/96EcFzMhjOfK0bK3see+uri78+Mc/BhVwKqOURZpDgc9vf/tb/Pd//zcWL15cp5E1Xk9l6bOf/Sze97731S30SV4QykE9PZy3T3ziE/je976XpjujPocKJhVvzgPXAhXWtN4gtaY/++yzMj+PPfaYjIPrRRVCKmWve93rcN11123WV6Xh3Xzzzfj2t78tYFmt5/GTCTZ4LyqbBB8XXXQRTjjhhLpVXp49ETUoDQDheuQe4VwQMHznO98RsJyU4p2eD8qF6+OCCy7AueeeK4p548H9RQD2pS99SeSpNCD2O83BsRFojBkzBgceeKAA80suuUSUWrahnsmkuUnqN8/ndQTKHCPBO/9WSplS/nRvqpdDvYxcBwpU+B3Xyec//3kccsgh2HfffeseuySPjHoHKDeuhfPPPx+33HKLyDHNEffC6t+UOYH8SSedhFNPPVVAkYKPeJvq+SBgoeGF42F/kmSUpi9DnaOeOLZL4w3X0KxZs0bT5C55bWoAcuEpp+Pg8ZPw8hNOwAN/fwALn3kWi59diNZcAV3FNpCoQZ5+f3kA60s9aOvqxIQpU9A+fhyKY8biE5dchExbK1BsAeQBAlQMH7l8HmaOdK0ANc+Flc/BjUIahLIFIEfLtyrnVJojTnhd5Y4DkLhnZBuInAHMGmuiHhltNg5CQkttDIBIf8O6E/IAi/rvE4BERey0/xpPsRkAcSIqSgxsmLby4l8AIPLSTAIgseBQobfBhws3Kr4XVtC22S83kq8OgZNTLoUAw/WAwRJqAyVkDQsDG3sxf948PPyvB7F08RJ05gtY8uxCrF6xAl3t7cgaJjpaisiaJmqDJWnfIQ/aDdBh51GtlkNgQwDh1pAlnYjzTle1zVgfE4PIoVqpCi3Pti0pRBgCT42TiTxACcBrG0z5Lt9EhrFBsibo/+HchTTHMvFgxkJ/MYfxB+2HK2++Hm5nawoAUsPC8nJ84HPnY32mF71WFTUjgG3lkFEKFmpwgyr8vBWudMaASDHHAFnThu+EANomLcs0UXK5dk3kbRKvTFR7B1Hq7kVHrojD9j8YJxz7Evzb0cdg1tj90BmME4WCo2L6ZQIQPk84Lnq99DDszeMHdvnJ2sM6yHnSl+5VV10lL0YqUbR2Nh5KZVI6Eb0BtAar1bc+rymf2arMLF++XKzqN954IyZPnixAKOnetGT29vaKp4BAiYpN48E2aR0/88wz6zEt6gXZ2qmjhZ6K7tVXX43Pfe5z9RiYNO1RvqtWrcJll10GeiqoYCnVJH69xigcffTR+O53vyuWbSqpSRQjtklFhgo5FRvOGxXZHXFwrmn9P/TQQ+sUo7QeELVU//Of/5T56e7uFqVQKX9KATr++OPF+t54bNy4UcZ78cUXC+Cikrl27drEtUJ5anzJhz/8YbmGslQ6EOchLVDmNVRU2V+u0xtuuAHjxo0ToNt4EBSwj1xzL3nJS2Sdci6TDiq8n/rUp+q0I7af9qDMOR6uEf5QjgTl9NJxDxFYDRVnkKRc0xN1zz33CMj+xz/+UacDEoCIvhMF3vNvyk2K00bURo2P0VgnpRiyj+9973sFhNGzFY+NiY+Tbem+4N/0DnAPs900RxKInDFjBp5//nnxfL3pTW8SrymNB/E4KwW+nMePfexjuPXWW2XuKM8kI0iavgx1Du/F5yrXBff4T3/6Uxx88MGjaXKXvDYRgMRdVJox4WOnvg1HztgXH7zgAlFOafF+9MGHMeeRx7D46WdQ6ulDFiYKNlDIBCiRg0uF1wj56SbR9+RJOPq44zB95kzsPXMmJh9+FLL5HDItBTBhjpXPgvHUch0VLJpBbRM5hrFGwUyysD0v4uaZ0e8oE0tkwQ8lzaxH4V9pecdJ3MCq4YdUpyjFF0GFJ5SUsPG6ehRQGQwDtcMvQk4JOe6MmxCPBDM1kQ6VXswC2gAAIABJREFUCYOKuBGorEmmpojry2toQabnoVYLA+4YF1Otkn9vIEcPBFPKRoCHv6mw6aEcYnlp+SFtxWa1eok/d2FLViMqjmEsBftZ7umD6QUIai7WrV6N5xctBnr6xLO1bvUaPPPU01i04FlkDEuCwt1yFaX+ARmpbfjI55j01oRfc8SzwZS4gcMYEEOusUzG+xCJhAHwVJpDyMSAdqW4hXEd8qnVFs6gpM0NzwvpNwqzQgDiuiTubVvK3S65Sxs6lTGpiDNWwpOkAlTSW9ta0UtrbrWESkcREw/eH1fc+Gt4E8fKg18fkEkPX1KwFpWW40OXfgQbcgNY7/UhyJFqZaOYKcBzyXct0RWJ/qAmVEeuaXpAuN5Z9yOkZUXRQQGwQfZ/mFQsG5jy054toGBmUO0ryVqbNWMGjj/oRJx40MmYPnUa8nYGpu8jb9nIwECeBSmZKY37hmsts3mwcdq9vTvM6+7SR6VH0JtB66daO7m2uNbUmqzvEX0G8zwqPV/96ldB5ZAvWLW4pqHXUcHgc5MvfiqJvI9ScTZ5XhDARsoO+6oejSQONdv89a9/LV4EKkAcg1rZeS8qJKTy8PO0SgbHxDauvPLKOgBJy63nPWjpp1WXFm8qZ6pw6bNdrdk8lxbsb3zjG3j7298uskgCIJQTz1WuOoHRF77whc2WmyrhYgyIgvKVihI/mXOllCpVInm+Kp/xc0m5I+gk7YfnKIc+7Vrn2PlDyz3HoO9NfVfzNwHI/fffv1mTmlyACi1BgCYkYP/Zjiq4CjJ0vXL+uMZIC9JAZ/VgpfGAsCO8NwEkgaTGLamSryBeO6wcf/6bay0pWJ3XkN5E5Vi9CZxX7Q/lTLDN7yjjOFjS8anseB+dQyrel156Kf793/+9/lnS3HAMGhfBsVGe3MdU2nXfa7xTPF6Ge557QceoHhDeX+Wve4vrj+fR2/Xud79bvGYaR6WAI77uNK6Fa4ugoBEoiX4Vuw/HxXN0nev944HyKit6r7h/CXz5DNBgeY6F4yflj/uUXkh6KRufDRy30snYZ17HNURAobLn3/rsbJS5xuhw7dNjxWfUixqAnHva23DUfgfi45/5TBRnQXNnFtjYgwVPzsW8x5/A/DnzsPSpuVi9cD5aWoro6OpEoaUgSne5WkFPby/c6CHSMXYcxhx4KA44+GAcc9y/Yeo+MzB2rwmwx42NAq7DYCtWW29tbxNF06QSGmVs8plhK+KMM3CVxybKvqIPekyia4Z96EUluSUjl2T+CVCxIopVpOTzHmFciAE74oRKdihRBsOMX3I9g9clfiIsqCeKknDPAvT19dezshBscEFLelrTlIePwQwlQYCly5Zh6rSpAj4KpLH5rngTpCFJYStIB5lMFuDn/CyeEUYznTgOSuvWodTXh/aMLWCDlmtSsIgFrrzks3AqVTilCjasW491q1Zhr0I7PNKs/ADFXB5tLUX5roWpWE3y/4E8U97Sn2OFWWmqErfhoSWbq3s5JOREZEn/S5yiFtKoOI8N6QVgWCFPXF4yQrkKAYieFxKvAlS9FyMAMcIq5AblyT0QAhB52GUsrHMqqLTmYU8Yg8/f+jsU9g1f/FsCIBW4WFxegQ9f8XGsNrrRZ1cRZOnVMNBCAOJU4bglpiBDn6SwCgEIga9ADsbl8L9YZrhB0xAGIdcP4z2ygQFnsISWTA5j2zukVgsBrjWQxRhMwAkvPR6vP/k1mDZ2Ciyu6cCE7QF5i/QuS9rJGJtn7mkCkGGfatv8BLU0KgBRgKHKqoKJJKoDX9i0aFMh1wB1DUQdrqN8HpBz/eUvfxk/+MEP6gYKpaHo/VSB5rofDoDwucWXOy2vccVOFREFAOpFGK6P/J4KC630tFiffvrpcgk/azxUiY5/zn16zTXXiPJDj4UGCKuSpooJqVoqt/e85z3ibaGSSKWt8eC8UBaqCF5++eVDekAUEFJumumn0bKsn8e9A0NZnwkcSJMjfYTnq7KaRo48Z0sAROU3FADRgHUFIFwfmpiA36mCGlfYVSllm4zB4TolUOY7WgOn0/R90aJFMoek0qnnQTNi6Zg09mlrAYgmg9D1pQBdFW3KRwyQUcY6lT/XNPvC8XAd7b///kJ/IvUoCSgrsOD+4LpmvMXXvvY1PP300zI2tqVKPMfE89QLyD5R8VaKJhV73oPARZ8T2i+uPbbFvUIKHEEyqWKi25mmAKv4mowDkNWrV28GAjhu3k/b1+cDx8A+is4SgTgF7vHYD/aHHiw+G5QSxXVA4MDPCHq5NpLicNRIoPEv6gHSPvP+ugaH89xQBr/61a+EnranHak9IO8+9XQcecAhuOjKy+DTA2CbsFhngRx91l1wfLiDJax+bhEeuftuoWg998wzWLViOQZ7elDM5TCusxPtrUVUB0ti1Oyu+kK7Kra1YfykiZLed8qM6dhr78ny9/i9JoqHxBozRkusCwDxPFeycTGNr6TuNJk9KxCgwc/rh0Zhx7JObXkChQwVq7/BInZR1i4xupMSEgbZ0psRuGGMgi9ZJbjxCJB4/1ApYyA2a1wwOBvk7ZfLoqTnsnnUyiV4BDJU4gLg6aefwoply9G9fj18AhfTxD2PPYRLPvtZ5LIZPPfsszjowAMxtrNTYiCEdiO8eR/9q9Zi5eLFWLV6tYAfbiwufH0o9A/0y4Zn9im3rzeMo2AGIoIQJgYg/zUwkLPpyTDgOR7GtnSgVqmKZ4YxB/lMDgN9fRKLwXNEsaRr1WVKurBmCdMoS20OwgNS1yL/BO/HYoCeVjuPAIR4ewTMvQBMKDvTCjNxxAGIgD3xhsg3ck2FCQxedB4QpqPNwJeiifQTssJ7KAU/Y6PbqaDa3gJ7fBc+89tfoeuwQ1IAEAdPr38On/7KZ7CovBy1IuBaBrJ2iwAQnx4Qt4QgE2CtW5E9J+U7onxonBtxEtZjmAIMEh5Jp8KYDtKwwkQDEE+Zx9SczA7kFtGOMQI0ppDieezLcMzBR2LqhEkYk+kUD4hfdZCzs2iL1kV8D6e1SO5pD+6dOR4NAn3zm98MBoDyUKsn/6byoc+eeD8VGDCgmFxrVQySsgMNNT56BT74wQ+Kd4D35ItcOeFK+4grXsMBELbBlzsVisaAU7atXgNal9OuNfaDfHLy4qncqeW4cUxJHhUqJaTFELyoBVWzAam1lO2xb1TgqEAxvoYgigpTUpyLzpcCEVq86TVJ6g/bVU8AlTIqXI3xPVTq+B2VV5139U40tknaG6lytOKy36oQp12/jQAkroTqO4LKapIHRFP4vv/975ckA/H1QZlyHByftqnKLftJ4ESgzHNII9NMVY0GD/XSN46HcRqMeWL8igLSuOdFPRW8bmsBiMazqHeLNK94PALHxX7zMwUWGkPFawhE2CfOLwPwSad8wxvesNnUkOpFDwv7SVD2zW9+UzJc8f68lutOwZ0CXf6bsuN3lDHvRVlxzei88Hv1kOhY2E+ez+9Ig2Kcl9Kc4t4QXReUI7049IAkeSF4DeWvcmG77DP7oZ5cjk1pVAqq2S+uB9LTCCSZIIDXKOhlfNYPf/hDaZftJO1lzTqm8S4at0MZ8Rmpc5NkRIsHwp988sn4n//5H/Ei7mlHegBy2hk4ZL+D8Lkv/RdYfaFmBrDzpAdRGWb16TCYGS6DOzy4PT1Yvmgx5jz8MJbOn4/1zy/Dkqfno2/dWrTm8uhq72RpMtgZWnMNrN+4AWWnir7aIDo7x2D8xIlo7WgTQPHO885Dpr1N/j1+4gTkGNCXtcOgdsYNuA4GGbOQsZAthpWfqRRLbYGGasxbmsBw8fGMKEuVWHijI/JeaJE9BmULAGCMhHgjJP2PeCJKgyUM9PaJV0EAmtCffPRs2IC1K1fhofvux/ru9WLhkmBwM+T5VgZLUY598k1tzF71PK686gvYd9ZMfPNrXxd6kyjhrK1CrwoVzyBAruJgYO164ZxybqiWiyJghFloNCDTq5ZZ4DoCICGYoiekNd8ilCkBVhyLBAIXpHaLFO3zA/H6ZJhXP1I8Q5wWgo4QP4ReI6UGafQKJci5oDJKpVakK0AijBmQ6uhx/MEW7Chfv9LYaOGPxh7GAoUUrNKLMg1vBEBIwTJcASGMKiJILPseSraB/pyFzul746M//xHGHHFYKgAye+V8XPX9L+KpnoXwOzKShrcl17qpByQbYI3LiiPhHCjoyOWzMQASzs2g70pxUoJMApB6XEeUSIC0vJZCARk3C6uSgV/10LN6Aya0j8OhMw8SEPKyw4/D1AmTBXAVrBxa/c09IGmoO3vaQ3tnj0epDnEAosqgWirjqTX1O+03+dNf+cpXRNHgS53c/CR6VOM4+XymMvuRj3xEXvi8thGAKGdbFd00AEQ9ILqW2LYq61ScSMWhQYdUizQHOfzM6MNgZioSfAYnZf9K4tb//e9/F0oMlV/1XHKMHDv7pc9ytdSzn1SQaWln4GxSEDHfLWp5pdJDCza9II0HlVAFPbzn0qVLJb6msZ987tPTwsxiccpaUhYiBlbTQ0MruCppaWNA2L8kABL3dFEuBCCUW+OhCp8CEH6vNCQqpUor0n6pR0LXEHn3XOO6NpM8IDov8Xuzz8wydsUVV8jHGsOjaXR5XyrCcWqcgtuRULDisUEE8R//+MclXkCt8jQ6zp8/H4yZevLJJwU06LpRvYj95/kE2Jwr0qoaD802NW/ePImNYbIGTVEbj/nQPUcgxBgO0ro4NxMnTpT1Sy8F+/HMM8/IGiQNM+6JojzidUG4Z3gejRWMMSMo1Huo4s+1xL3G2J5GEMBzmf2L808gwWvYJuXCgHn+0FNFGXHuVTYa60E5sH//+Z//KUkMuIf4b/aRgPfnP/+5yJYekcaseewrA+vnzJkjGct07Yn+Y5BKnxNAQYBOKlfjwTGxP9zbr3zlKwWMcQx72pEagHzwjHdj1rR98LkvXImqzQDyAHYxW0/1GiqzgEkmEhMzuAEyVJQrVaBUwuCq1djw/DKsXLQITz/xBOY88iiyg2EObIIY13PRwnR4bUUM8sVULkkFayriawMPbjaDTk7qjOmYOGWSgI3OcWOx/0EHYsbMmWgf0wm05ODlbFFWmc5XaDsjqLwqtC6hiIVcUy4Aqlb0EmjALZXxRU8vQG/3Bsnw1L1mLXo2bITvO0JHKg8OYuOGjdjY3Y2B3n4BIl7NFeXdc1245QraI65jQS0HroMsXYIui2JVRKYtxSIGilkceezRuODii/HrH/0If/jdTWixs7CZFYyZqyR1r49sqYqCFyBL+lbEuVQrVty6w3SqGfoMtOihgJiwqB9BZJiByIRp2aga5GhGMRhKrYnoZMJ9i+hqYRSAOqgiX0ZkCg8jVUIaFT1JXlTHoW4tj7w4jcH3LtP5SvxASNMi6KKCrR4QBTClkPj2ojsILJm0IQSbrC7vCx2u5NZgdBSxulbGmJnTcP6Pr0HXkYenAiBPLJuHb/78O5izdgGCjgw2lgZgmzlJreu7tcgDAvRlSZBSxBgCSanjEQOW/JZgk5FSnL+QrgXxFHIeud4q1YqstywjxxwbBTuLgpWH7ZhAyYdVNXDoPgfhlS99BY4+7ChM6hyPcWbbJtnjeM/hAEgDtn3R+cuSN8emHsehz0mOr2oEIFQuFAiotZIvVlXY1UrM31SQSd1i1iJSFzQANQ0A4cufVCMqSXzBU1lTrrtat/m8U0pNGgoW+6QekDgAUe8KAQTpXsy0lERPSZIdFSv2h+fTyESlJyk2IwmAELQwq5gql2pRPvzww0XZnzt3bp2Wxb6rvElLo+ckaT/ou4xtqaJGJTFJYVelnUoVg9tp5aVyGj94D6ar/eIXvyhKFpVQjjEpdoFzrNnQeJ3Sc9I+tIcCIGqJHg6A8J6M7yHIVKu2epDY71e84hWSQlq9RBr7QlmT508QQuWS4xN9oKGAYxI1j3NOLx2VZ8qZAdsEPLwvgZvWxlDwsrUeEM6VeqzYL/b1tNNOq8c5cLzUr/jDtLGkNGnCBo6P31M+Gl9BoECFvPHguc8995x4I+i91GxTCgQJpjhmZn6jPBnnxXgFpT+p51Mpl/z3o48+Kgo841o0uYDG6KgXgr9J3aMnkcp3nDpGWSqlUD0guibi/ee+5Trm84jrmPuF53G+Oa/cT6STMYmB6krsJ9edAuWXvexlYvjQejQcN+eT7fE8/t2479g37jVmy2IsUPwZqXIgNZAxQpRb0l5Ueph6S5LOS7uPdtXzUgOQD739bEyfNBWXXnUlzGIBQc6EQ6ZRFHhNagUVC98LKUAW6VARXYmKBxURSR8aVUT1ShX4S1di3uzZmPPEbCx65lmsWr4CAz29orAwsw4pQQImKmWhMoneS+WGQdpR0UIq9u3tHcjlshjImHDaWzB23DhB3R1jutA1pgsz9903VJmiAoikkLB2nyrOBE9Uo3n/tWvWYPWKleLF4IZ45Pa/IMvvJTWoKb85HirHpDvxoUTQkgsMxuiKN8dkMC0L7OTysDI5lJmmjZ6KXB6ZXBZVj7EtNfSW+zDoVeBYAVzbxJi9JmHy9Jk46pjjcPyJr8DkGTOQKWQl7dfcf/0L37z8SgSr16NYqqFY81FgcLvvSv8YtDvcEeVMeuG0OLBoSOQbxtVs2maSq7Ae6b/JzUMFp1H5038P1dOIAFf3XIVNhldtck3UUDymZLix7/LfK3qPRqtkMwLwyF9UH4KdsaROSoHZdhgflMsjME0MeC4G4GLQ8DF++t740M+vwZhjjqhz2xWUNs5jBQ42YAAD1QF0D/SgZ6APA5Uyfn/bbbKey5UyNvRswMb+XrgtJtzAhccMXDYTKphyHbOr0efh83MTqOVMVH1X9jLBkUmY5HoSO8QsXvSshcDTD2v81OvjMAOWBdMFqhsH0JEp4OXHvhQnv+QkvGKfV6Bgszq7IQCcVdpJGmS8FemgTOntVB0Y2UA8buK0pJdOPJnsgQFLguWj9NNcVMOn9d/ll85IO+iDKXMJ3SWNhPzwmUqPJ1Nj02NZKw8im2fGwpjXKZIp78e06aedehruuPMOMSAxEQHbUKWfighrLlBZ4YuUCpzWsiAd52c/+5nUJaASOBQFS5VPpW9QsX/Xu94l2Xd4KD2KL3TypBnsrMoUv9e/lbo0lJwYUEuKBc+jEhKnkFEJIc2Mlty0lvukVK9J12qxOqXQ8N9UIDkOHkrtIHjhDzn6zPZDCy6VEb6fKFPKl1Zexo6ohV8BmVKkFISoXJL6w7Z4viYRoJeKylmjZVnjOBiPowCJnw0VAC/bO6pFxb/TylGe/jHPjwK2RkVzKA8Ir2ffGdDMOdbnn3obONfMCEY6DftE0KWBwuwvwQPjV6hg8vOkfiuNR7n+XKtM90sqExVUvSd/s43f/e53OOWUU2SNaYpqpS8Nt06ZeprX6rg0hkWLTDLdMFO2KsDieQTtnE/2i/uGyRtokVdqVOOeoLLMrFLsu3rX2C+uLWZOoyeC4+BaYdtU6CkXrl16CghySANUz0Yc0Knir2uRAIBZ4miMoHKfVHuHYyM1jHPINvms0HgKXeNMxMC5SzrYV4IujZ1ST4fGz/BzXsvnB8fLZww/i695yo5JCZilTGlruk+U3tYITJVuyH7TwKHgN74P3vGOdwjVMmldsU+6z9SbnKh/jfThv4udP0IAsjcuverzMIt5BFlLAAiVQKXlEISQhsNaIbrJdbEp31cXDQvKZUrVMFai5qB/XTdWPr8MfRt7sG7laixe+ByWLV2Kng09MPv74JYGw+wkYk01kWORQ8Zh+D7EkwCWpnAZiiJ9Ujcq6SLMAiVWOKm6zNoWBioes0T5Eu8gAeOuj7FdXaiVK3CJfi1bFCevylonIS0pZBqFlYB5rSwqalsG0JrNSxYfMdozYwqzRUlhcF+UIP6uVKqoBi5axnSgY2w7xk/ZC1P3nY4J0yZj71n7YOK06RgzcTJyLW0AM/4wrVwuI/cvrVqJb112BZ65+350lFx0eECRgIjqqdC8GtX9zVcaVT0vQeNKWthJ1oS05412jafdaEl9HO29d9r1Ul9D0whGBCdmhpOMV/UkxFGgRSBrNGtlBPDbuRy8jA16hPrgoterwcvauOymX2H6y19a57YPBUDKfhUbar3iLWRcFX9zV1e8qsRosfhoT18v+gb7cfNf/4CB8gC6ezZg3cb16C31oqWzCAcuHCq1DMuyTQxYDhxmayMFyzSRZcKKKKkAKYeyb2Q/kfbnhbWAqOBGcSO2b6CdhQ3LDpyBEjJVC+e/+SM47ICDccD0mejItMJwPKmqnjPD4oj02BFq+BaBEClqhtQTCj8NI1b4/wRBfFYJ3fJFCEDCKi+MveLgmSGPNEtIUgDOPGvzyPTwsRfPPNYAQE499TTcuQUAwgJa9Fbwha5UDb4XqERQ8SBHns9pKh+N8RVqjeRvPm95DqkbtEZSAdEXP1/UtCrT6kpLJ70iSiPalgCENKw0XhpV+hqfI0PVV+D+UEsngQeVv0YliOdwfCxSx6BYtaBqXAIVWdK+GHfQeJ84EFHLslq9G/uocTuqPBKA0LPSCKg4V1SK2E8FnLxPUg0SDerVe7EPaStW7ygAQo8EPT2UHZ+RGi9ALxvrrJDyx/FpjFBcbjxf6+Ko0sp1yKBuXYeq7B9wwAGSNY7UG2UqqAdPgUySV0zvlwaAaAyH6j/x+KElS5YI4GIBPc5DUtYyAhwqzEpDJAjj+mItHdL81BigXi/2m3NMmhQpZwze1zEosOJ8q8eF7fJ7Ahi2xRS+9Go+8sgjiTVaeB2pZfS28V4EuaMFIErdVM8TwRbnmR4Ztq3B8KqHcK0TgBDoxmlaOqY4qNC5SgIgjSCEmeuGAiBi2I7At/6dtn7OTtNhtuLG2xyASGFC0nyiPNAqPEXCCkToSXC6N4Q2uGwujOdgRW1+Uq3BGxhAuVSG5zj4x513ore7Gxs3bEBfTy/6e3slI1M/4yyqNVG+a9Ua8q6BTqsgAIQAQRVUqa6uaXxpebUMmIwhISiRNJ9hVijx1EhMQkhNEgtDSxZk2tPKx7HwtwRdSeA7wRZBUOjSE88IwYfBnzDuIdfaislTp0lMC8dpF3J41WlvQKE1L3Sztq522J3tYRV3iWnJwnEDlEjVyuVhMOi+WpGXzg3f+Bb+3zU/w5iKh043QJ4UN0mrG9GqhlkATQCyFTtkB10inoAIgETRFWF8kBUBEKl2KZE2YBkQeUFw7TF+iNpisQXra2V0O1WMnzUDU/fbF2dffRnGH7z/ZspdI8DT+jBcz/xxZQ+HPwTTvCf/5j7oCwbRO9CPFatXYvGyxVi9fjUenf0oSk4Fg9UyKk4Fru+iXAgQ5K0ozSCD5SH7Tta5KP6RT4sZ0oRMFnotuL9EUXIDdBWKyBs2jJqHjGOhstLFy44+Die/7BU46oDDsHfnROQCG1nfgh1YsEkb5P61Qt9Y6P2gHh3Gg0U5u8LYJwUgwzsOd9AK2HG3qUo5Us1cRmoj+ZFRHRcaZ8oDKEjl6gBmNpb6eIQAhEodFXc+R0mz4HNTnpO+Lxbi//u//9uE1x2XgCrDmrWItTFoxaaSQ4WAShEVGJ7H7DCsn0CeNK2dahHeWgCitBalTVBppPKRFoCk9YBwvFR+2F/ei5W6SRdSQCJGM/Gc50D+Pf/mWClPDQynZ4nKIBVFWsAZkK7KpwIODa7m/bj3VeltXHGqBKtnhhZvgpAkD4gCEE1pynaTgIW+/3UsvOeu5gEh1YoFCCkn9WRoJXPGMrCIoKaITaK4MQCaHinKj3Ez55xzjlB7uN6p7HL+OF9UOEkF0xouao0fjQeEa1JBIOefAIKy1v2jYFPXFGlhn/70p4X+mFS4j1QnZrdSBZp9J/CnJZ+JHwgydZ0QDLAd0vBY1JCJHChDpS+qR0e9cPF1qKCN53Bf0yCRVKOF13Bu6DmiPPX+8YQRI/WAcA0qcNIsdyxkyHnTPc7xK7BgHwhACLLiNDLdPwpEGp9fPDfuAdH2FIioByTpuRJPrKHGmUYjzY57Y2y/O21zACI0msjyqRYM5QAqopMHoRgfWYwufCGFOomBwYEBsZZmsxlRGgRISDrYMFiZgKQ8MIhSXz9KA4OoDpbFGszrls1dgOVzFshmJ22EWZxq1aoAlypdkZUwXRxv1t7VERbUqlYltS0rOI/p7KqDD4IJgguDgfZ88XJTR9U3cvmcZLuiQhXGmJiYNHUKpkybKta4vSZNwZhxY2EX8sgVWzBu0iS0jB8H5BhcHSCwfBg5WoQ9+E5NchllW4phfDsrgMOE6/nIcxPQi1IpI5vPY97td+Kbn7gEXSUHnVTKqjWYzAgmFLemB2T7bZPt37LUOlEPiNTTCDVjASBhIZqoE8z+NYhMNo8yc5q3t6HfB5b39yI3aQJa956M151xOk56w+uR33ca/GwIAuLHZgCE2VKYCpqA27bCdNemKUDDFiphuBcJVLrLPbCy4TlU8+n5WLj0WXT3bcSS5Uvx7KKFWLFyBeavX4KS4cDOZpBrycGwScmqwQlCqlYQ8h5lWApuwpxeYRA7GWk2M615QI6UTGTRanShtLEfXfl2nHTMCXjtS07Cy/Y/BkHVheUaKGZaJFsWvSphocYwJokGgXDMLySViEt0+8/urnUHVr4nmGTcl+Xzx0TgekJjdZme1KLcaMAxQuOQHiMEIKoQMdiTiljcssh0vOSsk6ql1uUkhZhKEikw5IGzCBuBCJ/bqjjwGioOBCYMwtaCiEpP0Rf5lizLjRQsKsh6Pv8mANGaENt6JumxIU2ESiyt5swyFLcg829m1CJnnvIjyCKVRqt8q9LP8ZK+RWpb/L3bGLcQV4Iax6JKF5VVvu8IQEhPapSdypZ9V1CpdJHGNuPgpW4QjGeqHEagO4KCxXXFonOMBdFnY9xqz6Brri01njYqmlSmNRMUFXxSkbQdXau8loHMjA3hmuIPFU/KensAkLjHgfdwNKP6AAAgAElEQVTm/qPyzqBoriHuoyTKE/UXxm5xfdEDxLlnXBLXla4DDaJXIEzQTFDDdaoAlzKKx6g0rjsNItfzGBeWlMlM6W9/+tOfJLBd6VGjASBqvNC+co74fCFA1GdUI6ggAGFBUx2Hgvsk7wfHNJQHhN+pV+qd73yneECGitvSNbQ1+2ZbP6e2V3vbHoBEb/a4xUP/jk+euOKCkDMcekvksSm6VsjUiBQRKTzIehFUy40wjoSWf2ouTHPLbFR8oDHTR60qmaEk6wdTo7HYH+t1mBY2ru+W4C96UKq1KvoGBuC6jnhOCELIT3f4MCAxIVLYxOI066CQPR6l+6Xl9oijj0KhtRgWSuS59IZQvbEtocNIrRJysZhBKs8YDgO1wEWF9/M9ZFvyyNiZMLBdFmQY8E0w43geHNLSmCaQAbysBO65UuTRW7kO55z0enQNVDDO9ZGrVGGxDkRUkXq4RdL0gAwnoZ33PdX7TFg5YxPKldkIQIwAjulI8c4NpRLMjnasqVZQKuTw6refgWNfczL2PfZoIJdFpr0IIxtLSz1UUU4pEslMCxoYFXopmBhCwAgphKS9OEznmBX3gYIGFuUsu1VWpITjOejt78fG3g14ePEczFk0H88uXojeUh/6KwMw6BHJ02PjwiMPitvE8OH4nhQfrRlRAVKhnpEqFci6z5J2CcZ32CEg8WyMybRhr8JYnH3aO3DM/kdgUut4eKUasmYGbRlVmkMPiJQHjVJAN87wi9ABggEBgQR44U+G9gvXk3TcDz34Lxxy+KHItxQkXi1bCFNi67JUMwdjQIajYFFpoBLLOAJV3vgc50ueSgwzMZFSpBzn+NwoBUtrDNByzCw9PJTTzr95HgECg7SZOYbvEs0utLUeEKXOsC32jZW86QFJUhSSnhiqMMS/awT9+h3lwDFQIaRCwvgBeQJE92Zb/JypT2lxZrAsFVwCLQVKVJbptaAVntZrylcVYqWM6P20b0nWVAUgGgBP+hV/2L/GsfB6em+o1Op1SZZcBSDx8Q8li6FkqWtme8WAMHifAdakJ9GjRMWcsQ1at4NxDZ/4xCdknI1jVM8Cf/Mapmxl4LF6hviZ0tAIxKmkK+VQPRWjBSAaNE1qFTNPNc617hmuNa4zWt4JMpI8IIzfYLYs0usIQHgNaVWM51IPhgZF0wjANUl6FC39GhSuXgL1XibtA40zok7GdUvvCQ0BjQcNFeyDpu7WTFmjASBC5Y+KUWqGOdLLGAemcWXsu+4Rrj8CkHiKYl3XcRpWvO9DARB9DvL+3Nc0wiTtxfgzZEt7dudpLNvmztsNgDR2r9GNK98zdW0UWyFG3vDJWw8Yr7/sIgu/uK4IEKIgUv6OJeRBYPqo0bpKrwlBSwRUchlyxCMbsjbK6uCSpSfWU6bU1Q7px1L3L6KNEGwYxDrVkKYScdbZBONMGBDP2BEBHizE5jlwmEKWbksEGHDL0iq9HjkrK8qSQYWK9TfC0hoCZIipQi58LSz6SIt41UVusIrvX3QZHrj+dzh8wl4or1mFTOAj64fK2nDHUABkuOua328ugbQv0SQLSdwTqC3Tn5AzQupQaLkP90GY2ZoeQnonbAHC5YwP17YwEHhYV62gY5/puPyb30DbtKnIT5wAL89iljmpE5rq4LrzQvCvR5i0IVr3ujUZzyF7JFxr4fonaPBDqhM9n9Ge6EMZ3dUerFy7Ck/Mm417//k3zHtuPjwbKHS2wMzZEitSDWoo+RX4/BseXDOAb4Xgx2ZMCgPMWYTQIjxjcLqBjGei4GfRGuRgDvh4y8lvxBte/mpMH783CnYerZ6NvJ2DU3NgMzg9ijcRQ0c0Fk2xsKcDEFXkQyNPSOkps8BquYI20qvKVbj9gyi2FLFi0XP41EWfwmmnvwXv+sC5GOjvQ7Grq148Nl8ohPPCjH6+jzeeeiruuOMv0iaNPPqM58uVCjsVIiourCasFZM1lSkVHNJFSH3Q7Elx2gj7SyWbCiEtzAQftC7HvQOcSipMVKZ4zpQpU+rZo0bjAaHyrhWXqfCQGkUPSFrqUFqqFueGlDFm8aEcGGtAuWhGJs20QwWYFmYqRZQjFULKnIqUvK6ieeXfPJepUkl5YwpPyittzIXKVtsl/SqpYro+I3g+5awKdlr5pHom6T7dDkHoSgenPKk8kz5E7wdjDehp0oxVPI/r6pOf/KTUTYmniQ0fj2EBXgViVJSp3JOyxTYYpM/UxpxjKpsE0WyP8yLPz6g6fRoAwjm+6667JPsYD8qc/WMbSkXk/uD3jRQspZZxXrkuzjrrLBmnrtN4bRCmVibVSvcez2F8EbNgqbLN39yXbItpbhnzwuuSkhAMNdeUPdc6wQefFwS6NEjEPSW8j9IpGT/DPutzTGmEHOtQFCyeq/0kqCJNkf8mbYxxaJwv9oPPJAIMzpHSIfmb53H8PPfHP/6xpGTWeR9uDSvtjKCG8x6nnynFk/NAz1JaXWK4e+6O3+9UAMIiY3WFJ3LvywKLufr5vec6YQaraNMLm1t43FGuoEirICfeCcIq5VKlOQIsomTUi6SFd3SrzmbzRbpJ40HraUjjCNUu9o1eCuHIxz5jKTbbMOVFTA+K1EZnqlQTKPsOXAuSFWjjxg1ozWQxpq0LqAVosZjVhz6W8AhpWHqfinDwYVgwHB+Fsoul9z+Ib37y0yj09cPq70MWPlp8UwJyhzuaAGQ4CaX/Pu1DQ2IPGrTcJABCD4gAkChoWgOoDTsjYJc/YsW3Taz2K/DyGVRMAxP2nYWzPnI+jnjlSUBHO8BqsgSjTHlJLJxiSFxzLrO6xc/VjHGxz7jnMrXYOotQvcRHxcAH2xlAGQ4pZaaBQaeMld2r8dRzC/D0cwvk9+r1a1DzHFhFC2i1UHZrqBguyoGDsleDmbXEC8IaP/QU2pYtdU5MP6wEXzTzKBo5ZGr/n73zgLOkrNL+c6vq5k6TmWHIMESRnCSaVlBUYAUDruljXbNrxPShq6sbXF13VxbDquwaEBQEBEURRRARgSWPCEiOM8xMh9s3Vfi+/1v39NTcuUPfmWlQoWt+8+vueyu89Yaq85zznOf4Ctc0dNjeB+nElxyvJQu20NLCAhXiVNa6kCeGgnpdqmDXeRRMyYc/3QFIlstsRk+zFTkFtWi8rnhsXEGzpdHHVuj8887VOeeeo2fvt59OfM2rtcfBB8obGZaHiAeUVBeRTSPW/QAQIiAYXBjPeDet8Ju1A+44eSIkq7NlaQ+sEVMJIsIBxQoPstEXAAncG0YjXmeMBYw9895vDgDBuDFQhIEClcwMvz6Wk9uln+cDRoopT5GIi9KQVe827j41UpABtsKNGLskqkOlsXs1Dyk/Sez//Oc/776jj/is38jNMxWAAG4xuAFuGKJG78P4ZF4h5co8ZX51j6uNIUYskrLMdYxdi8RhHDMGHH/88cc/6QCECEivCJwV90PVyyJofGbzzHKKaC9gw9Yj97f33nu73BZnT3Xke+kbjkGVjsgR1C36rZ95z7mZnyb5TDv4HZEFA7Ncx3JJmJd8R3TQzt8vAIHeSPI9bTUlM87LNVnbgAscGNDwSPLnWpazA4hkfSIpTKQCpSx7/kz3HDAAQv9QBLMbgHAdvpsFID1mq8vJ6BjwlkSWyvBOr4LVoVqvb8j3ylGAapTZnFeyA0DW+TxqdQqfdShPnZyMdewlhxJwF+PwhBaF4W5KO5nrpK7d3vI3pvObbVPBV9TxnBowgsKFrO7UqYiA5Ly0VoWrqQGKIEFYzqM71pxUUCrpzofv1iWX/FhVP68TjztRI8VBVbySAxeuOoIrykFl99ST3Awbih0FxpcXeyo3E9V/f7c+8KqTVbvrD1o6UFFrYlTDSV55CkBOs80CkOl6qP/v+33QbgwAKXhpBIT5FneKNxYGBtSMI9XQcw/bLlJwn9oa2GKhnnvsi/X8l79Mi3baQd7ggHIYZTnf1QJFvhdNg34MbHKbWhn4MRWM7DqauZ2HqmXhg85SconjBsZZqTlpslVTGLcdHdEvBqlCVs7Xo2MrdOvty7X8juW67fbluu/x+zSmCVdYtDBSVcOLNIqsby50yzduA0Bip15XTyi6CNAPXPSwmCuoGOUVhDnVVo5pyZyFetkxL9ErDz1BI8GQex4k7UjVQtk5BlDKmgIglgvf/5D/We7ZK/LstXOaXDWqCuMYRrrsO9/Rheec7VQHh+eO6Pf33auDDj9cnzz93+UvWeSEMJjHgI4CuWvM0T4iIHhsuT51LTDystWz7eUOgCDPwF7Q9t7BOMDIwEsK+DCqgr3YMa7xZqL8BK1lJgEI5zYKDaAJmVD43/1uZhzZM8L44t3H4yHH4ANMYBRSpC0LfvBMAzzICyE52Aw1ANd//Md/TAGLbASEhF3UfAB3lizcb2TimQpAiDwxznjhoWJZZMOkeTGuyd8A+HXntPC3KbVB5ULG1hLDTf2KKN1FF12kZcuWPSUAxOg/3IejundUp1gvRCsodGnRtWz9E/YnF4O5lS3USHFDIm82n+283Cd99pa3vGUKyPQLdpmz5BDxTMBJYQU7LQcDQIcDgvOxL1FCq4HjIq5T1P0NR0DYhzoiV1999VT7eM4QuaFMA7+zBqHMAf7tmvw0SWaT/gbUA1aMXjbds2AWgEzXQ+n3T1kEpFdzeiUG9jLsvNDxoCwE0qFpodhj9QPSsxNJUOJPVeaeSsw2xZ2pRrgCJp0eyLSsi3LCNzE5GBkrjl/bJM532ftpKkiuU9TPFURx2j7I/cZFzxlWF116ic75/jmaMzCkD7/vw1owMFeFyFclKKnoqn+jOgQFBY8yDw648r4SB0B8lQkE1WP99/s+oJ+fdZa2LBfVmFitOWGg4ro03Z6jPwtA+lsU/ez1ZACQPAAEpz/0PS8nV5MvDFUaGnTzsBWHans5zTl4f+131OE67IUv0OC2WzuKVhKQOE4cLpVU9RNfOViGfYRA0nKG60bQUpWodOJPAZIkzRlYS9VKqWJOLStNHXd7830eQBJHrpioo1X65DeFjpJIQjqFCB98+CHdfO/N+tXyq3TT727Titoa5edU5FXzqrVqTuTBRT/Jc+L3gFywDlXRFT7NyYuo7eG7SGIxFyhqtvS2F75Ze+3wbO2yw07KhbFyrViD5Yp8IonJ2gir81P0M9h/xvt08/fdc7IWOXnj0Xvu0Xlf+4Z+edEPlacw18SYBoaH1M6Tq1PUc044Tke/7c2OMhLkkRhPnEqayz3oE4Dg2aSOBkW3MCjM4DGu/b777usUbjDyjPrDS96SdzE6kACFFgIosNog7IOxjWFnnuqZioBYbgWGDoYRVDEiEb2SdntNDQBX1lDZEAAh8RxDCIoXkQtTATJqDudAfhcPs9GGACV4aqn7YV7rLAChHzEgabN5k3tVYX+i9/EzjYIFAKGP8EbjCTcZYgPFjAf7IBJgUqj2bLS8EFTKoBqiGGUGstW2gNpjMr9PNgWLCEiWdknbzaFM26A5QY2kbQYkrOgexxFlhBZlxSOJDCF9zVzNbtwj6xFwjIqY+bH7pR8yx6zCOhEHrk2kgevRR7SBaJ/1L4Ca/CbL3egHgNBeag6xXsglsWgw9wvwAPgj/4tzg9ooFnUxmhf3BGgkqsUY8nm/UZ5ZANLfS/OPBkAwWJqOLrUWB/QyevjWJ8nVohMdGc9UvDPjeXUnckQod8K1RtG6v6cGFVZeiiDMmOIvp7DQ1W8DcO+7P7RoTgaEOB48HmJn0mAloSITOhrKRNTQz6++Ut+94Fw9vOIxjcwZ0Xve9h7tus1OKqmgUq6oUp6q8tC24MGnelsAqgjPI7Amyanckrw1k7runHP1hVNP1Vw/UclPNFiLVGzNRkD6m/Izs9eTBUAAuw58+CkASUpFra5Pqh6HWrh0iXbaY3cdd9pHNGfrrV0tnlocKikUFBSZeb4KrAFOAiWv4KU5RNNsTobXKUet3ZwMdQaA8LcLMmYsdiuQuHZ5dOqXsA6i2NXacGusA0qiyOR9WR6JWmFbtaCmh1oP6bpbbtCvbrhGN999ux6bWKXycMUBqDgm6pHID6is7vSzHB2tHScuCjk4MKSxVatdlGPu0Bw1Jmqa89iQdttyVx37F8fo4L3301CxqsAVIaT44dooiAMg03fPdN33J/29FbPLJjLW7n1Md117o358zjm68ec/10AUaaRYVCHva9XYqPzBqhqM9lZLtN+rT9JrX/dXziDhmdRoNtPE4z4ACOpBXB/DB8OOaIV7/nYK/vG85VxUGbZCf2YEsB8GDvxplIP4HIMFcICByE8S3DEMZxqAmHGWpZxwzV7Ull6DbwpV2STWXommnBNDBa879VK4J6tBgaGLFxqPNdxzi5ZwngceeMCph0H1yYIPo1sRMXrHO94xJc9KlKWf7ZkaASHHgznE/CSZGiOYvzGK8YYzJuTdACIwhG1eMBb0GeN25plnOrAIYLVaNAZkGUOiJ1bk8MnMAQGAsOZsXlhbmT/IXiNXjYHP3OMeDXwAbBFyIM8Cw58EdO6bPqHt3QnrFuWDXkTxQ+7V6Fz9zDUDRfQx/1nr5FlAg7MCh6x3y7shv+t3v/udu06/dUCIWACecGBYFXHaSKSRmjuARiI73K8BfKNHG9WKCC3zg7XIdxsqmtp9z7MApJ9ZsIEISJZT6gyIJNEpJ52s7bbaRu/5wPtVnTdHzbgtr5hP2RiWHL5e7ewnbgTGRAoI1t3W+zuTK9JxsnYMG/O82vGpAZRmYJjxk5pA65rna2VOs1fuZcK7Kgx9SNyyUKzeSJD3VA8bivIAipyuuet/9S9f+jfdu+IhDVQHFK9u6q9e+Vqd9OITXERjXnlOClyckWd8+iTDWU+/QwFIozWtuf0Offa979fKm2/RluWqktXjKnaswKm+czdj9bTTuyQC0qk73d/seIbtlRLzpgdy6ZwFcHa86U4FrVMIz3nVyVFK83qSXKgkt1ZT3BXKI+HbFeizxN2cAsAv1KV2S0mxoFbe12gcakW9pvnbbaNDX/B8HXX0X2jxzjtJWy5UyyV7p/VsnBAc8rmuMCXX7kjJWc2NacaRObf+Cll7kOVQpXVIsroNa435dO+1K9fV2rA12Fk/rmaOURddbY6cmmqorrpCP9aK8VX6zc3X6qobfqMb77hZaxpjGp43rNiLtWZyVO1B6uskarTaDoTkS0U1Gy0H3hHVonYIQhDVWknxeKjFcxfrjSe9Tofvc4gqSdHljBQVTKnGoT7XnaBjQdDuO+uPzDbzC4ZlTV6bG59O3SKebtynjUQaCM45KWIMIvLNQqcwllJDJx5frXLiaSBf1uhDj+oH//lF3frLX+rBu/6gIb+gSlB0cxLA++D4Gi3YaQe9+KS/VH7LLXTFHbe72hTbb7+Do8GZN58X7EuOTSuhUweJYpPdSehEJ/AYQnlASep1r3vdFIfcaCIcg4wuUQNoVBhp0B4AARhzFAgjGRqDiM+NGgIlCboLdS/YZpqCZSo4Vnegu6De1Bunk9yf/duSV80bbMaWvUttX/oAYxAJWLy7BrIwxjgG+gjUEIwooiNES8x4JIGVZGcDNhZxYXyo2Iwxh9HG1qtAYK+Z+kwFIIBjDGz+Q0Ei2sZm3naeU8w/5GgxSE3G1Qx45jjggz5nXgJgLP8GwEJhPxK5LeLAdwZezJDflEKEGONc21SduD5Sstn8H9rKnEFFirl05513OlBlhr/NUYx+aEYAer5zztg4dtESchW6bUKj9Vlld77vpWa3oSeiPSusT/j561//2lEOAczYUwAQM+SJ7JGHYopf/eSA0B5THON3gCH3TlsN6HN+WzuMAf3JdXkOMab0J7kf9A9t5Ph+nI+zAKS/d2HPCEh2stnvr3n5X2q3ZTvrfad+QKXBAVc0DABCWN4GJC319cd6Vfd3w0/WXhEF0EiuarekoqfHJ9coqXq6b/VD+tYPz9GFl18iVXwNV4akR+p67sFH6l3/520KGjmN5Ac1EJSdEeVeUqau5XUKIprlB4gYr0mr1+i//u7T+u33ztdWQUUaH3c1E9YxATvFFLOfpXSZpzvpZNNHGMMu6BOAIBzrjPFOvga1JlI7GxoeSm3EI1gP6LwTXUgN7sTtRxFLPvHc3wAHKFTtUsHJNI+2mmpRe2N4SMv221vPOuRg7fmcgzV/m61cLZmwkl+HFshV+1W62fTe2fwjrQjdOtKFTtI3dIUMoyBRI9fWg6se1hXXXaUrr79Kt9/ze7WStqoLhvVgssrlxiB3DZWLwoeoXKXUR09+B4AVY1/5yFdUi7RkaIle/eKT9MIDj1IlyqscBRouluRHRFdycjLH6apLATsSwK5o4drPrBL95vfAxp+BR0ITKmaU1jYBqAYAAZwyhKWm5mtOSS10fZMUfYUuyBtpcs2oFlaG5I039L+/+JUuPf+HuucXlyo/PupqrTCR4lxea5pN5efP1bOPOlz7H/0C7XHIgcrPGdGj42OOgmVKO7wPTCGKuhMACz7LRi5MBYukXOY8L3uMOmgMGGfdkYQdd9zRJfBCg8H4MBlUDHm8lxdeeKEDHlY9mfMRFUCZCM8mBt1MAhCMFgwzrmMJqdn7y4INk/E0YMb9mgfd+PDdeQN2POcnsRavNQaXJaDbtY877jgXGQFI0Cd4XzEoaR+RIYCheWoNMNEegBu0EpKnrXp0PzPvmQpAUMHC6KQvKYhHpMDGnj4xIxVjlGgGc4J9LRoHPQkjHSUtxgiPOvMSwx/pVkQEADBG3zGpVzP0mTObAkCYXwYEGHPAA4IOnJ/2IblLRIPIwW9/+1sXOWP/7JwxlSnALVEcq/bNfOG+WXvUDeleswZcAChG99uYd1CvaCJtJNJE37GeaafVSTF5YD7rVvbbkAqWjRH3zPODdWn0TgOXFjW0Cu8cwxhCcYR6ZXVuLNLVL8iaBSD9PHH6iIDYRDnhRS/W7st21af+4dPOuxaUik7lCQNsFoCkdkAckgMfqZVrayyaULMQ6vyfX6Rv/vC7Wh3V1Apil+9RWpVo6wVL9XcfPE2LBxfIn0w0tzInTV43cwgQ4nUKNLrclvSL9ti4i5b85ptn6Zt//88qj9Y0iAcyDNdKDTvbaa3EsIHCWQDyxItiYwBIO9d2IgOu2nZH9MAF6pxENAAkBePFuK08ctMU8kM9yFHqco4BmAsK8gtFR/sbj1p6OGkqV8irMDyo3fbfT/secZj2PfwwFZdu6erJAG5j31NxoJKayx35TfM+9bfk/3h7mcwqzwv77yhWXqJG2NIkogt5qam26rm27n7oXl1z47W68uor9bt771BucdlRwFDJaudi5atlTbYairCkOzlYjjbWDjWQr2ikOKI1D6zWkoFFeufr3qa9tt1Ni6vzVALhtyIVvILy3rrKdw6ATNUMyUbD/jhcLZZx2Aqn6iL5vuciEeRipJp5a7ccxVGFMdNKo6dI5uZ8rbzjLl3+w0t02QUX677f36H5o+PaslJRUCxp1cSkJpJY83fYTge86AV6/oknaGT3nV3UpRGFyheK7trGfbcXKz+nAyBwr03JCroQHsWrrrpqvQmIcQGVY//995/yvvKiRzkL4xDPpeVFYHzwHVERqFkmqTmTAARDCiMf48e48BiIlhuRBSBZoytLd8lGJIzWkT2O3zF28DqTVM71uE8DOhwDlSprHHMtrsE6wpN95JFHTtFHjKpiMqPI5xI9MkO6n1X/TAUgRDbob+YWUSWiS8wnM+7tOUshPMAERjrgwqrQo5xFArpRg/jO8pXIG8GQ5TMMW8ZvJgGISSFzXsQYODeRQjO0Ae1WONCiBqxJ7g3DnToczHHkYhGKIFfCns30x5MFQLIREJubFCJE7AGwQBtdNBe7Jpdzcts8QzYGgNh90CfmSMhGUOx9ZGuV6xJ1BFCRkwUQApgaFc9oZrMRkH6eJv3t03cE5H1veYeKfqB/+NxnnRyjVyw4z5yfT2UZ3QP1GRwBQfDH2fx5aTyc0Lgmdd2dN+jL3/2a7lx5rwrzq1rTnFAQ+RoaC1RMAp32no/qgJ33ld+URgpD6+SauChIDwDSGq+poJxGb7pVX3jvqXr4xtu0yPNVaKcAhC2lzEDzySQQd76ZjYBseGFsDAAJC5FixzMCgKTELaJgaUGMjs88kePXlxLylXIKc75aqFv5eUUk8nq+2jlP7USqFXKKt5mrnXfbXfsS8TjwAA1tv51LwG5DtykWXCI6eQ9llNEy4IM76ld9pL/HwpOzV5avbs8MVzw0l8gvUOcjzfKYjJpq5xJXvJO/b7jlRv3w0h/p+gduUa01KZXzSkqeRtuTavuxk+8lb4rgHonrI4NVTY7VlGskmpsfUb4eKJhIdMxzXqCTXvRyLZ2zQIUk0IBXdnK9bs3Y2oHW5pTnnpw+2OizQrtspon8bNThoIBrgQKnbkujIE41z09cEr7XbKmSL0mrRnXrr6/Rzy/6kX71s8sUTdY1UC5r66SgZHRSj9XGVF60QLsd/hwd+vKXaNlB+8mbP1f1IKdGB4iVqELfoQRlvfz9ABDkc3l5Y5hhYCM1S1HCbESAO8AQQEmHZGurQI3hjPGGwYcBgUGCwcfneGtJfiUJ3bzIMwlAjLJEuwFeGGpcv1cSulE6bA0yrx955JEpI87G28QAsuCb82P4UYUZ45TzG1ghoZ7oB1EQjCA83MbX5yde97e//e1C6tg88exDX7I/4PALX/iCowT165l+pgIQaFUYtowxBjuROvIEbMwMMDCWAELLU2A+YsCbzDT9DxA0BbftttvOVbrGq295DTMJQCx528CG5RC5SHsnKsnY034AkEUv7XvmNscS2SHyQ50Mi56wL/eBgATfd6/ZzY2AGLCw9UDfkjMGBc7oX7beNhWAWE6KRS0M0FhEKwtA6Cdq/fAcIroKiLN8D4vimiNmFoBs9Ftsgwf0DUAuv/gSXXPV1Xr/hz7o6CJ+seC0+/Mdr8wzHfx7pgkAACAASURBVIBELae8q3YQaUI13frg7frSOf+lG++9Va1ypLpHLZBE+djX3EYVN65OOfENOvaIozWQlDUUDCignseU0xU1rNTDCZ3HsuUTKryj3d+K9Y0PnaarfvBDLQxjlVvtlP6WOd4I+9kICHVNZrfePbBRACTfUuJUE7B6oValOSCMkwN+Do3mVIKvj+FIvgP//UA1AEciTULZ83wtWrpU2+21u45755u0eKulyi9Y4LKjm/VJFUeGnT5V9P/pAS2KyFHxGA5x5hayD/E/u7FFJStJPV1URCdvAbnhQqWs8cma/HxeQbGgx9as0BW3XaVf/OqXuvmu5WoEkYI5Za0Kx1TLtdX0QoWutLenJKxpoDooP/SUDwPl657i1S1tWV2g5+53mI457HnaYcttNRCXVI2LadZYJ2JF5MCjmGin8JAtpz8aHmHw67FT3gN4QLHyUKnqFK3PVmJN/FgBCUG1pvTwSl1x/kU6+7++rsnHV8mLYg0MVtPiqKvqrtjQoh2301EnvEyHnXCs/G23chG9sbCl0PNUqg64pPQESmmn8BlGmhlj/QAQDApe8lBSmKPI8kKpwkjLbhhSyGxCw0Jtiu9JEMUwRAWLzYqlcT6SXkkIhtZi9UBmEoBgSAJ0MDA5P0YnXm8UdbIbfQCtxYCZeVLxlHdTTDifrVOjIMJp516IZgB6LGnZ+haJUzzSFvUxT7aDnf9foQswRyE9jCeMNdqKEc1PA3zk3fRbIO6ZCkCocs7YMUaMAbLQyO4CRoyyRN/w/7nPfa4DFeQkME4AFehXAELGN5vcDXUJmiDzyOhXMwlAsknwphpnTh7aZgY288Uq1jMX2If5ss0227i2Y/STgA5IMXqZnYeoBDVwACPZbXMBiNUAydJxkQcGNNt6Yp/NiYAwppzLolFWwd3WKX2Ujaxyf9Q8wfHBOFs9GFuXNnb9vGNnKVj99NIGKFh2aJbi8dg99+ubXz9T7zv1g66gXuznHA2L4mipc25t/ocxqPtrwtNkr5iiwrHwjD8ertZ3L/2+vnnxWfLm5rUqGne1DfKVgopJXguiQcW1SIc+60C99TV/rXnBiOYUhlWIfflTKj2JIojqUwCEfAF0vqTJlatUiXK6/twL9ZXP/LOqj63UCFXfoY6Q6Bt3FIw6yb8GStKU9KcPAOnliejFLe1loGe98TYDNwaARLmGqzfjcqBIJneoA2oM6cJrhRAS1JsYFt9TGOSpeKE1YaRgeETb7fEs7bzXXtr3oIO01a47qbDlXGdPEmGkfgZRRqR1Uz5/WviSegxFpGyzMrndlQ7/nJYUACTqSAB3wFwrjNJcBrjRYVptGZrVGo3rD/ffox9d/hNds/x63T/6iKJBX/GAr1UtYo5NxXlqqDQEVckH0DcTVVXS3PyQGo9NqBIGeuFBR+rlx7xUuy3cSdWo4HIhSpSNR6UrjFWkQrgJDHQKQ7LunsrN5rFTNGvEuvo3V7s+2ffA/YVsMnOPSvFxFComaRRRA7wg45P6w29v1K9+cJGuvugStVaPaqhc0eBA1dUkWlMbk6rD2vPgQ/TCE47TtvvvLc0blEpFyURFwM7gQiXyCqk31daa/Y5xYxQs8yh2J6FDweI4Puc4DBxe8HDTMYhMRhaDmf9Qrvbbbz9nDJ599tl661vfOtXldg5+4q3FC42BYl7KmQQg2UJ0tAUaCnSn7igjbeG67u2XoSL3UsqxJFbjtWPAUX+AnALOQX+YgYTBw71zn/Sb1ZXgGsZd5zzUJ4E+RL8aL562mLGLLCwUL6I03VuvZ+czFYCQhJ5NKMfopu8AzowxfWU5IkSmED9AGACjnCgVkT0DAyYPC+jAkCWXwJKbzRM/UxQsAxXZNWbttTlpP4ni2f3YemNuAICZr4AtzpdNymbuIVVLLhH0wOxmuRE4AlAOM+Wsfp+ROBTsWsxp/gbgQ7OyiKuBKK5FJA9nhK2HfpLQ2Yf7JkJFHxHVQJGPXB2EMTg/a8Xoi0ah434/97nPudwr9jHlLc5hNMjp7nMWgEzXQ+n3PSMg3QCEvyceXal/+cd/1ic+82m1wpZailUeHEgNr86Wmre5KfWm/prw9NgrDKV6GKpVCHX9PTfoK+d9XdfceZ2SYV91P1SSh/cfKdeMNTeuKDeZaOnQYn34Le/TTvO304LSPEcLyWfqmLQDJEgZJCg35BBI9cm6ClGiQq2hybvv18ff+R61brpVi+h3DLV26BJUSWxeTxDAgZunOwBhPq2rZOX6oktvlWkbY/xmto0BIL5PciLVoRMViiU1Wy0FhYLL7WhjcDkKXU6jfqywWlSt1dbjExMaWbpU+x5+uA4/5sXaZtfdNLx4sZTPu1yG4mDBjZsroukUrDp1NkyUwK1Yamw8jSA+iTNTBUnTGZvK+6ZAznTc6E/WQ1ux7l1xv6773f/qvEt/qD+sflC1fFtR1VNNTdXCuuIiezkLWvmcr6LyKoS+KnFeyXhLQ15ZB+9zkE444mXae+s9lM8Frr5JPvEUKHD1QhhA1hsgiC14CkGegQ9n7Ldj3bP8Tn36n/5RpYGKPv73f+fmBvzkyYlxp+hVDvKuWGN43/264qJLdOn3L9A9/3uztigNagCFMN/XyrHVmoia2mbZjjr6zado2cEHac6226SKWQVPhWo1Dfo4NTFCbk7VXKI8UY+NF+xLXvISQbOinUabYFdLQgeAdG/UA6GyOMau1fSwJFF49FAgeNETdSApNrvxfCMhHg80RgJeXDO2ZxKAYGSY95i2QUMxmeDu++mmpvC9KVN175uVHAU87bHHHs7goh+4Jv0IWIAK89KXvtTJn3J97rlbSpdIB4AN5SMAHee2RFlL3CUS8/3vf9/x2ru3WQCSUoyIIGGgMmYAOfqf/iMXgQRuixhYjgj9yP4AP0AJCmZE6ww8Ai4YB9TZMPAtr8kSomcyAmKeeQx02slcBOjybGB+sSbMqDY6IQAf0QNoYTgDDJzSZpOiZV/7mz6xQoTZOUS+BP1EnhK5Rhj0zNt+NwAPz4ks2OgVqeOeAEbMYSSB6Uf26weAcD9EVK+//vqpuidEqnguIeJA0nuWVmrJ+TxToIMSrbV2WoSyH/oVfTALQPqbCX0DkNbqcZ3yhjfqnz//Oc1dOD8tfAYdgJ/PMADSy8teg3tdKuiB8Yf0nZ+crQuuvlgPN1corOSUFD15BfSrQ0X1tuYHVRXDQCPegE454Q06er/na0AlFeO88rz1XeXDRO2AsCcJzT6+SJdyikc4iGKFq0aVW7lG//bxv9d9F/1ISzvAwiWlYSzFqYJWx2ZNf5kFIFNzdXMBCJYaGAEAEuQLapAgTi4IeRp+Lq1g73t6yAs1Wgq0dNttdcBhh2rfQw/Vgm22VXX+AuLijpaV+IHiqK3BYiefqhPpsDwEZ4yv5dZllJv6W+R/0ntBW+sCIDZrO8vAGcauBgmUNaW1dWrRpG66e7muvPkaXfCLi/V4e1yl+YNqqqW6P6nIFXWkcF7kADngouwVVWh7ytUjlfyiDtvlYL380GO1x867qkDR9lCaWxmRF6cyyk5gwAGP5I8GQLwo0c9/cJE++vHTVB0e1PfPP0+laild32GooFhWvGqN7rzlFv3sK9/QjVf9Rq3RCc0tDSigSGMQ6LHR1fKHKjr06BfoL172Ei14zgFK5gw7gNwAAPqe8oW8E8FwrM8ZAiBQsLq3K6+80r3Y77777qnK6Lz4MYSghFDFG8MK9SByKaYiQR0AiOFEXojVUsDTjBHzZAMQ+OFGO7F7om3diel8hwHTvZmkKMYd92rFB2m3AThLKDaPOcnBGJR83k1boy2m/uUe7eSGlctTykFmTKFSdNRRR63Xnl4g6ZkaAQFM0B9WM8eiceTYYHCaIpPlJ0FXYvwAKERKqLFhXnKj9JDEjBFrNWVsPGYSgBhgsJol5JywMSeZD4AEJGQBGvwOnQ+qIzlUrBvaYu0yRoDN8WxuFaDlnnvuWWcOmRIeaxnKmtEze839Xu8f2sictmgjYBpRie7NKJY4O4i2sL/JGFsuy4ZUsPie73jWcJzlyDDPL7vsMqd2hgPFwD+ghvvHsbH77ru7wpQo9DEviBJZvZJ+QMgsAOnP6ugbgDRXjel5Rxyp//zKl7XTrjurNDSgJi/AgslYpnmbz4QISE8AQsXzwNNVv/+NzvjeV3XLI79TayBRIwg13kbiL1C5UFEh5ysaH1dVZZUagY456IV620mnaH4womJScBEQR7vg5ZZPeZcAENyRSB+7ZOd6W4VWqLxf0E++/DVd+PFPaVEzfejQ/0UqBrdaipEGXicYkBpWT5etNwXLvY7XucUnIwIyoYYGqyMKw8iBjwTAkQ8U5X01fWj7oZLA0+hgWSPLdtSxL3+5XnD0McrNnUMmsUT0MEo0GbaVLxccfAyiNI8n5TR2FASmIowusSSld/kkIP/RshJmdvo4AJKOl0UbUjXjtRXL3a2yWztRFIdqRk15ZYCe9MD4w/rxr36msy8+T4+MrVJ5pKpGCSpWoiSQmnFTjbDhYil5z3cgpJwrKG5GKo0XdNBOB+jkV7xSuyzZQV4z0lC+olIu76KOaZ0Xi4DM7G0/0dmyERCv3tK/fPhjOuucczQ8b0TnX3iBAwsFVwfE09i99+vSH16sS86/QIWHVqhdq7vijMg7rxodVd3Laekuy/Tcl79ER770xSqjqFbJKywi1Zk6j0KqxaMi1hFToK4HVM7UWOr9vOgnAsJLvntDCpOk1l/96ldTRh/XwUDCSMejj0GAEpEZa/w0gwiPNZESjEI+N2NkJgGIeZZpO79jpABAegk9mNGevc9e+5lMruXE4EVH+ctAB8fzu1GxLB/BeOq9EuBpm1HZOBYjCcDCtfCCQzmBXkTBxu5tFoCsjYBAdbNIAWuPPmeeAtzuuusuNwcskZ/+RW0KtSxycIhyMAeZuyYhzd9UowecWPFMM25nGoAYRYj1w9ogdwGvP5QprkVUgvZYpM4MY8u9MMoW+zKHbN4ZrYt+IPqHEZ/d7HjqdkBXIprHsf3WnLF6NqY494Y3vMFF9Lo3oh20n2Kd5NTQxmxfMl4bAiBGwaLKuR1nkULOiVQ1Y29gyChWJhfPmschQh8asJylYM3se7BvAJJMNLTfXnvrf77zbW23bEdVR4bVjNqpYkxne6YAkF5hd2RDH22s1rcu/I6+/8sLNFasq1EONUmCbNxW4FHtvKI8hlW9pmqurOKkr3222UMf+ZsPaklpoQMghWkACBSfsN5UJckpX2/rxst+qW++6z2aMzquKAxTAAKvsZ5W7jUzNQUiswDE5urmRkDGkIGFM+tyM3JOsrShWC0/54y7oUXztf0uy7TzUUfoWUccoUXbbudkUWuNhny8OIMDzvPcoiihe/i3VCmgvpQWKZxSNzIAkqn54HnlpxEASek+RCvSuiqdkogexv/aQqNk1QREJjrsoFbccnLX4+GkaklDv7z+av3kist0+913ql5uS2VPSTFRPWlovDXhqqoD6smxKuUKEK0UjAaaG8/RS194tE544bFaVJqjsgKVELqO/3QAyMde+ybd8rvblPg5feO/v6GRJUuUjI7qpqt/q1/99DLdcu11WvnAg1qiQIUgr1oYanWzocHFi3TcG16nZx95uBbvubuagVwBS5fEbs4iR91MI9nUWAmJvLrKLIlT26s6Htb6Wz8A5Oc///l6BzK38TijYoURYjkNZvAATjCcqS9iHHEDIBg3ABS8oQbSLD9iJgEI57RnPMYnbcEI2xwAglGD8YrhRuIyIAouugPemRwb7hXvtPHSjfpjikxrn19p7RVrqxnJVrEaAwv6CN5ukt27tye6F4vqIHWMnO+GNgNPVqTRZGtn0kQxQGCecOuv7DUYGyJrG5qn5Chg3JqxnaUaYbSTT2T9ax585ibV5MmzYTxsAwgCQJi/JKpD58EoZc4SlSMXguKDRJ522203NwZGM7JoyEzlgBgosnUCrcgqoXMfRgeze7Pka5N6dhZBRzGr26nK2FqNEChY5E50AxDOh3FOHowpZfU7B6x4Iv3DXCdXhsKl3RvnB2AgUEG/cy/Wf9NFQDgX+1r9DxsHoyraOrz22munHAGWF2KqZfSp1TnJOkSmm+OzEZDpeij9floAYqeJJxva61nP1rk/OE8LF2/hVGqIfnjOE7d2w1/WT4iqv+b9KexleQIdIj5eUWRVoTqhspBq3mp1rq5r7r5RX/7ml3XTfbcoGZZqQUtNL3K1HYKg7HJtk3Yov91QMcprICxrm+oSfeo9H9dO87ZXKQ5cHkignKJ2pKTUKS7oohZpDkgYJ4pabRXgrLcjMt/16RNfpbH/vdkVIyyGsSqFgpqTk+nDpZMQ7ZKWMTvWLR2wwQ7u17/e8V1PO1CpcdljN9fGrm29D9K2r3d4p++zR2dLs9nnFPwLfHoVpbK0tkpakTwt7pb6eN0nwuxMcy/SrnLdRQJ5QuXzNNEcwNAcKDtDj3yPoFxSLWwpKZc0vGSRttllmZPRPfiIw5TfflsXJcEwQM2pAteeNYOBTb4IlLp8Kvuac5Xh7OY7la/5c52Ccxz6NIqAcJuuk9cCkCnqmYv4ddaAq/TtqdlqKo8ErZdTW6HqcVNjrUl5pbxu/cPv9c2zvqVbH1quut9UUpLapVhj4ZiifOJysJIodgnn5H0Mx8OKV0baav4WOvnYV+iwZx+oOfkBVVWUnzBfEBXgUp6rKD6TW68KIzHPFM9P5ygCBwhLTDb10RNfo1tvulETq0f195/8O+2/zz76yY9+rMsv/Znuuu13GiqWtOXCRapNNrV6YkJxKa+d9tlLzz/h5dr/+Je5jPIWc6xcdOwqChnmEQ/hWdYRAMj5JPqn7CvAB/+JbVdmGIDw3EQZCHpKtmIzL3wMBBI/8ViagcJPM7Ix7AA1GNUuWtNJ0ObnTAIQjCjzeHJujMwNAZBezih7/2WNOvazeyHBntofKGhZ8rgZfHZdi5j0Or8ZjpZ3YwY15zA1JKPXYNzBz8/K+JoB1j2fn6kUrHe/+93Oc280JMt/AOxS3M/kXI1yR98iSoDhynOdyBPzD6DCPCY/CeDCOW3MGRdA1ExGQCwPwoqEku9DUrlR+qy4odGqbH7QBv4bIDF7hr9NdcqxKTq0NO7nmmuumVpz3VETABxOBcuTcE/zzvHWp3ZNWxMmykCbAOL08+233z4FiDgH1yeSt/POOztAx31a3ohFYKaLgHAM89/25/4YEwMIiEAAoEyVy55J1j5UwhAZAFxyDss5m+5dMAtApuuhPgBI9hSrV6zU4Ycdposu/pHmzp2jlatWaVs4h/1aqv21509ur0TQN1hRJKamyeDYRPVGQ8VqSW2kMT3prnCFzrjwv/XjSy9SeTjQqsbj8qu+mrlI9ZiaBp5iD79rTvhT2mMtLSotUKle0KmnvFeH7XGwM3zKia88hkADw3Z9oyfrCbPw/Nmf+owu/dLXNN8raE4j1GDOU7NWk0fNCQxboiqJp1xMeHndxGt7WGQ7nvtNfaTTbyjymJH4RHtbdffU1OyY2Q4JpFQb2xztxZH/MzVMnBHYASCZvJYkZ6AgPTpjuq87L2NPBb8kHw9vs+XurRgEarebDnQUXB1tfovkBfzEuI3VwmhQ4gQXvHLJ0ayQiJ1sNrUSA7FQcPU55m+5RDvv9WztefAB2nqXnbXVsh3lVcpqRbH8clFecS1NMWs8TN+7s3us0wNQtTp+AKYIuGWiVXe5aJPtpkrFiu55+D7957f/Xb+7f7keHn9UuTkF1Yuharm64iAFwVEcKe/lNZQMaLBd0uSqMS2pLtApf/lXeuFBR8lrxCr7ZZWCols3KEIRvZzJzVZNKjKRTtcYxS8/UKNWczQrl5w8XtMZ732/bvzl1UpWjenAPZ6tJQsX6ZdXXuHUsPJ+XgU/rQ9z7XhNS5btqKNe/CI996XHaPGy7ZyyFZENW0/OOIY26/e3vjd0z5saAeE4QAReabzGGPumMJS9FvtZQTJL8CUvBAUijjG1ITPQZxKAWNFFjHbOC5UM1aN+NwMV2SiDGa8AAosA0XYDA6aQRF/0u5kHmGO5JgYwnvvujXwFkqrx3tOnZmR17/dMBSDQcLo3A57IGONBZzPQm93XqEs2H8mzQD4ZAYHuzYzgTYmA0B5krJHEZbN8BOYT58X4/+53vzv1fb9zqHu/XoCXSA/RMCvKh3FuoIdn1LOe9SwHqKmfkZ3zzCcAGnPO3nsW0WIukgtFlXYcEt/73vcceGMuTzl4O1XPUYujSCJtMyDXTxI6/cKzgygLv1v0hPswQISyFtQuKGaW4G5riGsQxQKIkhPC1i/FbBaA9DcDnzACkj3Fg/fep9e/7vVONpBEpvHahBYsWvQMACAYqVi3AI8UgERhrBh6iC9NhnW3GC+942p99jv/qZWrH1G+mtNYe1RhEKnlxaonsdoYMl5ePnxnDIK6NNcfUaHmaf8d9tGH3/J+JxVaCHNO+QaOd25du3XqwWMeNgMga667QZ9805sVrJnQvHaiYLKhvCuKRzvXAhBc7hhfvR626zxUNxKA0BcbsxngcEcRCcgc7Or4dbjpWeOsO6meS6YAJEUqU/UaMLC6bKtcG4UjP1UJiykJmOs86FIDwMfrDNCI2NF39SjcfzzBXs6BD4oATrZb7rNStaLc4kXaaqdl2nXPPbTLns/SDnvsJg0PkoHqDGKAiz9VI2fd/rGH38b02ey+WOhr0aeLTuXk1MO8fKBG2FZENCvw9fuHl+u3t16jH1/5U9320B1KRnzVqPZZ8hV5ieoNKgEXVA6LqrQKGikNavLh1dp1yQ56/fEn6/C9DnZ0yKgRaaBYVavRVrWSvkRnauvM3PTFbAVDSb0I06rnPpLOvMDvuU/vff6LVEVSeKKhql/UmtExBZWiE72I4kQh0dJcTju+7MU66AXP154H7avinCG1i76KA1XXL0RViKiQ21HoyKdvzr1sKgDB8MCgw+NJbgUvdDMI1nkGdXJvjF9PgjpGENK/ZsyYl581PJMAxDzDltxrKlj99pclJFtyq9Uw4T4x2EhQPu+886bkdekTaprA2z/wwAOd13e6zTzpVvjutttumyqA2H3sa1/7Wmfk0ZfMLdrViyozC0DW9hz9asUeof9YsnQvA90MV8bvec97nr7yla84Glb39ucKQDDSmUNEKJg7GOg2/yw6+frXv14f/ehHXXTS5hF9lo02ZCODfM735NEwNw3cWHTFmVwdYYVzzjnHRXYAEuYcMMD3RBGQJwIgjC+AHXoi+ScoYgFQTK6Y++Q5QBs/9rGP6c1vfvMU5bEfhs8sAJnuCZZ+3zcAaUzU9C+f/Red8JcnuJDYBJVpq1WnTf903hKtD0Barba8AlWsIzWSlsIk1Oe/9xWde/WPVCj7mmiNqjCYV61dcxGQRhIrBK34gfPkFxKqYxc1lFRVbuSVH5e+ffr/aMSrKmhJxThwXPVCdX0EYos7y90MHlup97/y1Vp52x3a2i8rGJtQhcgC2sBukClwCIBK1E75Luts3fzPjY2A9AtAsrhgyiTPABCjaUX5NMpkAIQ4ENQZ+5vGo9jjQGDnpIaBiPoYWWvqswg6SVow0JGuAIB+kEY44sjJ6CJ9W2+35Q+X1Wq33efU7kgKeT2w8jHlqxWNLFygPfZ6tg44+CAt3XcfLdpmK+XmzcdqVK02Ib9cUlAuK1csqBlHaoWhyn6gYiZP6um8Vp70e+sCIIx9vVF3tLhCEXpR5GhtjVxda6JR/fw3l+s7P/6e7nr8XuXnV7SqNarJqKHiAGPcUiEuqBwX5LUSDXtlVcK8th1Zoje94nXaZ6dnKx/6GshXnShE3tUGmbktlRleuzlAHcdqTtZVrlQ19vgqN99X33SLPvWSl2vhwBwVYk++fI01m/LnDOrhsTWKPF+77Lqr9j3oQB36pr9SddF8R7VqJKFYR1SYd2uEKGJnTQXkfGymrPCmAhCMNIwIHFlQGzBEjCqS7V0MDIwESzClWBrRD6s/YBQPo43MJADB6DBaDfdJHRAiCL0Ur3rNCJ7RZuibx5Z75DPoIEgRIylqXmw+BxBY7gBc9+k2yw3Ba0w1bgq44antfpZzHmpX4B2Hy4/xiEe6V3X0WQCyttetCOHpp5/u6nnQr3jzu/vXaDl48wHW5PZgVPcaB3M8/SlHQHq1G3BAjgdADGU2A9IGaFmnzLGTTz5Z0NmgKzEvjc5lgJ7eNSlqjiUSSo4RFCzWHP/pY6PDcZ3jjjvO1cvh/LSNfmYtWcRwUwFIliJG3Rfuz1TQaKflgtAGIq8o71GLxFTDplufswBkuh7aSABC7sIF51/gJsKz93q2e3mSA+Hn180B6e+yfz57QcJJDV+M4vR/K2w7OocDH0GiO+6+Q3//P1/QnbUHlPNj1cOa/LKvZtJSPWq6CtYRBrCfT6lEUUuD+aqCek5DUVneaKx/+tCndcD2e8trxU6JJ2qgjtQbgGQ96C4BrTapH/zH6frBGV/VwnqsgXpLRYqTwSV3hocnj7oGCTKmMwtAwlzsSFjTbS43KLPbFO3KckA6UQxHkensmI2AmJfYGVGd86R1GmwidwBLCrnWAStAZPqd/dsUtwOIeJ6ox9wAgFRJCA800WoorORVpwIrEYxS0QGPQ557pJbusJ123GUXbbX9dirMnycRFYE3T04Oib3QWkjkdddJr0VPl5QTGRuz2wz0QCchf52IGaC63XZiABQfBGSunFjp1LDWhBP66W9/rvN/cZHun3hEq9pjQr3MrwROQIPk96HigJJWpHIcqBIVFNQS/cUBz9Vrj32ldpy7nYIkp7ARqVSeWQqWAyAuv6fTLx1wMLFmTIPVqmqjY6pWBnTbDy/S99/1XtXHJlUplFUPI7UKBT3YrKm4aIH2OOAAveDoo7XnIQdLi+a4eRsD4AuBm5eAdPe8SHIu+gr9MM3+2LxtUwGIcatv9XFK2QAAIABJREFUuukm51WlCjhbt+FjHmeTlqVKshUU49q2vyWvzyQAwUDEO4oRijH1xS9+0VGw+olMcC/IsrKhRoRRb7K6tJWoDxQs1JUsZ8AS8VEwwtvbCxx0jxb3b9Wp6SOiQ/RRLwMSo41aDShikSTNdXvVXJgFIGt7GaOaviRRGe8++TpEqrq93/xt8rwY10i3Ysz2SvJ3byanLBe4703Zjc8MhPdSVbP18VRQsDb0VKAmD8AKypRFJY0uZdE01gf3jkgEtCxbL6wH5hv70a/8J0eGKCDgwwC4RUVMCpdq8ySmUwMkS82ivywXY1MAiK0RxpN74bpcA+eIRam4Bp/zk3WMqhm1efplL8wCkP7eL31HQMZXr9GVV1yhOE5cAla1U4QwWwekv0v+ee0Vy6RwKWftzGjnaQV8oL4T5hP99PLLdPqFX9fq4qSaYUPVwbJWTax28qq1Zt1FHWJe+xQMw/uetDRYqCpc3dBwUnUg5KWHHq23vuIU5RqhhvyqEmRCB1A7Wncz5ZFsODOZmNDdv71OH3vTWzSwclRLvLwKjZYKJIK5/56rbYBB3HwyAEgfFCx28TuW4zoJ6R1PrMsRMVusQxPLRjygpGT/ZteIPIyMMQU4sW2dfT1ATTqSbS/ngEdSKikYHNSq+qQDIxSRfHxiXHO23VKLAdn77asDn3OIdtx1F/koVpWLrm4HrWzhCatU5OVTgNhst9Rst1UdqKYyyeTaKBUqKBPG7REB6SeM++e1Up781q4XqSMXC48Zif0WHXHpWolW10YlopFeXT/69c/0X98/UxN+U81CpEcmVipfKapYLihst1NwXm+roqKLglRbBb36Ra/QsYe+SFtUF6hKVNFJH8/cZveSnffM3zUrH9ecgSE1apMafXyVzjztE2pf9gutWrFKi7bYUo/VaqpXSvKXLtKBx7xIzz/+eC3acUfF1CEaKDq6lVOyStIimWUHnNKaQDwL0DnwOkBtc+5mUwEI18SwZ/5Dp0K9yLz52fZYgjUGAYnpePcx0G3dWATYKBsY1jjHrAaCeSqnM+y4JgpJeG85pxmFGO3GX6eY3B/+8AdHcepngyFAFIM6Eocffri7P+6ZDdlW/tMugIBVmCbiAr+fIov91lKgfVZ4DklRvM+95HoxkKGwICmK8QdgwZPd693CZ/2oYFlfGbfejMh++mdj9uG8jPHmqGCRx4Hksc2VbhWsXjkgtJEcJY4hn4OEc/q2+xmEYWz5ECg2ESWgAOSG1KAMgDg6cEdS1gCI9WWv/uG6fywAwtxlvpLbgiFu7TVQYDlcJt4AXZI1Q/0Q1sFhhx3m6oj8+te/dveA88GKZwJMmJ/MZe6feWk5GG9961tdjREADJ9b/9jatpycDcnwboiCZTK7zAP24dnBmoQKZo4PA5sW8SEKhuOg3/e2ARCeKyhpZfOHTOabBHcAa7/n3Jh18+eyb98AJGw0dcmPL9E3zjxTZ575DRU7RY9QT3k6byERELyTMQUBU+WVOMhptDWhhh/q0YlVOuv8c3T2VReoOZIoR3Knh1ecPAJqFoSO8pPzAuU8POTQsVqqBkVVk5KKTU/FWk6H73aQPvLmD8ivxxrKVeS1cyoPVvvq2qTVVP2Rx/TFD52mm867SHvO30KTDz6sqk/kwwBI6pGHDjbdtjEULGIFKKGlD1PPqfi4RPcuioeLXGAkOtdrmvfhiusBTPIp3cIlpMcxGkT4ceXxz/NSOU6u0aGU2WL2q1WFSZKGdTsV4PEslwpFt3+7mapdBINlReVAk82GJtqhGrlEbd9XbmBAA/Pna8l222qbHXfU3CWLtedhB2pgaFiVoUFXoZze8qpl1zaSedNaLIyn08tyWwp2KHqX1k4w/3KSxPI97mFz/c3Tjdgz4/tswMDdMTS8drur1k2qWoZkLRTJSTU1rrp+8b9X6Ts/+p5uuOtmeXOKCv1ErVzLFTVEnKCYR/kqpyKlwVe3tWVhvj7yNx/QAcv2UdDMabg07OaShe7NkNvUnjdDxkXxOnMImiGFAHNRrNHHVmr88dX6yGtO1tIH7lchKKkexWqVS3req0/SPi87Wgv33EONYkF1Kr7nCxo2RcIMmE/7iY5K3Hmp8ZFDFGEz5qTlnuHtvOCCC9wleHFjDPNSx1jBSdVLhpfvABf8pH4Aalh2vmxf8pnVVUBaFCoMBl53MUCOYV+Us6hFgPFizwf62KgdGDzGH89ehzZffPHFOvHEEx0g4FxmfJgXm2dblps+3ZhjUPFM4t5QCOJeMdKgX2FUUaDRJFmt6jrXhiZ10EEHbdB7nr0u57ekcu4B+g+GnoGkKYDbUSPaZZddHIijj4za1n0fljzvFPuCwNUPQaa2V1SFsbn//vunjO9+QdN0fderTbSLHBmL+hilx8YEhbJeRS/pH9oFMINCY95rDED+M1cYI3IXem1E1aCrfeLjH9ffffKT7lzmFXfP/Y6alOXvMIcwZBnLXv3BPKJNJKozH8z7zn3xO21invZKdKYPMN6hJJkQDceZiAFzHiANVXGmN4vKMN5E0Yji0fcW3TNDP33UEIlOozv8vnDhQpefZWOXpWUZkDFAaP1J37EOGBtAjIFQ+2mRFNufYoEPPvjgerfN94wNeR5G3aJtveYzfcv48T3zn3VpkRiOxbmBEheRkn42c2QgLwzwZ3xZp/w0OiaRtTPOOKPnM62fazwd9ukbgPACO+ub39K//tsXdPnll6eGGaGwyvpe+qdDx9g9hEoNnBSAQGOC4iCtaU0oLOR00/3L9YWvfFE3rbpdjUFUbNLiZSgqReR+kPjpebgdUyM2F6uphkpeXuUkr1LTU7nhadmc7fTxd3xEWw8tViUsqIwZXuzP69psNlQMI/3ojK/re//wL1rQjDXQDlVE1tMBEDBRGi0g76GfrV8VrKbaLgk4fXmlid4kz3YDEJJfjXPiHhyd3A/3uzNIWo7ShxJQJVd0D3f6Dy8u+zouOxxScjO4p8DXismaKPCAYlCQzzvQ4WqgtFsujyPIpx6OR2tjGo1bmrtwgbZYupXmL12i+Vtuqd323suBjgVbbqk8iZ+lohxfCloVRhvyZr7v7s9VxUYpqwNAiOaksKJTcT6XrGvTdSpwQ+0CrMxum98D6wEQok1tat9kJND4fYotiZoZIKStukJdftNV+vYPz9YDax5RI9fSauR5i+T6oE3boQE1Iw17VRXHEu2z1R563cterf132lsD7crUi8KMaEuE3KQ7S9IcEAMg7hYA8SyTekteO9Jvr/y1/vNDH9K8P/xBg0NzNIrizbw5+tR/fUmlvXdXNFDUo42GVCypki9rmLXSzYZ0SD8FIOkalKNnbY4KlhkfJ510kgMg5tXFsLXIBMYw74lem9VGoBjhO9/5Tt16663r7WbeVTykGPHvete73DOGSEH3xnhgeFP1OVtbxHjcPBMAKL0MO4woZHGhg2FoYJxgJGa53lnKVz9jjZFBX+A1/eAHPzhlQJHDQt4Lyc30U9aQwlOMjCoAoR+PKG0yr7FFWFAiorozWzZJ1+RfMY4xejYEnjcFgBiA6gXu+umr6fZhbBmjLADpTgQ/5JBDetYBoX/oY+YYieHmzGI+8DvjDMCCnta90Rf0E/OPqBS5HZYDkjVgDczwk7GlmjfnBaD1mqcAD3IJOBftMEOd3/sFIAYILHLIcRjOABCUqGZ6o79pN+uDNc28JppBH1qtEQNC5oSg31iLfG7F++xe7bgsoGTOG+BHlQqhBiq7M+5stgY5hmta1IXjiDhBkeveugGISXv36p/77rtPRMp4JgEgTYqZ69J+rsf6BeD1sz4tugUAIcphBUMtwsJ9zAKQjUhC58V19re+rY/+34/p2muvcwagWzR9GskzvSieqvP1AiARACScUD0IdeEVl+jf/ut0Tcxpa7LcVA6wYXUkOkZG6iJP6Vsxqli5hvw4p2LkqRL6qrbz2sKfq/e/4d06ctdDFDSlqreW4jPdvVLcrpJId1/+a53+tx9U/Y67tc3gkDRZS2kXnRog2CFhH/iD5mbpTE90/dBL5BUDF4FwCeDI3RGN6FGN3LwPRAoAEVZXg/5xCz6fd/VPvMh3YAIjKSGCUAimahO0otDV5CBq4g0Nq5WkFCiSkevNphqtlkbmzdHA8JDyxaK23X477bzP3lq43bYamTdXC7ZYpMr8+SnYoEP4SR4TEn9xqLhAYbaUo+uAQ2csraTjVNTD/eKsO4vnqI2B6IAI50ir2SugZkUPObPpBnX2+/V6oFemEfOmO74E+E+9Y+laRLlsIqxrPK7ript+o2/+4Czd/ci9ys0JVMs3nFpd02u7uiJECJDDrtR95VfHOuxZB+lT7zpNC1rDzljIUiuyfOF+Xkrr3FAXAHHgKokVkGdWbympNXT657+gH3/5q3pWqyUvKKiZy2k0yGmnIw7Re7/wWUULRjRBPRT0+luhtihWphLNbflZ3Rv+NsPJCYdsRgTEkqwNgBidhPOb8hOey17F4cxzj8EKxQWaEp5FzpHdeLcAVAAV5GBgZEJX6pWHYRGAvffee0qhB8PBEsBp04YACPthWGAoYNiYsWFUV7fKGSsrCNrHujRjA0AAAGGjjSjpIDdquR8Gsjg3fQkFhO96RXm6L5v1KLsobxC4iAT9ZUahRTKgkUBjweABhNC3vQDDhgBIr1tmHPAs01+ABKtI30f3bNQunJt2Ef0yD7jNN1tzeMtJ6u/e7P4BrwAQayvjw/hiVJI7A7WmFwDheowRScoUJQQoZ6Nr9j1ABeCIp3vPPfd0fY3nv3tjP4xgxAaIClhhPKOYMW7TRUCOP/74KZUpzm8J2byvoJlBa+xeSxvV4T12tggeAIQ+I1JHfy5fvtyBLQMYVrjQ8rw4lalkZSlIJjDBfXNO+tjOQ/sBjIwp/ZWdp7YOOVcWgCxbtmxaAGKRh6xjIXurzBVojCS8W4TJ1L6Y64wp7QKw9gO2jYJlAMSKi1r0dxaApL3fdwSkNVnX9ddepw9+6FSde+65LgKygEX2NGeXYJSk9KFOFAFJ3SDRuBp6cOIxnXHW1/SjKy9Ve6E0VqD4n+f+m8HqCoulXe2M1ciL1aBIWjtSvi1V47yGo6LmJgN69fP/Uq990asU1KShoCofdaY+Nlc8bLymwsOP68vv/4iuueB87VAdUQC/nZGakvnMKe7U2Hii0zq8lOHUP9G+EbZMIQ25YuwZT7M7zdUPfAcIAB2OckH4mL7sJBADSlAywpDKF4Zcon9KpfFUj9suGjROPg3UrHyaYPtovaGBuXO1ZMsttWSrpZqzYJ6CUlF77LWndtl9d4WKVa5WVFi0WCqmXHiFbQdYiFKVqHDryPHQ5tLK2+0EighF6NJCcEicugdsJ9vd7itNBzIAQrI/KikT7lRQetK6JYlyQVk5v9jHKM7uMl0PrJN83tm5l6w0Asr0P4pROcIbXk61VlNRMaexpK6LLv+JzvrB2bp/8iEl8zy1C5HGcw0XFQkKgeLJlqNFLi0sULnh669e9Eq96fDXuBePowP6/pRmvdEANvqlnwEg5hNw86UVyQ+l9qpRnfWN/9HyS36q1tXXKMgXlR8a1Hje062rH9VPb79ZWjhXE+Q3uahjooGA2uWdB3vnp6OpGPjofIkK1kYDps75zAjkvHgqqTGRfamblxlD+KqrrlpvSK3AnnmnjXttFbztAPNQv/GNb3SGOYaKGWrdJ8UYwUAwlSczVAyAYOBsCIBgZACAMEIBOGa896t41WvOmpfTIiAYu3hoTzjhBCGXSxSH61pkgvZyj3hgLZo03VqwKBTHGpXFKC8YgObFNboS12NMSCaGRrIhmg/9nqVgQcPq3syzDK/fKHfc84YSr6e7lw19byCL/gOAsJkX27z/tJc8m14ULAAs7aKGxJe+9CX3HGdOMJc4D/1Ev0PR6t7MW89PgDJ5IoDH7o3rcx4iaNAEOS/X6UXBYj/aTbTLauDwN/fHXKD/+gEgWTqgFTrkmgBp8oj6AbAbMyZWm8aeddwHOTHYgUQPuRf6lO8dlTpDxbIoX9ZJkaVB2Ziw36mnnuqqjpNDlc3FsraaE4CftMnmNhGQJ6JgMU8tKskxvfqH81133XUOaCI7nL0faHgARhLryfEhKX26LQtAAKasR6PvzVKw1vZe3wDk8UcfU6vR1Cc/9Sl95tOf1spVj2uHZcumajA8XXEIFA6MS68DQCKltT0mvZZuevB3+sev/KvuXvGAJgabWuOjj53qzDglJhdWRCWso4NJciiyvIVQSaOtoBVrICloWCVV6oGev+cRevfJb1e5WdBIflDFPpV3SK5e9eAjWlQd0S8++2/6zj99TguDvMoxeRS0v5N1kVD5ePqcHTeW3QCkM8DdXuhWLlKO2hlw8TucWFdro1M52vYHNORLyN2mIIWfrpBcbUJt8mRQjEKRoh2p3vJcYbnBkRFVR4ac8YiyT75adnU39j/4IC1asliTnLM6oKE5IxocGXYyuEQzyB+hSBuVx1UoKMkFCj0UyFJmGNXHATzuhYmUr3uJp4CC8UUtyMulxQndyMHLt0ryHSBCFCwbAXGku05ldTzZCb9Hofz8oHL50no6Yd3rpRe9aLqH3DPx+ymhAgMgnZymbDHLKEE6Oyc/9uUjfw0MR7I3bmsiaSgq5HTpFT/TmRd/Sw9GK9QqxlrjTbrq6YgVINk8GBW1IDeoeFVDI42y/umNn9D+++2vZqOpSqmiOIynFFMc2CT618lv6mtcekZAEtXHJlSm+vhkU6seflQTy+/Q6W/8a5WLZU0AwKtlTY5U9bVf/FRasiCV28XT6BExXJc4SXPWAWidvKxCjuyqTXtim8HEz1e96lVOpca8m2Y0QL8gYmH5Idn+AChAq4AyxU8SUgEZqOtkN6Nc4KGG/kKi6IZUqDAeMIIAIBgK9vI39aknAiDsixIPnk9qAZBLYQnwUxGjjZQstiRTKDkAGwyPq6++2kUgyAPBADKZVwwTqCbIElPsjL7bGHBIfxotDcMQuhoeaqOi0QemuoQRj5cXg71XknSvCEgvAMJ4cy6KtxkAMSWovuZ+nztlAQhGH3+bUpIBVO6D2hvMw+6NuYAhSd4CXHtTGzMAgrFMHhKe7e6N7yxaB50KoPLZz352nUKPNk60hWgXBjRiBdtvv33POzTjnDpqjJtFBwAgBuCmAyCA2Gx0jnNyHo4HgGDAbygBvs9uX283qxLOFyaTSxuoCwKghbYEAOCebMyYD6a0ZnVwON4AAGCffRgLEtahriEyYWvHwKYVMcw2imvQDgMg/URAHDUb+fINABDWCX3PcwCgyfph3M0RwTMGRTxACqIY0232DEJyGwBiBUCtf2YjIGkP9g1AWIztekOvOelVetfb36HDjjpCIbYsHkMmFomQzpWX42043fj82XyPlz41RNG0jJ0C1uPNUakS6KxfnqevX/AtTeSaahRJbm6td1/uSEfjoRhYoqYXqVaMVQwTVaKcKpGnEnU/mr62HtxKn3jHadq6ukTDqmoAg7qPrVZvqlWb1JxSVVeedY5O/9gnNNyK0jyQVlv5OFTeeeR9RUqVuGiT1wEJbaIN62zIdgadKuWd6ICXU6PVdJEDp0bcARteIc13AUQw/IgSuByYjgSoy5lR4qrB15VTUCh0lHriNKE78LV02621eKulKpZLLmcmn6u66NrOu+6iHXbaUYNzRhyYIBoC9c8pr5HoVs4r8jvRBs9L76tDiMraV9DCNtpDPU2/U6hwrbJX4uROoYc1G3WtevgReRMNbbtoiTQwR618QTHe92ZdA9WyolZbFSSs6ZscxQ5BOMj1zlK1+pjum7SLM5w7+U/MR15g5177Y33zyvN02313KFhYVaMYaTycdEZ7MfE0EBc0QFLQqoaO3+8FetNrT9FgbkAjhRFF46EGimWX3kVBzMjjydBW0SPStmnG/RTPmRwkCiuGkR6/+TZ94bVvVPjoCs2vVLVyvKbRakVf//VVqs+fK28QKmEkP2orAOA/BRsvZfMMwwknidvyEXjR42kncRxaSvdm95j9SRQFA50ohdF5+J7E6Ve/+tXOY59NXu0+J4YmFA7agYEAiLCkeBJ+oXWQk9KLOoGhgdEDBxwgcs011zhwsDkREAwvjBTaToIs90KtDjzGnN/6ivvAyAHIUYCQbXMNeYAcEqd4ca2YmvHw8eBC9SKhdkMAhHViNBG83BhPgKbsBnDEED7iiCPceezZOtMREDPYGdsbbrjBRTmQL7YcCKI4VKqGroPoQfdmUQyoU0S5iD7RXjOooUvB6bcq191GrknxWlI1akbXX3+9875zDtoB+GN+kQjPnLPCmr1kjpkHzFXGBoEGwLftTwE/ohfcx4aiUxj5559/vmsDBryBFtoA5ZFaNcz3mRYEMMpld//wN/fEGmLN0S7aR8SBiB9tZD0DMro35iEFAJmLfG8Ru25a64ZEJ6xqOuMA/Y7EeABEdsPo5zpHHXWUa6fRQ3vNU4vIcg7Wz8033+wAi61H2rHXXnu53JReY7uh5xxriLnH2Nl8wvbiuUDSO3NwYxwOT8Hj/Sm9RN8ApDZZEz7h5x12uF77ytfozW97i2KoNy7pWi55MnB2lOOgPKU38WReDEnVlE6TusKhZK1uj2vUn9S/fesM/fDXP5U3VNCk31Lor19lHMPSEjN5uDdzsWqFWOVYqkRSOfJUjH3FtViVdlWnvf1jOmL3Q5Sf9DRMWLOPmwspvlab1EBQ1IqbbtM/vu9UPXDjTZrn51VsUw8kkgd4imLV22kbsxQpKoGv83AhQbJcdTQpkr7baNnHUQoCXO0NoyxJD695UJV8RYuXLHGRiKCQd8cgB5rW6Ujnx9Y77KjnPPcFqlSr7jwuwT7wVGvUtWDJFlq0xRbKIXdLW4jiYiwyj5I4DWsPVNLwhaNLpRGUVhK5nxZ52dBCdmCri2PeR7c+4S5cG9zgktHJ7/Vi108rVzymr/77F3XXdTfrg299u3Y/9EhFjGNFmojSnYmJkeseTAEQPgeAPL1r6mxun2/O8aZkZC8fXowPxKt03rU/0dfP+aYmim01y7FTzYq8SGGtoXwoza0MaSDMa2B1rFcce5JOesmJGs4NS5OJBgolYhUu6d25JnIAfeh2/aza9e8m6x0zo+fxW5brMye8SvX77tdWI3O1ZrKh0UpFZ/ziF/K320qTfqxKuSA1664I5pO90UYMdDMArGgYa8y8fhZB6FXPwvjV2Xba8zGbXGzUoix3nM96nRNDxyhapmJjSa0YDqZm0yuBHa8t92DeVAyRzc1ncBTTDlWP89lziWtY3od9b5Qiix6ZOtamjiPGsZ3bnosY8BhNlljL2PXyLNOGLDCkrayT7j43CpABUdq8IUNzU++D4yzp2+RSjVpn84V96FOXr9cjSoVRzFha7oeNsXuVd9TB6K9e88I5XKEwd94bnMOiDTZPrR02321NWG5D971b1MsMd35mBS24T+4ZY7z7frJznO9svti5zLi2Ct+b0+/dxxrgy37OZ/ZMdY/ATj/RBwBWIpYGZnu1BecE9wsgM8dAdm3YPOzlNKDPzJg3kO1smq45YM8Q9qVfWQNcsxf4Zh/aDngzemMWXBtA6Qd80BaTbGZ/zmvPc1tPNv94/iBK8Ezd+gYgE5M1FfxAxx1zrI58zqF6/4c/lBqApbwzNJ8JAATaDrKdzVyo5Svv1Ke//Fnd8MByDS2Zq8fra9x3621dAKSVizXhRwJaVBNPxUgqAEDqicLHI/3NK07RXx/7RvktaaRQ7suUGZ+cVLvV0mAu0ORDj+n0T/+jrrnkUhXbkYJ2qELga7BSkZ/Pa6LRcA8LqGHI5kKVQkVrHQCinJqepwWLFrr8ipE5c1zeRZk6F46qRBQkNbIihZo3f5622347Ld5yS1UGBzoRilQNbIr35Oflk4dBwrdTmMICJ5KRKk05cBe21XLtLbmHF2CGiEpIkqWBH7BJR8LX5eV0Hjr2srWXS7eBM9NeBgdAkBDu0LPwgtcbDcVhW1//4hm64Mzv6Mh999erTvkbbb///qonbamSd9LMxXygIE4yEZBZAPJkP4CNImjGivNKxxO68ZHf6weXXqRf3nq17p94VOWFA5oIayKLK6+c8jlP1ShQaUVbCwYX6MPv/LD22GYPDXtDbt06gmWHYcla8KFCbcZmnlXLN2ne+4DOOOVtuus312gYJTsvUG1wSMe+/3167htfq0mf6sAF5VpN+U9RBIS+wwDKekYNgBjdxzyO3V1hACS7Xq12h42NGZpmhGQN0F7GgwE3S8g1KpF7hgTBVH2PXsYM+3AdMx7N67k5zwtTDDIjwzmems2p6s3GAaedWcBhBvLmXJtz22aGslF8TJlnQw4ZizLxPf3B8fSfUdGyY2m5fkb/4f5m2vNuhqDNteycsbwjA00Y7b0MZwNLNj9t/tlc2xBwsjnFftybybhan9r1jRZmRripQfUCyhZVc3mPHYBq4MXmqY1V973QBq5p42tUNPYzFSzrp36SpDfmEWXrsfsYWztZqqLlgNkzgp+91qzlhHBOkyO2/ey8dm+92so+3K+Nf3Zu2P7WFqNi2j692pONeBoQtDHib65jNXf6cWZmQZsTSukUm7RnFOfgvFy3V4RoY8bnz3nfvgEIykN42f/v+0/V3IEhffTjp+ErlFcuirSCpysAwRGPgcF/6FitXOiqKf/kusv0uTP/XSviUQ1sMazHJ0cV95KO6gYgilXzQlUwbOSpQIXiKKdc6CtZk+iw3Z/j6oHMD0Y0x6+kEqPTbI2wJQr1Pf7QI7rjhpv1g//+lh69+z4tHBrRYKGkhQsXaKulS7V06620wy7LHBo3nWu3mKx+gF0nl9N9jz6i+QsWqLJokVStpBGJOrK3dEbH6uL3SrETAoikVlstaFpTSd2dGgfkwgQF5SuD6bEmBwqtq9lwilfZh0K7HTq6jKsxg7enU1cE8GOhKWPzAAAgAElEQVSULnIBBvzCVHHDtU1PIyJP9tbMABA37LnUiKEGyW8v+4W++k//qgd/d6dec8qb9aq/fZdacVPBSNXlsxSRDQY8IUpA3olLGSICMivX+2SNm3kzswmQE7k2VX5004O36qvn/o9+dsMvVVo0oNWtUZUGSarFkzWuQkua3yoqrEU68egT9ZcvPEHbDG+tskrKxxAbO6iYYdw8/DGlEc96cBGFFav0ub86RY/edIsKeOcrA3o4irTPa16lN/3zpxQFUoh8LxSsPkUrNqePefHj3TNvvvHqLeLAy9a41huqhcD1s0aweSrN8DDDIbtP1pDsbj8UEDPkswaieaw574aMY4tQmCFgxlTWkN/Y/jKPO23JCheY19gMRAMiWdoT4745HH6uaSAqm8uSBUMApF4Gu3mVzSg0A6+bjsZ5zWiydTXTic+0gYiBjZ3di80Ju5/sc797nMxrbQaj1d4ww8+M+A31txmL5hk350D3u8YAgI1nL/DBMVyffS1yko0aGNDb0Dy1BGYD1WZUW5tSp2LvBOuNnb/97M+9dAN8i7BxDxalsXZ2n9M+5xy2Liw6bWO8ofc4+9v6NIqU5exkr8Px9LfNTXNC9RpvIjFEK+z5YeNh4MvEKfqlGXIt1o85T+webczNGcDfm7Pe+xmrP+V9+gYgjbCtJIx0+Y9/qttvukXveNc7Fed9FwGBy+8c2s6oenpRsKZq6nlyqkpNhVoVj+rbPzpb37jwW2oPJvIG8lrTGO9NPesCIFRFn1ToigRWPF9BR2ErafmqxGUtDObrY2/9sHZbvKMWB8N9JYuunhhVpVxWLoycis7kqjH5UVp4LMilYX+vkE8jDqSsusgENKbUwBd1O7q2yEc/iwRtQEQasUClaoqC1QEiIcnWU4CEpNc4zdPoqH851avOeXJJRyGs4xEIfN/tD3iiaF8YRo5/Xyjm00S7ToSGfneqVB1x3zQROVE5IY9ibcPtpfRHASCK1XDFpcq674ab9fnTPqW7b7xFi7fZXh/89Ke01W7L5M8dUq09qVK55FTGAC6sHXKp6MJCbhaAPFkPS6Ms2IuR6zSiUA3WdBDp5vuX64xzvqblD9+hml9XI2iqmTTVipoaKVc1LyqpEOfVXt3W377+3XrefkdpbjCiYlJwIAQ6Hvnw3mYInmU9zUbjyY/X9Q+vfKPWLF+u5oMPOo73vfVJHfnmU/SKD75PjVKgxEtUyCXy8/3VDdrcPjYKBM8VkxI1L595GTfkZe91bYtY8J15qM0AMC+kw3gdj3wvY6b7ZW8eb+P8GxWr+1gz1i2xdyY8+Ra54Vp2fsbWZErNWMwaRNloz+aMTzZh2IynrKGYpWd1XweDH3CEcQmgo0/NYM7ua+c1oJg9/+a0vftYWwNZUMk+9nw3I25DRqFFdAx4mNfd5qittw2BJwCMUftsPtn1rQ12DgPPlj/TC0jYPDfqkuU78LklSW9onjKuBsLZB1BE22zd2drJ0oZmcix6jY19Zn1jczj7DOgVPXNv746sdXYO9TLEe73LbVxtHprzo3vfbITGnh0beoZkx8RAtY2PRbVsPfTTrwasbM7Z2Nm5rM+ytMB+zvt026dvADJap6aE1Fw9rtM+cKq++J9nuIrg5IHEQaqqglHlakjMMN/+j9npUTsthEfiNfkfk2ppdTymk9/5elf3Y41XU1KSJsOWM+hTGd7cBnXjoau1FKmY85TPra1OPDnR0kBuwBU8O3r/5+lvX/8OLdGQqxfSK7yY7ROkY6GHUWyQSBQ/w1aosIkyFcnZKdggohAU+3PRcj63ZaoqO+9xV5VloEu3MhZAgUiFbRzjUuCnpGzTg3D8I1nbuczU/hw/dWyP89u3JHGvV3itx2SZrv82ZX6tFwEBHkFNmcTLVdRXP/4Z/fe/n65KZUBveNtbddIpr5fmVKWBiovoIIXqHsQAkE7ABsrP7PbU9UC7HauFpGPSUs1v6LLrr9D/XPhtPTT5qJKhnB6rrdRYc1QL589TUAtVSAoqNPPads7W+uR7P655wVwtKM2T12ZRJ66GR6HaQZObcBv2wrQXqXtZTrb1j6/+P7r3qqs0WG8oQFK4VNB+J79KJ5/2UY2CfPKeKgWiiJuBfjahvbOHzPbAbA/M9sBsD8z2wKb2QN8AZKLdUC5K1B6r6bgXHqNLf/YzCWOWCIjzVKOclBqE/tMKgKQ1BKHJtBSqlmvo0eZK/c2H3qYV8WpNFltSWWqGSMlOD0BcNW+8YX5OgZOAJZkLrnJRrTVtVRpFvWCfI/Tu171NOxe3VNAHAAkBIEQJEsZgrXRsHKfKW2EMIHAJEyr0oazlSmMkRB3WBRdTwDJjJ6PWazVP1oKGXoW71qa9dxRv3fl9f3193+4ihtnJvQ7Y6bM42FMCQHKxqxvSrtdVLFZ06de/pf/4zD+pNTqhA5/zHP3Nh96nRfs+S82oqaCM5nsqz0yFdaIgbLMaWJv6GNu048IQZSypSX5O0dMDE4/o4l9donMvO1+PtlbIn1vQWDjhdBG8dqxcW8q3Ag0lAzrmOX+hNxz/+rRmT35Q/4+96wCTosq6p3J3T08kg2BAUNeAiqsYUMSs65rT6hrXjIGkKCrqYnYNa845u66LYc26RhRRMJAECZJhcqfK/39edQ3NOEirw6wzW8U33wzd1a9e3aruvufde84pURNiseDXFCEKV/RCMKI25nDdyedgxltvoSdbGX0PKU3BTicdj8PHj0POs0EpbEPTYEQA5JfdCNGroghEEYgiEEWgzSNQNACx4COXzUDNORg6aBchfRYrT4o2LJeyu2zJobIEk8q8vGubn806OKBHZV0laJPJwUFKymDKvG9w7b3XY5m9ElnDRKOTov4sFEVfawVEOHLQYVX4YRA2eMLZ27I9aLaOpBPHwA22woWnDseAxIbQvDy4+wleg+sT/ASGg4UKPKJ9Ki8/KsrYrLroP5bqbF4mpWiw0jTeqhFbqmx5ASt99cjnPQ4KHy2cWuHjP/Yj8AOie35bbeRmpZbC/dZ26Vu7LYskdAI1ofzGOBOAsI0sZ8KQVcz9bApuuPRyLPp2FhKxGM64aDR2O/4oZJ0c4hXl4loQuAkAIqpAPlbZyK3tbKLnWyMCBCC+L8F0LXiKD0t18EPtYkz44FU8+doz8CtkWLqL2nQdyitKYaVMxDwDWk5GV6MTxg67CAPW3xyGqyMhxyA5PmIaTSx/2VYIQDiCaJdJWXjmqlvw8h13orciQbItZA0NPXfbBaMeuhdOiQFbDpYAYhEA+WWBj14VRSCKQBSBKAJtHoGfBUBSqUaUyjrOPuEUnH3mmRiw4w6iDasJgDClYlLW0QAI269kiParRimDWx65Ha9OfA25uAm7xEF1pgYxIwlVIfnqp1uwAj8RikHRvIwOGnQPIAyRIeUUKI1AD6MzLj3zQhy48eCiAIgfApCCikWoIBKQ2AOTNNJlOcfmGyslzRAEICSFV29xau5uLl7j0+k9DyNaGKZpXNkTveqFW8jlWP0xTnR16n1gAhhs4neTu+EvTfV+/fusJRle+oCwscpLZ+HXpnDHtTfgy1ffgVnfgO332wMnXDgcXTftC5/KPIoqVMJcmuTlT1dvA/L8rz/zjjOC7RA0Bi2jNK60JAumbOHbhTNxwwM3Yfqy2Yh1KUFOsWFKNnzLRczXEXN0xC0NW2+0JUaceh466RXQHA0aFJRqsV8FQMQ9nr8PBAk952H+65/g6jNOQ0+P8sCNcEpiWJgwcM87r0Pt0RVSwoBP7pQc1dA6zt0ZnUkUgSgCUQQ6dgSKBiD1VlYYqFUZCdxy5TVCPuyCsRfDj2twwgpIBwUggv+RByANSOP8K0di+rKZcEo9mDELNdkaJBLlok+rGAAie7Lgg8sKndEdIWeccz14KQ9lXhJqnYcjhh6I646/+GcDkOB2DVZEg3V1tmaFpt3COfLHd3TeoK3pCcmHp65OTBcgIEyQC3GEcJouAAKrPVdwKNmHr6zeXBUQ1Fdtq166Ok8lPJfVQIiwX/jvARD6ohBP8YezoIN2xswhHjOQWlmDilgpXnroUbx854PIrqhBtkTDKWNHY98T/oRMNotEWZmg1gctWLxvSELv2B82v7Wzoy0L2yGFzw+lUl0LjW4aWc3CG5Pexp3P3Is6LwW9Ko4aK4VkrASKI0HNAQlHR6VShlOOOAFDtttVABMaSSblWFHKdcXEQgCQrIuaSTMw4pBDsKGmwKyrgRXXsahEx4PvvwevcwXU0gRkmZLBxfG7ijl2tE8UgSgCUQSiCEQRWJcRKBqACO1qOmtrBh6++x5cecWVmPXdLMiGDklXIalKE/E49GZYlxNvq7FXLF2GTl26IOPZSMNGo2JixF8vwJyaucgYuUAxB1lRWVCkYAWyOXeicK6qL8FwZHiUz1R90BfEBls34lDSQCyjAtUmeiQ64b27J0ArKp35qdJDAEhWtWcVI+ybd9crJsgttWC1+LogU28+08JdVz23eia+prz8v5mvh3NtIsFLPlZW16BTVSXq6+qES3b1suW4Z/iFqPt2FuYvW4bNd9wel918A9SuneHGDdhUkZNkqLIaeisWE/Fon7VEIGg3zKu35T1jKBCw6lYN7hzypTwzUFjTNVakfMEHMRUXixqW46F/PIGX3n4NiR5lWOwth5bQoaiK8Nyx0yZ0U8LuW+yE4X8ehg3KeiLh6jDkVS2OTfdzgVICgY44tgDzRdzBORfpaXNw/iFHoJvlwq2rg2+oyHQqwVVPP4b4RutDKitDxnZQmlj3RoSce6hCE6oTUb0mlJkMuSvcryVHZwGq8hzBsOUslEMtVBoKFY4KL/WauFyh5n7oOVCo0sTXh7KdP8cfIfQ4CRV2Cs8rnFNzpS/uU+g3U6hs1dotoNGHQBSBKAJRBNp7BIoGIJ7lBKmw5+O5p5/BFZdfjilTpgiDuNBQLlQv6kgqWKn6egGuXF2GqymYunAmrvj71YKkmtVzyKg5mJIJWVKhFLECSclOup87KmCy71zy4PoS7JSFnoluUOpc9OvcB0fvdyiO3v4AqEUBkPZ+G3aM+TdPQCiV+MTFl+OdBx+DqhlIVFbiuGFnYvCfj4GvKzBjmvBAcW0XnuMiQU+VaPvVEWA7UgC7801+FHsI/ydy/nzi7wKe5QlFMppyep4Ly6fRqAdT8TB19gw8/MyT+Gr+NMgbqGjINSALC3pCF9fMrc+il9YZZx96Cg4ddACUnIsSo2L1+a/WM0jQE9T8WCktCoBYLrKz5mHYHw9Hl4wDJZUSqld1JRJu/MdTiPfrCzeRhCMrMPR1L+PMezw01QuN0UJ330I5ztAnpPnFDD0lCGJCCd/w7xBIUGa0EKisKeEPHw/BCn+H4Cj0JAgVCX+O3GVoblboHxBKzbZ0c4agQ3w9el6TJ0kIWjiXNXlD/OqbPRogikAUgSgC7TQCPwOA2KIFK5fJYvKkz3HBqFH454svolef3gEAkSVh1Mev/HVhSvRfi6/noz7VAMRVAUBen/webn74dqS0nCCg5whAYAp+hVyEkRwrIDFPgSOz59wHvdNJhKWpWSyrQE8Dew7cFccfcgy27bwJlGJWSf9rwYkOXBgBJhq1tbXC0IjJBxOZzBff4Lozz4PruKhPpbHRNlth3N13wC+NwYzr0GMxwUPg8wYrItH26yMgfG0oZhAADQFDWHmgPDbTfpk1jzyjKSxT8CJ4AR+rLpsSiwN+iY5/vvoyHnrhUdSXNcBVfaS8LJR4QDTXXQXO0jT23XoIxp4+GpVyKcq0ClFZaUqaRTtk3ihJFAF/ZgXE8eAvWIqzDjgElfVZ6FkTtF9fIpu4dcLziPXvC1MzIMfiglfWlhvv8eZVCx6fwOSnEnbuE5oEhr4JhdWUQm+AwvNZk7dI6BfB50MwVDiPn6o+tORT0NzbYU3HDW6rQPEvjEW4+FbotxE+15bXJjpWFIEoAlEEfusRKBqAUN0nm0rDypnwXQ8nn3QSxo4di+13HCQqBHS/JgDhl3xHAyBZx4Sl+MjINl6f9B7+/thdSOs55AwbpmoJ8iqTDlnwIX5647onpXVd8h9EmwjNCFUoOQC1Ng7Z7QAce+CR2KCqJ7rQByQCIGsL6W/m+TCJCltFxMrsgqW44sTTsWD2HGH6oVaU4txxY7H5nrvBKzHgKCo8utjSEbVt88ffTNxaeyKiAtKCIpzowcobaAotCMuG5NkBQHBcsXrtq7IQ1Uh5NuSEgfkrFuGVj17HEx8+CSmhivaseisFWZWg+xrkOge9413wl0OOxx6/3x1dlM4Qrkh5bpCQtCbHp+AkQ1+coi43265+WIrzDz0K2sIV0FIZyLqCmpiPKx9/AF233gpmogSuoqEkse6NCJlM09iNn/GhgVpokhYa7PFxuqV36dLlR5d22bJlKCsrE68PE/2w8hHuHCbvzb9Hwnao5oPSxTh8DQENK49cBODGsdkKxvm05P5daBoYjhu6TnMsnktYYWlulMbHf/jhB/Tq1Uu4UIcmY2EFp9BUsSN1BbT2+zUaL4pAFIH/zQgUDUD4hZ5rSKF6xQqUl5XhgP32xxlnnIEjjzkasqYKF3BR/6BWvbL2RLy9hNs2bXgKYKoeVjoNePWTt3Dv8w8hzcqH4cBUbbiyA4luyGSrr2UTSQcJ58KIT4Eu6TB8A05tDpt13xjnHH8GBm60Jbyshe7xqv8q0Xpt5xI9v3oEwoQjbPtgcqPXZvDG3Q/gn088g5WLl0CJ6Ri091CcdekY6H16wFIVmD6EE25EQm+dO8rx3YDvkffE4eKA7waSu4FfUYBDkElDdh2WbOHVNmDJsqWoTzWiU68e6LJ+bzS4pgAh8+oX4ZRrTscP1UtQ0bsTlqWrkXNNJIwESsj7SEv4/cZb4+wTzsCWlb+DKpYN+HnAH8qSh/UWqUliuqkCs7ZTth1gRR0uPfZkZL+dDdTUIV4SwxLkcM4t12LToUNg9OiJRstGaXLdc0DCNsOamhpMmzZNJN1Mrgkq2GZUX18v7uUBAwYIV+3mG/dfuHAhVqxYIYRM+NowYQ8BR2VlJbp37/6jhSxeu5YWtzgnVh6/+OIL8d3D4xOEsBrSqVMnMZcQHLU0nx/JkFMYwnVRXV2NxYsXC/Dy4YcfigW3wo3ne9RRR2HIkCHo3bs3unbtin79+gnQUlpaKsbgOXK/DrUot7Z7Nno+ikAUgSgCRUTgZwEQujw7XDX0gavGj8cGG2yAk087VTg7K7om3LZtx+5Q/a6u4yHn23A1CSv8etzwwC34aNpnaFSyMDUbjs42Kq6k0iRs7QCES7P8YlQIPnwdsgn0KusONDj4yxEnYa8dhqBcLYFkuajQk1H9o4ib+Le0S9i7HlZD5IyD1FczcN3Fl2HGpMno3asnbF3GWZdeiM323xt0VEeC7ugeSvgeirZfFIHCJLImlxLcNMrSsvYg4ACpF64vuDYCIBCBZDLA4sX4dupXeO/d9zDxs8+QsS0cdOQROOz44yCVxmHTKLOTgScnv4A7Hr4bKdWEUyLBlB3xWWe4NCaMC1nekaefhwM22wc6VCHJ6/F9zpZL4c8ReCVxkUYsPkhScewuxwXqUnjhulvwzr2PosqX4Ho2lssW+uy+E8beeTukTp1hyXKbcUAymQwmT56Mk046SVRDCgnoTLT5vfDqq6+K5L/5tmTJEhx33HH47rvvRBsWgQIBAz8TCRJYZWDF4s9//jNGjRolvkt4vPLycpHMt0Rs5xzmzJmD/fbbT4zHOfA3wch2222Hv//971h//fVX+14K27I4Bx6DIIP7EzQRbPzrX/8S58hxGxsbRYWFv7mFCwz8m6/lnHj/ETT97ne/wxZbbIHDDz9c/M05h6DoF93Y0YuiCEQRiCLQQSNQPABxPbimJUwG040pvPfuu4KEftElY0UrkaSpMC1TdD6E5e+OEDO2jjdYGZi6i6W5aoy85iIsSC9FRjVF9cPTITwEmNywtWptG1dmfd+D4sqoMiqQcGPILUthvx33wtEHHIkNuqyHuKTDzdkoi8UjALK2gP7Wn8/YwIoG3Hf1tXj/+RdRlUigNt2A/Y87CkePOAduRSmceByKobG1P9p+ZgRa6uFPUVnOJ7Hfgez6MCRFVBQ15MGAD9gNKSyd8hW+evMdfDJxImbNnAXH86HE46L6cdqI87H1PnsIE9KUYmK6Mx+PvPA43vj8PThlMholEz6NRHMOOhkVsGoyGLrDbrj02AsQ9yjJq6BENcCrysUGAUCIgUhUJiiSwkfWcsIEIPUpfPjI03jo4ivRJ5ZENpNCXRxId6/EY++/C4+r7UYMbUEhCluwvvnmG+y2224i2ScAYVJOIEAwUVVVhVmzZrX4PcDKx7bbbtuU1IfgguCDYICJPpN2Vi2GDx+OQw89dDVw0hKZm2CDFZmNN964aT5CtdHzsOWWW+KZZ57Beuut11SRKVTTYrUilUohkUiI406YMAF/+9vfxHdbyEXhOfK4PM9wYSEEIgQfnHdIROdrCLyOP/54nHnmmejWrZsAJ4xLtEURiCIQRSCKwKoIFA9APB+eaYkVRDObw4L583HFlVfgjrvuQklZqaiApLMZJEtLO1S5mauVBCAZ1cKC1GKMuGYMllo1yGo2bNWBr9PHwRcuyMUCENu2oFhAJ7UCCdNAiRPDjWOvwcbd+yIGHbqkCJWdBOWNo7u1XUfANR0otoSvXnoNj119HZZ/NwexuI6u/TfCaeMuRu8hg5GysoiXl4ukNNrWHIGfIgwXEo0JQEj9JqDTPB+q40KyHMDx4NbWYdqXX+LdN9/C9xMno+H7BXAcFzoT+ESCvXBocGwM2ncvHHfWaajcoDca/Qxqkya+mDMV4+++AYvMlZA7xWDCgp1zhOeL22gh5ml4eOxd6N9tA0iOh6Qag2IDukJuRuCX49L7hcwvucgKiOsB6SwmPvoMHrhgHPoYJchl06jRPaR7VOLR/7wLr6xtAQgTfgKQXXfdVSTpTOJD7gUTdSbgawIgK1euxGabbSYSeQKWsA2LlQ8+FvI8ON7OO++M8ePHCzBCnkdFRTOFsfytQgDAdqm+ffs2cTFCsBACELZIcW7hfVJo9sjjEhg999xzuOeeezB//nxxXgQV/CF4CFu4uG+otMU5htWWEJCE9ygBzy233IL9999fAJSfIwEcfQZEEYgiEEXgfyECxQMQmnZlcsKwiyCktqYGJ598Mu6852506tpFAJCcZaG8onyVYV0HiCABSMqzkFFMzE8vxqjrL8IP6aVIKxYcjZbmsvAPKBaAUIFHUyTotgalwUfSjuOCU0Zir+2GwoAO2ZGgK4ExHROoKCdt3zdRzvGhuxLceYvw9Pjr8M6zz6GiNImMAhx4+kn4w/Bz4dJDR1ehGVEL1k9d7ZYASLj6XriqbeVVxVTXhUqJ41QKas7CgunT8dGbb2HKJ5/ghzlzkJR1lOsJKIoKy3FRk04j7XtwEzEM2m8fHHnqSVj/d5vC0gE77mK5VYs7nrsfr0x+C7kSH/V2WhDM4/QAsiSojoKDNh2CEw49Fj0qO0NzZSQkA0YIQHwJDvkFBEcSuSFF3Nv0NDFtfP7os7h35Fj01hKwzAyqVVdUQB5hBaQNAQhnzIT666+/xi677CJOgEk6AUTIdyAAYYsVqwrNt7q6OvTp00c8R95GqJbFZJ5/h4CEiT73OfHEEzFmzBgBatgm1RII4fEJbDbccMMmQMTjhhWQZ599VnA0QhJ5IQjhubDN6o477sATTzwhjkH+RthaFrZXsVLD1xFIcK6FQhMhCZ+Ph3wPntvNN9+M8847T4zZkboCirhro12iCEQRiCKw1ggUDUCoGOPkLOiGIdRjKGt51lln4cxhZ6Nv/36IlSRg2hY0Xe9QHBB2QGR8U/R+f9+wAKNvGIuFmWXIqhZszYcktPeLByBC98r3YDg61AYJ+22/F87/8zBUKRXQvKBhg3kJvbqoilRMjrLWqxzt8F+LQBZAui6Nzq6CmU89j/vHXwsr3YhaO4d+u+2MUy+/FN232Ay2JkOLrXsVo/9aIFrhwIXtL+FwXI3m6nShVKprehC1Q6L4xkbUz1uA5x54EN98/DF+mDkDimmiS3k54rGk8OChI3o6Z8JRVfTstzH2PuJQbDVkMDr12xBIJtCYS0HWfNTLWUxe+A0e+vdTePebj6FWJuC6DmKKASoJlOul6JMpw5izRmDbfgMguS4SEhkhKuBTmlaGI7ENS4ImB21Ya90IQBwXkx99FnefdxHWU2NwrVwAQHpU4uGwBSvWNi1YIeCYOnUqdtppJzF9XoNQFYtJfufOndcIQNjuRLI2AQUVsULeR6hcFXqCMKln4k7uxhVXXIFjjjkGBC98bfMtBCDknvA+CCsUBDSsgBCAEPSE4iiFYJVAgy1XN910UxOQIijhGAQboUniVlttha233hr9+/cXbVU8T45HTsukSZPE+S5YsACLFi0Sr+N5Xn755Rg3bpz4uyUFrrVe+2iHKAJRBKIIdOAIFA1AzEw20L7XDTiWBVXVcOUllwri3fEnnQijvBRZIWlJy4yOk0hxZTTt5ZDTXUxeMBWX3nE1lri1SKsWHNWDpqlQaSFAvf7QcZyqN3I+uxBa+WI5ToA21ZeRcBQYloZNu/bD8BPOxe+690OJH4chaYKc6ngOfMlDTKycRlt7joDp+WhsaEBnzUDNlG9wz7jxmPb+JyjRDMS7dsWh556FwUcfjozqI1FZugpxynnHiLyXRRiDYnLW9havJpPAQvPAVTaCgXcHk3YSySmfm9+PPh8ePT98X5DNybLg/1VTBlIZLJ09B5+89hYmvv4mlsycjZjnoZSkYVWFbZuokXzUKTKMeAx9N9sUu+61J7bc4ffo2q8vUFkG07WAmAHH98T4GcVCg5zFG1Pew/UP3Ay50kBtph56TBMJq65oMBZ4OHq/w/Cng49AlVqKpK8jqSYgUaCCYIfzZ0PSsu4AACAASURBVPWDLVjFXEyWYHMWvnzmRdx+3oXoIZMflkWj5iPTrRIPvvsWUFUJS9egt5GOM8+VFZAddthBVC1C07+whYpVCibiLfE1mPDzefJEWLUI25gIIkIQw/uXCT5bnwhCDjzwQEEkJ2gpbIUq9NxgCxbbnkIAEnqRkBD+j3/8Q0jlhipaYaWFQIHg4ZJLLsG7774rKi6sdPC1/Jv7cR6s9B977LFi3gRAhc7vPEcCI4KMTz75BHfeeacYk/tcdtllgsdCcBUBkPb2qRTNN4pAFIF1HYGiAYjr0DKPC3kSfJI1HQ+P3vcAXnv5VTz21BPI6TKcuCq+hEuKMORb1yfWWuM78NFopuAZCl7+4g3c9MzdWIIG1CsmXMVFTFYRcyVYHrWwAhAisUSfb6Oi5I3C3MNxhAtyiafDWAH0KO2G4/94LA7cZX8kLE0oXsk0tJJceLIDT3ahgS0MxShrtdbZRuO0dgRc2xYteg5cOA0NeOWeh/HyrfejhxeD2ZBD/z0G4y9/vQRGn25A0ggACN9jMhNVMpULTO1Cb4lmoKS159yW44Ue5SEICX9T2GHVc3wXSNByHlRNFZ9BluvAcR3Yli1aFWOKBk3VaPwALFiB9/75Ml568llUz56PCkmHIjhVhlgwqM+mkbZMVFfEkNiiH/bedx/sOHgXrLfRBtBLS+DpCjxFgktvI3jwhLiEBksKZLcX1C3ENXffgFnL58DSHTT6aXgGIGsyyuvK0LusJ0affh427boREqaCKr004IcFSAoeWzYVSgIXEWmWZxqy+GrCq7hlxIXo4quwU42wYyrMrlW499WXgPV6wpQlGLG2+awg0KAE7zbbbCOS+lCKl2CCFQO2G4WKUc3PMHyerU1hWxMTfapchcClkPzNsfncRRddJNSzKPcbtnsVAgpyRAgOQjPCsCpGJSoqWnGhLAQ2IdGdrxkxYgReeeUVMW+CDlY/eB7chwDl4IMPxujRowXBnc+F44ZVFIKL0P+D41M56/bbbxevZfsYJXpDgNY8Fj9lkFjEnRHtEkUgikAUgXYdgaIBCHkfQsFJqDj5UGwP06d8hcsvvQz3P/QgTF1GomsVmHAn5Y7Ty87V1nozhZzu4Nl3X8RdEx5BTcxCg5KDI7uIyxpiHqsWLghWghgJnU1xY/ALS5Z8+LYLVZaQsFSU1mjYaetBOO2ov6Bv1QYwTBUlii74Nb7sCl8RT/KggypYxWQp7foe7NiT97hi78F0TcQ8H9+/PxH/vPluLJz4NWTTRyqp4ZjR52L3008CWPDifUMAwlYdXvp8lir+7IAARDiUi5pGkJ+L9w/beqg4lP9bdFPRxNFRICusHLA65MO1LNAgNa5q8NM5zJ42HVMmf4FXb74bScuHARmaC9jZHHTNQM5zkPEd5BQf/bfcHNsesDc2HDQQm2y6KRA3ROVR0lXIhibAB48vYJCoXijEIEghhwak8d7Uj3D9vTcC5SrSUg5ZyYLl2+iW64SYqeHEQ/+EQ4ccgCqpRCw6aDQTakUA4iZ0mF074cZnnkBys01gs2WzjYxkWhuAMBEnQDjyyCPx8MMPi2oCHwuVowgOWMmgtC/5GSHwKDT6KwaAhBWWsO2LrVlnn322OB6fYxUm9PAggCLJ/vrrr8fAgQNXAx/iM509soAALvw+DFvHWBFhKxYfC1u1GK+WfEAic8KO/dEfnV0UgSgCPx2BogEI3c/FiiSTI7Y82B5y9Y047pg/4drrr0OnPr0Q61wBx7ZRrq97Q6y2urCUzWy000hJOTww4TE88tazSJfLPwIgvuc1uZtzhZNO565HdRhZGJJ5liP8AGIZGRu63XD84cdi/132hZqV0SlWBoUFJrE66sGVmXx5QhErAiBtdaXXzXHYeee6HizHRAkNOxevwGt3P4Ln/34vylQDy60Mtt17d5z110uh910PkqrA5wqsTK6A3+SizXRHABAmsUX17qyb82n1UQUA8QPkwS2/wMHWx9UZUBIMOlPnHGHkqfJ1tg23IY0F02di8gcf4eN338M3U6ZgQLwKhuWJpJGgQo3F4egqVlpZJHp1Q/8dtsX+RxyKzXbbBdBVeLYF23VgJOKArgmZbAF+QgDEKiTRoAbUO1lYqoOVbh2uvfdveHfKh5ArdaSRg6/6qDTL4dda2HmL32PEicOwcUVvxF0Vuq8G144+IARUxVZAhAxfFlMmvIpbh1+IrvkKiFdiINOpAhffcSs22HlHOGwFNdpmsaK1AQgTcVYv2L5EFao333yzicfBhJ7tWvzNVioqYrFyQnBSaHhbLAAJwQIBAVuv2NrFvzkmN1YueH4ED6x8nHDCCU3qWSGJPXRP52/h6ZRXwwrJ+CEfiZUPtpBxrs1d1MPFqVZ/P0UDRhGIIhBFoJ1E4OcBECbIIQChpGU6h1NOOAFHH30Mhv5hXyBhwGObkdpxNM/Z6pH1LaTlHG576h48/t4/YXcxUC/nBFCIKyoMl+7KwfImE0cbjugbF6aMmgbZk4WvRzJeglhKxh82HILTTvgLepX1AHIekkqCuU2w6s3WGwIQ+IgHVNpoa8cRcBzRlAfXd6ATuDdksOiDz3DXuKuwfPZcaMkEpGQM+59yAoaecZLwA5EMTbzPKO+syME9QACi5HP1jgRAGB0hmpt3LQ9JHjYdwMVjAQQX7YnpDBSuPDsOGpcsw9I5c/HSU89g7tffir+TqoaeXboCNY2Ca+UrMiy2UPoeKtZfD+tvuyUG7j0UfbbZAmXdu8IoTQS4Rw4c0tnS5bHvX9dX+T0IroYM1/RFEYSfBabqICVl8dHMz3HFbVcLcrrLbsmYjETWQNxWUebFcMHJ52HoVrugxNehu2pw/fLvcwKQot7ceQDy5Uuv4tbzL0RXqLBpjJfQUZeM44y/Xo4dDjwAXkkCarx9tmCFalmUwaWTOg0ISVBngh8qTvHvQYMG4bbbbhNu49wISsJ2rZ8DQAhMWeGgT8fLL78sxgjbyDgu/6aRIKsfJK+zzSpUwxIYmRy/fGUylPsNH+M8w5+Qr7KmVqtCANWOP+KiqUcRiCIQReAXRaB4AOIxTWCCTB17Gun5UF0J113xV6F6cvKZp8NUfMiUIpSpDNUxtqxlwpJdoXp14yO34ZkPJsDpGkN9UwuWipgnQ/aCLyZX9gUAsVxbJDTxWAKSDSiOhLhqoNIqwZgDz8GeuwwVJmZlWhKaL0EmkV0APMY4SMoSovM92tpzBEhJaKLx2A6UVBZYUYuHxl+HN559AV0qK1FdsxKb7T4YZ911C0orK+BpCuSYLlzSNY1VsMBFQgnY10Xqt7aPqLFt0RHWfAGJXPaD95KdC1zE2W4VuJg7QKYRaGjAvOkz8NaEl/H2Sy9DSZuo0A1U6DHh95FtTMFkzAwDGcrDlpVis98PxD5HHY6+220DqXcvQJeQY5UDLlSV7zHyGBwBNFSFjBK+Gdl6xQoUk00ZjunCo2u9rsCUHDT4WcxtWIQbHrwV05Z+BzPhYWWmFhVqqfjJLW3A6YediGP3PhyVchKGq0DxgvczQY8QqSgGLwgAksY3r7+Dm84ZhSrHh5fJwjEUrDRUHH/RBdjjqCMhV5RDSRQz4K+/L1q7AkKOBysFTz31lDApJOn7o48+EhUsghMCABLMly9fjnPPPVdULsgzCVumWLUoFoCwVYqvo+8HlbXI2QgJ6yGJnhULqledeuqpAnjw8VBel9EL1dgKW69CNTaOzfmETuwhX6Ww3Sp0Um+pLevXX51ohCgCUQSiCLSPCPwsAMI8gMkCE2WN355ZC1988imuu/Y6PPTEYzDKk5A1FVoHAiBsg6nLNsCOA1fdewNemfIushVyEwAhCd1wIFZcQwBiwYbt22IlrTReCrMhi56VPZCpTmGnjX+P8ceMQXlJKUqpjuMCTs5GTNeaAIgAIpKHeARA2se76CdmycIYc0ihkMbWIdsN3jf/nIDHbr4NjYuWIgYJdlkJDrtyLPY++CA05FIo7dIJNakGlJSXitYdAlQCEP5uE8vrNop81neQ8RxokgxNUgQYF4Rt04Gdzoi/RetSNoP3H38AUz6fjO++nYZMdS1ky0ZSUZFUdWjch7H1XMxUZRjdu6LvpptgxyG7Y8ehQxDvvZ5or/I0FTaJ7ErAswm8yYO4hjwbATry1YrwMaEKkF8NsCQPWdlBtduA1ya9jfsnPCrMSU3Ngf7/6oByDqICskFJD4w+fhi26zsAMVeD6iur3tE0AilmdYFAqCEDc+4CXHLsyXAWLkWpqqHBMVEd03DS2DHY409HA6VJINY2F621AQg/J7mIRU4Gie2PPPKIMCCklwaBRkhW59ltvvnmAhzQ4C8EA0zyiwEghS1SNBsk5+Srr74SQLNw43jz5s0T4IPqVQQP5Hrw/790C53Zea5hVYfHiYjovzSi0euiCEQRaO8R+NkAxOLaPAmPvgzN8fHD7O8x6vzhuP7mm9C730ZiBT9YRewYW7EARCEAkSXYcGFLFmzPDgj5WhKqJSPu6uhS0hnnHn0G9u+7K3SZ/gDs13Lg2XRi1sXitieTyC7SVeGIXkyO0jEi3THPQrQY+V6Q5HiASlUj00Fq3g94+u934Z2nnkOVrCGnKdj8yEMwbNRwaFVl8AwVDk0utbwvDEFIBwQgbJHKsaIKCbrnB1K7dC2vSwGU816xEh+8/Q4mvv02ln35MSgHTrCgyypkz4Oh6nBZ+chmYVqWSO7WP/JgbLbLTthlyBCU9eoJ8rM8cmtUgnw54LGRyE5uuWiQaxmANIEPVi0EQAkqDJyiKXlolLKYl1qE2569B69//i60qjhsla7rQJWUhLOoEWcdejJOOuhYxPNEdDksexQLQAT4suDOXYhLjj0R5vzFSEAS5qgrjTwAOaYAgLTBB0ZrAxBWD6huRY4HzQ2nT5+Oq6++Wvyf1YgQIITJ+t577y18O+gRwkoDqyTFAJAQSLCa8fbbb+Mvf/mL8PFoDkBCIjkBB8cOpX1DUvwv+aSiahiNEsMqC6skEQn9l0Qyek0UgSgCHSUCPx+ASKsqIHLOhpe1MPr84dj3Dwdg5913QyxZAj3WcTggxQIQto5w4ZbtVzYseL4jEqWEFEPM0WEuz2LIdoNx+VljsQG6iYSLfe3cR+YSuYAcQRuWUNECoHYgNbGO8ob5uefhCW00elVQvIEr6xKcjAlD1vDtv9/C7RdcCnl5LZRYHG7fPjhvzCj0H7yj4AHJ5UnYUtD6KNqT2jkAYaLXPNkzHRemZcOQFaESJpm28L1onDMXn7zxFia9/z4WzvkemepqdIspcD1XtEQRNlgEc7qGtGVBS5Zgky23wLaDtseQ84bxzQOTUr0SoMZjUAw90Npi7z4rUkQUeSDC/xeCkKApK0/4z19wLizQUFASkrxB3aTOTcGJyXj0vadwx7P3w4x5aNRz4tqWOzEY9cBRux2Ec/90OkpcQyhhySSSiJ66IluwqLCUysJfsBiX/OkkZL5fAMP14egyagwNJ150IYYec1RQAYkXWVX5uTdxs/1bG4CwKsBKx4svvojBgweLhP+xxx4T0rv0CmGiznalsFWKYIUmf6eccooAHpWVlUUBEAIIcj/4m87nbOVim1dzg0s+v3DhQlHxIFAQ19t1f5XB7r333oujjjpKjMexuHH8qALyK2/G6OVRBKIItNsI/CIAEgjCyJBNB1LWwlVXXAnVMHDmecNQ1b1bca0F7SRkxQIQpohi8dZnAxalGR1R4ShTS6CmJfg1Ds487jQcNfQw9PAqoUp0Qg5BCLVaA9ARVj/4tyyMCNtgSbOdXIv2OE0PpmA5kMXhQwEt7RzTQcKXkZ23GM9f/3dMfP4leK6Huook9jxwf5w0/GzIVaVARRKOqIjlE+R2DkBCwm7hdXQsF55JPx0JZnUtln03B0tnfod3X3gRS2fNQq66BiWyjJiqIpGIw3JsmK4LWp7aqoqsLGGjAVth4G6DsfXOO6L7Jv3hUXkupsNXFdiMH3keuhqq4ObBRVD7EPWPsP0qDzrYghU+Jt6T8GFKLjSfRHKqRARnUO9kkEt4mLzoK9zxzH2YumAa0uWuWFxIZFUk0xoO2n5vjDzhHCS9GHT3lwAQCECGRcsw7thTkPpuLlTbgaUA1YYaAJCjjwKSJUDJqjaxdfleWRcAhJUGyuzS3JCtSXQWpwP6Sy+9JKocfIyVEoID3kc777yzeJ4SucW2YLGywUoZq2QXX3yxACE8l1DON4wZj0EjRQKE0EwxNCX8pXGluhcBE88lHIvHiQDIL41o9LooAlEE2nsEigYgdPLmug3N9kSbFTX2PcCqT+OBu+/B3HnzMGrMBSjvVIVYWbK9x6Vp/sUCEK5sU7sq51uwJFto+xiSiq5GJZQ6FyW5GK4ecyU26bIReqqdocqKACC+6wiTQlVVmvrOmxRJIwDS7u8jNw9AWCHzJU0AELbyZGsbUOoqWPyfT3HfuKtRvXgpFmca0aPvBhh/560o33QjoDwBWw8qayyKqU0ApG3IxoXBz1tYBL1Ihdtq+Djv3t5Uzwt2DHehRDedygXfIp/0K6wI1Kcx/csvg4rHW+9g5Zy56G7EodJBmpURiV1ZDhr+312a5ow2FavI5YjpOGfsxej9u83QZZN+QEkcOdsSinKKrgKaLNTEKLXr5itJgaIYYQcrUqufTpPPSn7G4bwpq236DjSQxyH6tsSP6Vmo9huRill4/JVn8c93XsLiRD1sy0InpQz2okYcvfvBGHPScJR4BgyXn5p5gY6fUQFxsyaUJdUY9+dTkJo1F5ppwVYlVGsKTrjoAux+9JHwS5OQSvLVlXX8rmltABJ6aNCNnByQ0ATwwQcfxF//+lehiMUKCKsVIQDhbxoT3nrrraIyUmwLFkPD451//vl4/PHHBZghv6NwKwQgIU/j1wIQzpOeIyTb81xCUnsEQNbxzRoNH0UgisBvNgLFAxA3v+zHpJkJkSSJVdtMQyOW/LAQI847Hzdcex023Lgv9PJkoPIiMVEK+AxC+SP/P0pdclPF87/tjaAr5WRgqS7G3XU13pr+MRqSXpMPSEhCj9HwAR4aFRcpla1UMnRbQm+9E/SlJvbccmec8+fT0dmoQoVS9ts+6Wh2rRYBYU6Zl9AVBPJ8/u7lTKH41DhjHl544FFMuO9hbJxIIg0PA/YaglOvvhzLZRvxvr1hywExO+YAOosp5MK2dmEsxBUF4wbNX035dtAymM0FbUx5+Vq+x1m1Y6JPLavAO4OgSRGCFczyFb7PHRcKlfQyJpScDc1XYNY1YP6ULzDp36/g60lfoPr7H1DqKyhTdaiOB02WYVqmaJViO9p3sRh8TUWvfhth1332wo577YGKHl0Dnoymic8bcjukeOsm4oLfnuepNCmRcUHGc4ViGfkYS+trcMNtt+CtlR+j3m5Et6puMGsy2HfgYFx+2iiUezEkyBL3VVEPo5pwMXYu/Kh0LBtaTQojDz0S6RlzUOb4kGUJ0xtWYNj4q7DXGafAiqvQE23T+rouAAhBxAcffIDtt9++CWzwsWuvvVaAkC5duggVrFDalr/5GInrW265pQAglMwtrGbwO6fQCT10QCexfMyYMQK8hJK5hW/4kCvCdi26s7NqQlBSLGejeZshx37iiSdwxBFHNBkeEoREKlit9jEbDRRFIIpAO4zArwIgTC4aauuQTWVw2UUXY7+998HBRx0pVh5DB2cScAk4+GHb8QGIi0bFQ6PKVioZMUtGJzuOnm4ZTj/keBy00/5wUia6Jbu0w1slmvIvicCPAIjI6H14tiPMPJG28dmEf+P64Rdi03gZGmwLctcK/PnC4Rh46B9glsdgsaXIAwwXUJm9si29DQCI4Gw0mfGxauFDJiAQACT4YcLPKmEAPlZVQGSZLWeeIIATuEhUqMqZkDImVsxfiMnvf4iJ73+Ild/OgL9wieBBJVUDyVhcAJacaQpHcjp8p6wc6l0bvXbbFUP32Qc77zEEiV49Aq5UTIOnKPDzztQEP63tCL5GAOK6cFQJWQpPyMDt992Ff8x+DTVmPUpjSTgNJvbcZheMO30UKgQAYUulCofywsUCEK7Ymza02hRGHkIAMhulNj9PFcyoX4Gzr7oKe55xCuy4Ci3O8df91hYAhICCSf/s2bMFWfzTTz9Fjx49UFdXJ1qY+BzbmXbbbTfRukUyef/+/UVlgV4iBAvNAQgfYxWFfJO77roLF154oVDYag4YCFCoksXqB1vDqGDFLeSD/JII//DDDwIwceMc1+SO/kvGjl4TRSCKQBSB9hiB4gEIVy8FGzYkOkowczk01tWjIlmK+++6B4t+WIjx114DGGre0ZjUhgCA8MO8wwMQyUWj7CGtctVbQcLRoNc46BfvictOH41BGw+Ek7HQJVHVHu+VaM6/IAItARCHRGp6T2Rz0HMels/8HrePvQL1k78VRpQpBdjl0D/gL+MvhVeRgKmpgnjNFizFAaR1AUBaODcBQAofpzquawdGbPyX/93kixDymAg4HAtcclAVhQxeOPWNqF+yDJ+/+z7e+tfLWDZnHqx0GhU5D31oxMkFCklC1rZhUgUuYWBJqh565wr8brttsdGWm2Ov4/6EWLIUUkyHw6KKIkOLx+DKAf9KtC76kmjZak18tiYAQp8fzqU2k4ISN/Dx5E9x4aOXIw1TyG/natP4w0574oITh6HMMwoACCsg9DhZ+w3FY7u2C7W6ASMOPqIJgOi6hul1KzDs6vHY44y/wImrUGNsPlv3W1sAEIILViAIFh5++GGhikXwEfpthMpU5Gk89NBDGDp0qHAvJzBhSxVBQ3MAwsSf4/JxApqjjz5atHc131j1+Ne//iX4KDweOSP8/irWOLA5qT0cn2OFhoVs/fo1qlrr/ipHR4giEEUgisC6jUDRAIQrmWILW7BIAmVPt+0gpul4fcLLuOG66/HE00+hK82+RHeVFEiQct2vg1dADMZHcpGSPWSE5bEiiKdGrYud+wzApaeNxnpl3VEq0pCOI1O8bm/P9j96EwDJq1gxSbZcB67vCaM9LWtDdoBvX3kbz115IxYvXQJPV1G1UW+ccvFI9N91ECyubKu64A9INABNFJG5tkLomuRP82PxE6BBCk0DJcFmENZ6jisqGBIBSN7AT7dzwjzQbWjA9KlTMek/H2DapMn4furXsFL12LhzLySNGNzqRiRYVFFo8OcjJ0vI6gqc0jg2+P3WGLjHbth68E7o3G9jwNCEl4rp2IJorsRiAniwTZKfMmR2UOaWpuSt2dwpAAivF4UjhFa2cKOD6VjQYjGkHVO0gGU9C2feMhzffD8DJfESZOrS+OOue2PEn89EqacXAJCghUqQ3deyicPZLpTqRow4+HCkpn8nKiACgNSvwLAOWgHhvZdKpUSSTuDxt7/9TfxwI+ggl4LVCVYl9t13X9FORZnbkLDOSkdLAITghOPy9bvvvjvmzp37oyvAMWl4yAoJqyYEHwRCxW5hxaRwf55PCGAIRAhSfo2vSLFzifaLIhBFIIrAbzUCPxuAcJUyWF6UQFKppijwLBtzZ83GyPOHCwASp3mawhRgFe+jwwMQuiTDRZqu6QrdmxUYpoJEvYTjdjsYo48+F2ZjFl1KKoVMZ7T9b0SgJQBiSz4ylimqA+RDxD0FWFKDCdfcjheff17Ynqc9C/scczhOvmgk7GQcPuVAFdYUJBjkOKzrTZQrC+ofJGzLEmoEAAmo1ITRFKKQHBcqAYjjAZTGJRhfuRwzPvkY/35pAqZ/ORXZmlrhX1GuakgQSJmWMA7k7jbVwWQZWXgwdQ3JXt1x/PBh6LvDdkhusB5MGch4NuKaCp2gha9xHLCOJKuyOBwxAZ3M2fpFikxrAxDH9wRgCAn0PKhl03DUhWIYyNqm4Ly8Oed93HzPbcRJwmB0j+0HY8yp56KUFRApbMHyRGJbLADxHQ8yKyAHhQDEE0lxR+eA8DuDgIGVizfeeAOHHXaYWPQqLS0VnI+Qk7Hxxhvj0ksvFSpT3J+JPisMzQEIx2PyT2lfjjFo0CDMnDnzRy1YfN2AAQPw6KOPonfv3uI4BDvFcjZaqoCE8+FznN+vNTZc12//aPwoAlEEogis6wgUD0DyyYjwqcjPynUCr4t0XYOQnrzphhtFi9bYyy+DrCpwHFcQNWVFEV8iobpT+Pr2YLPHxCPn26hzG3H1fTfi9W8/RLoMaFBNODLlQwMndN1zIMk+0nCQ8l1o0FHmJ2DNr8Pww0/D2QefBj/nIgYNJXlt+XV9caPx//sRoHEnV+eFghU52ayASD6dYgSQ19yA26FkPCx4+T3c+bebsXLRQsgKBLn58ttvQv/990I6lYJeVg5fkaEbrQtAxCq77wXKVKKtKtiY+Hr5FhSh+uTYyMR0UeXQKbLgc/4+stW1iNHjxHYxb9YsfPTe+3j/6adRJgHZVCMU10dMkuGZJmJUf6MPguMiZuhIJQwsoKiuqmGDTfrjoKOOwrZ77QmUJ0XFw6XalSIJJTAjgBlBwih8VfLiFqKSEC52SNBbWY2W8eHnQHPDQn62kXvCa8r5sao1aelU/O2uW7Fw0WLoagy7b78zRpxyNpKeBoPagZIMl3UaOWhjW9vGc3RtB2ptCqMOORKN02YhaXni8/T7VD2OHHkuDhtxLpzyRIdqwSJQINjgeVZXV4vknwDjP//5j7j+rGAQGHA/VidYTaBzOpN7Pt9SCxarI/QQ4WsJBCjFe99994n9Q4fyELywDeuMM87Aeeedh6qqKtEORm5IuIXkdR6f4IT/D8eoqakR82b1JjQejKoda7vTo+ejCEQR+F+LwM8CICEhNRTz8ZlIsOXCsoUz8cMPPIiJn32K2+6+U8i8UD2krLxcJDfCRCr/fdsRAYjm2ZDJ/4CHDAGIr6PMjUNd4WDMsefgz0OPhpellKeCRLxt1Gr+127m3+L5NgEQggwWB2hWSQBCnkMegLCKoLEg8N1ihfzMygAAIABJREFUPH7n3Xjj2eeQUGS4sofBB+6Dk8aMhNy1C0zh5q0jFmvdFr4QgIi6Zv7NTcK5Y1pilZ6PMUkjD8WW2AbmQc/7Z9DVPT1vHmZ8MQVTPv0Ms7/5FvPnzEVXAGWqgnRjCgqN5NhiZZpQNVVwwjIW1bQAv3dX9N5zF+z/hwMxYJttAN0QKlFqMil8PMjzcKm451PWmiBJFq1eInknHsmDD8rzBp9PEtTWxWdiwYXgIoxPkzwvV9nJJhfke1+AlKXOcjz6/JN49c03IUkKhgzaBSNPOwclnioACGPIuRKI/FoAMjddjyNGnIfDRp4LtzwBhdy7NtjaggMSyuOGVRAm8KyCnHjiiYK3weSezxEwEFjw/wQWIQAJ7tfVVbBYNeJ3EqsPBBXXX389rrzyyiaSedg6xbH4NxW5xo8fL4juvHdDoCHug3z7XDhPjs35MDaszpDEvt566wmTRD7G56MtikAUgSgCUQRWRaBoABL0WOdXRpvURH04OQuuZSOuavjqyym4/oYbcOGlY7HVgK2QTmeQLE0im8uJXt3mAKQ9yPAWWwFRXQuS7CInA1nfg+7pSJoGurplGHfyaOy15RD4OU/4CMTi0ZfR/8qbkACEKlEEGZRw5XvAJm1CpkYUoIoqAtWtyPAGpr35Dm6+8CLkli9HRVkSTkLDiOuvQr89d4fD1hJNg6G1bobteh5s1wkkTtnGlAcirmlB0VjxYD9R4Obu1KWh6gaQyWLprNn4burX+OTNt7Bs7jzULl4CAxJKdHpeONDp2eG6UHQdriwh7djIST5sVUaX9dfDwEE7YJMhO6HHDgNQUVkJVdPhuEG89FhckNJZd3CFg7oLTfaFdLHgmoiyQx6A5NW4gups6wMQ3quhJHGhQSGTTwHQeHwqm8FHRsniw6mf4rZ77kFNfT32GDwEI08fhsRqAISFYtZ/f3kFhElyWAE5lACkrGMBEAIA3o+hazh/EwTcfffduOWWW0RFgs+HxoJM8Pl8Ic+iOQDh/8NxWAmZOHEijj/+eMybN68JPBAssHrB43PMP/7xj8IzZIsttmhSwQqrHeG+HJPgg8Bo2rRpePrpp/Hll19ixIgRwquEc+Xxoi2KQBSBKAJRBH4FACmwMgjKy5TY9SVYmSxWLluOSy+7DAcffij+ePDBaGxsQKKkRLRghZKePHQIZDT2mfzGt2IBiOzkBACxFAmmD+iujpKchs3KN8QVp16ELbr3h2qqolKkGmtPPH7jYYmmV2QEzAIAwjYsblS6coRvRsCjEI87PjxXgr94OR6/5gZ8POEllKgKaqw0dj/mcBx57tko6d0blq5BL0Y+qcj5cTeqcuUsC5qiikqF4Dl4nvD5cU1bABJF1QIA8t0izJ0xE19O/BRffzYJC2fNQqVmQMnmoDkuDMHYtoXzuJFMwFdU1GbSWJ5uFGZ5fbbaHNsM3RWb7bAd+mzSD4nOVULKlssbTOAVVYGiqHlskU/shQKfB1llGxuNAH3IRBsB8UO0XxHguHkA0totWIWfWTy94IgU92IzVQBAOCfRGiRnsLBmGe579GF8OHEi9h66B4afPkzwfFZVQH49AOGCzvepOhw58jwcMiIEIG3zedpWFRCCCRLGmdwzxgQGU6dOxciRI/H++++L1iuCDv4QjITtTmGFojkAYaWE3A/uz43jjRo1ChMmTBDO54KnmG/HYrWD+3FMckUOPvhgobTVtWtXdOrUSYATXn9WOyjlSy7JP/7xDzEWH+MPlbs4PsEMx4u2KAJRBKIIRBFoJQAinGkpTwgJ2YYUSow47rr7LqEYc8JJJ4oPabZccIW1JQ5IxwIgWUgSfQEUAUA0V0Miq2P7Xlvi8lMvRE+tKxJ+HHFdgxQVQP5n3oOFAISVDgFAFCbMgXoTbwUCEM+XUZsz0SnjYOknk3DHZZdh4XezoNDdu7IEw6+/GtvstSccIwZdCDy03saWKEGyJo+CveyWDd9xoEoBGCEHYe6cOZj25VR8+uiLqF6yBOnqWsR9oELTkZQkqKYFzXaguR58x4aVNEQ7YsqyYFRUYMNtBmDQAfuiz8BtUNa3D5yyEmRkD7ovoZTu4sIZPGi1cjxHcMiIfJjoc34iuVRZMwgqIDI5J/kKCFua2KbFmLJi0tok9DDSq0kSc16s7oRmqmJlxkNWygoBgVffeRN3P3A/9hyyB4afcTZiPgGIUtCC9esqIAQgYQvWISPPhVcah9zK3KA13WFtBUCY2IvKue8LMMC/WfFgkk8QQnUsPsb9QvDRpNyWr0wVGhGGbVBswQrbohYsWCDUtZ588kkBFMRCWf4nBBkEGmyl6t69uzAmZDUjBCsEOfQdWbx4MVasWNHUzsVjjBs3DqNHjxaPRRyQ1vu8ikaKIhBFoGNEoOgWrMJVwPDUhROwG5AzxZq+D3z+yUSMu+gSPPb4Y9AMHRVVVZAMXXw5ix7tvIFZ02t+43Gsb0jBN2RkNAtPvf0CHvz3k2iMWaiXs8jIlkicxJeZS94H+9Bl+I6MEjeGStPA73v+DtecexmqlFLE5DgUVn3aZqHyNx7Z/43phRXD5vd788fZZtRoZlHCnvZFS/CfJ57D/ZeMxyal3VCXzaHfkJ0x4o6bYHavgJygzw5T8UAGN+BE8KHQADSQw/VIkuabjoRnGrMRuLD9y2MHFbVvIRYIdE+Glnbgug6ymUYky0oAMwenvhYzp3yJz9//AF989BHmT5uBTaRSdCqrEByGXNaE67jIWDZkXRPcBgIBSVMxsX4RKvusj12HDsWQvffElgO3hdG1M0jQcBQp8PGQ6VmqwCishK6hOFjoSNJS61JhZfa/+dlSn2mEGtMxY+ZMXHPdtdhi881xwajRUALB4qZNkRSxcLO2TWh/UK9gZR3GHPEn1H41HRXkDGk6FuTSOPCs03DEJRfAi2ltCkAmT54sKgOsCDABD5N6VhjKy8vxxRdfoHPnzj86PX5Wch/uH7ZXkdzNx1955RXsvPPOTeRyLloVbtyH4IDJPgnkBA08Ph3Sm29hG9U222yD559/XsyJ4KH5RkDz2WefCa7H22+/LfbjccgnCQFI6K4eqm6FAKVwLD5GMMRj8NxIRGcLFnkm3Ir1EFnb/RA9H0UgikAUgY4SgZ8FQJqfdPiFUPh448oanH/6WTjzrLMwcLvtIGsqQCdnavgTowgjw+CLd+1fv//9MGczJmzFQ87w8NKk13HrM3ejXsuiQckhLVtw1WCFVnU8GD6J9gokW0apQwCiY2j/HXDxyeejVIrDkAyRJGpUEoq2KAIFESDJuT6dQiymIeZ6+O7dj3HXyEuhzq+GCg1S90448PzTscPRB0GqSop7jm0/wTo625GYpa56bwkAQva4IkOSA8WoQLlHSEcJYjj505btwk+Z0FMu5JgBt7Yai+bOxrTJn2PSe+9i+fffI0XSrw+UazoqbFmYBpqWA5Nu7nqMxgyC+1STyQgBhtJOVdj91OPRc/PN0G/TTdCpWxdIrGjkf0T3lFiM4PRkAUI6ypa1LdisAFkWHnroYcRiBk499TShelW4sXLSHgEIE22eGzkOe+65p6gEsN2ICX8oLbv++usLANKSczjBSp8+fQTIYGWAr2ErFdujnnrqKeyxxx5iTHJcwoQ/jBsBi/Ce+v+2qNdee01wQcjjCAFCYXxZcWDVZKuttsLjjz8uPEJaqkLwfDj/Dz74AC+99BLefPNNLF26tEnKN6yKhIT3QvAheD+eJ+bKvzkP/ua+BD7Dhw8X0sF8vFgJ347yPojOI4pAFIEoAmuLwK8CIGG5u/AgXtbCgXvujUE77oTLrr0avmUKqUpZDxRa2hsAcW0faS8H15Dx0bxJuOzOq1AtpdCo5kQFxFUl0b6iUxmoGQDpZMdx7JCDcMoBf0LM1aDTB8ADjAStrKMtisCqCBAg2LaDnGvCgA+jPoMPn3gej4y7ARVGCartHNbfcVuMvvk6JPpvKDgTPluRCDpYhbOpyEQ+QsCREL3sGhWkAqDPVipZoBAfoHw2fxOBeC6Qc1A/dxG++nwyvvpkIr7/+hvM/fobVGk6yjQVpZoufD5oOtqYSaOkNClandI5EzmaE9o2Srp2RmWvHth8u4HY64D90H2HgQANFCUJDuV7LROxRFxURUPwwcV9zr+pjakD3BA5x4JpWUjEE5g+fbpYnR+86+AfEc5VfiYWsQTzW6yAEAh89NFHOPDAAwVHgy1JBCBc9ee22WabCYDQs2fPH11RApBNNtlEeHGItty8vDurDY899pgYk9UHVkVCpalwEO7LditWEwgu6JB+4403YsmSJS3eOXz9AQccIIAK26daAkQEHwQmPP7ChQvx1ltvCaI7AVR4/NC9nGBJfIfl58zHCZ44p0IZX1aGhg0bJowOGRvuH7med4A3d3QKUQSiCLRqBH4VAGlxJi5wzw034eOJn+C+B+4Xijbx0qRYiW2PAIT+gmknB8eQ8XXNTIy87iIs9xuQUsw8AAFoicbed0NSSKNtqoB08ZO44NizcMC2u0N3uI6twyVQyVeDWvVKRoO17whQaMp0RbufZWZQIqtwvl+Ey044HYunz4KsqkBpAqeNGYVBxx4JT1OEezgBvUjoA1OMvGxuAE4oiEBwTD4H2wPpxSG5jiCJw7LRsGQppn39Nb77Zhq++OBj1CxaCr8uhQpJg246SILtUQHnwuVqNT1NulehLt2I2sZGKPE4Ovfuhar11sOu+++DQXvsDq1Lp6DSEdPg0ZCTr+fqP8FOXklPtEvlCwKC1VGEI3h7ubgNmUAKNihGyUIBqaXWn/YKQEKHcrZB0fyPvhz03wgrATTuGzJkiGhpaqkFi/seccQR+PTTT1cz4+vbty+uueYaUQGh7wc5Fy1J17JlitUSxpTEcQIG+oM03whyunTpgmOPPVZI9xIgtFQBCaswYQsVqxWsqnz++eeYMWOGIL1TJSv0DgnBRyFw4hic/4477ijAFXknJKwTdHCuvB8iDkh7eQdH84wiEEWgrSLQ+gDEtFGzcCkOOvQQPPLoI+jaoztKSkuFKk57BCCeDeQ8G6bhYlbDfJx/9Wgsd+tWAyBsn9FItJcVeAQgTtCC1cVL4pphY7HDhgOg24powbKpFBS1YLXV/d1+juMCVsqCktRheTY0z4VqOXj9rgdx27jx6FnVGfV1tdh6h+0x8tEHgGQcajwmknzTc0SCL5y6mdAHxh6wbQuKL7GBC7AtIJODn0pj5YIFmDpxIqZ+OgnfzZiOXF0DYq4P3ZUQc4C4K4u/46ouiPI51xYqU17cwPRsHRIVpejSqxf6bbk5+m+9Ffb44x/EfBxdhSn7UGIGNF0LSi9sU3E90YYiFK7k1RuPwtXl9nOhfnqmqUxagC6qifEyiN95cFj4SiF3XATw+i1WQJhU85xmz54tknXyQXh9mYRTrrZfv36gO3lLbUdM5Nnu9PXXX4s2LqpDcd/tttsOm2++uVCYYpWE4KH5RpDDZJ/H4n3DBJ9ViZYqG5wTxyYgYvLP+bYEaAoNBUM53bD1i2CJlRAqbs2aNUsArcIWLM6BnJFu3bph1113FcCLnJTQl4S/eWyOG1VAOso7PDqPKAJRBForAq0OQLysCVnSMHLY2ajs1AkXXXKxWKVVY0Zg2MV+9Hz7CPu/f+ubmbbhaRJqvAYsyC7FBdePxaLcSuQMBznFzvs5+FA8V/geEID4toSEpaOXWombRo/HFl03hmrJogWL+v+K+ts/79/6delw86Oik8m2KQmucCx0obsuln09HXeOG49Zn05GpR5DNp3BPmNH4YBjjkBp5yrY9J3xHGTNHJIlJYipGjzThmfZUNM2FJZHciYWzJyBLz/+GHO/+Razv/4GmZXViJMw7rooM+JQcraQ01Ypc+vw8D5ipUnUmDmsyDXC0TQhmdtp8/7Ydc89MHCnQaharydQloRLT5OYBkdThMEiVfBKaBInVhwC00BREeA/FmrCixcUbZo4YR3hmlLxj59vrH4I6eA1fMYV54MeSJbn0lnE6tK46tSzMPf9T1DJalYshuk1K3DchaNwyPBhbeqEHhLOmYAzgQ/lajknJvmh30ZLSTf3DbkTrGawDYsVAr4uTO6ZsHOs5rELAUh43EJeRvN7h3PkfqGXCH83J7XzNTxWCILDeYWPhYCF/+exQyJ5YRUklPTlvnw+VNfia8K2rNAvpCPc39E5RBGIIhBFoLUi0OoABKYNuz6N5//5Au5/4H48/uSTqOrSGUZJXKzShv5h/HJW2wH51LcATwWWW3VYmFuGS2/9K2bXzIcZc2EqDhw5ME4jAFGFD4ECz5YQtzT0iXXFrWOuRv+KPlDyAERT+QXdWpcvGqfDREB4gXjwySkijYN3Ekmt9Sm889Tz+Nd9DyPzwxLoPrCiewUuvvYqbDd0N9i+DcR04dTNygc5WHwPap6EpV9Ox6JvZ2Lmt99i1rff4ofvZkN1HZTpOuKKCtDnwLID0JKzhLKSpGhw6XiuKljcUCeUqzpvtD42HbgNNhmwFbYdPBhSeRl4s9uuBVdXIScM2HllK3JOeColkFYTeyPwCL2/w9u/6W3Qgd4QzaV613R/FvsRwPEyjWkkGrK47szz8N077wcAxIjhm9qlOOnii3HQOWfALk9AI+emDbYwuWYizsSePy3xAVuqgLAqwC0EB815HuH0w3ELT4fHYAWk8LVrqqDxOM33a0mJqnlLVYCZAw5V4bam4xBcNN9Cid5QpGVN1Zc2uFTRIaIIRBGIIvCbjUDrAxAXqJ2/EJlcFnvvuw/uvf9+7Lzb4EB+l9UPRQ4qIFQLaQcAxM0Ctuyh2q7DUrsaNz5yKz7/firsuI+c4sCVXGGgJvv0BGBvuwLPAuK2jg2TPXDrRddig3g3UQHRZAM6Vwh/s7dDNLG2isCPEhwmPa4t3h+eJAuuOJWtpKyJ3A9L8dxtd+HNJ57FehWV+KpmGQ446jCceNZpKOvZFa4qQ0kmAdNCevFyTPl4It5//W1UT5kBZ0UtMukUDEVFwoiJ+9SzLNimiWQshmQiEfCSYiWoz6WxrKEBdkyD1rkK3ftvjAG77oIBO++InhttiLhwc1aEV4enyZBjKnxNhS35cKXA2V0kcAAM7lmQwwXSuKsL6BKU5PWD2yrs7e44DFE2lUG8PovrzzpXAJAKL2g/ml67AidfejH+cM4ZcERLXtsYDIWVAv4Ok/yWAEhL1Z+QyB0m9IW/m1+clkjohRWLQpJ489eGFZBC4NDSfEKQUDhWS+fC8Vt6fUv7hmOFQEZ815HDFW1RBKIIRBGIItAUgdYHIJaDZXMXoHOXLjjy6KOw0+DBOPf884QKFkmzAoTkSbPtAYCwHYWruinZRK2UwqP/fgpPv/ECcroNS3YEOBErgb4jePYuiegWELM19C1bDzdfeBX6xLvCcHXh4mzoRgRA/sffgC0lLT5cOJ6ZV4RS4AtmOdtvMkhqCUx7+TU8fN1NSP2wWPjIqMk4Tjt/GLbYdw/UL1+KqVOm4NsvpuLrTyYhtXQFdBfo4iiIuz5kymArMmzXEZWSOF2eLRMOvWt0TfiMpNiiUlmGivV7YZNBv8dGA7fGFoN2QLJzJ6iJREBqz1ni/hW8DlY8JBcZ2xLjibYj8ZNX3XJ90W5VuAVStM3gdwdrwWrtW3v1Csi5mMUKCD9HDAOz6lbilMsvwX7DzoCbNKAYbZPkFlYN1lTBYBxaei70/ih8/ufwgMKKQ+HYaztOeKyW9gulcwuBEIFGS/uuCZj81DUPX7OmVrzWvl+i8aIIRBGIItBeItD6AMSkwo4Lx7Lw+ptv4IV/vYjb7rwTetwIjNAIQvI5SHuQ37TTHiy4yGoW0rqFCR+/gruefQCm7sJWHdhSAEAk3xYAxBMVECkPQHrhhlFXYoNkDySlhFA5iukxYrBo+x+OQEstHp7kwPEzUKFC9hTAZz95wMUgmMCSFXjlgUfwrwcfxf+x9x1wVtTX92f669tgl95rVOwtUWMaiUYT84uJIUaxRaNGY48da9QoClY0FmzYsIuxYItd7GgQpcNSt742b/r/f+/M7D6WFTYJyArz1fdhd99782bufGfePd977jmxQgElx8SA0cPRe9hgzF2yEPO/mofKWALVShxSwYSbK6KHEoPsOjCocVfwYLoOlEQCyaoKtBTyWNm0iiFDuk8/DN9nLwzadjRG7LET+o/ZBmrPauRtC4ZhQXQFJNU4NEWCYzgQJKpkBvK/7JNHLuoEwn25XwYeLlU5y04y9YBQP0Q53aqNixVdEF93OVAM89ncWhQsMiKk5uavWpvxx0suxNgTj4WTUL5xAFK+z+sDIl9/bP4E+W/eu6HbR2fUqs7eE/p8hKAjpH79L/u0vqrIhvY7ej6KQBSBKAJbSwQ2OgDxTJsTkEJrFq3ZLP785xNx1tlnY6dddoas+h4AoiLx6qtKPPRuPoySA08kSVMLumRg5iev4cq7JiMrl6BLFlzZZUDBnSDE3XclSJaMtBXDd2oG47wjT8F3eg2F5ikQPQmyrLCDdTS6XwQoHXKCpJlW8/3hr+q3D//vorcu99sLzAA5eQkTbaJT+WkW/0dNyvQIuEc+KYnEGagC4hWhiQon/LwjlNATF6tgAA1ZLHjxNUybfDPM5SsgKAJarSKEmIKSZSClaohBhmC4vACgKSpsx4QoS+xMXvJc2IqMVstEi1FCplctRu+wPXbafTcM3G4b9Bw9AonKCiAdhwUXecuElkigzbHb8X1AyISQAAgZIdrkIUI4hGRnOSb+PgdhW/cEl8clfDbCHuu/EDxAb8lBbszimj+fii9feR01ggxVVbDMNnDkhHPxg2PGw0nHIanfjKFjSL3iq6PME2NzXdHUTxha27ZNv4DeF1699CuJI9C9VyTPTjLlpH0nM07bgkZGirrO5pBa3O9X7Dj+F1CyuWITfW4UgSgCUQS6awQ2PgBxXLi2DbNkQJVl/PXMv7Js4sTrrmXwQY0SRGkiAJKKJ7prXNr2q2gYIG83SRFhwMQLs1/DJbdfgwaxgLxsQND87ypqRrcpwbJFxKwYqqw49hq8E84+7EQMrugDu2hC08iAUIDyLQBe3f7EbIId5CSF0UJ72sJAhJMZqnKF6Q1pnblMRVoHm5RTiihJ9wSYrALFjhdwbCpn0O8S914QjiFhAlkWILgG7GKJlak08tKQJHz29jsw6ldj0TsfoeHTuVj64WdQDQOQPeiuCTWucu9IDCI0UYXnitBtB66iQK5OoaGYw5qWFliyCDGdRt2wIRi5804YRY8dd0CvAf0hpBIwBF8NKKSKfB0tJqKSbIKJt75Nkj9MSx7eykZM/MsZmPfqG+hJYgGiiEZFxKHnnYV9Dvsd7Kok5EDq/Bvew83+ca5rtwEQurbYZ4Yv24DuG/xr0DVLhp0lExJdh4KAgqlj7vyvMGToEPSpraUStr94EJWpN/t5jXYgikAUgS07AhsdgLgkawgBudYsMskUnnnyKZx11pl46ZWX0btPH9hEbRcBUZK+FQ7IlC6atglILvJOAc/PehXXPXwrViOLvGLAUwWIkucDEJorZQDkp9vuhQuOPA1ViMMzHGhqDK7rsTdANLpnBDw+ie3L+NTb4I+QW0Q/04prx8pI8Law8hG4jrN3MvdN0PMuFEGGa/sgnXqgCJRwxzl5eegFWM2tWLVkCT589z18+uGHWDR/HhTdRG7xclTYInrHUlCIFhX0YFDm5dEKriQjFkvAgIjVpSKKgoCc7MBUBPQdOAg77bkH+o8Yjj7Dh6Hv8KFQa2qAeAyWYcL0HMTS7YsB6+OtRwDkG563ZQDk2lPOwLzX3kRPWeOem0ZVxGHn/xV7/+F3cKpTkJSt877i0bXDo/2qDMSQ20AIPWuSCWfJQtwRIBk2GhpW46bbb8VHcz7H+GOOwn77/4wIkP53k/rNKIp9w7Mp+rgoAlEEogh0mwhsfADiEiVJQLallcvZLU3N+NOxx+IPhx+GQ8aNQ0u2FfFUkleZvg3mTCXLZD1/hygysoMVZhNOufo8zGlaiJxSAjRaNfZgic46AORn2+2Nc8afjGovAU0ghRoBlmkjppFGUDS6XQS4BOJXOzqCDlZua/u761fzygZ77tmObwZIJTMfp8D2wMmMQ5K6ps2UKquoQyPwIQiw8wUsX1qPlpUrsPzzz/Dp27Ow9IuvYGTzcEwD1LhNr1UcD2lRQdwTIVg2J6AiqU+RwZ/nQZIUmCL51TjIp+OoGjYIdaOGYuQO22GnXXdBbZ++EIhipai8PExSu6RgRUkr7W4IOsIm31BiteM5igDINzxrywDIdaeeifmvvcUVEKogN6kS/nD+X7HP4ePgVqcgbqX+Qp4T0CF93QYWOfH9WNYeRCGMOQKEXAmz33gX0+69F2999AF22mdPnPu3S1DZu5ar9bF4rINe2zd8zqOPiyIQRSCKwFYQgY0OQBzXgWXZ3IQuOB5kQcBz/3wO78+ahQsmTODETdF83wL1W5CIG44N2zZhOzZMwUKrXMLpEy/EJ6vmMgDxYh4EyYNFAIUmTFkFZL8x++Dsw09iAKJ4EhzyefBo4ZmoWNHodhEg2kZYAeFkxq96+EkNQxB/lwUXju+g5/8aNF9T13jYhO05Digx8kyHqx5UpSDaFXlvtK5YAb25FQu//BKffvAhZn/8CZrq61FB14ThIuVKiLNrBmB6FmgO0lDJsE2UGSPZlgnuoDJMJBUNOVNH7aChqN1xG/Tec2eM/MH3UN23N1SS5yXqn2HAsC3IWgySGmPuO7WZmBbV+FzEY76E64aadyMA8g3P2jIAMum0s7gCUqvEuG+hiSsgZ2Of8ePgVae5N2erHAEAYeG44Lql/iS+QvmS9auVbmsRUq6Eue9+hGemPYK333wLqwutOO7s0zH+1D8jCwuSpnKf07ehP3GrPNfRQUcRiCKwxURgowMQWpkrFAvMa49JMqySgaaGRpxw/PG4+JLe/WkjAAAgAElEQVRLMGjIYCiBKzpXQrr5IHqKbVtQZImVhNa4WZz69/Pw0co50BM2dEGHqBAFy4PpuBBdGZqpoaeXxo9G7YlzjzgZ1W4cChX3RQkS02620kShm5zr9anUhIupPtxg6OE3iZPPBVXCuPnc5coGVTtIyY3OKD2MQhEkMUDUKqqGEM1K0R2mfSyfNw+NK1Zi9bJ6fPzee1i5aDFaGxpQyucRVxQkFQUarb6aHqSiBdUFZFVB3jbgxGQYBHo8jxtkm1ybm2aTosyO5pVqHNmijrGH/AZjjzsCGD0IelqDqsZgFg12Z04kUxBEAbZNiZkvy9vGFqNErRNlhEjNZ+NN2PJY/kfNzK4HN6vDWrYKE/9yOpbP+ggVLplA2miNKX4PyPjfw61KbrUVEEbSVA0sWyhwHRsSXbe2A4/pjiLEVgP/fuVNPHTbXfjkjfdQWVkJsSqNU/92Ebb74V4oqIAQ0/i6TcXiG+/kR1uKIhBFIIpAFIF1IrDRAQglaHZAwxIdD55lwyjqOOrII/Hd730PRx1zNDSqAJDvQKL7VwJMz+ZEjVbSDM9Bq1jCNffdjKdnvQC7SkCz3QxRATtY54o6YnICiqGgDpXYe8iOuOjYM1HtJljdiDnKRMnpLNuLJucmj0DH1f1ywzD6cIIWnkgmgB7Ir4AN9zwHpkECAipkoitx1k4rqgGMtF04hsmO4glFgyDKgG6gYcVKNDc24uNnZ6Jhzjx88fm/0bh6NVIxDUXqj4rHmTpFDecJuh48F4auo1qNIwWFTfwcSYCpSWh2DbQYOgzP5RXaHtuOxnbbboskRLz8xNPcN0I4afiuu2DsMYdhxP77ojWtISbGEBNkfo58PGjyET1sLUNAwlgEPrq/IN0mnx+b6gM6yi7/R1Uk2wV0Gw2ffYHLjzsRwvLVkHNFbpIuphP47VmnYJ/xh8LOxCF/Qz4gmypO//V2Hb9C6fd98FVM+tVwDQOi5UByPVa9+vSpmXjq7gfx1YezMaCuD5pyOVQPH4Qzr74c8UF94FWnYFGFXpagfgtMcv/reEVvjCIQRSCKQDeIwCYBICx3SKvDJHdo0QqUgycffwLTH52Oyddfj0xFBWRNgUSVkG4+DNhMhqGH5TrIiiY+XDEXZ153ARqEFngpFzmjFXJMgW5QM3ACmqkiras4cMcf4q+H/zkCIN3kHK8PgLC7s0ctINTT47ses7Qs0Z1s8ngR4FgWTNNgsBDzwNUOpmERjcmwMOv1N9G4YhWWL1qC+XO/wqrlK+DVr0KF1a6glaaqn+eCnJqlAMhQj1Fe1+FpKkTqERIkSLKCkgg0ezaMuIQ+w4Zgp113xbBRI9Fv151QV1eHXH097rn+Zrz33EzEZRV5x8KIvXfH8VdOQGLYADbETMi0kut7cjBVjM4FgahygjwDkKgqt6mmKVWgQlWxEIx02XyPVvcNB1+89C9cfuyJqCwaSNv+Ik8+FcO4s8/A3ocdArty61XBcki6LqBfCYLHnjSCbcLM5qCS2lw2hzkffYrbzrgYQmtQpZRUNFk6TrrkQoza93uQ+/SAmVAIfXArOyk4RiOKQBSBKAJRBDZdBDY+AIHHeuus7+N6vPpE2qZ6sYjfjxuH0884Hbvutjv3gsQr05vuyDbSlkueyV4IIkT2PciJFurdFhxx7p+w3F4NN+2gOdeAVFUFiiWTe0DSSCNTUnHMfuNwxNjfrANA/NR27fEf0TI20rF1h838N+7C4X53NWadGf/R36jKQR4W7SvSAlziVhEYoQqIbcG1LK7gxTUNKnlqEDqh5GT1GrTU12PO7M/w8awPseiLL7F03kJoJIdLs59kPl0PCerV0EuIJxOQFBW5Yh7kWBlLJsk5BjbRulwXOdOEl0rCLOiIxxPIkEpVJokz/nYxrLiCyrpaJGp6sDSvK0kwSzo0w8Snr72Oe669AfkVq5DNtkKsSGH8mX/BD3/7K0iZCngSVd58Glm7t0kQwbCpnqoi0YrvRrkcOpvPNM/KAQcBEvZOKTdl/LpPJ6BoA+898gSuPP5k9BdUVEKAXiohl4xxE/r3xh0MpybDUuFb47BNlysgvs2M50tk072Y7rNrGvD6P5/Ho/dPg/jZMtQoSViOi5xlou/234HXqxo9thuJXx9zJMtRJ2mBIFhX2BpjGR1zFIEoAlEEvqkIbBoAQgo9tKjq+qZPXBV3XVx9xRWIJ+I4/oQTIJKhWbz7Sx2WPAOSIEOCxBz8vGBhXnEFTr36HMzLLoKTsWG4RajxGIqGBUt3UCVXIZYF/vqHk3DQbj9eG4D4i3XrjP+IlvFNzY5v4HNC1aX/5qO6GjP6jPJVaPqsjgCEE0fHgxjkLVwysG3AsuCWTBRaW1G/eDEWL1yIlqZGzLz3fgiGCYckcS0HsuNBsj0kRBkaKVVRPxCZmokOjFLON4tRVJRcG54iQYrHkTMN5Es6Epk0YpWV6DV8JPr06Ytho0Zj0DajEO9TC6muCkglIJGUL/UDmA5cVYNZLKJSkmCsWIln7rgbrz76OKxCEdliAf22GYGjTzsZo8f+BG54jZGvQdhQH/S2hEpeBK5lVmmLxv8agc7mMykr0d9DZTFZpn4w6sHpQtWJ7p028Mb9D4Oa0AdIGmK6wRWQbFzB4Reeiz0O+RXQs3Kr7QGxzVAsgq45FxL1aRWLWDN/Ed6d+TJeeeZZfPnJbGzvZKCZHlcaVxbzaE3KGP7D72Kn/X6M/cYdAkcUIHgiGzpSRTsaUQSiCEQRiCKw6SKw0QGI/33JFlBMwfJX+wXorVmmpJx4wgmYetddiCeTSNXVlDFB/JbfsEGbv5pDmkgXvqc3VYj0oAJCEISKOUXBQgMKuHDK5Xh97jswMzZM6PBYgUaCawEZsQLOiiL3fxyw8w9QxTK8VNIXAlfsjgKRROluX70MD3fdV/lH2TEcX/e6zmLy34Ryfdvf4PbWevO6r2b38A7DCylCZS8PjI35leEmSaJ2Lafyjjva5hvocZWBaIH8+nKvDgIG1OthWYBhQ7RVQC/CaG5BS0MD9GwO9981lZvFVy2rx/Jly5ArtmDfIaNgFwoo5Yvc56QIEhJKjOe8y3K7QEyNIevkYCkulFgMBctE0XVQolmgqajsVYvafv3w3X32wugddkTVwMFQqqoBWYJplpCFjcr+fWh2IZfPw7NdpONJKJrMnwPdhEqJbf0KjP/5LyDkitAEEdl8Dv/324Px2wvPhde7J1wJcCWRJw6ZKfqz0IUjkrw0XaMSNHR/OuSmusa7st0uX2Mu1bXCOerfzWzDgms7MAyD+980knntqmIVS5UBr9/3AG468xz0l1S4zVmIWgzNMQXHXDYBu/zfzyH0rIBE5pVbyGiPt//T2neO8mdFZkCySajrQHJsiJ6L4rJ6PHPfA3j8rnvQsGwxhtT0xQArBrtowNRkmOk4+u+xA/5w1qlIDuyLHHn7SDKqK6ohEB0xoiRuITMpOowoAlEEumsENjoAKT/QNjcFz0MpX0C2sRnnnH4m9th5Vxw2/nDmtifSKT+hJI6960JTVFgmUZkclkIkloigSOCktGyEtIZwJXF95mn/S/A5WfQEiJy4eXBFBwXomPbCo5j84K0oZTzYCQGO58uuZpKVMJpNxAsyzj3yLzhoz7HIuDFuPOdVd8GFS1qtHZNuSozpWAPpSJaNFNtJM21HT/sRvC7cBEtPdmE1tV2WcsMRKQdBvrSlPzruOTVLh2AxfA8nA+uI8HOHt99/wBkFZcN0kJ3EQpTYsJGaSpm6QupNVFEQRZCJfFBQg+OYfr8GwVauWLiQ2WVe4Iobq+NQzA2LnC99VRxyTaY3WVTq8GAXi8i1NnPDODlOz3/hXTSuXoPF8+dj9fJ62IUiYuTDQXEnNR0I3DRutzQgrqm8XYfMJbUEBFmBYbswSIba8UHPMtFEIa2gukcPxNJJDBw+FN/ZcQz6DB6IfkMHo6JnNdREAojFoBMVKohP+K+irLsSS3Gg+e84FjyieFk2Zr/+Fm6YcCnyC5agtxRHBWT85tIJGH7AzyDXVSEr+BWZBPeuUNypEmOiIFPXi4okUhueFFvpK5gFxepnGx6iZflSsDJ1+IgQbQ9O3kC+sRlPPPo4jvjjUYCqQEoqnZdCO34EKTCbwKz77sPkk07B4HgKRmseckVPrIqpuH3mDKBfNey0AoXpdlvG8OmJpNgW3u98KV1aRCBhiHAhwRNktBgOFE+AbJhQ9BLs1Q2485rr8MXrb0NuzaNG0WA0t0JMpKCLwGpbx5gf74s/nPZn1I4eAY+UrxQF9GlkEkpiE/SIRhSBKAJRBKIIbLoIfGMAhFSCXMPCS8+9gCemT8fkyddDqk5zklnQde4JIQMoWilMxOPcuK5QVYASVFlcJ8GmBI0bhwNqA4WIErOu0nK6GtIQgLBiEX2e6EAXLLzw0Su4+p4bsMprhZUQQAYQhXwBmhRDdbwGcouHc444GfvvvO9aAMSlI96A5GkIFDxe4e8wAgDCOXz4VJjMb+igOgCXLrw8AAudAxBKtBiArFN5KPtD249+K387AAk+nYDDWkPguVCOS+jwSkR3ojmhKtA0GZSDuDw9aOXTT1Ko78gsFNmLQ6NkjN5Iurr0r20Bus6/r5y/APPmzIGezaJ+4UIsmTcfjWtWM9go1K8KtuchoWmoSKZgFApQJAmyILJYlCSJKJo6JEVmPjnRYZR4EtmCDpOAhwck0mn07T8A2oBeqBjSD9vvsAMGDRuCnn16AdVVJIXGoNs2SyypKigKpES7LHUIqImus86guU9g2HEAx4ZCPiF5HY9PuR3TJt+MWkFDwhNg9+mNIy88D2PG/gAtMKHESA5agEoAzLXhyiZKEiVzEhLo/pLYG5qvm+p5mqG+/PL6B12PJFQgK6qPrym0BRMkk/f4XXfjwUcexp0P3QutKgNR9WlYGxy0DQOYdc89uPG0MzAoloKVLUJIV6MxlcCUl2YAvSrgpGWmim4pwyapa4IEwe3Br6P7CoIk2kCXPYERWnjJmiaM5ix6JTNoWbAIj996J5686x7UCBIqBZnV4iTbwSKjFQNHboPZSxfilMsnYO+DDgR617LanU5yvaIITdEgy+0S1VtKPKPjiCIQRSCKQHeLwKYBIAFfprwCQsaEVCsnCdJjjjgK55xzDj768t944qmncPKpf8HgoUNR17s3SL89psVQzOU5oYzJCtRkglcVywetAIdJWthI3CVO9X94Bkqe66+8kds0tQkILgzRwheNC3DZbdfg84YFcJIiCkaewRBlxWmpAlV2AjdPmIgRmb4dAIivSETDJwQFI/iGLU/HfcrQ2oPlVMve4m+n684iG6RMBdvutOrR4c20Jx2LOe30kzbbPn+LfjFi3T3tsM32Sk+g2BRWhSgWBMgo4bcsTkTyxRKb+xE4YNEDSkoIeBgmzzOaQ5ZhILeiHnNmvYNF8+fDK1lYuWQJVixcjLSqwS2WINo2NDL5o74kyeEKCfH2HceFJIqIJxK+B4jjwqUHqVYpIkyRel1NeKKEdFU1EpkK9Bs4GCO+MxoDhgzFoCFDkOlbB6QTAJlu0u5bJq+ma4k4K+741SvCSCy95YfKozniPzpLUgl48Syg50nwgeZdNofconpcc/YFWPrx56hQYli6pgE7/ugH+ON5Z6HHtiPQapvIVFb4MtB0PKIDU3RYYCGiYK3/xrCur3bnrydjR65QmhZUSEBOx4JZH+PWW6fgvdkf4blZb0Ig13JJZr+YDQ6qgBRcvHPPVNx69rkYoCVg5Uuw1CSy1RW4deYMOD2TsFMKJ89byiAAQuau5Xc2wfPvdGJwc/JvmR4KuWaktSQWvPM+nrjjbnzw/EtImg6SnoC4IDLgNopF9NxpDHISMGfZYlw79XZkBvVForYnHEWGHVCFSXBEFkkJr6t3yi0l4tFxRBGIIhBF4JuNwDcCQOiQiFZFilh2ycTkiddi2dJl2P//fomrJ17DK8hfLpiPXXffFePHj4eqqBg+dBgG9OnLq9FKnJK3tb8QylVlCIxQwkirxaq6cRvbyfuDBnHuGYCILhqNFmRFHRfffBXenPchkFGQNXLQ4io3oaekDKqcJKZfezeqPG1tChatXNOifIeFf0Ei8cjAyTegPHVmWcgr/h0Gpa2dKWut88L/oALidGFxtnz7bWCT9p2S5+BY2sASVSkCl7/w+c6mOoEImUzEfMFYH7W4HgotrYipGqsH+YPKJJKfieslrFm5CiuX1WPN8pX885IFC7F8WT2y9D6rCLNhJQrZHDLxJBtkctO443JFgB1aiPIleLDjZMonwnQd2AT2qPIRi6O1kEfJsjhxJAGFfDqGHv37YvCwoRgyfAQGDhuGvoMGobq2DgopWMGDUzK44Zzcx23ippPilqr4VTsCHUQ79Dyeu57rIE5+IB1GZ6pKdgBAmJ4CD7LrIb9yNdJKDB/980Xcf+MUNC5dgaQrIVfSccDRh2H/Yw6HUlcDpSLNx0Rho6SaKnKU1FEPSzS+PgLrXnWdv5aEKCTHg1IyIekWVn/8OaZccx0+m/M5jLiMR995FVZ1EoqigvrKNjjI9r5Jx2t3T8VdF12Efmqc+xiceAal2h64YeYzQHUcdpIAzZZVAbGYbFl236eLxvEgexIvNlBFWqQqYEsDGhYuwfR/TMUrjz2FHpKG6liCleJUTUH9qpXYbc/dcdRF5+Pm++9Fv5HDcPCfjoEpenBiKgRVgyjKPqi3XaZqytQzFY0oAlEEoghEEdhkEdj4AKScfVPWO9DS3ISKZJp7QVatWIlfHHAgzjn3XPx23O+wfNUKNOeyyBcL+MVBB7HL84C+/VBVUYHRI0fjoksu5sbN8lEsFnl1OJFIgHjym6oHhAAIl/4DAOIKLlbmGuBmJFw25Wq8NPstyNVx5JwCLM9CIatjSO+hcFeVMO3a29FfrVkHgFgBZYi/4oJqESWn9P3K9CN6gLj6667CEQAprwbR2ymN4VXBLox16FKdvYe+54NzF1IfwpeVUyLC3Q8/ur1PpM0OrK3CoxAtigzDuBTigxSqJFgWLfG2D6K6qSU76BEJuFgEXEwLemMTU/OI5rJ48RJMnXwjMlqcK2YtjU2oX7wUdqnU5k4ek1VomgaxlAdKeaRTKTiWjUI+z0CV3JFp7sToZ1mGJ4lY3LKa6V66ZULUNMQzFYhXVgCqiv5DhmDHXXfB0OHDYffIoLZ/P18uVxRhuS7keAwmXJhULVMUBiq2aTFw4oS/DIApCvW5tCnk8g9iUE7qKNna8RRZYQUkaHemualQZYaakyHhxnMvxJMPT8dwLQOjJQuptgpHXXgW9jj4IJiKACWdhsNUlrApnZSBuzZ/ujDFtuqXGKbDUszIFtEyew4emnQz3nj+RajpJOS+PXDz848hn9EQi5EwRRd6NkjhaWUWL91zF+657HL0UamR2oShJmD17oVbZj4Dq0KFnZQQ1xJbTOypAkLXUghAuPZB9w+L+j0kyAEYofvCZ9Puwz23/gNrFi5FhRyDFhi+CnEFqwotGLXrjjjprNMh9+mFY04+GedeehH6jRgGL6FBSSW5ghnWZkWXwLjIxdZoRBGIIhBFIIrApovAxgcgtGpMsqeUcAX0Ekq+8q1ZVFZUINfcyjf46ydPhlUycMElF6OpqQlVtT3YIyGZSqG1tRVvvv4Gpj/8CBRRwoPTH0bffv1w0EEHYeDAgRg8eDB23HFHpFIpTiQJiJRKJU5qy6sgtLJMK+aWZfHrfFqNw6CF/hauprPrNfH4g4bf8gSQvggpz2NTRdd32i14JRQUG7MWzsb5ky+DFQNanFZICRlWyUFSTCFRkPHIDfeg1kuuA0CacznEVY3VcSiZpsSYVkSJmkP9IdR8TpxzMrorrxb4Tr9+lYSBSPA79SZQtWRDwwcTG34dbYf7K1xyzvYbvEmtSmWg50sqUzLNTfWkdibL3BdBr3dc3/OAzkk7HQuQDQuybgZd9mX74LjI5rKQ2Y9Dgl3UYS2qx8oVK1HI5fzKhOPi7dffwJKFi5BraeUjKOTyqLEdyBbF0PZ7QKhHgyoWoh8N+jvtMK1mGmYJiqpyI3jeKHFy45B7fakEJRFjsFAsGaip64uRo0ejqrYnYpk0Mj164Ps/3x+QFW4e5gc1umtECfPFEwi4UBLjySJLeTrUKBtWsaiiUy69HPbMBKaAIaDj/vxO8tHOZF2dttj6EWaAbNlw8zoUV0RhxWpM/vs1+OzRpzGqrhfmLl+K73x/T5x02QRkhg6Cm07CliSQfwILTIuApEYrvuu7fjqrRNE9h+Y53UtisRjfQ0oteWTUOBa9/R4ev+lWfP7S64iTh5AqIzNqMCZMuwN6XQaZVEVgZLmBq7bkAnkPT/39Csy49Vb0oGvdE9FoekiMGoGrH38QdqUGN6VAlTdu9XdD95NN+Tx5SVEFJFQHJOqpSNUPKkgXDUimBzNfxLx3ZuGu40+E5AkMTkiEQtCU/69T6KJJsLDDT76Pg487Ev1HD8dV107GspUrceW1E2HLImxFhJZMUCmS74xM4SSRBopxmSrhpjzOaNtRBKIIRBHYWiOwaQAIrcYGK/khx71U1Dk5JA4/gQo9X8Cv9jsADzz8EDJVlRA1hRPvppZmXv2u69mTywD01bBs+XI0tzRjxowZmDJlCqj6QeCjf//++NnPfoaf/vSnGD16NCcBBDJCINHS0oJsNotMJoNkkmgPPv2FEodytaEQiHRUHOJVetFvcKYvPyHoQ7VkF01OHv9evQDnT7oMa0otMBMOXM3dMAAhao9pQhYkPDn9Ud7urw7+DcxcjlfNTdeG6VgQZBkxRYVKSkuU8NIXMjUca2o7vYmbMAkYBTKUHWbxOrSRsgb29SZbIT2HDNQg8Jcx9ebQaj63kpPLPSk2US5AsRQFBnjk3s19DKyCFTwIkNLPBCwaGlHSSzCpuiCI/O8LL7yAxYsWozXbCpsaQUsGKooOli5ejObGJj5PBCjSiSQ3XVO1Ih6LM3ATmpqhUg8EUaqoD4Qatj2PzzNXNFi5DGzyl3dMlpzNGkVU1PVEjwH90FTMo27gAIzZbRcM/f/JXDKZhmtJGDhiBFBZ6ZcnCJSSYhZn6ZL/4GOkKk1glU4gRBT9OU/ALQAf9K/kCms16jN1JCwdlf9Lf+wkf+wMgNBn+RQqv6JEb6UVYU83fHnefAmvvjgTD1x2JZTWHCRVwdLG1Tjo6MNx+JmnwKtIwWLaicLz0LZsyIkth76zSW7mnai1hdTP8P5B50otmFg++3M8etsdeGP6E+gjx6EJEgoCkBw5BBfcfztKvapQWVnZFQIWYHhAg46p55+Lt6c/gh6SDEVU0OQI0IYPxdWP3A+3JgE7IW1RAISmMV2vrIRHEtqkNOd4MFtyUA2bG/ufu/t+3PX3iRicLfL1kK6sBmIalrY0wUxq+PXxR2G3/X+C2h22QUNTA/bacy9cedXfcdBvfg3dsXnBgK5XUfAXLPg+TwsGXAHp2kLNJplr0UajCEQRiCKwFURgkwEQrpAHFRD6EjFNi5NEAh+2YUIVJZx89LHo078/zjr3bKxqbEB1XS1TrfSSztUJ8j0wSiXIigIt5jdY6qRkBODRRx/FvHnzGIwsWLAAn3zyCUaOHIl9990X8Xgc22+/PUaNGsVAJUxIaaWSBiW1oRtxCDroOfo5BCahupYnUaMvARBStfHbxm3ZRYOdRxMKuHzKRLz+yXuQespwYhsGIILjwGppxacffoSrLr4MPdOV+NUBB2L0yFGo692LaTzMy5d9KVqiZjEfgCoRtPpOKScnvv7f2rgC66KNtmb3tnncRQDCeTHxq+mzCVRYFsxsHio1UlMiRgIABBaoCkIJAjVtWxZWr1iJpYuXcN+FSyZ+QTWMVi8bVyzHnA8/QHNzMwqFAn/B03klwJhtzXLcSQVNJdf5rO6b+KkqnxNSv6JDps+g/VJlhZ+zSjqHgA6dwEzJNGBYJhLJFFKZtK9uo+sQ00mM2GF7DBk+FI4koe/QwRg5ZgxilRkIMQ1qVSV7b3imBUGK8c90zNSfIdG8C/jg5LYcVnVoxbVNSjhsV+HqFPWS+BH3G8UDmlVAJimXWm5/UfCksm7S09nKu9+D60s0h6fdpeZnkhAl0C7KMFuyeOz6GzDj7nvQI51BtrkFQjqGky65ANuP/SG7rnsgJSYVNkn5prac1fNNct/uBICQrwcBXZq7Jd1fYFGWrMS0G2/GPx98GEq2gL7xNK/M5wURVdttg7/eeQuKPStQ1bMi7HJa/+6WPHjzV+KiE47D0nfeQY0cABBPRMU2o3HVA1Ph9EjBTcpQpC3nHJKSHF1/dBOjjiXqHwQJmRRKQEMLHrzlVsx88mkkTQ+1BZtpksuaGtFoGWzgefhf/ozvHrAfvFQcQlUGN9x0E96fNQsTr53IPYW0wMO9hZLgS30Hghp+JZX+FlUEN8l1FG00ikAUgSgCQQQ2GQBhxZ+yfgb6nVbQKXmUaeXecvDW8y/hjDPPxIOPPoJERQaVPavRksuhsqqSS+nUuE7KRJQIU6JKX/g0QrBAVCr68sjlclizZg1mzpyJ+++/H4sXL2aAQfQIAiOnn346U7bS6TRqamr4X1qx5xXyAIzQNqiCQsAn/ButcEqayBUGyfE5yPz5oo0WT4cTUzDlqam469FpEHpKcBPeBisg5CXhLFmOGY8/gUlXXI2MosEpGujTsw6V1VUQZQkFowTDtlDZoxrxeALJdAo1PXqgV78+2OcH+zJdiCR6Q6UqBiTr5K7rJrPhl2xXZj+dI5JEpn6JlfUrUL9kKWa9+y4o0aUKjmWYDAjovHD1QxDR0tCEFUuXMYUhFU8wfYolcl0PibiKqooEn0OKKwELolw1NDS0nVdWzbVd9KysAYEWqniQlwady7pedQxU8gVfbYwSvxbBQ7yyEtU9a5BMpVmuOZlJo++gARj5ndHo1acPEskE8q6FTG97KPkAACAASURBVF0PZPoPYGDhSzvL3FQuEcgh+VuqXDguDFbeCVJ7BmEi90f4vSsuU9EYBCnJtv6djvEkEBJGnyh8zGQPkEJ4qnzvkg7v7GLjK4Nj+oRAfjn8LJqf5JQu2LTfMpq//AKTJ0zAp6+9hQGV1VjT2oht9toDh55+MgbsOAYOJMgydd2TbnAX+hG6MnG21Nd05lcTzAWqqDIQ8Ty8cf2teHLq3VizaBG26TcQZkMLinkddiKFAXvugVNuuh4NCQXVvTNd6zMwAe+Lepzy+0Pg1C8D1eXoYl9VcjDge3vigjtugZlRgLS2RVVAbNuFRRRLmfo9XAgEPgwTLV/Nx2P/uAP/evIZpCCgSkvCaNUhxGNY3NyI3qNH4oDDfo8fHfJbIJOBreswbAfnnn8BDj3qD9hxlx25apuqSKNkm1xR5suIK5Ou/y/78UQAZEu9lKPjiiIQRaB7ROAbASCUINuOA9MwENdi/EWtSgoav1qMv5x2Kg46+P9w8O9/h9ZiHvFUkl9LFB3qOaBeB8e22/oKTJPM5/wvh7BaEVY2QoM2AhO00k6Vkc8//5xpWO+//z4+/vhjDBgwgB+9e/dmMELAZKeddkJdXR0nxgRAuPpCn8sAROLyPwMQ5tZ4cBUBzU4BRkzAY2/MwI13/wOljAU32QUAYlrA0hX4+OXXcO2lV6BKS6DQ2Mwr/7zaTeBM8nsIqJ+AAIlBOveWCSUeY+8Jfo5W2oNKBfWOdJQJLe9jCRfiAyeODc88ys/JfJEa4dkM0oNRLEERRT9pDkCFT/8R+PxQRUSTFaRjCTaR9Ezbb9wPk2+SEKMF2rB3JUjoKNYlApZhxUUQ0KqX+ByQnwJVvqjyYtkWg7ARI0Zg0JDBiMXiyNf2RKJXHer69EGqKsOrmoIiQ0loEKnnx3O4l8ZTRbiyAEPX+X2JeIppR0S9oGBSMYlsHlj5KhmonvGRUa+LDZWAgetCcKkL1gcgolLVFkeui9Hf2koa7cjCJmWtAGm0gxD/M9cGIERr64IqEn0WVZ44a6KV2gAUE+hgw0zAMW0oogw734wv3n4bk86ZAGvZKtTV9cSXq+vxy2OPwG9P/BO0TCVkNRH0tkSUk/VeGJ0AEJJ45kWM4HQ/+9TTeObciyETndK2kCDPFcuDrlsQq2ow6kc/xtHXXoMGz0JVnwyz+TY4SL189mL86de/RKVeRIKqkZYNXUtim5+NxXHXXYWiYEBIa4hr8Q1u7tvyAtumBQhAlQV4pgG7tRVNi5fgH1dfg89e/RfqZA0pD3xfKsVTaLEM7LDPXvjVEYdj6K67AOk0YFDZWsbzT/8Tr730Kv5223UwbJ0rmqIiQjepWhpvtyYKJNcZfEQA5NsyVaL9jCIQReBbGoGND0A6CUT5Qm9bmkPG1fkinnvuOTw7YwZunjKFKx6yqvir+9TUzGpQHlSR/KfXHuUGhOEztBpPD3bM5qZm31k6bD6nZGHp0qX48ssvMWnSJKbn0Io8Nb3TSjz1lGy77bbYe++9sfPOO6O2thb1K5ehb6/eSMVS8GwP1dXVkDSVzQjzMPDVykWYcMXFWKE1oZA0USpYqNaqkShIeGDSnajz0qhwKPMmyVgXKDnAZwtx/4034o0ZTyNFDtWmDo/kJLkRUoToSpBcamwmTwpKVkWQTG8IKjieZQFxXVqhD/oCgqqT5TmwXDLX8s26mDFE77ODMk5ZOEkpqpyeRtUHaoyneIUVC1mRkcvl2QiQZJJZQtZxYaoySCmMaVKCwKAxnUozHYVoKQQYqWqQdS2sNot+T4cic7VJUzVkKjLc00G/098FUUKqpjeGDhuGEaNGol//fqioqYZIvTBEQaOeDD/jB6pSARWtnYpEYIb2jRrOGUgGPPKO0zJslG/DDEFMQ7u5dg/6MNQdyxVdXyHtTMJ1k6b7wQfmW1phNjazMduL9zwAVTcZJJYEAeNPOxk/PvZoXgWO1dC6us30MTa/ZOpku6ZZe08PtSOtKxX8Lb33dX23CeDrRYjxGAzPg050UllB3BMhGSbQ0Ix3ZvwTd0y6HrX1zYjbVFn156QliygoElaLHk668m/Y8cD9kY8pSGUSzPTrbIS0Owa1VLD7sh5/HDsW/Yn6mMvCi8ewUlNx/tQ7ULf9NlCqMtyrRpTG7j5Mmmd8t/KNQ8nbg25OfMy8sERO5x6KtotcoYSMA6QdAV/NeA7PTb0Pc956D7WZChiGCctxkBnQBy80LcLPf/kLnHDqyagY0D8QhxC5h4wWUI49+o/42dixOPzPx8MNqoahSxFVYaN2j+4+a6L9iyIQRWBLjMA3AkC+LnCObmB5fT0uvegS/H7cOOy9z97cSMyqQlQFoCSXAEjQJFi+nc4ACP2NHmGiHlZKCIBQIkw0iVCyl3nbpRLTt5YvX45ly5YxEMnn86ivr8ecOXOYyjV33hesWNWzqie+v/e+OPyww7DDrrvA00TkHB0Negsm3nQd3lrxIfQqdx0A0gtpZBiABK7uhoPVL8/CxAsvwLLPP0VtUoOj59ndmzWqXAmyKzMAcWC2y9YGbH9K1DsOSSAaQZBsBwCk5FicXFIMfYqWb+LVWc5DVYF2AOJXqwpmielfFEPqr6AGeEroqRpDzxPtKp5MYEU+CyGmIpOpgKap3LfiukSdUJDJpBmw8WNgf/QaOYxpV3QOCPTQsVDliX6mB9GieOWRuOxazM/8CVR6LuSY6vdm0LJxAEBcckTvJJNnBa6ggkXHRb93FBhYC4BsiVc2GWiXSrBzRVgrGvDQpBvx6vQn0COZRr5kYOiOY3DYGadg4Pf2pK4mCAmVSzLt4hF+Eu2z0Yia4ssnb5UAhK5Cy4DN1UmSyxa54icUStBMB+8+8hgeueU2rJk3H8OdGFSbbbpZDa2kiijEFKyWgVMnXoXt9/8pcrKIVDpO7QddAiDWF4tx0gEHokcuB6VUQp7EFGprcP7dd6J229GQM0Qh9KWfu/vwAYgP8306IvWPEXeQej2YmMj9YbROokCCXr8K7z8xAzPvnYZVn32B2kQKpmFxz0fRsbHcLGKXE8Zh3KGHorZPL75HUP8cLUTQ/enZp57BvVOn4tyzz8F2392dz0n5CBepunvcov2LIhBFIIrAlhaBzQpASEZRjcdx3VV/x5dzv8TkSZOgxrT2CohISiidV0BCp+iOJ6Szpt0wIQ0rIfQekv6l/hDqB6HEmgAKPdgfgvwbbJsBSjwV42SjkC2w8FFVVRX3ttiSywDEVjw8/NR03DrzXuhVHoyCjapYFeIFCQ9SBUQgAELN7UT3cWFni3jomil48dFHIeRakIAD8uGVFL+KIZDGvUNGWyJciY4+6CcIvjipatPxGGV2DBHbXLW5+Z9Vm3yVF5/kHHQ2BF4U5XHL53NQZAWpdArJRJJpX02lAmrralFRUcFUNN0wUF1dxakDxYjoaz1qe0KpzCBVVYmePXtywz/F2k/4ZY4j0ai4akHN3OTlQuYX5WaKYULAVDufMiXHktzYTg9f5lbgChCvkFJvCpn80es6cZKmfeXkJthu2OcT/t4x+djSLujy46FeIkcvISOomP3M87jr6uvQuHgJMukMVuez2PmH38dJ55yN+KB+7NbO8s4UW1by8iDR6nDQCEz/Ui+U+C1Icjf+OfVguzbPR8cJqHYlk2Wlv3jtdTx0w0347LU3MKp3X8TXFHyp2DIAUkyoaFQlnH3DJIz4yQ+RE1wkU+wW0iUAkv/oC5x/6GFINTQg5jhoNErQ+/bGhPumosfoERBSMV7f+DZUQBzYcIK+KF/FzW8AlyFCITU/k+ibFoSSg8Z5i/HPh6fj3WdfgNPYjAyZgJIUuixjScMa9B85Aj8/bBzG/O7nqKiq5L45LZWCa1vI5fNIxOP465lnoV/vPjj+uOMQr+3RJhARBj5cpNr4cybaYhSBKAJRBKIIrC8CmxWAFLM57gmZ/emnuOySS3HqX07BbnvuwckmUUHCXgdNVtehYHUGNMIDLX+OKiJEIwpXughssLIS0RmoH6HsETZHh43otL1svgWJeIKlLwmAkLIS7Zcteii6JVbE+uyrz3HmrRejOV7iCggBkFhRxAOT70IvIY2Uq/hStp6LxhVrcPQvxiFmO8gIHqxcCzKpOIpmES5RrYjWEVCwTMHkxIKqBmFiP2bMmDI3cP+IqfmY+lPK5V/JoXv4qJHsKxL2C3DfctA/Uz4pWltbfACSSiFOjf2UPMUU1PSoQZy41OzWbbGjty8XQ+pbfjXCcymh8ONIlCzPc33zP3KkZx4KNSW4fiWGwEi48hkChLIdCT1PJPJEIZnMgMZiuy4kUqkKVdVoMV7wkOzESSGsjHUFgHQGSrak20VTMQdNURAv2RBbi3jl/gdx3023Ii5JyOZzcBQRx//lZOz1+3Hwqiv5HPE1J5GssOALMlBbEqmxBb0/4lboF0KJsuH6fU50z6rQYlA8Ae89+TRemvYQFrwzCynTRhoCEgb1jK0NQKgC0hyXceFtt2Dgvvug1TaQzpA7SBcAiOFg7jMvY9JfTkVlaxaa46DFdVDsU4dLHrgXNaOGwYsrfDnKiq8U2J2HR3RNgTw+PJAmId072GdIN6AaLpIiqe650OcswMz7HsKzTzwBK1tAVTrF1W3dtrAqn8fI3XbCQYf+HrsduD/MCr9XMEavsWyUjBJimoZ/Pvss7rnrblx68cUYOngIpIqUfy8sG1v6PaA7z4Vo36IIRBHYuiOwWQGIWTKQJ1qBKOEfU27FvC+/wvU33hAkuGKgouXxl0lHA71O5UnLV9bLzmu4Kh4Ci3L9/rA6EgKR8Hei7vgGY1RdCDNfgRN4UZFhwYEl2Gg1stDtEv545alY4jWhVDRRpVUhpkuYNvkO1AkZpD0CIAJTiRzLhdlUgljSoZGKlJ6HQFmeJvn8ZG4kFiG7ElzVNx3kpD344uxsxY68JkI91jBpF0PTvIB+1S4Z2wnvg+Mm+JUKqjSQhC5xtYgSRX0epsGSmKQIxUAu6K0gsEGx4B4TVmaiUyewchV9CtHpaL853o4Lm7xUApPCjl/8IW3Of54+llTMfFqZ5ZL8bhALDpE/GwiAdKSUlc+L8p87SzS29OSj1S6xkphq2kjaHlq/nI+Hbr0DM594ChmSe7Zs9O/fD78+4Xhs86uD/L4rheiPIoMQOn/sW0KVjzYAskm7V7rl3ZjwRJG8axyXY4lcAQve/wC3XHo5svMWosJy0EuLw8rmoXiaP1HLKiBZRURLQsVlU+9A3732QJOho7Iq1TUAott4664HcNeEi9HbdiGZFsx4HCuSMVz+8H2oGTUUXow8cETIyregP4dNal2YogeDzEBJecp2IOom0o4IrymHT15/Bx8/8SwW/+ttZPN5ppZ5CpkLOrDjKrbZ+7vcbD5o++3YTNCr8Kmi1LtmWSb3lLU0NuH8885D3959cM455yDb1IxM79p1KJtb+j2gW15Q0U5FEYgiEEWABYrWV0rYxCEq6kXm/VIz4qoVKzD+sMNx6SWXYNfddoNuGkhXVSKXzyGdyfxPexIeYsdV8XCj5XSu8DXtX0xB07ZfSuC30I+GY8ORHFiehWwxi8umTcZr8z+E5wiwiy76JWtxy6XXoq9WjbQncyM51QooCddbTci2BdVxWWLSFRxO/IifzL2YjsAPXSC/7rVbmIkCtk7yHtrOM1JpKzG0eYQwjZ8xCjmVh23W7SFl+MEsLWp0D3wrylYKw/fz5wZULsZkvAm/krS+VUXevrduB0qoorX2yQ16D3jrfrzLY+B/kv93n3gWja+LQBFEaXOgOC4004WgG1jx6ed45PY78cazz6EmnkSSvFiqKnHKzTdi0OiRyJslpHpUo1UvIJZM8nljH5zAzb0zt/Yt6QwQ9TJ0Ng/BM8mA68USJNOEJoiY/9obuPrsc+GuXIOkYSFtUzUOUElYw5Z90mQZAMlrMlZLHqbMeBLJbUahJItQNXG9c5euKfYqKpiYfMLp+Pipp9GXFiZsB1YyidYeVbh42lRUDB8YeLjQCfL7yLr1oGooLcSIRPUjWqiD5hWrUCVriAsaZt51P6bddjvUFY2oKdlQkwk2cVyez8KtSOKn4w7BgYcfiurhQ4CYAo9EMFybRS9IRluVZDiWjc9nz8YlF1+MSy++BKO33RY2SSWnk90+PN363EU7F0UgikAUgY0Ygc0KQHLFAlc/iNpA7rPXT5qML7+YiyuvuhKxRJz7DUinnfpCNp9USRkACb7cySTLsA24kgtq7ShZRUx97XH8Y8YDkEklyBRQ6SVw5zU3o5eaQZIBiAALLmyXTBk9TgpVkrOlRIOkWmWBv5DZCMulCgjYm6Fdjejrzzolh/QIqyUhYAhj1g5AfLnYjkMkSlX5oH2ggywbrKIVOHDTn9sqM+ybsS6oWedDPL+/ZcPDW8cfYa09aS/2MHCNxtdHoET0OMHlOEm2B5nMCnUDH7/4Mu6aOAnLP5+LXukMnGQc2x90AA7/49HQaipRhItYdSWbNvoAxAchTMfq/n3O//OUoGuEgEg4BFoosF2gqOPTl1/Fu888i9kvv4p4wUDctKHaDoMPSv8tV1kHgBAFa5Xk4rZnn0F81HAYqgRFXT94DkUU5LyBK8Yfhy9nvowBsgbJdpEVRfT47m447eZJEOsqIcZJvMGBKBIFq3tfE6Ze4h4ymkzkI0TVVlmU0TRnLt597iW8NP0JLJs7D32UGOIlE7ogYLWho/e2o7HXLw/AT353MBK962CRAEXMr9hausEqgjFVg1HUOQIXXXAhBg8ZgsMOOwyq5vf1iSRk0b3D8z/P3WgDUQSiCEQR+LZEYLMBEEoqc3oBmqTAImOoZBpL5y/AgQccgKuuugo/HjsW2VwW6YoMJKJgdUySv7EIdwAgxJEnU15SmBJspj64sPFJ8wKcee2lyOd1cipEBeJ48MapSLsykkQUEgWugJieB9N2oTie33RJLRKiwHQE4uCTDozKFCzAjfkUpPIhddLDEbprd8AQ7e8NkvawONIxdB0/g7Yn2j6NisFG8C/35oR/C56kug7VKDY0qLcFXQIgnUjwd6ZjSx+42ebEho62ezxvO8S09+AScBREiDTniF+/fDVenPYwHptyO0qr1iCWTqKYVnHaeedgz18fhJKlI1bbAxZbMvqUQL+CBYiUZW/BI1TSo4Q1HK5egpjXMfuVV3HHVVdj4YfvY6CcQq0ah0KgzvFVwqhi4nmdAJC4glWih388+zRio4bBUCQoXaiAEHVRzpfw9/HHYe6LL6OfrEF2BTQ4DvY44g8Yd9mFsEnXQXWhkFCDSBSs7pNhd1pcd1xYJZMrEhq7jkv46s238cy0B/HJv96E1ZJFTTKDilgMuWwWRVFAZtAAjP39IQxApJpK2KoMMa5BVoL7Y8niCohVMhgoL1ywACccfzymPfggevTsCd0oQY3HoBBgiUYUgSgCUQSiCHSLCGxeAFIqIqHFYJdMqKII9/8bqF1+6WUsh3ve+ecjlUnz96mWIpnJzfXFGvpm+Br1XE0g4hHRCKg3gTvAHSx1WzDhlmuwZHE9ck15DKzqg+suvAJ9k9WIEwCRCIDYMJlyJUBxBE4maNDvBqWK1HDukRqMwODElkPByva5Infmlv11CXrZFAsJTZ3VIDp6rDGgKVPLaqt2dFoBoVbSDQMQP3ZdIUwRfaUd6DBoCo6Po1V+rJttTnSLa3fDO2GZ/BpblmAKJOsswDNsZEQZxXlL8eiNt+G1J56CredQEgx8Z9ed8MezTkfvHbeDq0rsN+FSiS/oS2JgKnflHG5417rrK6jyESqnkQoeCVbIJQPzX3oVLz3+JOa+/ha01jwqLBcxcp13XF6QYPok9Ye5FK91VbAIgNw24ynERg5DSRGhxoh8+vWjrQKS0zHxiD9h3iuvo8ZyoQgyWkQJ3z/2KBx00TmwFQuu7EBV6OroXgCEwFzHYZq230tDVNT6VZj33geYcf+DmPPOLGiui5p0BrAttFomnHQKu//4Bxg77hD0G7MdCqoEMUMqfX6ITcOERn5PJQsu9ZHwzdTDaaecim223RbHnXg8CiU9MCiVkEh8C3pkuuuFEe1XFIEoAlEENnIENisAIa8Jol6RBKNjmlAECYsWLMC5556LXx50EA455BAQTauiR81mXNhbF4BYlJz78kBs4OZ6NlaJRdzz3KN4/Y23sWTBMvxi3/1wwrgj0SteiRglcexpYjMNi1ajSUWHAYjn+51YgX8HyUySjKdEH0uKQx1xVydgw19p7PBE0KjdNl9oO7S7ncjwdjqnOgId7g0J7bvKKVi2L8O1gUHgg1S+NjT8I2lffW5raSl7YwhIiNYWjfVEgCguRPGTJRTIz4WqGA4g6xYyRQcrPpyNeyfdgA/feAVVlQoaDR27/uxHOPqMU1E9ZCC8ZAIO+8v4/gxUBSEhhy15hEkzARGqaFA/yJLZn2Py8SchX78cqZKJno6IRMlCPFCUJn8Qh3oPZBkS9dp0ACB6UsMqwcWtAQDRFRFaFwGI2NiKCb/5A1o++wKVJQckONEiS9j76CPw60vPgyXbsCUTkkDePBXdqgLSGQAhnx8zV8DSz+bgjcdn4J2nnoW9qhFJF0hRszn5F5V0lNIJfGfsj/Dbo45A3Q7bc9Wo2TYhJuO8FsV4yzaR1mIQCWez/LaIt197DbfcfDOuvmYiKnuQganCAgJyTEOSvG6iEUUgikAUgSgC3SICmxWAmKStT9xpSkwdl9Mc4gjffONNeP+99zBlyhR2tJaTMUCRWGqRjfGogZvcuMN+6zD/DlxuN25k2whIvFmufrDZYdiWwiQX5s1/uOjfuOGGG9Ha2IKzTzsLe4zZBaoLBht+0za9kiodfgMqcetpg+y/UOaHESoP8Tdtl3LsryuBdIJeulKsoAPttLrQ/jntUQnA2AYBiE/n6croWCkpf9fX/dyV7W51ryGpaZI7FQWYpMLGKZoAqzWPGjkO6Db+Nf1x3DnpOsh6Ho5pIasXcMJZp+NHh48DKhNwUklSRSWtAaZLdgFDbvYwk9UdDf/+UK6ft/Z14pKqFCl+uUSNJPNM2ZeENSx4xRJUScGHr7yG+yfdAPPDT0DCueRyHrMcdkEXHIdlZAmA2KQgJkksLsE9WYIER5RQVCQ0qiKUIQNw4ZSbkKHm6VQCHhkHhlgu2K2QssSKTrRdMjtcthKTx43Hqq8WMn2O6o1NooefHHsUfnv6STATKjxNhuvaSGipjR57rgaFW23jX3byMYbt3zPYe8iDxSp2VPgV4BgmP2IkE6yX8PaM5/HYXfehYe5CSDkdmiMgmYgjb+hosXWM3mEMdj9wP2w39gfoPWQwXFIdJIPBmMo2hrQ/KvXLBfLQ+eZWlv5etWIlLrjgAhz4iwNx4IG/YNVB6iE0SMFMkRGnXsJoRBGIIhBFIIpAt4jAZgMgdPThlwlTO+gPRDsqlTB3zheYNPE67PfTn+LnP/85pFScV7Isx4FEX0aODUWS/QSD3tsGQDZfX0DRtZA1dLzy8stwLQc//uEPkU4kWZWlrYE3POWd0ai6xXSIdmJLigBJJ5PAASXJtD5M4JeuM7dkQaNKiOkgu6YRL0x/HI/d8g8ousniCL0H9ccfzzkdA/feBaWKJCxRhirHIJM4wrdgEZmrjAHYagcg64J0KmA6ZDhqG/Bkkn8WIFg2EsSFzBax4tN/45lpj+CVBx/BaGrkp6ql47FAA8FpCZIvLEHK1dziRM9b3L8legRAFBRUBU1JDb133xl//tulSAzoAzmd4ASdzEcZKAW7FlYMqMpEiy2WbcH495e46icHwCpZIIN1UtBqVUTsf8wROPSi8/he6KkqTNtBStu4CTbvVghAysFHJ0IWTqsOKa4BqgRXdOEIvsCGWcgjIdGkEZFfthwv3XkvPvvX2/jig9moVhOIiSoLc7SaJeQlFyO/txt+Nf5QfGev3YHKNJuiQvZ9oUh+m373vy98wQ4apq6zUMm9996L555/HhdOmIAhQ4b4MLRsxYKb36MRRSCKQBSBKALdIgLdC4B4YL32ZCyOJx57DNMfmY6LLpyAQaNHQI6pKBkGJE3l/guqgHBXRjcCII4oMn2AvnjpGDzbhRp6KRBjKwIg3WLSby07QUksO5vTI3A5t00LqiBC80R4RQOyICG3tB63X3k1/vX0s+hXWYNcIY8BY0bj/BsnQh02iM3fREmDQnP5W8DAopVvzj2ZhuhXQKii0BGC0DOmZUMk8CEIcG0TimnDbcniw5mv4MUHpmPhp/+Gmiugj+0A1HBO1zS5dlMpyEOnAERyAakMgLRmEhj2w31w/GUXQaytgZBQYbOvjj8Tw0Q6lN4NTVNN00TLBx/j4n3GoqaqBiXbQR7AGs/C7844GQefchJ0z4WcSPBxJDfyCr+/rkNAosMV0xGAsPywA0VVYLsWLMeCRv5Ahsm+JSjomPvRJ3jioelY8fxbULIlLvsmEkk4goiVuVYoPaqwy9gf4Ae/OQhDxmwDZBK+zG6wUMXnVPDd3lkMgRrX6OF50AtFtGazOP+CC/BTWrQ68AAkk8l1AEjker613Pmi44wiEEXg2xCBzQpA2vwdguScvuiKuTxL87a2tODss87CmDHb48hjj2FPEL2kgwz2iAJFzaGUNHQXAGJ4NidqkuiLw5IsJFVp6Fi4XaSMydWZG/m3YbJE+/gti4AbONRTFSQAIBbJnlIPEgkdUO9VqQShaKBx/iLc/vdr8fGrb6BXTQ3m1y/Br489Er858Tik+vdFyXWhJRIsO93dB5liUvZJynmh8zVTHzvsODePUw5rW/BMA6rjQMgV8NYzz+LxW+9Ewxfz0FNLoFKSoek6i2RQr4EKia9rAngsRkEMUmJTkhKV61dAygHIKk3Ejr88AMddehG86jSgqSw44d8YynaKACMrahGTSYRlmmiY9SEmHvB/0MhkUFGRdV3Umzoe+NdMaP17w0sl4VCPpoQRxQAAIABJREFUT7GIiuTGpWAx3bRD1Ohv5OMRAie+1wl+NdtzHe7lI2+jhKwALVnoK9fg7Rdn4vlHn8CSefMwrFVGFTSmVDXbJZTiGqS6Gux54H7Yf/w4JPr3haeIEEjhSvSrdhxbLncHwSLwRngkACB2ycDUe+/BrFnv429/uxzJdBqpFLmer33CI9PB7n7lRvsXRSCKwNYUgc0PQMq+gzlJdz3kWluRjCfw7LMz8Phjj+Occ8/BkGHDYBL1KqYxt5fMwRiA8GpYcMrKv6S+4bNIVAyDAEhADXNtnyYWgiT+wg53sxMp3W94d6OP2xoiwNl1QMMi+eggCac5SX4JmXiSE0byCIHtYtm7H+CmS/+GhZ/9G5l0GmplBoeceBz2PvhXQEyDKQJqYuPSfDbJaQiFFliZKlSuawcg4XVYLJl+UmtZSFM5IpvDBy/MxN3XXIfGL75C/0QaFZICO1+AQq8jaWon8FWhq5n6GwiAELijggj1QHgWuAICoiIpyCsK6iUPex/6WxxxyQS4SQ22LEOmJFvw1k6SaVGf/EfId0RWQIn16vfex9W/+D+mdMUrKrHGMJHTFEx7/SUUyScoGWeVQAKWcXXjnpsQgKzFvmIFQNJTK6s+AzBc39Mj5nlQDAtuSw5z35mFj197A+++OBPNy5ajIh5HPzvJPkfNjolWVcSA3XbATw8bh1F77Q61b28UTZNlo+OJGASBFMZINZBu8r6Ahe3YvjEmgbTAn+a9d9/FZZdfhsMOP5yFS5hqKJD0dAfRvOi+u0kut2ijUQSiCEQR+G8isFkBSFtKUAZCLMNkeUXSdc/ncph4zUT0rqvD+PHjUbJMVPXsAcu1ocZinNzTaO8B6WrT9n8TqvW/hzj2Dn31kbkgt6IIvi8ANUqW4SNui43kYzf+CYi2uG4EAgBCaRit0nMveSDkQCZwMUpyiZJFyTc1EesGXp32EP5xzXVISgpasq2oGzYYf73icvTbZUcWgkBSa5Op7bYhJ9NAvjFQBYQEHvxj9zy/ukD9A7TQQbShYqGAlKRAKep44YGH8dSdU5FfuBg9BAk9FA0yNVCbFgtH+MJ3nt/TFTS4U7LL26dkl8EONaETbUmCK/g9IGviMr7/h3H4/QXnwEmosERyQpfbAAhTnYjWRP9TYzs1bMsqXNPCp089gwdOOgUiJNiiigbbhp5K4ME3XwN6VaPkWpA0hY9N3cgNOiEA8SvVPpDzf/b7O3yg5RsqlvI5xKgHpaBj5Sef4d9vvodnpz2INQsWQbMd9K3pAVvXYRoeCq4Hra4Htv/x9/GjQw9G353GwFYVWJIIkUEUnSEPkkynyacQEtijTzbI0RwCz106L5qi4sYbbsSsD97H1ddcjZqaGuiGgVTKp2CVV70iCla3vWKjHYsiEEVgK4zAZgUg68SbF2x9+gTJXxIImT17Nk76459w5RVXYNsdtkeqMsNAJEZ0kACAMAwpozhtjvNYTvEIV1iZ003qXgEYadvfSD52c5yire8zQwASJsgUgQ5KcVx1tF1uTJcFwFy+Ev+PvfMAs6Ms2/9v+qnb0gtJgEAokV4FBMGg2BAQERA+FD79qyiigFJUUJFQlCZSBAERBKkiUoRAQgudAAklEFpCSbLJ1nPO9Pn7vHPOZhPiR5RNg3lznWt3s3vmzDzzzsxzv8/93PetV17NTVdeBa6vVqT3+8ZhHHLk/4O2ZsJyTiWFMrflJepDaxy1pQFApOpTr05IhUCONSc9BHU56qhaQ0wGrQju/st13PGnq/Hefpe2RMNxPQzXJa8bqlE9bFAp+/VsNG47fSvt8nl6WsEQ481IM6nYNtIDstOB+3Pw8ccSFHOqAuKImZ5RB0b1qoKAIkno3Z4KRVGM8kOu/OWvmPmHyzAMh8QpULMd3qhW+dszT0BrkcgW1anUNNQ0BtZoLwUg4nckilamqp/Jz6H0dsQoeXGl5Od56try3pjLjAce5sG/38Hz0x+nGCc02Q6OHGgUEccRM7sXscEO2/GZ/fdli913oWn9scQ5G1+Bt1TqWbap1mjqoHlJJSPBq7o4pkVQrSnZ9u7OLr757W/xnSOPZNfddq33fWjk8vkVVBD86N0WsiPOIpBFIIvAmhCBNQuAALVaTSU0osMvQ6QxTzvx5/R0djH5rDMIRekx52DalpLkVTlVIxNYMZXXlRL35bn+NppKG8ZmqilWlFwyKsBKOQfZRpeJgOLIL+H+qRXhdOl+6SFqUG6I71UpmiYvPfIY1/7+Ep5/8BHK+RKeofHVI77BpP33RR87HNOxEcUmceqWIf1Ya9QQAFIHXY3Kj1yDsnIubvC6/D6IoKeXt2bO5KE7p3D/324jnN9OSwJNonjl+8pnwtZNwli8blJvmvc0ZNcPvNFvEBph2hwdCzBIAUhnOd8HQPxSjlB6SmxTyfCqyoxgQKE1KVqRqJSJGhlEVZefHfZ1atOmYdlFklyJhX6EPnwYl025E1ryRLZGrKUmfMYAAxA5NDnHqupRV+5LhIIm06rmY+qWAqn+wkUsnDWT+267kyfuu5/agkWUEhOpZZTKZaqey6LuTtqGDsHfeBx7HnYQk774OVyR67U0zEJeyZArWpVSEKtLB0jVo169Urd46e0R9bBEo7t9saKcnXP22czvXMzkM04nCiMKdTqaLdWY1fg8WKOuh2xnsghkEcgisAZGYPUCkH9TtZAVVknUpdlREofKO+0ceuDB/OSkE9hmxx0UnUSzTBqyimsCABGuff96v1q1E/qAWvmThEhDF4qBrmOsDWYKa+BkzXbpP4xAXa1o2ebr92wlTnupqr5HEvvkooj5s17irGNO5LVnnsdycuRamjj6lJ+y4RcmyVK7mtOiNCRfZZFgTRriii0HJNUPuVfI8SvaVBgTVGoURRY20Vjw5FNcMfl0nnn4UYY7RcphQtjVTYvpkIiakzSUm6a6hq1k6e77f1dwDQQ5SNxjAQYWFcemo5hjp4P252s/OZZlAUhaZUj7KpREsh/2KZR5/zLsO3zSJEa+/TbNrcN4t7NCWG7iB6edxkaf3h1ackSWvD9E7CINJXc7gEPuX0GoAIhmpOIacRDidfVSKpREAox3nn6Wx6ZO494/X0XXOwuUtHOrU8LRTAzLpjf26U4CSsOHsscX9mKHr32F5nGjscol3KBGbOoYtkUisr11alfaXyKu8qkRa4NKJbQvoV35lRoFy+GlWc+rvo+b7vwHI0aPTM+Tbav7rimSuxkAGcDJkG0qi0AWgSwCAxuBNQ6AiCmY0CWk7J/L5VSCo3VW+c3pZ/Lya3M49YzJFFqasPM51CrXmuL9uwwAkf0SICVNk3IM8hAXfX95mWuDlunAzrNsa6shAu+VnU19HZYdSZgQhxqeHeNGLnkS8m7IzFvv5k9nX8CCt99VVKzx22zJ9y89l6GjRiqKpMxlSfqEhrUmDameygJAX3O4VBhcD1O8T4JYJckvPTeLOy/+Ay/dPYW2XAGtq0ohSCibFonvq4qEnwRojqWOMR+mPQiN0ah49K+ISL4b2OmiiRZrRPUekOUBkJxQsAQcKXEAeQkA0ehe1MGgUjNBZ49yDD9s9z0Y095O25CRvDF/MVUnz5/vuRvGjoJmOwUg0viOmCoO8HmIEwU4pBFck8UTqUyEkZJv7pj3Li89MYP777ibp+5/gGGBR8m0Kco++AmV3gqerhOW84zfYWu23OMTbD9pd+yx66T3RGLsvC0utESaNJqnr0aXiaiIWZHQvpas66S9JlXCmofbW+GCc84lXyxy3K9+TrVWI5fP0dPbq54bTkbBWpMuyWxfsghkEcgi8J4IrF4AspwT4voelmnhB4FKbMSMq3vefNrfnc+hXz+MU0+fzK67f1LRQMSUMH1AJSrJb0jgrpbznHaSqo9WDanyL0moViuKpzx40CDlCqybpqJgyPeyoqeaYpV6TpqM9PcrSNccs5FF4L+LwPIBiGxrmd8kGr4X0Bt7GHkLWwCI2J93ecy49U4uPvt8erp6mN/dyR7f+hpfO/zrjF5vXdXkLUm+rI43FgJULaUf7eu/2/Plv6sh293wNu+rfC5zOGEUKCM8kcWV/UP6ytyAom5Dj8tbM2by54svY/aUexkWRMpY0PBCmu08vlvB1i2VdAdEaI5JFMY44RIVLfVxfY1e/RfaEyKr7psRa4SKgmXSUc6z41f349CTfown27NtLEvHrCt0SQeHfJ4k2J0LFzGk3ETU2Uv3Ows4ap/9aJ37Fq3DR1E1bN4NAi6//TaMsaOhbBGrRu0QTchcdQpWg2W3LF2s0UvRgFKNsPWv5kgPhmpRk/uRatQPVV+ekhP3Uk+Pp6c9yB3X3sDT9z2IE8SMbG5Fr3aq93h+iC80t3ye4ojhTNhhW7502KG0bj5ROuxJLENVrzEEeUXKKFPYbUpyV86ZgibS6K9jREYq5KHuk2lc/WpNVbPuuv1Ozj/3XG6743YljCD7aVhpM76ICwgVKxtZBLIIZBHIIrDmRmCNAyDLC5Vfc/Fdlwem3c8Nf72eY449lvEbjMd0HNwoUIlQLfAoF0vK22C1DPUUTzXrRRNfHqPyHJ/53LP8/uxzOPKIb7LVxM3wNOjJ58ibNoZwxQPxZdAwTF0BF0mclLIOkFes9WxkEVi5EWioG/VPRIWLH/ZUMao+U2+9g4t+c45qjjaKBt/6wZHs/sXPYQ1qJbQ0YtNIXarRMBM9bfKWnoEBnLyybwIIZCgXbOnnkCQ5SK8zSZz7PtBIcIOq8pOIDU1dZ0bNw+yoMPeRZ5j65xuYce+DOL0VWhp9ZA3VOhGOEMrkMmN5PV7LOytS3EwXDnQ8TafLgI6mHDsc8CUOP/2XdLtVci3NhFqgxCkMORqhGgkIiUIc08Tr6MTB4NEbbuKPp5zGsE4XP+cQtDUxu2sx1957N8Wxo0lESctK73eSute0NBZLeimWnIKGUpd81RRgSVLp4HpEwzhS78vpcgfVSHxxiA+V/0tJqkIiUTzlPl54cDqP/v0OzI4eWmKdJs0k8Fz8gk53GNBjaPilPMM23ohDvnck63/sY5SGDVMAVzdtzCZHNZe/3xCpdTmlEp84CBR9Lo2rxhuvv8ZRRx3F5774Bfb98pcZNHzo+20u+30WgSwCWQSyCKxhEVgrAIho4y9etJhyocj3vvNdmpqble67SPF2V3uxCjnVxJiTlcUVebqtjJMgqkB1AoHinguEiCPenjuP43/4I9oKZU740TGMmTCBivSB6Dqm+ITo4Puecvjtq5zU0wInAyAr40xl21w2ua7P2/4ARJLRsFLDCsFf2MGNV13Dxef9jkLZYaPNJnLw/36DrT+9J1HikwjvXiCBpqukWsliy8QeYAAS1gFIw99cLdSrlfGG33l6YNVqL7m8rIoHqirpyI509TDrvge584q/8MZjz5BzQ5oSsPxgiZpefbX9gwAQ8a5Ie7wMfF2n04S5esg+R32bA449il4tJt/cjK8FKjx9AEQ8RYTOZhgEXd1YbsDtl17OVb8+i/ViC8+xqZRyLLYNzr32aoZvMmEpACJQoj8AEW+khlxwf/AhSb0lybwALanA1M0a1ZKH3MOkOV98SBSgNAjnL+L5Gc8w69HHefzu+5g36wWG2nlyUiGr1shpOoVykflGQKfIpI8dzbZ77sFOX/gc4zbfDGybWhgRxDH5fAkrZ6zQvOgjY9UXaRreHyIffdZZZ7G4o4PvHfV9VfUYOXad7JrOIpBFIItAFoG1LAJrBQBxRT/e9ZTm+1NPPMEZp5/B/37zf9n9U59SFQOhY0nSL7QmZyUowazIOW3Ikjace6UCEriuapZ8eMq9/PLEn7L9FlvxnW9/l5ETNlJrlm4cYhQcxMRQM5c0uTZWMUVmcgBzuBU5jOxvPqIRUNK6/YzbhO5S6+7BChMc3Wb+K69y2e8v4uF77uGthe/y5a8dxLeO/j6D1xlFLFRIqXjoAkDS+oTSUR3gyVvXY1JgpzFS2L/0ByVRoFbNBUCpno6Obm657EpmTJnK28++QDnUGJQrYImzuR8s2Va9ivnvFO1WbGpEClSIxq5UQLptnfaixdFnn85mn5tEzTaw8nlCLVRUJ13+xWKalwIQaefXhGbUU+P6cy/gxnMuYGKhlW4toTNnss62W/HTi38H5SKxY6Kb9XJCkuCp0tMS4KHsM+qUULW4UVeUcnxRm0q9NdR6TZ3LFvqeokVJZTmpVOh69U2e/Ntd3H7z35j74mwGOUVGtw3B7eomZ1vYeYeqW2N+VwcdTQU223E7dv3sp9niEztTGDNK3ZsjmRumSaLpSpI8Z6rovO8QSloo/X911St1J0zgwanTOP3MMzj1tF+z3nrrpb2Ahfz7bi/7gywCWQSyCGQRWLMisNYAEElsFre3M7htEBdfeCHPzZzJN//ft9hk4kTFKZamUVl5zA2wG/CKni4luSsvpZWfdqZIEpS4Pl5HFyccfQxPTn+EPT+5B4d/439Zb9ONlQSlJy89IddUricP6QqyvKw6t35F9yH7uywC/20EFIBuGPbVc1JRHDKjRMnB2pbD27Nf4ZrfXcjf/3Eb5UFt7HvQV9nvoK/SPGyoAiCJaahmZQEiK8PqRl1jdZCUytcm6rpvjEZvgzRKhz0Vyhj0vvk2/7zmrzxw89+JFnZQimJK4mnh+qqh2pLvG2phyttEtracRv3lNO8vL9ZiRKhSbM3EMwzl9t3TVuLM6/5EYf0xygfELhSJddnvtNdBXlLBVYIbYYTpumiLe7jqzLO54w9XsEmhhcVRwAIz4ZMHHcDhp55CbBsk0shuKltFVb2QhYwlsUi/U3eixnmtf7UDDTOSHrS06iGVWrUR3yfq6mLunDk8MHUqsx+YTu+sV1TzfqtTIOip4lZq5IoFtLzDglo3gW3QNmY0Ox1wANt9YmeGbrwhlPLUqj3Y5SK++IioM6UsWCkYK1ajVgAkipSpo4APaYZvX7CQ3/7mNwwbMYIjv/89ap5LS2trn0Twfzv3s/dlEcgikEUgi8Cqj8BaAUC8wFfa+qIe1dPVpfTfDzzwIPb63Gf5ylcPwM45CGdY/AhWFwCR5EElSPU+EGl8lQ6O+W/MZURLK7ffeAu//805tM97m92324kjj/shoyduRFLO41k6Sd6SdCTlb9cBiLGGyZuu+umZfeKqikADgDRUhxSdMIqwNYPORYso54sKjLQ/P5tzzj6HO/95F2PWXZfjf3oS237yk0qaV3ouBIRIg/EyfocDcxhxCpKUupXqk0rwIr/eGVBvVBZFqe6K6k3ofG0uf/3dJdx3zQ20BAktuokTRYp+JL0WhmYqyw4lYKckv5cPPtL8/r2g5N8BEAUJNEsBkE5HZ0He4A933kq1KY81uI1yS4vy7pAjEPAhkrMCQNRn+AFGpYb27iIunXwmU/58LVu0DmNRFDAv9vnsN7/OV48+Eq2tBcRLRABIXQBDkva+vawXhRoApHFe1a6F4ocirxhDaGpCu+qt0DNvHo/dN5V7brudl2fNojnRGJ0rUO3spWznFVgT85LeOGJBUMMv5/jkPl/goG8egT1sFDSVqVV6iC2NXHOJUOEwXcmpy1wSGXJbM1eoAtIX80hMamIqPb3MeOopfvWrX3HtddfhxxGDhw2l5tYolkoDM7+yrWQRyCKQRSCLwCqLwFoBQGq+V+dL1/nlccK0qVO5+ppr+Na3v83W22xNT61KuVxWHPRlx6pwal4+AEGtGuYNi3dmz+GPF17EXdffxCinxIj11uXzB3+FXb6wF55tkBvcSiTccQEgmo6pGSxjPaAOa1UcyyqbfdkHrRkRqCewaqW8Hw1LpHbTBu+0ImeKnc3ibua8NJuLL7qYe6fcyx67f4pTfn0qucFthEKHLOVxkxjbFDrWAB+eLPDX+6saYg2Vao+iA2lxghaJWpOG3lnhxemP8+fzL2Tu488yQnNoisD2Q7RAKFcpfJG2ZgH9AzlEDlfQl1zLAkA6cjrzczrXTp9G1FJSSbom3iKJGK2mAER4UMqIT9OYP3ceI0vNdM6azRnH/ITanDdoqfr0mDpvRC7/c+JxfP5bhxM3l1I/JHVupJKyxCywzztDzmcc43meUoZyHFtVIVzfx9AM8tLl4Xp0vzaXJ++5jwduu4M3n5tFMdFoyReIo4AwDjBUlUZMAXVC6VHJOYzeclO2//yn+diuO1IaOQIopFWUuvO8SOpqlvR79EEfdbyGoUhm7xvyaqVKIZ9XC045y2b6gw9zxhlncMovTmGrbbZWC069bo1SUxlLbTMbWQSyCGQRyCKwNkVg7QAgga8S70ZlQJKNwPP56/V/5akZMzht8mS8IG3kLhTfK7+4KpL25VGwhL8c1TwKAiwiuOv6GzntxycwVi9QCT1aR49k30MOZq+Dvyp20pBzUhpLzsarudiF9+r6r4pjWZsmcLavAxOBPhpSPwAi0qYNqds+dSXpmXBDHphyH3+69HKee/pZvvzVAzjg0K+xzsRN6PEqihpULuZWIM38D/c9EAqWZNxi8peSsAz5OfCJax6GcsqGaVdezW1XXcPLTz/DhoNGkq9G2EFITpVPBHikVCXRjEp1owZuNABIqOm4UgHJpRWQBgDRBICIf0odgEj1oz8AaX/rHYbli7z76AzOOvZ44rfm0+SF9Ng6i/MW3/zlT9nxK/sSFfMpAJFG9ngZANI4HDncIFTy5HEUErriXm4Qhz6maeC1L+aRf07hodvu4K1Zs6m+PZ9iBKPbBuFoBgtrPfQWxLHd4t0FCzHyOUZtMJ79v/4/bLbrx7HXGwt6rNSyclodgNR7TkQKTaof/elsqVSwmfaevN9IoHtxB/lcTt0Lf3riSXR0LOaPV1yBFwbolokb+sppPeuUe79gZr/PIpBFIIvAmheBtQOAREsUY+Rhq1Y7NY05L7/CiSedyGc++1n+5+uH0d3bQ7mp6T1RFvfxlT7q/HHVeNmQ4ZWVSUl4qjWcWGfuK3P43S9OZcH0p7FyOXpqNQaNGMHmO2zPN773XcwRw5UjMgWHLrdGy6Dm1XMsKz1Y2QesaRFYHsWoTw2qj9eTKMW2vJWn+m47d93yd66+7ErenDuPY046gS8fejC+Lc3XMU2lgQcgkVfvVUhzdqkb0LNoEU1OTgwoeP3ZmTx2/wM88ue/ECxcTEG3MP0YJxB5WRM9jJW3hRqyUi/tDwN8IszUN5xQ16mZaQVEmtCvfXgaUXMRrVxC0wWAiPqW0MZ0VYVpVEA6313AINPhlXse4LfHnUihu0LZD+k0NZLRQ/nBbyYzbuftCesAJK1MpfSz5fLe5ACl6hPJwSYkrkftnbd4ctpUptx+B+/MeR2vvZNcDIPyJaVq5fb0Eno+XjHP4lKOMEkYPX49PrPvl9hh990ojBwGjoWfRAQamLaDrclxpCM1aUzv0f3xnfLyULTS9wcg0vOxaGE75WKRf955F7fcfDNHH300G0yYoCorouAlIKRSrdDW1DLAZzHbXBaBLAJZBLIIrOwIrBUARNSi5OEqPRXiTyBUC1eUYnSNSy+9jKn3T+PXp09m7Lhx6P3UpFSeIdSGVQRA5PMEfDRkeBPR1pcsxw+Iqy4F0+b5aQ9y6Y9/RueiDvHlIk7ER8Hk8wfszxcOOZjCuNF4IohVzGHa8s3S3HNxn85GFoGBjkB/ANJnYLdM34MklpUkJIeO6SX0zH2XJ+5/mBNPOIl1xq/HYUd+mz32/jyBpZN3RN9pYEfoxmh6w6pTeqxi5aNDVzevPv0st/31eu646RY28EMGGTZ5J0dvVy8mBo7pKLQhfddKtLchuSv/MYBD7RMaQR2ALM7rLCrZSwBIsagASCwARF3bSwOQnoWLaNFMnrn5ds474WSGyHqE67NIjyhvsgE/vuAc7HVHow2SPpK6WEV9USZty18ylEyx0M7UPShi3stzeOj+B5h95+3Me2YGXR0djGwbqiiiifRaxAlRHGGLs72msTBJ8IcPZ8dP7sqkL32ecRM3JsnbRKZOIDQ721ZULt/3EY9HmR+NitnyQIYAM6nANIwk/6+wV7p7sA2T52Y8w5VXXMm4sWM5+thj8FwXp5inQxabWpqp1qo05TPTwQGcwtmmsghkEcgisEoisFYAEE8ydVlpU6ZdUlVI6FrcQbFYVPzmk085mehfjaWnnT5ZSfIuNYS6tUoASN2RvZ8RoawgixJW3jRxO3twdB2ru8qUC//IVX/4I0YIbU2tdHX3UI1jtvnMJL54xKGst93W1PQEp+iQ9LMzluRCAMj7rx+ukrmTfciHJAIpSz91ml6SQC7XMJ1uAjRxD68EFDWbpKuXv1x9LeddeAHb7fYJfnn2WdgtJWxTU2bXAzmCQPYxRRG6AvcRXW/O5bF77uXuG27mtedmUtIsxvsBjucThEL5MTBMG8XOUsJTqUywLj1WcUTST0VrIPZVVUDkHqDpVC2pgJgsLtn8Zfr9RE0FNHHo1nWS+L0ARMJVWdRBMwaPX3szvz/pF4y2cjjVGvOTgMFbTeT4i86n0lKiOGqEAiDSUK8qIFLd6DNQrLuxy4n1A9586WWmT72fR+67n5dnvcDIRYsYreJi4rm+AhNmLkdg6FQiX301cjZjNt+Krx59LGMnjCcp5/CEPZV3iE1xCEkXgwQAik9TUhQg1RBITptBFBxKyyHpzyKTvhzC1HuFlEHMZ23L5oRjj+PNN97gjDPOpKW1BU3XyTUVqXqeOn5N1yg5mQzvQMzdbBtZBLIIZBFYlRFYKwCIyEuq5LufA7Jfq2GL54eu89gDD3LGmWey3wH7s/9BB1KpVcmXiizu6qStrU05+yrWRkobT8dAZ0f9zlofFSGJiaK6U7P6fYLhxzx7291cdOppBHPfZqis43b1UCo3Ma/SS9OEDfjq0d9ns913I2grgGMojxCJgIARVQFJUiOxhlxvrBvKUCx9zDce9+lKb/1jl/znqpxd2Wd96CIQh1FqWCdOwgRBAAAgAElEQVTJbn3VXBqc/3Ldtcoc7jvf/a5SPSqUSyvCtFHAIGoo6fYBFlWmIAh8oijAydkEUURHEKnG6UIQkw8i4nnvcMeVf+aea/9KvKiTMYMG43f3kLhh3Rm9Ef7lISFVH/hA52d5/Vix6aptihuIq9l0OjZzCbl15tMkg0rUTI32zg6GDx2MWd+tGJ1IdY5HVBYspC02uOCHP2HmnffS6oUMsQxm9XRwwIk/YdK3v4XX3Ewk9wVVDU6wVHO3BCw9nLhaJa5UaH9zLk9NncbjU+7l1RnPkosSWvNFhvoxphtQiUJqOsRNRXpNjfl+jaCQY6Ntt2K/gw5k8112IixLb4emEn3pXZHdbKjz9Y/q0rWX/neipUMs+9u4UYkTu9yS3cBX80nUDdWcShKMKOG3k89g9kuz+cGPfsgGG26o7oF2qdDnV9PANtmSzAeaxtmbswhkEcgisFoisHYCEEkdwkit2NZ6KliGzvV/vZ57p03lyKOPYpOPTaSrt5dya7OiFFh17XlpYu/LOQZcoue95081pvetSqa/N0Tx8pU3+dNvzuGRm25msB/TFIrzsA5NzbwdeCRD2jjkqKOY+OlPkG9tQncspAqki9qPGHvVgUZjxVpWBRvJUF/TsKJDZABktVxVH+IPleuuYbrZ+Fqr1RQw9oOAcqmkKDkFkUZdgQqI5KNiqq0KfY2/l+smDJXErCFO3aoCqtPjepQNC6OnylsznuPxf9zJNef+jjHFMi2aQdzTS2uxSKXir1CfwQc9TcsHILVUqSsx+wBId3OJqx59kJoNRluJauBTchzVw5LekuS7FID4nV1Yi7s59Rvf5p0nnmWEnaPoGLzs9nLEr3/JDoccjJ/LUQ1jCiJrKysrAsY8F82P0KKIRW/OY8aDD/PAP+5g3swX0HurDCuWlCmj292jqrLiIB6aBou8Gu2hhzNsMB/7xMf51Jf3ZdPtt8UqFfGkyT1nq3tL/2M1P4g8eKMHR4BSqs2hRAFCP1QApNbbqwxnX31hNmefeRZbbLEF3/rud/ADHyvnpPe/ulBCBkA+6AzO3p9FIItAFoHVF4G1AoCI5KI8bFLyRFrNEJM0aVSUFVmRr6z2Vjj9jDOUOdUxx/+YtiGDlVpKUZo+66m4VAz6cqIVUWL5gOelkaD134zQx+iqMfPeqVz2y19Re+U1RonJV3cveqFAxTSY79YYvN44NtxjJ3aetAcTt9tO9YT44nmQyxMZumrCFFlMiYuj6UohrDH6qiCr4Bg/YIiyt69lEUgiASCy02Lalxr3iYO3fG9JchinhpyWbatV8/cbsmjvyXVZvzbVNSqmep6vlJtKxQKB7+NVqjRZOZJqjSfvncYdV/+Fmfc/yDrFElbFJReEWFJKiXx0cku5pb/fPvy3v18eAEnMmgIV4mneqIC0F3Nc9+R0gqJFVHRww4CCbWJJH4pKpusARGhlNZful1/npAMPI5k7nybTwLcS2i2d4y44l4l7fRrPMBUVyRJKWhSCeHn8677XO/ctHvjnPdx/+528++Ic5aY+vNiE39lNThewoqsFEbecozMJcOOYQWNGs/G2W7PjnnswfustsAcPInYsXOGrGbpSoeoPOCVWHwiANEwf62pZEitpJC/k8vXFJIPezm7+cNFFak4ceOCBjFt/PYIwxBJ6rfjNZADkv52y2fuyCGQRyCKwxkRg7QEgQqGSlbg6AJGnfG9XF6VSmaDmKpOrF59/gd9fcAGbfOxjHP7NIxD/kILINFqpTnz/dGi1le0FgIiaz+JOrv/tOdx/7XXYHV1K+1/oWjUxSisU6A48nlo0j898aR++eMBX2GCLzdAGt4Fj45kGgWkQGqaiXhUApw5AGjhEHWsGQNaYC+3DsiOqWbnfEOqNrukEIo2q64h0r3D3RSp3RSSjPaHg1K/NhgmniEzE0sdhWkqNSXwepKW957lZPHjPFG677nrmPf8iGw4dTtTRQVnTkS6AgiSnQUDNW9KNsDLjvtzjM2ppDwgmNd2m07ZZVM5z7YP3og0bhOfoBHFEzjIUjVJBOa0OQOTar7m8+vDj/PLr32KYr+H29tCZ12BoG7/4w4WM2XJzAqkCSXuLSPh2dfHW87N44Zmn+duVf6LrnflYtYhBhkOrWaBo2PiuhyH3DCJCDZ6pdVBcbx122nVXdtx9NzbZZitoaVLiGXJv8QRcmgY5kTUXeqcCmulLxgcRwlBU0vpJaXx1q1VlILto/gKGDhrCn664ghtvuIHTTz+djSdOZFF7O61trarPT6ogDQDSuKHXveBX5qnOtp1FIItAFoEsAgMcgbUWgETS+Njor2gk2mHMA/dN5ZJL/8DXjzicPfacRG+tSqGpXKc6pNGT5FwUtVbHkGd4TVZsXY83H32Ca848i1cffoShuq0oEpHnE4mrumGyOAdVLWHQ6FHs8vnPMenL++GsO45EVihtE18MzQyDUgL2sk7NKQJZIRrM6ohD9plrZwT6UwobCbgYFjaS0sb3skq+ogCkVr8mpYonZoeGOHQLUPdldT+i1l3h8fum8do/7+GBe6ZAzWNwvoAThOieh5PEaIFP0bFV5SRIhKa48q/v5R2fJgBEWFGaSVUAiGOz8Wcm8f3zzsLPGVB0lFKebRrost91Cpbsr5gJhl1dTL/h75z9/WPYvHU47e0L8Ee0Uh47ilMuOI/iqOEgwGxRF/NmPs+Ljz7Gs48+yuyZM8nXqhhuwOBCE1YAccWnWG6iw61S1RP1+U5bC1sdsA/rb78NG03clOKgViUB7EuFOeeAbeOL+lUkEArKssixzL3lg6gKhv0ASNqqDm5vRSleJWHM8889x3nnnMs+++7L5/f+Iq7nYlk2pmXihwG2VGT6M0vrlfG182rK9jqLQBaBLAIf3QisFQCkf+tG/ybrZZZiqXZ2UygUufiCC7j+phu58qo/kSvkVUO66M+LQlYQhbi1Gm2l9/qFrIppIKt4vVWXJuGsL1jA3VddzTk/O4HNW0eRdHQxpFAmpxvKfKvDiAgsk8ixWeDW2HbSpzjyZyeRtLVgDB6kaFmdboAdRxTqVR7h4UsTsJgyyqv/wzqV5V/5idmqiGP2GasnAn2Ghf1WxJeXiK9okiqu6bUkwkg0LAEf0mNS84l6qhRaBxO9M5+rLr+Cf/zlOoa0dzBu5Cja336bpOYytNyMX+nBUKIMqa2gjDCxBtzhfEWjndCrpMBDzaKi23QV8px4ye8Z9fFtYWgLnhgQ6jqmCEoolaiUgiUKUbXuHor5AjdM/g3X/fq3rIONqWnMi2rs841D2P/440gqPSxqX8T1l/+J159+lndmv4wTxwxta4We3lSZKpRt65iWw2K/RqcW44wexo6f35NJ++3N8E0ngpLa1RXNSglyGKaidYqyVEOrQ6iu1ooe+Ar+3cKuDoqlkqpmW0IdrRuyvPnq64wcPpz/OfRQNt1kU44/8QQS2bc+X5G6pLr0n2S3sBWMdvZnWQSyCGQRWHMjsNYAkPcLoTyThLahhTGzZ8/mtNNOY/3x4/npz35GRKxoD8IfllU0x3Fw9JSWtaqHNF26UaKSBr27m+fvf5CbL7qEt59+liGJCR3dlBJNGXtVjYjQ0Akti/mVXtWkvv42W/Hxz32W7T49CautDS2fB0tXDayyOq0Ah3ifiKO6sYQvndEVVvWZ/nB+nvR3qKTwfQDIikpfe2FIEMfYuoHuB5iBXCE6LGjn8akPMOORx5j55FMsfuNN1o0MgmqNUi5HXtfxentVEi+Cryn4SFPnMHFWGwBBAIhhEOgWvQJAinlOufwPDN1uK2grU4ulAdxEajTKuk+FU45AJ3JdTNPimp+fyu3nXcwYzSGvmSwm5OOf2YOdP/9p7pv+ENMfepjawkXYNZ8CGnlD4Ib0xmmYlq2oStUwxNVh2IT1GbvVZmz2qU8wZsuJ5Ie0Yui2wJN6Iq+JMrHyJlHywJqo7aW7JbeSgaY3SQVEGsrFcyRv2UrJq1apqJ+vuPxynn7qKX5+8sm0DhlMrijk0iW6IbKAIrHNRhaBLAJZBLIIrP0RWGsBSMOOrP8pCFyPnsWdDBk8mCl3381fr/srXzngAHbfY3dFxZLVPpEHdV1XrTSujiHpldLoCWOswMefv5CXHn6EyUcfQ5uXMMKwVVOtIxQUOyEgwRNVIFGIMQzeEM77qFHs/Nm9+PyBB9C24YZKqje2BXRYCmSlvR/1REKSiX4JhSGrntnIIvBfRiDVbXp/ACJ9IcsuVC/PbV2TySnKSOLWLZQrz4eF7Vxz8SVMv3uKkpJ10BiUK9BWjZTwRMG2CUSGW/lpCKEpldFS/zRRnlt9AESrAxBft+gx0grI5GuvomWLiSSlHG4SKgUqQxMZ7Xo/jSAAqU1KE313hfN/fBJPXHcLY7UcpUSn3e2macQwaC4w5+255ByHJtNGq7qqamQpY0OoWhYdlYpqIB+63lgmbLsVhx31XYxBzRhDWgkdk0rok9ctLK1/Ip+opvbGfSOVJJOhkMl/OVOW/7aq66qFkkIupwxlRUTE0A2mTZ3K+eefx95f2oevHXoIPdUK5eb3VqlXhNY3oDucbSyLQBaBLAJZBFZKBNYKANL/yBuPxrSZcRn1+TghdH1V1hcH8ksuvpi/XH0Nv7/w96qZsbOni6aWFlUd+EBKLh/gVAgAkcbb2A8xoihdyX3rXX5/8q+47+rr2KRtGHZ3lZIo40RVLOn38EO8OCEwTKyWFjp8H9fQGb/ZZnxiz0lsufdnyI0epkQ9Xc9DswwcecCLf0h/ACJu8gOcUHyAUGRvXQsj0Ggift8KyHIAiKrQLdNPoKRjq4HqFwkXLeKJqVOVb8X0O+/C9jyG5POqv8kMY0qBQRQEWIZBHPiKnqT2owE8BHzIfI8dZTi4OoZOr6o8NgBIZzHPmX+9hqbNNiEp2nh1Lx9NZLWTumFgo9YQRsyf/TK/PeYEFj78FOskFm0iIa4nLPQreDmDGrGilcr9TRrMIz+kWq1RC0Mqg4cyfvPN2GyHbdho2y0ZO3FjrCFtqpQhzeeyAGOIgp6I3wplTUQ9VKlD6Gv94KL6z9R5CW1gK8XSI2SZlpICjoNI0UTfnTuPM886k7HrrcsR3/omVc9VKoYNrtX/RbtV5zijZK2OqZ59ZhaBLAJZBD5QBNZaACLrniqZqa/uN55DskIqZlah67HwnflceMHvKRYKfO+o79M6fBiV3h6VmBeKxQ8UuP/2zbLmKRWQOEqUYk/RtqGrlxfuf4iT//dIBvkxbbFOUawPgh7iOMJxckTo4kFNLYqJbIcOt0ZvHDJ4xAi2OGgftvjsp/jYZpuh26aSQTVsSylkZQDkvz1T2fuWFwF13a1ABUSA7rJ5YUOut/92zRDocnnt+ed58J938cg//8n8l1+mVYNSklDWNIwgIG9YmKFJ6AckcagUmvzAxRASlgAPqYM0wPYaBEA66gCkebNNoJwn0FPQ0XBCT4sNujJO1IKQ5x95lHOOOwl9zluMjk0GaybNpTyvLHwHv2jhWxo9tSqO9HhhUKt5lJqaGDNhApt8+QAlpbvOhutDKUdgicFhgmkYqemhKr8mJE5MYKXy5am0eQo41Nf6PbUPgGAP6IVQ6ekl7zi4lSoFO0dXZye/OvVUSk1lDv36YYwcuw4Vt6aOSSoj/fFFo2m9b4eWkvwb0N3MNpZFIItAFoEsAis5AmstAGnEpb+XsZgOigmaUBISP1A0g4XvzueSSy5RylIn/vyndHR1MWjYENUTIo2y8lKrr0GII2BgJQ9J38IkRNyPkzitSJh+TOWNt7nmt+dw79XXMHHYCGrvvIMj+xjFWJqpmnSFseHHEXahSHfgohUcAg3mRj6lMeuw26f3ZNI+X6Rt/LqQz6XeIWKKZkgiolAPuXojuiEUDAleDKEXINQs5bCSdqqDs5IDkW1+rYuATBeZuUsLqS6RZ03F6NK19EqlhqGbyhtEAHEcxdhGSv3xqq5SoZN+B/fVN3n0plu589ZbeWfOq7TZOZoNk7CrGzMMMeNQydVapqlYWqrXS66Lun7UUveBxmJEndK0OgJctjQqQQ0KJebHEYtLNufeegPNG20ATWXCJCFyA5Kchm5oWLUArddTvV9iHjj11r8z8/6HGBJolGoRbbZDlEQkBYeOOKBHj4nyDnPefRstl2PbnXdmry9+kQmbb0ZePqPulSEmf1LxEHlylbg3ihryVU+IBQj1pff9NcP631HTLpAVGv0MBpf6+34oVLY8f97bDB8+nEULFtLc1KSq01PuvZdf/PKXbDhhglo4qdaq5AsFbGmUX2ZkxY4VOhvZH2URyCKQRWCNj8BaB0D+r4gGUUQYhYqCpWQ8xRQtCJn+8MNcfOkf+Mxn9+LArx3MgkXtDBkxPM2/o0gZneWcnEpy+sZKW12LiWKfWDOUWZmsfNpS7aiGPHfHHVx66q/onjOH4blc2guCjp0YiuutR5IARuiGRSUKiByDyNBwLZt2z0MvFfj4Xnvyua8dyNBNNyIp5ghzDr4ursOGWDNg6alvg+jPKOp8DHEoKkL9Eg15yufW+Lmb7eBqiIB4SaRjiZtDg1bVX2VNAHYDeAjAt3STWmeP6j8w7Rx0VXhrzqs8eP1NTLn8SqJajUGFMgV5X6VKXmZoEqc0pTrkCf5dkrsa4vDvPrLJMen2qkS5HJ2OwbsO/P4fN1FcdwxxvqCuXUNaPfxeiAO0jl5eeehx7rvhFmY98hgtpg29FcoBWG5AW3ML3XGAr2ssDjwqpkbcVGKnL+zFiPHrs/HWWzJm/Hi0UpEwl/oCKRhYdy//IJ4d/1FY5X7bGMuihH6yuYkX8M5bbzNqndHcfts/uOrPf+YbRxzOpE/vSa1aJUpiXNdjsFCwMh+j/+gUZH+cRSCLQBaBtSkCHyoAEgoAiaMUgEhyXfcJqdVcrrjyCh5/8gmOOfZY1hk3Fs02VfUjl8vjujVs01q6L2QVAhAFLqoByfz53HzJJfzpnHNYb/Bg8p3d5BMdJ9GxIg1xUdc1g2rio1kOVWJ8EnKtLdSSmPZKD0HeoXXdddh+0h7sse/eDJ4wXqWKfhxjFguEuqaoDZI0Cg1Mqh5K7bLuRK3oIbLuObDU77Xpmsj29f+IQCQysmmKuwSrC0ioJ4vpV01Rf6TnQ+aT+HtIg7kCuX5E1yuv8eQD05l29z0seP5Fmj1feX9YSiLOI3E9JUUt4GOJV4aoy/ZfnV8zT1NADc2wCGwTt5hjjtfNH26/heb1xmFIU7XpgBuweO5rPD39Ye792z949Yln0HtrtDl5BhXLuJ1d2F6IHSZ4mka7jTIobRs7mu0+tTsTP749E3feEQYPVlWO0PPwoohCa1MfPU5BROmd6b+osjJD1h8cNgCH6s9ZZvghle4e5X7+g6OPZsJGG/GjY45B5MObmsropqm8P0Sp0FoFFemVGZJs21kEsghkEcgi8O8j8KECIELBEhAidCKV9EgRRIzMqhU81+Oyyy/ntTde5zdn/xY7n6Onp4dcLqeAiAx56K388d4KiOyrXvNUZaJrxgwunDyZ2U88wZDuXopxCkDsUKo6YJk2tdBHy+XpFcMwLVYAQlYOA1PHM3W6hChTzDN6ow3Z9XOfZddJn8Ie1KYcjqPWNmXqFYVR2isi/iEN6kq/fhpxls7oDit/NqxtnxDHAkCWZuOnYk515/P6pHEDjygMFNUqL1x+L6TnjbnMevgxpt91Dy8/9SyVxZ3KD6dJqh6Br5ThRFLW0Q0i31fXcKM/QT4hXPPxB7FcOJZJh6juNRUxRw3m15dehD5iqFiI884rr/PU9EeZesstLHx1DlaYUNQMnERDD4QPGSl52qDiKqWoRVpMbdxIttxue7bdbRc23HJz8qNHEmkxriwf2A5aneaWF7DRz7V8VQKQhjpa//kcL6di1fHuAsx/0V5P+cUv6Ozs5CfHH8/649evUz81pEldmuwFvK4y8LS2XYTZ/mYRyCKQReBDEIEPHQCRXg8BIKq5Uh7GcUJXV5d6mL/xxhuKa7zNdttxxBGHqxU2UY2ybAvbsjFWicmVAJCAWBM1GmmylAZUcS2uYQcBeqXCI/fcw3m/PpWh8xdTjiAXa+RCMCP5a50w0QhNS62O+rpO3hCqmUtv4BOYmqJieZbOYq+G3dzMjrvtwhf33Zehm2+B29KG5dj4caiadk2haImUqSEN69L/kTalNmWWhR+Cy3vgDyGgHwBRAEEjkkqaNFH3VUGk6hGpCqTSh+3qouPVN7ntz9fy+N1TqL71Lo4fqdX+ogDqnl7VVC1u2KJyJQpJWhwvqcrVCV9SVVnTRwVX+Vd0VStYLWW23+tT7H3c0cx/9RWmPfQQMx59kleefZ5hlkkuDOjs6sDCYFC5BVsz8YWK1jaYufPfIp8v4Q1pY+9TTmLrHbYnP2Y0kVtlUa3CkFGjCOvwTM6I63s0iwx3P58WidWqSuKXd25UBWyZExZWPa68/HIef/xxjvrBD9hgww2o1mqUSiUlBaz6jKT3xzKxswrImj7ds/3LIpBFIIvAfx2BDxUAEQdwARwN/nPaeJmoSodtWQR+wAMP3M85Z5/DYYcdxoGHHEKttxdbGjdFEUZMrupGfo0n58A7hyfEqgldI9HkgZsCkCQIldqP8a9m+WDRIi4+5xxmXX09gzQDy/VVs2pZt4h8edQb+JqOL826hoEd1MgpxUwDL4lVz4dUQ2LHott36fFdNtxkEzb+xK6M220PNp64CXnhWCeRqqBEpq4MD7FkI7JPCWVVFlk64cs0+P/r62ytfOOykrli2VFNwj6gIeBCF1qVUAgV4E97iqSiaLgVgq4uXnvhRR684y6evvd+3HcWkvd8mmKNvPQ9eb56n/IwryerjeZyAdppXSV9yUxc0wDIsteDut2YEcVSke7eXiW5O26zTRmx0XieeflFZr/8CiI7XNBMHM9FDz2a2tqo+i5hzaclX6La3UNLuZWuoEZhUCvaumM4/obr0HIOsZYoCqWWd4iVaaCm8J2cJ8F+ueVcsyvqSP9BJmhDnKCxDQU6EnCrNVVhFkARipJZPs+tN93MjdffwCGHHsrOu+ysKtaFYgHLslX/nkgYi1qaZVlZBfaDnJTsvVkEsghkEVjDI/ChAiDqudcvaU7T54TOxR0Ui0VqlSrlYpH7ptzLxRdepFbgdtxxR+WOLqtvTj7X18SZqmNqqp9kYIek95JKpYmXAiCyl6EoXkUg1BPD4PWZM/nZF/enHIQ0JToFP6QYJOiheCnohLqBp5vqq+3XsOuJYWLoJOL4Lmr/pq5eXhwpQ8Oq46CPXZetttuOzbbdmo233JzShuNFBotA6PniCWcaGLapmoAzADKwZ35t29qyAEQqZr3KQ0JKdtIgjlK1MqX6EcXKm0IZC4YRc2c8xRP3TeW+2+9k8ZvzaNMt8n6E7foUlAlnOt9T/3JRX0vhRnrN1mFHvcLSuAIFtq9JY3mA3NRjMRRXPQ3qOnRMFoc+nlxOmtDRbFX5KedtFnW20x14LK72MG7EKAblyix68x1K+SLza90EeUv5h/zy1lvQpRog1Ek9VSIzLLvPrbwRn9XlES7nLKifm4biloDRam8vhUKBav2+O2fOq/zwh0ezy867cMxPfkylp0f9Xvr2xA9Enfv6waQzYKDvvWvS7Mn2JYtAFoEsAh/tCHxoAUjD/VtOr+e6fYpYkcjtmhbnnX028kD82c9/zqgx61Bza+SbSqkyVt3cTN5r1rXoB2qaCPyI+xKpJY/ZRBrm1YfHCoxoUcj1p0zmwb/dRtjezph8gYIbEHZXVZIXii+IbhJoOrk4xIqjeg4nlZWExNTxk4iQBKuQw4tDOoMQT5R4HIchY9Zhp0l7sM0nd6VVONjlotozVyjs+RyalUoUN0DdqlhJHagYZ9sZmAhIVaL/kARavGeE4miJP0ccEwuFUaoZsgTverz24gtMf+AhHr3pFjrfeJO4WmNIoUxZN9GrHraYz4n7tYBtqVjWQXh6vQoob6ixSUVFUtDUqyJdZW8ocA3M8X3QrSwPgFiJr/peZBEh0g3agyqxJOHiVaIb5AwbK9bpiWq4dkJuSAvrbjyBvT/1aV594lmm3PA3CppFFz7VnM4uXzuQA07+uerzQKqaAkCSWCXsAt1U1alRqBzge9V/Ep+g7ureB0DkzVFMT2cX5WKJ2S+9xLnnnsukvT7Dx3f6OK1tbfT09tLU1IRpW33y332HkgGQ/yT82d9mEcgikEVgrYvAhwuAqKdXqryiTMkUmJCURlNyvKJ0FfuBWrmd++rrnHf+ecoV/ZjjjqNQKlFsLtdXZFNjM/kn3gUDuQ6X1j/SxK4BPyTREgASBKGiHiiztSjCnLeQ804+hRlTpjDKNGkLY+LuCrqi1msEmlQ6dByR1627Kqf0h1gZQUudxYsCYkNT7uiabhBGseoV6Y1j7LZWCsOG8bmDDmDTHXdk8IQNIZdT7w/KVmpmKL4FDUpEJou51l3gH2SHlwUgsi0/iJXqkhknOAIPfA+iiNefeZYnH3qQpx6ZzrNPz6DU1cM6Ta2UnBx+dwXNC8iJmaBUSeIo7Q2pVysVwJDqm+qLku8FfKTmfOJ/0wAgSySAP8hRDdx7lwdA7MTDMUzQDdw4xs/ZdCQxNaE42g6W6aAHCQxpYsKu2zPx49sycavNKOfL3HzmeUy95kZadJswb9BjxfzssgsZtNOOil6JaajFC/EFkX61NNmvq23IT8q1fCDvViseK/FVUmAotRlR3weeR+B66t57wvEn0NXRwQWXX4ojanxhoKTPa55LLp9XAKT/opHA0PdaWa74/mR/mUUgi0AWgSwCa3YEPpQARNE6JKGpwxGV3LsuBctRq3JCF0mCiDfffIPzfvc7xqw7jq8deghtgwenwEXoEvVt5Ex7QB/pDb50Sr5KH9Sq7TuSRD81dTNMS3l28E4nj955JzdffDGLZs1ilGmQE2nNom4AACAASURBVNPAev4WSBVEVqMx1KqremjXlYNEEUySFU1oWIq2kWDEEQVR3MrnqIniVhLTqxt0arDu5puz1a6fYPPtd2Dk+HWJRzarSogkocLhFoWwVeYpsGZfMx+ZvRPg2X8IINDVZEqrF+JX4c6fz9WXXMIrzz3DnJkzMQKfYYPayHf10qSbip7l99bQokRVTpQynQBkARliBCpSu1JJkX6GOgBRV0Qiv1sCQBT4WQsqIEU7UQpeaAaBrhMWCywiplvMGaOYMWPWZY9dP8n6u+7I2J22huYcet7m+WkPceGPT8Z94TWGWQW6E5egZCsPEW2j9RX4wNCU2p0YmRqGXPGpgaBq3ZYbiyYqfqsHgMg9on/1Q+5rXqWqKiC33nQLM55+miMOP5wJW22uFkQa/XaqB6RQ6AMf/SsgGQD5yNxqsgPNIpBF4CMYgQ8nAKlXPxoPM2mANHQdS1R2JIE3DGrdPeSdHI89+ijHHXschx/+DfbZbz9VBakFvkq+ZVUvJzKXy0yMD/KIV8AmVevvAyAqufIC5fwr3hwiXykLm1bVJV7cyRW//S13XH4l6xdLlMIYreoqEKILBSsS6lX9nzTSK+M2TfHQlSyxcPWl+iGOyAIkwohI11UTu2uIbK9FmM/xTne3qn6M33Qim++wHVvs8ylGrjsWp7lJUbrEcd0ulhSQET8GAXe6bmAKf7uunqWMHyWhbPzcIHXXAyYrnP1Ho0enYWqnciiVUK2g+/JH8IJVBa7lzcflemQsZ6bWq4RLIwuNqJ8Ec1/jt+AMRQeUZnMNTaoW7b3g1ljwxhs8Mm0qD99zD6/NmkmLY1G2TMwoJAl8WjQbv7tX1utpzjVhGYYymIsigcWJEmBQLt0yX4V2KACkfqWlM1jmckrDasyGtaEHpKWco7O7C8PJQ6lMOzHztYhREzdhu912Y5tttmPUOmMJW2z04a109fRSNnO88djT/Pao4+h68RVGt7Yx3+tm3Nab8/PLLyZZZ5i6fiU8EjtZWhDJ7r57SN/JXLkVkMa8W9bdQ/6/UqtScHLEfojUjFUvUBDyj1v/zjXXXMNhX/86u31yN2LHxMjZaqFFQEgfzXOZqZrOgGxkEcgikEUgi8CHNQIfLgDyH5ylSqWi6FhF0+HGa6/jd+ecxw9/9EM+/6W9CYXtUMzjJ7GiRMloJGXp9/0ejo2n8kp4Wvrd3dgJPHX3vfzx9N9QeW0eLRGYPRVKiabUdCTlCJKIaFnFKrWjS++UrEpKhaSx2hxpmlLVSaTiknPwgpCK62I3ldDGtLL97rvysR22Y9zHNsUeMYxuz8VsbkJzpKckxg9DilGoKGCyIC7gQ5OKjCjYNPjokogIvULSpf5ApPG9WtVO6W7yTyJrkcY8G8uPwLKeC0pFrS5b23hHOl+XA+RkniwzVwR8VLVUvUopyImJZwxud4UmO6+AglLf7XaJnprFEw89xNR77mbOC7NI3CotOQczCrCSCFt6iHSNWBQNlkWcH4ET2tbaQmdvFc+y6NA1gmGDOfj4HzJmq48xYoP1lNEeUYLreMRmQt610DpjZv/9n/zh1NPoeutNWoe0MLtjIft/5/9x0I9/CEObV3vkloCP1HNIAeG+axjlTSRmk2aU4EgZ2Qt54tFHuejii/nSl/fjS/vvp+S+7UI+BVPZyCKQRSCLQBaBj3QEPrIApKfSq+gh8tAUbvrNN9zIdX+5ll9N/jXrbbQhlcDDKuTfo0WvVuj7J/YrEYBIg29SqRIs6uTRf9zFLZf8keq8t2kOYxwvpMm0sHUdz/clp1lqqNxgOQCkoTQkdBcBIJGuYdoOnlQvNHByOXo8l/lU0AoOzSOGscUuO7HDpD3YcMst0IsFNKFmGQaaaab0D5X8CtCQb2V1WygWpvraAB59jtjvKSfVxVVTzeQ62MsAyP91V1q+6dsS34w+ECKr5A1vjr4Msk7XqdP/5G8Vq0rUdOU81imKepRgiuqaG9D97kLmvPAic198mQf/fD2Vjg6CWpWibTG4XKLW2YERhaqxXM6cIfMgFJyzElD5Gn67dnI2Phqhk+Mtt8aWX/ws35z8CxjcQmzpBL6vRDD8fEikx+Q9m2RuJzeecxG3X34FTuxhFx1eq3bxvZNPZtL/OwKaBNat3tEfgCwR0Uj3SX4nVeOcZqJJH1us0bWwnQMPOJC9PvdZvnPU9/CiELuYV31lmZz36j2X2adnEcgikEVgTYjARxKAqAdmmDoty8NSqAJC97j6T1cx7YH7OfqYHymJ2oULFzBo6JD3nKdVpQglviVBj0hZlmHe21xy6mSmXHs941sHEbYvZkg+T0HX6erqUZzz/mN5ACRN8RvNngId0u9F0lM3LWq+hyNNw2GI3myxqNJDh1uFYp7BY9ehZdQIdthtN3adtCe54cNA1MWKeSUPiqzsylfxJxCKloAP00jVi5JEgT1rWe5QnYqWyvj0a6bVpa6TjX8XgYY8boPhpkBEP8WqRt6vAGa9Wteo4AmNqqGcpNahE5RjuetWFd3QkfPn+Wg1j8qCdp56YDqPTLmPF2c8y+K33mFC02BylomRJPi1Km53D23lMpr0i8i8ET8PJVyQzrWP2tBsA+nNSkolXu3pZPv99uF/f3Ei2tBWjKYc0n+vhwmu4SIadcWkCK8t5rc/Op6Z995Lk63haQEL/qWa9bPfnc/me02C1sJqC+Oyl2x6lb7nQlYO5kHNpWDazHv9Tc6afDpN5TJH/fBomga19Snx5XP5j+CsWG2nL/vgLAJZBLIIrLER+EgCECEQiPZ+c6FEUK0Ruz6lXJ7ezm6uvOpPPPvccxx51PcZu+44yi3NSx639XxKAZBVoAjl+QFItUO49xG8OvV+fvH9o8lXqji9FYriESJJfyhGbkvPseUBEOHYS8UjHUuSQ0PUiUxLqXClilcmblRNjQkdm57QJ7RMFlV7aRoyhHUnTGCbHbdn6+22o3njCdDUlDbJhgGIcpao9TReYgshjfXi5t6gZamP7p/E9AMgqn9kdTkarLHX6VI79u8ASH8VIYmosKAavuUNgQIB3ULD6/+KpYJW7VXVtMriTt586SXmv/o6T9x3P2/Pfpmut98ll2g0OXm0zh5MXcfU6v0b4nYuHiDC6Rf5WU1X0tWB6vX46I3Y1vHQ8B2HDlNnpwP359Cf/YSkpUhg6UpswhLBCSskDH3ycQFeb+fkI75N+4svUjITemKXaNhgJl9+Oc3rj0NrK66WQL4XZrx3Nxp3EWk4dyybd+e9xYW/u4Denl6OPe5Yho0aSZfMrVIBNwxoLTVlAGS1nM3sQ7MIZBHIIrBmReAjC0A8Eiq9PQp4OJpB5IqcaMwrL7/CCSedyISNNuLoHx7N0OHDU3PD+pNWkipDku1VAUCiCNsw6FnUqbj4Qhe7+exzueXSy2jyA0Y6Dl5HB04sIGTpdGF5AET1fEji2IAg9cMSeeJQ/FEsG8/zMHQNx5Leklj5DwglKzINSoPbmN/ZwcLeDiwrz/BRo5j4mT3ZZIftmbjFFljNTZB3wE49C6QiIj0m4lsgvSGOKVSSJfvZfwVfeZcoXCJqSRkA+b9uE0uZbdZPplRA+jOeJJauuNzX5UwlokYMhqhRSR+RirVwpUQv1SdZ1M6sGTN44O57mD5lCnNfeZGx5aHko1h5eBRNkdCNccJE0YjiKMa2bAr5AqEXqB4U+T+hXSkJ1uSjCUACuW4Mky5RnRs+lK8cezQ7fmVvakWHxLEVXdEI5ESEuJUK5dCh96W5HPe1rxMtnE/Z0emOPVombsxpl19B0FSiMGz19IAsIUUus2RRF7pI/1f+SqPW2Y1fc7ni8suZNm0aZ555JmPGjVMy4Lpjo+Us/CikaDkKvGYji0AWgSwCWQQ+2hH4yAKQGpFq0VUrwpIPKN16X9FHnnziSU4/43R23mUXvvfdI9UM8QOfQrGo1F5K5bJySe/jRUsDrzTvDvDanpgHKuwTC20jdY8O323nssmnM+2GGxhhWpTiGKsqvOt+D3VlpPjeIXScoA6cGlr9QsQSFSvV21LX70/pOtKbkW5HmpQjUc1KQvScjW5bqgm96rm0C/WquYlRY8ew+XbbssX22zBq/PqUhwyCljIYBolIAhs6Rj5PJHKd8n+yL8JHMXRFH9KlcV2UkMKIgmwzG2l6t1x1q/cGp+a6qlnckCqTEgVI8LVIKZiFro8WRuR0k5xoTIufTG+NzoWLePnFF5V87qxHHub1l1/G6+ymxXZoNkycICYvFDpJlJ2c6vtwxGuiD+n0EbvSipqadOk8/KgCEK1o0+X7WEOG0G7AeX+7AXPDcXg5E9/QMGOUcaNhxHS3L6K5OJiH/ngd5x9/Eq1azODWIgvcbj7zzW+yz1FHkZQLaLnVk7ArxS0lLJEKb8jShYBLXxYppM9L0/GlpyWfZ/6bc/nrtdfx2quvccihh7DRJpuQK+bVvUP6i+SrsF0LhoiGf/SoedntLItAFoEsAlkElo7ARxKAqNVhxY5fknRL8h35gaIgiUzv3XffzeV//CP7fmFvvrT33sp5WN5n2bbqslVJdEPuVwCIPKAHuCoSJF7qjaCMCsGMwK75vPbI49x7zbU89vfbcHyPodhY3jIu0csBIWpb0l8hoEsggNBmGq/Gz/X5ISpWkvwq53a1mp2g2SY+sUoupXFZwEN+yDAW11zaOzvRHYvS0MG0jhzGuhtvxDY7f5wNJ26C1dYK+RyIopjQ1wxT0XNEZUwMEmW/BKgoilgY0JQTP4N/PxpJ+Ue1mbU/KEnbZ+pwU86XUKIESIq+gldRtDhTzrcAB5F4XtjB3NlzeOHJGcx8agYvznyenvb5tDkWedum2ckpR3NRYBMBaql6SP+OmidywUgmuVQCWf95KVCSARBzyGAWmhrn33oj1gZjcXMmgQg+xGALACHG7eohpxe464LLuHLymQy2NCwzJio7HPHrXzHxS/tQCX2K5dxqeW4tF4DInkQxXs1VUNPK5UiCgPPPOY8bb7yR0yZP5uOf2IXuri5KzeU+4KF8mTTI61Ymsr1azmb2oVkEsghkEVizIvCRBSBBn+tAyiKQNMqt1RS9JJfLKzDx2GOPcfHZ57HHbp/kwIMPVom49DPIg1WyMWV0WAch4jOijNYGbIjev4vYe0UY6qXHOlpvjUKQMPMfd3LJL37B4ldfZ127QDEQmlO6sihfFXhYZvVcvBcS3VKrmCkAEZf41IdB+TGkbelqG7HtqLw2pdakUrnKCE3UkuSrJvsHcRAjPSSabamVzmoc0RsFhKZOvrWZkePGMmHTTdhwm63ZcNvtcaR6pJyPE+VRkpgmiWWiWeK8Lk3sqZP7sqNxbP2Pa202RlzRysby/q4hV6zIdHXlqrR6J9WyusyuUNmSEGpVvMUdvDl7Ds9Mf4xXnp3FwtfnUVm4GM2PKOcLSkY5rHQqR3NRhCtYtqJoCa8/SSLlWC3UPDGjjIJlre5kzjXqbUtWtgM5twN2Law9G9ILNp3iFC8AxNI5//+z9x1gclRX1qdyp+lJygGQDAgkRE4mg0gmWtgEm2CwDcbGgeAA9u567bV3bQxOZBEMJmdEFkImiSgEIgkhIYESyprUoXL9/72vqqdnNDBtJUbiPb5mRjPVFU696rnn3XvPefQBGFtvgXJKlCMSAbF8uk8+IttFuKqI2y+7ApP+8U8My2fQ1r4CmWED8YsJ12LQnnuhqCnIpj+fjCDdQfL9YcPUSgYkgld2RPZY01Fsb8fNN9+MKVOm4KxvfxtHfuUrIIXBbL6OF2vY2DU2haXpaioy/7HpzGZ5phIBiYBEYMMh8IUkILyI1y08qqi7RBGK1FBpWexnMfn+iXjw3vvx5X32wYmnnMQ6/lYmhUhVxR/XmIRQ4y01566/ESEICxy0eDDgs8OCgqjgoBE6yh9+hIevux7PP/Qw6la2oD6gUgmFX9Qkz8ShOwFhuqHFBogJ4SASQpkgyj+In9E1lWMCQsREyOyKTIhqatycTgSEa7o9oSRGJVZEQIh4UK27r6koBi7KJM9KWaN8PazBQ7HNqFHYbqcdsc2Y0eg/bBj0xkbOpFCgE2kak5CIzE+6Db6mmFQlXxOPlvWH+cbZU0/k8NOOzNK4VYOQofvKJTA09/yQncmphJDZm+uho6UVq1auwsIZr2PO9Ncx69330L5sJexVbTC9CI1mGhlosKhszwuAgPqfbO4Hodlh0FzWNLieBzL/03QDju9BozK5kLpJOkkHk56KglnniTK53Dhw9qmjqGkDrY4LvX8zVlkarnjsIWgjhzEBIQEIKr+iDAgCH4ofYsXMebjxf/6EGU9Nwsh+jVi5eglG7bsHLrr6atj9B0Bvyop+nc9hdCcgTB3o48D12KDStW089MCDuOyyy/Cb3/8ORx19NH9G6FSi6XtMQJLPx+T0aZFGFmB9DjdTHlIiIBGQCPQxBL6wBESUF3WWrtP3juuwj4VFATQ5QFPJgK/gnjvuxI033ogf/uhHOOLII2CkLCYf7B4dr+6R0zORkPU3InhBOwctniIICIWHJMiptNocPK567XVcf9mfsfzFl9Hgepy10dW4FIw4Q8WcTvzJJ3oRUJOwoDKVFzWFUokN+SzTz+naCqoh/DyYnCSCqiILElH/C2VCFKDODoSqD5VUUXkW1f+rQGRorMJEgQgpMXlmGkXdZL8AKsXqP2womocOQePgwdjnkIO5fyTVUM/O2Wpzp+xokmEi12QKvDtfIcvG1jpEq+znNbqG4sILsBuxYCfwznMUgX3Pppe+K2rw+U56PosTlNvaUWprx7wPZuP5fz2LqS+8AHX5UpilEnJWCgMbmhGVHDgt7RwAp6FxPwg5uVCOLYALUzW5Pj+knh0mosIrxqNegNiF21CqMe+cF1UdUQwyOZ5/EQkIuXy3ODa0Af2w0tJw1eMToY0cCtvS4CsKzLgEi0rllFDBxy++jgn/+TvMnzYNQ5vqsLRlKY759mk46fLLsaytDfVDBiG1Pj9W/o1HgOZjdQaETyMC2la3IG2lMP3V13D1VVfhoIMPxre+cxYbDLKjPS1U0GIC93p1Dp7P67lM9d+4HLmpREAiIBGQCPQhBL6wBKTWe/DJkiVIGyaem/Iv3Hfn3fj6V8fjq+PHc2AdUC9I2iQVXBi6zivHMaeJv66bY3op8uISLxE6U58KrViHZRc5K42grYC5sz7ATT/9KbTFi0BdKkFbOxqsNJz2AiyyhWOmQIEAWway90D1WDMoF6F6RD0DnzEqgUWFnHQW4iQyxRSI8Hlz6ZcmyskoZo4ieEoEUiIrU7CSSWHoVlti7C47Y8vtt8WA3bdHtqEeucZ6aKSyREpamg4lbaHs+1y2RcFORtV5xV6YrVPmh4Jn8qAgE4qIM0F+EHC/jqJrCGi1n+rWdY1bUbj0rrN9Ig6WxA8quMTlbGtAQcoFcbaIGr7pP8oadKc5EYXyiXM0Mw9KNMS4JJ4poSBuRU0QAp3c4COFFau8QpmVg/je+3RdCtC6mv1hli1ahCXz56O0ugX33XorwlIJkV2G3V5AY74OdWUfKTfgUjoip1QmyCM+Dy7v4qySWiGmXeZGbCRZ/bNaS8dqfb42u+0UFe3/38MjHNiERXqE26ZOgTKwH3yTep0g+nHCEIWii5yawkePT8GECy+GWSxhdbEF6RGD8ZXvfwf7f/MktCsKGvo3b5ieiW5Vc4ngBE+P+EXPkuN4MLS4b0xVEHgkH+zjrTffxFVXXY2999oL3/3ud2CkdEE6qiTKJdnY7Ga3vCCJgERAIrDeEJAEpBcoSV2IVisNKHjo7ntx683/xP/85jfYaY/d4UcBO6aTxj0Fu4YuHLzXdNrosUy+15voRAEHLdWD1qjJt4FICBwPViaLu379X5h0403IqSpyYYSMH6FO0XkbJVRFXiOir5TjqNGdoRcCkpxTTwFpYtTYpVmcSAi5r1MfDZEQIkvU1ZwyuTnXDQPYnodS6KNp2y1Q368JW239JWwzZgyGbLUVMo1NGLTVllD79ePyFWpaLxXKMK0UdMtk0lEql5HNZqAa5NMSx9ph3BBNTCPOoJAqF21gUmkY/axqnZayC92H1oMql0vNEFUruhRsUUlY96DLc8sIyR8lHnQaRFapxI9TbHHjuON5aO0ocj7CItlbkisl2WKyuI8U2Is/wbLFSzjjcctf/gKvVMLqZcuxeukSOMUCvrzTzgjLZTgdHVi9bClnSBoUkzMddB9YySjuUaqUgMVZQJLODYmodhs9BZCSgPTy2Coa2kj+eFATFhMBeWEK1EH94JkiG5AQELscIGWHePKKCXjgD5djUCaDYmhDHz4A5/7xNxhx2CEoOg6MTJqluNf76ImAxGnC5Fe+F0BXddi2g0zawupVrUinUpjx5gz87W9/xYEHHIgzvnUGSqUSmgY08mdg9efCptyjtd7xljuUCEgEJAISgS4ISALSy4SgTAfVOlOZi1+08ffL/4L33n4HZ3/vHBx27DHwfJfVnMy0BZ0C2qqxriU/PpXCJIF04kPi+lwmQ54OVItN5VOFObPx4HXX4flHHkemZGOQkYLSVoAVKiwxzOpScQkW9SjXNNaBgPQUuCaVF0R/hKwvvRQolgGPfRYjzlSQfwiZRFJ/CfmIWLkcrLocItPC2N12xYChQ+AEIZsgjtxlNzhCI5TrzfUMNbezBi2XgihUvub7CFXqXRGkhIPw+HdELKpXfvn3SbaCQIqx4oxKt0G9QF2dvtds+udd+C6UwIvLqUTGhV4kN0xEiAI8PmdSr7JddpOm+vrFH83HW9OmIyAS6fmYPXMWPvzgAwSOB2V1C1KazsaBpqogaxgotraw03zGNBB6LtJEcFzq7+g8L8oQiaRH3PHE2Q9RmhdFawa5koDU9KR02YgyfUxABgoCcvunEBB4CqJVHbj25/+JaXfdj8H1eawotCK99VD8353/QGb7UXDCANTMn8tseCf0LuaW8RWFfohyoYx0Oo2Ojg5kM1ksX74cf778cowYMQLf+MY3UFdXhyAMkMlnxLNUJX4hCci/P3/kOyQCEgGJwBcFAUlAaiAgpDBEzb1k4OYVSvjpBRdi1erVuOCnF2HfA/ZH2bGRaWpAGNfzVBYX44bwtZ1MSQNytcM1RYxkGshu1JqOiHw1HAct78/CXVdPwIv3PYStrAxyjg/d9qBxPb8I8LkMq4eV7h7Pbx0ISNJvUa1cRR0OKpWmcB+rgpCCbgqgSRGLvSsUEOGiYJ+2JW8QyoqQ34hL1UecNQFKnscyvsO32BLhwP6wVRXZXA7bbjcK248dgwFDBiOVzaC+oQGZ5qZYcSsQ6lpkIBn4cEtF3n+ajBNFYXrlq1PoEFmMuMeCviUJ5u6jULCZzFCQlfhvaBT0V5zm43e4NuC7ouyJ2B+9fB9OaxvaVq2G53qsQBYUSnht8hS89sqrKBdLrEC1YP481KlpNObrRbN4GKIhn0eWJJf9AHapBDcsgahQUyrPamZpIiC+j5RpoGS78Kk8jBvCxV2Jky6ifKxCRoQ4QfchCci//+QGmiAgVIKVEBBtYLcMCJFNN0THnAX443kXYuUbb6MhlcKSwmrseuxh+Mlf/oCwsR6eYYAyY/m63L9/Iv/uO6pku5OFk8iP0NHSgXxTPdpWtaClpRXnnnsuDj/icFx40UX8zLAJpRLByJprKO9VZ0T+3dOR20sEJAISAYnA5o2AJCC93N+2jnZ2CFeCEBZUlNuLcEolXPG3v+PlV17GBRdeiMOOO5blSqnxmle947/gFKBSXfTadj+zpwONxOONAvEw6Cx1oMwBZQo8D1rZRtvc+fjrT3+JhS+/jm0b+0Fpa4cREvUgLSNR6w9yTa9lrBMBERSMej9oUOO4SkLCCruJxEcXQT7hQ43x1CchDOcjZMickIgWyx5TIywQqCpUcn73AzYtpKxOiUzfPAe2Y0M1dKRyWW5yp5KsgUMGY8jwYcg31AOUrdA0NpIcMnQIl3YNHDwIqcYGcW+4bl0QEa9QhELHil9rEIrkhmiW8NXwffiBz8Qpnc2JfVWNlyY/jtnvzEBEWRQqpwpC2MUSPlmwEEsXLoZdKnPviEXzq6OEUrmE5oZGpHQT7S2tMFUNpiqIJpcC6gYMyoLFTEJTgRQ5bAc+G2nSvoLA4zlbDoQTOvWciBVu0ScjJpTI/YgMCIuqSgJSy3PRyza+pqGVCMigJnyiiRIsPe4BobdSCRZ9lqClgA9fnIbfnXcBjJVtyGez8LMGfvh/v8Y2xx2OZa0taBw0hJXIctkN7APCj6voT+oy6OELVbjlMpZ88gmuuPJKNDc344KLLqxsRmWHlAEx86kKAUnU+NYDnHIXEgGJgERAIrCZIiAJSC831vGEvwLJnFLZE/2RLrW2c8j2p0svxTPPPouf/uxnOPzoryAiOVn6Y0yBsuMgQyuXyer6WrSBUJlO91FtfshhA61C+j6bxgXLW/DSfRMx8eoJcBYsRjOV95QKaKIeFSVCe0cHDNbR6jp6WunuqSdgXZ4B6kBRFaIS1YVpKlQlbtxn1kZN+yE07hAhlS2h1UUu7G4QQLfSUE0Tru+jXHaAjArFIDnkeH3fpHKuAK0d7Zw9oUwIBXC2R1byFrxYSrZ5QH/+3fLVq7pIKdP1DRkwkDMepIRmGiaoTEvvoQckDDRWSnNsB2W7DNf10NLSEnumVCHllaB4tvBZodOIIhYryBgWv4hQsNKY7yFqa+N7SRkL2sakDFcQdnGopz13SvNWqVBx+ViCriCuoSLMHdecRN1UuWJ55nW5v/K9AoEiAqQGDcCHhTYM2GNHXPjXP2HQDttTxRX3P5EPiEZZvlXtmPHYZPzxol9ii2w9Z1HbtAB/uusfGLD7WKAuh/ZiGZlMlhN363Nwz1Nlroh549g2LCuFAhlQmiaLFqgkr+1FeGHqC/j73/+OPffaCxdfcglfBy8eqCqTdeFIuD7PUO5LuQnwMQAAIABJREFUIiARkAhIBDZ3BCQB6eUOUwArjPs6XdOp/MV3Pa6HfvCBB/DmjBk4+thjcNz4r8LzPJiWKQJl1xElRlUZDDpcrb0hXI5UFSgw4UjMD2P5X4rbqfk6pWpIawaKs+fj9r9egRcfmIjGIEITlTa1t0INPTTXNaLYQQVNG5+AKAr5jVQTEHLXpiBGYxbF9IPlrOiCSR8r7k2g5nUiJrrB9fBUUkR3Q9V0aIrN1Vvs2ExmioZQu2LpX1LX0jVR1hUaMMwcZ1tcz4XtONyDohm66LGp3B+FMwfJHUr6VmzqAeo2LDMrFK3Ib4XKnHowfqS3WFoEUzTiCOd52jYIEXo+kwxqOqfsiBIEMBRSuRIqVfRzrlKL02mVOUMZIZI57nY+wpywh1FxKP+sia722IS+uX/4bYjrc8gjJ5/FCi3C7l87Fqf+4kKkhw9hxTfK8pmRCtX3gWWrcMN//AavT34eetGFmrEwYq9dcP7lv4c/sAF6rg6Fso1cNl3z50Wt11MRXUiknomPBOIzjQQSqEyQSW4APPev53DNtddip112xo9/8mPOTFJ5Y/Lc0CRlBTjqsZJDIiARkAhIBCQCNSIgCUgvQAUULHBwXEUcqLSFshO0qun5mDhxIiY++BBOPukkHHHkkaLkRVFEBoS18TuJA0WOPf2p7ikLQcFz0rQcx8l8LokDe+IyXCoUYZEMcAToboh502fg0Ztvw1uTpyBfdtBM8rTt7cjoFnx3zS70jZEBIQLCKQAKrPkUhI+FsCWjn1UqzwFdEBBRkCUIiEoExAvZX4Ka1cl93UKZy7qIfDBWcQZKqH0Jp3Xei2ZBVVMVhSqDCKKmoVgudQnkY2ojvEZiB3j6nlaEu1E2hGT8yCVNakUCmDIi3VWidI2ugJzmRfM3kxCeAwrYlI1JjGhIp1I56inhPBAbSQbQqDSqG7MIuAE+GeKX1YaFlSI3Pl63M+dfdt0h9+SQKaEc64yAmzLQpgHl+gy+efFF2P+0k4F8DjY9tRGQUjREjgt/9jx8/5jxyPgqVCdAlE1h5yPH4aw//DeCOhMus1+VS+3MuLRznU8u3gFlMCp9WrEoAh2t1NbB4gX0maepGl55+VVMuO4G7LDjWO79SOeynF1sam5iAsLPWSxoYJLynBwSAYmAREAiIBGoEQFJQHoBqtKHUbUdyU5mMhm4rhs3TQNPPvwoHrrnPhx0yME46+yzUSoXkamrE0aFsWFhEguyo3C30VPDJsnwcval6pW8jeLFJAhwi0Xk0mku3wm9ACTVu2jGO7j9z3/DW48/hW1yeTRBgdPajrC7ru+nmIOt7xIsuhBqVhXhb2yix/+MnZHjEiwoARQ9ydKIEix6RxCQwaIGRSU5U+oZiWDCJV9EDuA5W6SpIhuRGERSVoS6G3QiHAZvQxkQXrElD5E1nOvFeSUl8QJr8hNZswaGPT+6Oc1T9msNmVpmkHEPRpzdoGPQsbnMhQNNtn+EEzhMjIgQJgSISlxENqhzqJpwmI4bV/g7um7OI1WX1jDx6Sq73AP/EBLNtYoT1PjB8kXdrKgr6DBVtKUN/OjS32O3rx3P5KJMzzIUpHUdYclBNHseLj7ldNgr26BFKhzLxLjTT8bXf/pDRAMa0FYsIpvKstBAXd36VcGi7CCT4XhhhT5f6HOu0NaOukwWgefhiccex333P4D9DzwYp59xOpeVll0HFslc6yQiEStEc8IuQooeRDkkAhIBiYBEQCJQIwKSgPQGVNwIXp3FIOJRqYGO/wCHBRtPTnwE9957L7520ok4/oTx7BiukSpRNwJC0rm1EBCbgxZBQKgHhb3v4pEQG9q34QcIXFdYDJJJnx9CLzt4e/IzeOCvV6I4czYGhCpU2+USiu5jY2RAGD920yPAxPVzuF/JfCQ5ngCqTl4cyb/5jSwexaValDUgIkIYhl6sukslWEEle0Df0xDEgegG/Y7eq7D8rWgwF9+L8+nMCVSyJlUkMelTSXATFEX4ivQ2QjUmRHHdfUXuNH5vcpV8PxkW0c8iDk/yyeKmV2c8dHSWiVUySvEETXzuxbu5fb+3U/xUGd5e3yg3WAOBDh3w81ks9Mr40R9/h31OPQlRJsX+NkQ207qBsGTjtVvvxK2/+T+gHMAyLHjZNP54203IbDcCTmMWfhSxKSWJFlhWjcIRNd6PngiIUyxzGRaZDk597jncdtvt2GHsjvj2d89BXb4OXuDzOaWyadYroBJG7tOKp6pV47HlZhIBiYBEQCIgEeAYJZLOYv/2TKCVdBEQdq7oL1+yFE35ejz15CTccP31+Opxx+PMs87iVUPV0KCnU+goFZHP52NjuEoeIA7Gq04jro9I/rhX4tHu8W4cBCgUcFMJDxMd6q0AYHtARxmvPzkZV/z37+EsX40RDfWwii0s6dqYrYPbXoLv2kgrKS4bo8IMDncVYV7YfcShcdcfJ5mLGlBcox0h7v3o/lalwrQ6zyGu9OgsH2KZ3GRUA0M/je8Lu5jTNp2u5Uw2WHVXZFGSUVUAVsOV1N7HUz1PkhnzqWvFsYRv9dVUn2Py80RdrNKrUpHTrcyU+Bo4V9Tlej6dMskV7JpufC8blXUdfj6DhUEZ/3njNdj28ANRpAfS0OCVymjI5BC1deC6H1yAec+9BJdkexGiebtt8dtrrkR6+CB4ps5yzpwhi8v8aj63pLYqfgM3jFdmg/imTNmVNAlTqFxuRXeeSklJ/OCuO+7EA/ffj/FfHY/TzzwTCvVJxUaWdE70yKi6WEDokpWr+QTlhhIBiYBEQCIgEZAEZK3mAJXHdOdtVH5DMqikcvT0pMl4ZsoU7LrLrvjq+K9y7TT9Iad+kEKpiFxdHR+XVuTjAqSu4X7yl73WmJCCDK7rjtWgKEpwfShuiPYFS/DoXffh+UlPY8X772KEHkH1Q9SpBlKhiqxqwKOSkJAkW4VMLmVuRO6l6+iRq3I2o9YTrQ3uWv0netru046wKfDsdbnuTeH6arv7m/ZWtqbDq88yAfmvm6/DNuP2Q5C1UPZspFUNWtEBimVcfc6PMW/qq3DSJlZpwL4njMe5/3ExUJ9DQNk6JiDCOLN7Bu5TEerhc8Mn+eduIhhcckVCGp7PZJzK99pbWzFhwgRMe+01nHnmmTjk4EM420FO7N2HNBjctOeoPHuJgERAItAXEJAZkLW4C9UNv8nbyYuC/qB7rovm+kZMfe553DBhAvbZZx+c8a1vsTdFybaRb2yAT6VVsdEdvV/0AVSNbquYvZ4iExBBPzhrQgTEC+C2FZDSLdhLV+Kef96GB66bgK2UEFndhNvShsH5JhRaViGvpdnkLiAvE+7VIAKyJrGQBKTXO7FOG0gCsk7w9Yk3JwRkfljGr/9xHbYdtx/CujT3hOVSaWB1O9zVrfjLd87DyndnwUmZaDF1nPc/v8beJ56AQI0QkC0NKaApEWcplBo9eRiA7hmQJFtb9RFDJaCu7bDMNLEcIh9XXXklnp78NE47/XQcf/zxLLyQzmaEeWe3IQ0G+8RUkychEZAISAQ2aQQkAVmL29dTIE69FSW7DFPXQU3m5Y4CZs18H5dd+ic0NjbikksuwVYjR8LxhVEeO23HxGOdjbuqCAjVZhMB0SIFdkeRVXcQaVg08308ddudeOGftyEFDf3SWaCjiHryoXA97qcgM0XuQVDJ8JDqzrupJfXU8yAzIGsxg3p+iyQg6w3Kz21HVIJFGZD5QRm/vlkQEMdU2YMmQ6pWHSUsfH82/ve078JoLaBDU6EOHYhf/v1yjNxzV4SZtCAgJH4QhbHC2tqbbJAwRffh2Q4vlGiajqVLluD6G67HsmXLcNJJJ+Pggw/iXip6XzqbrZiqVu/j38k8fm43Qh5YIiARkAhIBPo0ApKArMXt6YmA2L7HhnjkbJ02LTaRK7UX8P577+GyP12GxoYG/PC887D9DmOgEQFJ1KcSEpK4ca/F+YgO7aTdOv6eJGh9YWjndRTZ8M5duASPXDkBD9x+J4bVN0Ivl6EUisipKrSASAiVZAiTMT+QBGRtbsW6vEcSkHVBr2+8t0JAQlGCte0hgoBQr0XOSgMrWvHR9Dfx+7O+j6wXoWho+NK+e+Gnf/4D9IHNCNImfPKoiXwu5xRSz91loGu8VvKM8bzKxslyQkd7O9LpNMjfhsquWltb8d2zz8bQYcNQJk+hVIpV2Dzf5wb07kMSkBrxl5tJBCQCEgGJwKciIAnIepocTuCDNGFV/k/kDnzHZSWbD96fhQfuuw+fLFqMCy68AFtvvx33XJCfBa006qZY4UzUj9jUjuRj15CJ/ZST5Z4UQUBYcYvargMqolJA5Ra04mnqBuAECGfPx60TbsDjd96N/oaJZlLlaW+DEXhgL7EogOs7MNXcmr0dPWRASMJ1ffeA9Ly/ntqna+096V2taj1Ng3XcTU/XU+t1byrXuI4Q9aG3dw/E6Q60UTayfyM+9kv41Q1XYexR4+CSRwYZ/bV2wGwr4W+/+T2m3f8YBmbzaFMjHHnWqTjlwh/BzppANsVZBy0KoLMhJTmN15YBEZ4csX4cLWzwB0GIUrHIvh70eRKFEWdj3n33XVx/ww2ob6jHued+H1uO2JJ9c9iIkNTi6NiqCpablkMiIBGQCEgEJALrGQFJQNYToBUFqXh/rCzj+wgcD0oYwS6WcOOE6/H222/hJxdcgFGjRkHTdaQyaRTJV6QuVyl3SIgIGdXVMrgnhQlIteFhHIxUuR1T8zmKPt548ilMuPRyFBYsRJOiokFRUKepCOwSNITQVRVOgVZOew/wo4olci1nKreRCGw+CPSUCShoGoLmPKgH5Fc3XI0xR42Do4aIXA9hSzuU5W342dnnojRnERpSWXi5FM645CLsccoJKCs+wpTBrqc6QhhsWknNILVlQNiMU7jBxD1mwJJFn2DwwIFcchWSpK9p4qWXX8Ytt/4TlmXhggsvxIgvjYRLCyGkeEWLGGTEGYXcf0KZXDkkAhIBiYBEQCKwvhGQBGQ9Icot4HEDaIUIUCYjCDgDQeVQke/jkYkP4/HHHuN6668cfRS7eFMGRDV0Vp9KyAetQvZkWNjT6bL5XtUCePe18AqN8ENoVJm1uhXPPvgwJt1+Jz58ZRq27T8AKBYQkEKXZUEJQ5gB5U8kAVlP00PuZjNEoCcCUjQMdKQ0rEirnAEZfeTB8HQF5fYO5AMVHzz7Ev7w81/CaLEROj4G77AdfvSH32DA3ruiPSwDaZN86WEigMEGpJQBqY2AkFcHZ0AS+d4I6GhtY28PKg1taGjApCefxKWX/QmHH3EETjvjdOQb6pl0pDMZ9iwigXEWraY+MgCmKgnIZjh15SVJBCQCEoHPHQFJQNbXLRA1UJw0SBzK6Z/FYgEZMyW09600AsfFnf+8DXfedRe+ceo3ceTRR0HVNfTr318Y0VHZFetvQhiR1TC6ExAOQmKjv+q3e1GAkusgrxlQ24t48b6JeOKft2P1nI/QoGhI0cqnY0OlUgzbq4F+kPpvYqVXw4nKTSQCmxECPRGQsmWizVKhbDEIP7v2bxi8+1j4po5SayvqFQsPX3Edbv/7tcj7Guyyi4O/fjy+/d+/RNg/j0JKQWhqIBceIiAWZS//DQJCfWhsXEp9I/Ti90codhR4MeORiRPx9OTJOPCQQ3D4UUei4f+LYziei2xdnch8VD67xBIGvceo8TNoM7qt8lIkAhIBiYBEYCMgIAnI+gKZGsGrCUhcgk2+H1TGkLFS7Goc2A4i28NLL76I//vTpRh36Dh88/TTMGDQoC4EhHwAal19JLN24j9KnPqo8hDvcnWuGqEDHkzHRx2xnSUrsXDaDFz680vQtmgRBubqETkOmurqoLS2SwKyvuaG3M9miUBPBKRkmnAaMhi89y74yV//iGhIP/imBre9gJwX4a8X/gpTJz6G+igFVTPw7Z9fgC+fcwba3ALMQY2wWQA7hMUEJIoJSG0+42R6KrIfMQmJFBTa2tC6ugUP3nc/Jk96CuecfTaOO2E83MCDomrQLQMeeYWQ7wiVYMWfW9yDxgSk9yzoZnlz5UVJBCQCEgGJwAZFQBKQ9QUv112Jhgt2JAdYRUZRRVO673qioTMI4ZcdpDIZvPnGdNx8yy0wTBOnnX4aRo8ew9kQqr+mHRmGwWo0qqbyfqhcS1XjKu+kzis+/06/4yT7seaF+VEET4mghRGUss0lHiiU8O7kf+HGy/6K9kWfIB0B9YaJ9OpVSPHxI/g+mZkp0KgcQ9itM9lRIioZo7XT3seanty9v0duIRHoKwhEGpEBcTb8leZ/F/8eUT5ZNBS0ZgyMPPQAXHDNX7DKVKGZKeRCBc7Hn+DPF/wCs6a+QnbiyAzoh4v+77fY7ogDsbTUhtzAfoIIgHpASEpb9IAQDajmAfwIkvFofHy2IOXn1Ieh6gg9+qqCBO3mzfkQN914I+bNm4cfnHce9txrTy71TGUz/NlCfSOarvHnCz3jtG8aYi2FykDlkAhIBCQCEgGJwPpHQBKQ9Y/pZ+6Raqtd2+bAnprUF85fgIcmPoQpk5/Gzy76KQ466CCWziRSQio0HGwQ6SBDMJVIgOgM4SCIi7VpqZIaVWu4ENreF5QhRAiyG9SiEEFbG565/2E8cMPNWP7hR9i63wA0Ll/Cv9NUA6qiw/N8RD5leSiwUasIiB/7r3/28cXR5GpqDXdJbtLHECBzTmLrTLpJpZpe/AyK+cx8hIJ3KPDzJuY6RWxzzOH4xU3XYGkUwlAMDDAymPX4v3DLb/8Xy9+fg1JGw4j99sD5v/1P9N9uJIpKCM00hVpVvF/KRlAZlcZljvGIFzgqJVNJ0zjJ5pLLuh+iIV8Pv2Tj9VdfxV//8leMHjMG3/r2mRg8dCh/lujc6N4VZPqskfK6fWziydORCEgEJAKbMQKSgGzsm8va/C5c1xMyu1GEcqmMf9x0E6a//joOOvAgnH76aWL1UVGhWQa7EZMyDf2nanFreqXTPSYgtcT2IRB4ISKV3M5pwTNk1SsUhB/IpDvvxYO33IYVc+dhZyuNclsb9EhDSjNgQBM9KcRBOPNBL/pHde7l08GUBGRjTzR5vPWFgCAgcdaPsodhkpnoqjwXKgqKWQOzy+044MxTcc6lv0OLriGrp5Ar+Xjk6hsx8arrYLQVscoIccz3z8TXzzkLXn0aUdqCmU5BV/UuBIQOrSdpCbqgpESK+jVCWkYQuQpVUeASAQlCNkF99OFHMGXyZBx66KEYd9hh6DdoAEqOzVvXN9aDSjyrxzqboa4vsOV+JAISAYmAROALgYAkIJ/DbfZcj7McbAZWLqNYKKAuV4fnnn0WN910E5qbmnH+T36CkcO3EGVXhg4tZbJUJmVGKAjh8CGpfaJSjBoICHGFwA+E2hYtrVK/O5Vy2GUYjg+UHbz21L9w57XXI71wMRp0C7oToLBsFeq1FNQgYHUcMlxktRw6bG38I8631HCSn8P9kIeUCHwWAhz/U5kSLQBQNSI9k/HDx0lIpbOBuzWfwWLFx2m/+hkO/+6ZcCwLhg+ES1tw5cX/hTcfmYSBqQza8gYu+vsfMPqg/VFSPeh1WUChBnRAjTMeQdzMlWREqp8eXpBg+W3hGUQLFi3LV6Gxrh6XX34ZHp44Eeeffz5OPPVUBJ4L23WRyedQLJeRTllUbSUJiJz2EgGJgERAIvC5ISAJyOcAvetSBsSFaRjQNR2ObTMhqatvwBOPPIKrr7oaW26xBX78ve9jyNAhyDU3c6aBGkfNVJqJQ3XfRc2lExGtmgoC4SuUBRF5DN8pw2lpR3Muj6i9gLdffhVXX3AxSktWoL+ZQT5QkA80GIHPqjq07uopIQKVVoNpZbh3YiEzIJ/DRJOHXC8IcK+FrvPcVyn7QVkQrn8EAn4O6Cvgq0Brv3p4/Ztw8d8uxxb77AloGtxVBRQ+WoT//eGFWPnebGzR2IiOfln86oa/o2nL4XCyOiLT5IxiSjOF9wfvW7RcVbw9ktJL7ilzOUNKvR/sN+T5WPjxAlx//Q2cDfnaiV/H6NGjOatCCxiqrsPxXTY/NXRBdKpHzZ8h6wVRuROJgERAIiAR+KIjIAnIRp4Bolc9ZCLg2g47DycrmcViEY2NTVi5fDmuvfZaPPP4JJxxxhkYf8IJyPdrImt0bhSlXhBuPOUyKhGe9E4BxIWSWFeohPDi9nGiE55jI2+lEZFfieNBNyy8d98juOkvV2DFrLn4Ul0zrIINw3GhhbQEHHHg5Sshr9ZKArKRJ5E83EZFgAiIohkVAqJw2aEg4oGmwNOIfEQglbkF2TS22ns3/PKyS1E3fCjTFGd5K5a/Oxu/+/FFMNqL6JfNIb/ztjj/b3+AUp+F0pAF2X5GQQhT0UUGRBEEhMTqYnG9uO9KJDvdYpk9hlJWCsX2Dnw450P813/8F3YYOxZnnnUmth29PTzqJcumOItKzeZUvklCFJT1NMnxvGpIArJRp5Q8mERAIiAR+MIjIAnIRp4ConUjzl9UuZTbts0BBTWDMjlxbNz7zzvw+KOPYa8v742zzzkb6SyZhZkclJBalmYYcH2hrkWZlO6je1DB5VNUN07BDa3a8pmQiWHIdecGtZNQZRaZFS5chmlTnsVtf7sabbM/xlAjjYzrwwgCdmmm/hXuJfHDijrQZ0EpMyAbeaLJw/WKQK1BN+U7KHNA5U70bBABYREHw0AJAZC1EFo62twS3teASy67FPsdeRi0uixnM/yVrXjq9ntx3e//hC0ammC3teH7l/8Wu558HJAyYesRyp6HXDoLnQi9Lz4hIk1FoAEeKVVxc3qyghCi1FGApRmY9d57uPvOu/HOW2/h/PMvxL777wedsimaAsOy+GssXFfBg7IftS5Y9Aqi3EAiIBGQCEgEJAJrgYAkIGsB2rq8pQsBoR3FJCT0AziOw9kQIhMU4HesbsXbM2bg4YcmYsWKFfjBD8/D3l/+MmzP5T4OKq0IaDWT1HMoQOo21giwqglIbDqWnA+r7fBL4a+FVSuR0yy8MflfeOKfd2LxjPeQs32kXR+WH8AIRB08kaauBWE9oyMJyLrMGvneDYFArQSEj60p3HxOuUb2HKWSK11DUY1Q1ADX0hCmDYz74fdx6Inj0TxsCFzPhUnFTnaAv5z/M7zy5BTUGQbSuoHf33UT8ruP4f0WlQBl20E+nYPJO47VrjUFIWU7qRSLU5chIurh8gO4ZRsfz52Hm66/AUuXLMF3v/1dHHbEEfCjkAmLblm8b83oXJhISEf3/o8Nga3cp0RAIiARkAhIBD4LAUlANvL8EOq5nR0cLO1JZRq2zb4fVNdNWYogCOCWbC6V+GTRYkx6/Am8+uqrGD/+q9h9zz0xaKstUehoQxBFqKvPi9KsqtGjqg1FTkEQOx7HgQ2thlKJCXt7xCu8AMpeEXoQQSu7iFracedVE/DkLXeg3gnQDyYaVQOa48MLSFmn9050SUA28kSTh+sVgdoJSARFJRFp0ZQRQUWgqnB0Ddag/pizYincjIUjvz4eJ//HL6A11sH2qLxSg0n8vKOM0w/9CorLVsKEgjFjRuM/b74GGD6Ae7FcXYHruMhZaei+kMrmrIWm8rNK5VP0kWHQIgPJ7ToebrvlFtx37304cP/98d3vfBf9BwwAVI17yzTLFEITVK2px5LZVf4l3AAiUyC9zg+5gURAIiARkAhsOAQkAdlw2Pa4Z6IeVPpEI3Esp3+GVH6lKAiDkJWmDEOHU7YRuB4y6QxnQ55/5hk88MADGDFyJI45/jiMGjOaVzgp4KC+kO4EhMq5ugwiIL7PBybJUCIFFKRQeQdxiIq3iBKhxWtDNp1GaXUrGjN52PMX488//xVWzJgFfLIKw608cqGKYrkVAS3Z9jIkAekNIfn7jY1A7QSEHg437rXSECkafE1HQVVRtHSEjXnsOu4gnPSds6BvsyW8lAZ69LKUhSg7aPlgHs477VtIhwoK7e2cyTzwzFOAgY2wowCBocL3AmQNC5oXQaHHiZ5RjbxzIs6MkmCF57hsKPjh7Dl48IEHMP74r+KgAw9ENptl6AKS7CX/IEOHHwXscJ6iJnQqq+wi2y0JyMaea/J4EgGJgERAItAVAUlANvKMqM6AVCgDJSZIYtcwuATL93zOSpBDcblQBAmAWukM4PpoW7kSF19yCZavWIGf/eLn2G2P3aGlqNyiawkW6fwnWv8VtV4mINRETnyj0/WYy7cSU0PRJY+WoB2pVAq+7XAmxHJ8qK0l3PeXa/HsnQ8gW/CQC1RoYQla5LOaVsUpOsY0dgrhf1HBVtCLW2LSbLuRb4k83GaGQKc9YC8XxlnDauIuvk9EFZLfkOh0qJahki+4oiFUdbi6AS+XwZy21Tj81FNw1kU/gdqYRzmbAtImHNeGGvjIqybu/vMVuOnPf8cWAwdhZXsLHnziUWDEMKA+iyKVU+oqPNdnAmJQD0hAfVmUARHu6lHgw3YcvPv2O7jhhhtw99134/2ZMzF44CA+/fb2DtTX1/MyAG1PaleZXJbNEWlRg55LSUA2s0kuL0ciIBGQCGziCEgC0odvIJVicVBPWv9ByP4Dgeuj1N6Be+68C88/9xy+vNfeOPqEEzBg6FAu3dJNg5vTHc/lrAg1z2qmzgENSfmaetesCAdZVF9ePSgj45FOlqhFp0EBTFRyUFzRgqlPTsbDt9+DxXM/xtahiyaS5/UDaEEIS6Hu9oBLRSgpI7SCqPmdzBRN3le1am/yfbJAyyFh9/Ppw/dInlrfQ0CPbTJ7OzOqjvITFTkuhVShQoeuCDNA+jfNxxABXKMMRdUR6RqClIklpSI6MgYOPv1kfOXs01G/zZYoaEC9q8OjXitDQWA7sFYV8PMTTkd50VK0rFqFnY48AOf+7hLUb789HDMlfD+oVEo8nlxexWIURI7CCAYULF0wH/c/+CBeffUV7H/AATj5G6egqam5wp2S51RNiedLDokR6SDdAAAgAElEQVSAREAiIBGQCPR1BCQB6cN3yA+o7jyOM9h9GehobUNdJsu6/2+8Ph133HYbSq6HE085BePGHYqSXeaAn/pCKI5n+U1SzIqTHD16FjI7ESPJYkSe34WA8CqqorFrOtpLmPHSq/jnhBux7KWpGGpZyFkWvI4i0lBh0UF8j3pgafkWYRggiDQESqpyHD5i1eJzJUtDP5cEpA/Pyr5/arUSEF9V4FGvBEvTij4oVVHZjVz0RIkXq72lgaJjI7RMFJQQbUqEY79zBvb72nFoHjsKXtqArSlIlSK4lO+zDJa7bZ89Hz846mvspWOXSzj229/EKRf/GEFdHp6RqjzfREDCIGI/ICq9TFsplEslvPXGG7jvrjswd948XHzJxThw3DgsWbwYg4cMFmQ+kYAgEmOSjp0cEgGJgERAIiAR6PsISALSh++RG4jeCloNpTIs+o96QjzbgaYoMAwTH8+bhylTnsGLU1/GNttug3PO/R6am5uxqqUFdfk6luKkzAgNP/Khp6kNtusg0c+EeCS8QPGo7p16RTp9CKgcC7YHUzO5tn3RrDl49Oqr8O7zU+G0d2BIYxOUYgmKbSOtKtB8Hwqt5oJ8Qww4SucKbZdzqErAMGepIkR9+PbIU+ujCNRKQDz28ODcg+iBIpKvqNwTxU9bPC+pX8pP61CzKSxqXY0wn8E+xx2FM87/ETBsELzIQ5A2oZoWTFeBE/hs1JmxTNx91QTc8NtLkY909OvfjO9dcgF2/9rRKPuAns5VEKRjUfklkQ8qfVy5fAXuu/cePPfcs9h77z3xzVO/iebmfijbZeTq6tjTg3viq+4BLTTIIRGQCEgEJAISgU0BAUlA+vBdckNqGBfEg0gIh0p+yMFH5Hmd9oORhkfvfwiPPPoIwijC8ccfj2OOPRbQNdjlMnRd4+bUkl1CKp+pXHESvDABqcKBvlf9+LcxCeFf80qxCpRseKUyDN1E67szccfV1+H5pyYjr2nIhaScVUYmDFFvGLCiCF65DBsKfK3z2In6F2d4Og/Fh6FrkEMisLYI1EpAfF0FvcgHhzu4aX5DiSWtxRykEkFPUdGu6fBTOpyMgb2OPhynX/BDaP2bEFB5IwlBmBbCKETbstXI1ufhRgFSpol3pr6Mh/9xO155+hnssusuuODXv8SAHUfBdSPoRjom26Lng56DYqGAqS+8gKuuvBL1DQ342c9+iq2325p7Onwi9KqCtvZ2NPfr14V80LmSdLccEgGJgERAIiAR2BQQkASkD98lr0qwlwIjCtZ912WfEHI51lUVqqohKLnwbY+b12+97VZMmjQJhxx8CE46+SQMHj4cdrHIDe6qpQOpzlXSTmGcONiKsaDj6FQgT6MqC+K4DizyKCEqRM3slFnpcLB6zlxMf3EqHrvnXiyd9QEGZ7KwKEtTLCIdhchbKYSaiTYvVv+Km2KppCwhINWERBR/ySERWDsEaiUgoa6y0hRl3BRSnwuF/C0Rdu5bUkUG0NEMrLTSaA0cHHbK13DyD8+GObgZSl0GHmUidRNOyYZBmZMgRMlzkMnXoXX1atQbaTgrW3DheT/CzrvsgrN/fB7M5nrqMGebc872UY9XBCxfvhwTJkxgAnLSSSfhmGOOhpm2kKrPwHFdpDMZlucmEmKlUms8JbrU1l27CSPfJRGQCEgEJAIbHQFJQDY65LUfsKdAPCEi1XvxCg5M3US5o4BUOs1qOddfPwGFQhFHHHE4xo0bh8bGRpRdG1rGgJmyWO6XjNKobMNKpTmYEe3iItNhxsq6FJBxGVZVuUc1cYiKDlQiK4Uipj//PB6+9VbMfeNN1AUh+lEGxPURFEvcl66lsrxKS/0rFCwRmQk9vyITyo3upOITJeyn8yplWVbt8+aLvmWtBIQyf5ESxT44cUsSlTaR+pznci+HYuoomiYWWRl845yzcPDXj0PdVoNRtlQEZPJHBERRYUYa95EgDGD7Los/uI4DlUiN7WLG62+gubk/Ro3ZnhvZqd3doYUDVr/TMXHiRFxzzTXYZ599cc73vofhWwxnTw9FV6GlhZlg0jdFX7kEq5sFKD1T0t7jiz775fVLBCQCEoFNAwFJQPrwfUr8QqpPURRkdR2h7SNwRcM69XtQHbtTLrNnyIMPPoj6fB4nnXgSjjruGISRxwpZqVSaCUdHsYiGpsaKN0lS/mSEnQ2uTD6qCAgfP05SOAUbeqTAMgygVET7goV44p578MKjj6F1wUI06hbyhknaoAgdnxvMTU3nwAxewK7QWihUthICYkMSkD48Lfv8qdVKQBQlNr9hKTYWkoYbRfA1DWZ9HcpRgILvws5msN93vo3Djj8G/bbbGp7qo6xFUEzSqAIMqOx4TrtzfRtBGAhJbRZuUGCXHFaxy+Viw1A/gO/6CP0Qs2bNws233Iy2jg4cd9yxOOjgg2FaFpeBUUkXnZqV6VSPq4g1aNRZ1XXIDEifn5ryBCUCEgGJgEQgRkASkD48FXpa9U/M06qDDypfsikToapcnmWXygh8D+lUGosWLMR9996Lj+bNw8iRI3D8cUdj61Gj2HeE8h1BGCKVy1aazTkWiyJuek94RrVUbgWumAUFQcQZDTI41Kg8xLa5EX3W69Px8O134N1XpiEVKehvpmGVXA7ESGGLSQspDoVgApKQEDpsSRKQPjwr+/6p1UpAIiVApJJAA01mUmlTEZkmfMPESqcMx9AwbNttsO3ee2H8zy+C2ZBnvdwyPESmBlWnkF88KzSfiREEqs96uqKpnIg7qWipiEKFjQQtRYMeqli1ciXuvucePPHkE9hyxFY4/YwzsNvuu0O3DNhlG7phwPU9BIGPXC4tQK9uOqd+j25N6Mkz2/fvkDxDiYBEQCIgEfiiIyAJSF+eAZQlIKbRpUM8/kfVz2zbhWGacB2PV1wtUye7dW6sLRWLyGSyeOG55zDhmqvRumI5Dj/iCPzo/J9QsTs62ttQ11DPBIQNCdicjY7ZNc/CvKQq4EnKQZJcBb2VCkWoBh6lMmC7WDTzfUy84y489cjjCJcux5f0DNKpFAdrqh8y+bDIeaGagAAoKjID0penZV8/t1oJiKu48LUAiqJBUQ2EmoHATGG166JNAbb/8l445qQTMfaYo+Dn0lyyaKUtaBYRis7nslpBruB1wCDZ61CBrptMPgqOg7Ljoi6dBYoupjz8OG6943YM3WoYxp9wAvbYc08ui6QsSGNzAwIq26JsDGUqLZPlfKuJP38kkHxw/MPkWRSuJXJIBCQCEgGJgESg7yMgCUhfvkekzFM9uFKkW5ChUKzvA6roDqHMhqao8B0XkR/AMk0YGhkRRii0tOC5Jyfh0cceRV19PU459ZvYba89xT4poCERHV6xFa9qdarkqBXfgZiQ2IEHRVXZtZ1CIi6tsl3AcaEHITqWrMCrL7yImU8+jcXPvYhiRwHNdfVIqTqc9gIyqsEERK8qwZIEpC9Pyr5/brUSkKJqw9Y8aJoBRU8hMizYio7WIMQOB+yPk8/9HgaP2R7IZeDVp8TzEJBcb8hqWYpR9SzG3xaCDli6jtAJYBChUVWU2QcHePO16bj/H3egtKwF+x9yAA48/BBsNXIEe/XQrslAVNFUltqlHhL6eT6bgRrLaFeTkC6fA4lUdvfPhr5/q+QZSgQkAhIBicAXFAFJQPr6je/i0PfpJ9t9M2oypxcRj6SUixyWiZAsX7qU1XZefPEl1Nfnccstt8CL1bVMy+QVWD1jsfIOG7PpOtR4xZV6RCqlYVWEiErDOIlC/6csCL8CoZZFDe/LluGF++7Hbf+4BYvmzsGIhgEYnKlD6ZOlaFJNpEMFZMuWMUy0e2VEioZQVeAq4GZgIlikUkQ9JFqksg9KT36FQsFXqmj19WmdnJ9Yx6/tfiWlgL1eG/VP0EaUlqNcAs1N6qdwSfwgAvmPU99GATaitAktn8Myt4ylvgcvn8Nu4w7BqT/4AQbvOFaYYuo6YFV5bHza6SpAuVREOp1GFJsKUrO4bTv44x//iMcfeRSnnHgyTvvGN9F/yCAohtblyimrobIviRiV5GeXester15uIBGQCEgEJAISgT6PgCQgff4Wrd0JEkmghvQuBCSMEJIxoKqi2NGBGW/OwLTXp2HaK6/isMMOx+GHHYahQ4fC81wO/knqk31IFIVlf620cDJPAiMOHeOVXyr9Eq28MQFhshAfnwzeHBveyhV4f8ZbmDLxEbzxzPNMPrau74+sFyDjRzD8EEoYQNN1kAmjFwWIqM7eMOAFPvuDsCN7pHKpGYI1S04kAVm7+fJ5vUsQkKoSo884kdoJSNygTdm8eP4SGdYVNZbb9WDAAFIGilqIVW4ZHZaGgTtsh50OPQjHnHYqMgMHwKb+JkVlSV2lRpO/crHIRoakbkXknYwEr7nqaowaNQpHHn4EdtppJzTU1wNEPqrIBl02PWf0bMohEZAISAQkAhKBzR0BSUA24ztcyXxUZS2oYZwIhmWYHOjTv/81ZQquuuoqNDU04owzzsAuO++MfH09VMNAqdDBJoaUBaEVZVqlpZIrJh9EciotI1UEhIhHKMwNE4oQlMtQqbQkjPDRW+/g2YmPYdYr09C+YBGMkoN6zUBW1aH4pJTlMlGifVBARgEd+R/w8XhlW+VzUFwyb+tKQiQB2bQm9IYgIJpKRJUyH1xTSA0TCKiPgoJ7IgdQmNA6uor2yEeUsTBmv71x1GmnYMReuwNpC4FlUE0UGwxyBoSzKb2PZN6XSyW8P3MmrrjiSpx04on48t57o6G5GW6xhHK5xKRGs4S6VTI4UyPLqHoHWW4hEZAISAQkAps8ApKAbPK38LMvoDsJocA+WaHlbEic3SDlrAfuvx/PPPMsMqkUxh14MA466CA2MiyXCpx9SGXSXJvOZSKqIpplycgtXr2tZEBiczVe1SWzQQ6qQniuDcUNoBsWsGwFFr8/Gy889gTefP5FLJj1AfeDDKCG+MJqVsgyqZHXj7hhnV3gFcBXgYCOr6tQywrUhAHFMEgCsmlN6A1BQEzFgxbRnNHAjU2qBldR4CgK/JQFzzJQcB0sK5dQN3QIvjL+OBw2/jjkth4hSq1IxME0AN3gMkKHsn/ZbE3AElEOfCGJ3drSwqWNTU3NPH/pOaBnj7N3hkbW5TXtU24kEZAISAQkAhKBzQ0BSUA2tzva7Xq6ExAKkKg0ixrTNQqAIrLvKKJUKqGhvgFtLS24+6678caLL6NUKuPEk09i1SySBK3L57kURWUDNuE5ElEpSbxyK9aIRd09myDQiL9QORWZu2lhBIvKqBwPuu1BKdqY8/a7mPr0FEyb+hKWLZiPwXoE0wuQciNkfCAdqhxQ0q58DQgMDaGhkl6vJCCb+PzdEATEUpwuBCRUddhEQtIptCoRVoQu1HwOW+20E/Y57HDsd/BByAwbTEq8gKEi0hX4RGAUlck2G/+Rl00No729HSYJP1DWhOa5qsJ3XUE8yDwwDOGT+aapi+dIDomAREAiIBGQCHwBEZAEZDO96dW9H10uMS7xYLIQ91RQfweXPJH/h6pB1zQsnj0P06a9hudfmIrVrS34yfnnY9fddmUTw7LjoL6hHoqmo+zZXKJFxmlU9y4qXoQiFwVftE/yMnAQcuZCJw/oIIBBzeRegOKqVtSZFkotbXh7+huY/PDDmPPM04jaCxiSqUd9qEMr2DCpf4XsEinzoqtw4MMISKJUFU3G8XWJ6+56UyMiL91/uJne903tstj+r1rH9jMuQFDQroOzCXH/UdKvFAUd0DWafwaCUEEpiJAdNAjz29vwQWEFmrfaGoccfwwOPn48Ro4dy9kOMuUMNQhioBMxp9RdwqBFGVctw/N9LlOk97MgA31V4wZ2yhiGoZirdAxZblULpHIbiYBEQCIgEdgMEZAEZDO8qYJbVKlVVV9jUssex1cUY5F0L8V2SZU7l015IULfx+zZszH1xRfx0ssvYYcddsA+++6D0aNHs1Ea1bun8lkuJaF6eyYbZMJGBIRUqmL5UFpF9kguWAnZtE0jYSF6UUOHFyCwHahRBN1KwV62HM/ediuef+xJLJ31IdJlHwOsDKtkqWEAn5SKQp+DRTM0mIBUj55q6JOG/M30Vm/Sl7WuBITnbCKAEJORUHdZwIALoQwLQSqNhe1tyA4bijH774udDzkIO+yxO3KDBiOwLDYXZK6gRFCIuNB8ZlRFLwlLK9RIQEg6Nxn8HLEYVw/khc91k7518uQlAhIBiYBEQCKw1ghIArLW0PXtN/a04l+tWpUs7vLXWM+2Eg9RBRVlReJmcspwzJ09G5MmTcIzU/6FAf374/TTz8Cee+4J1TLhug7CKGQzROrTYAJCpSeBL8pXVBWBpsCjAI89pxV+UUM6HVuNwC7RGm1XtpFyHKyYMxdzZ7yD6VOexVvPvQSlVEYmUlBnWUgZOhMR0yNSkpCtOGDsoZFXEpC+O1fXmYAk5CNWj6J77WRVhJYOT9Ow2rGxtFTElmPHYr+jj8JhJ5yA+hFbsTS0Q/1L1GzOZCCW6yVLnHhfidWfkJeuLQNCBLxaEptV23piGpKA9N1JKc9MIiARkAhIBDY4ApKAbHCIP78DdCchRA4SwVNuGO+W9ag+U/IA4biJSp88H+lMBpHjYuGChXji0ccw+amn0L9fPxz5la9gtz12x7CtRsB1ylznrtOqcuwRQivCVOJFq8u6ZYhQjORGybaQgkXb5Zr5gHxDqGyLkiKFDmQzGcD1sWr2h5j58muY+cprmPP6G2hZsAiNZho5M4VU0YVOZS2VsqueDRokAfn85mBvR15XAkKlf5RhoLInIsz0aq9PYYVXhq2r6LftSGyx8444/rRTMXzUKOi5PIJAlOlFpoqQUnGcjIjL+Ph7kRKpJhJ6jekKv0pSOHm+eN+CH3cOSUB6mxry9xIBiYBEQCKwGSMgCchmfHO7X5owchZRUEUit5qEJEESlUsFJFZK1VUqSCGLPBTUIIRnu8hmcyi1tuGO22/H5KefRr8B/bHvPvti3wP2w9Bhw6BSA64mavMDJgdUlgWuy+dSFq6RF+7r9AtqyiUCQrLA5KjuQhi6+eUSGlNpaI4P+5MlmPXiq3j1icn4cPoMtC1djiGRCSsQK9fJoP13L62XBKTvTvJ1JSB0ZTRHaQ4EYYggDLDAVFA3YjjG7LsX9jr6cIw+YF+gsQFeEMImM8JIRdog5/MQnirmOc+bzsKrmIDECm/Um14jAaHnK/HJqS5pTJ65TlYjS7D67qyUZyYRkAhIBCQCGxoBSUA2NMJ9aP/VntPV5efVpVfJ6RadMnRNZ8nQpI7dtW2kTIu9Q6hpnZaRP5o7D2++8Qbee/ddUAPu0CFDcOi4Q7HNNttwY3qynUqyo6Ymyl2oxIVM4io9IxoUTYXvB7wPRddBru3EYVK6jrDkICqVoSkq3KUrMGvG25g76wNMv/cRFJeuQEdHK9KKjqa6PFSSQPU8JkukMWRSczyZGoY+N9hzIBgfn13dKckThtA0HYEfMtGqkJmYkCWZpK6YifeKIb5P/k+ppc7fdQaaXXGOiWBtJuBdZlGthnwipO690YDPtoYmfWEZWEX24rMSTuNdJzr3BHU7dCdGVdsqATUcxf0WIjPG2bEghKmbcH0XhkL3jeaMwYSW/Cc9RYGrAOnGerSWymgpdrBfR78BA7DrGV/DsB3HYOweuyIzaADs0AdMk31tWI0qov1HiJQQCmVAEgPNLgQkubPx/K/xOa62VFzjGeuSAalxh3IziYBEQCIgEZAIbIYISAKyGd7UDXVJrHLVbZCqlec4WL50GaY+/wKenfIv7hfZYfsx+NZpp2GnsTuyF4KLCNmBzZVAlyrlbdflsiyKyzzyJNFUWKYFxQ9ix3ZN1OP75K1ABIKCUJXLwqLAx9uPPIUls+bgvTffwrz338eqBQuRU1Q0GCZ/NSm7E/jQVRW6psJ1XNieDVXRYRii9p+6UnxS5TIMBLQ6zlqsXfuDKRju/rOkQIeD95hwkJISlZoxFekSfIt/dFkRjwP+LqU5vXOFCvq18BYtLnXrdT4wEevdjZyxYsziDFoiZECksiqTxtfKZC9p5U6C+WpiFifBNB+a5vP9DSmbReIEUGGoOnRFh+M5MBQdUaTAhjAGjFImHE1FAcDclmXI9R+I/lttgW13HItd9twTu37zOHiWxgSYBhHMnkz+pPFfrzNDbiARkAhIBCQCEoENgoAkIBsE1s1zp4mqVfXVlToKQs4XCjJWCm2trXjnzbcwfdo0THv1Nf7Zsccei7333Qf9hw7mWv32jg7uKTFSpEAkSrUoS0FEgDIuFHySXGlSm0/ZkIrUahx5c9bC9oFCCe1Ll+GDd97BzGmv4/1p09GxbDmCYhEGraJrKkw3gOmF7P7O5Vp0vuTUzuct+lwoWCdVr56kXjmA7XZL6d8JCSDSwaE1NTUn38fGiQrF9VWpp6T3Jsk4VAiIiOFrGj02NffwzkqZXQ17rUUKl87P72aexzjEIgZMPOKLENKz3VMg3YkZoCshDCXg8inu5YmLA0XWSYWuGwjDCOUggDlkKFa3t2N1qQjP0KHX57H9nrthm513wna77oKhXxqJ9KBBiHI6HEX0gxAJYbLZEz7SebyGmSE3kQhIBCQCEgGJwPpHQBKQ9Y/pZrvHnpS1yuUy0uk0Zzl81xMGh0QoHBfzP/oYL7/4El544QWUyiXsvsce2H///bHTzjtxs3p7eweydTn2FiEFLfIfoSxLykoJo8OIgkixtE7lUrquCzM36mUJAzZQTGkGDNre84CWFsx9byY+fPsdvDNtOubNnIklCxch7ykYZOSg0T4UsBmiSsGpH0Cnn4k6LKiqAi+icqCuoyfipcQpDvrC/ELIHVXkXAURof1SxqazRKkz4yFW+9dmsIJYDW+sLrn7rM25xK6W/ZETfXdewUJmYRdBA9oVZZJqOUu6Jxq7cESIKMOl66A8G+mneRGQymZQdmw4uob5iKCnUmgcOAAjx4zGyB1G49Djj0VqwACgLofQ91B0bNQ11Yv7EEWVxnTKpHWXaJYZkBpuutxEIiARkAhIBCQCGwABSUA2AKhfpF2SKaHnuVwqpSeGa3GGIaCeDttBoVjAsk+W4NGJj+Dtt99Cc3M/HDLuEBx99NEwLZPJBxEMcmmnFWvq0VB1jUkG/ZxIh2bo3B9CL/4ZmRymTIRhIHxFqCzLcWBRA3zZQfuyZVj68ULM+WAW5r72FhZOfw8rlixBaDuos0zkDAM6EaYIsChYdT1Y1LPi2Xz7qslBTwRE+I+IFX1BQkLO5jDxiMkHfyXDkiqvkoryWFKCVUVCauntoPcb1DBdA3khSdjeC6sSr4paKA0QUM9GPJJT6MlPz4iokKqHfXbbWDcN9n8pew5Kvsf9Gg5Eb8dq6uswDJCyVPMWW0AbsSVG77gjxu66M0Zutx3SQwYhDHwglYKvq1weFlIWqlSGQWpsus6kg4iILMH6In0qyWuVCEgEJAISgb6OgCQgff0O9fHz86MQXuDD0A3RVE4EgcqnwggGZSygMLFQyHeho4ilS5di6tSpePyxx9nL4+hjjsH2o0dz03oul0U6m2NCQ4RDlGYFcWAPaIbBJVxCWStCAT6relmaDgs6lNCHWyxCCyJkdEM0u5fLsFe2o23BMsx86y288/p0zHnvXXQsXwGLGt4dFxldgwkFOd2A2tbGikjssE3Hic0UqQ9ESL4qnKWhvgRBO+IwPCm9qqQSRFmWDxUBu7V3Sr2yuV2cnqgO0bt2SMRm3D3E8EYkGrVpJJpLPZEAwql7SZnIAnTfaZV7fIXYUNDezeSRm9WFahRvRj0mcUO/IItCSpnLnqAj8kX2ihNMiUEleb2QWV/8XkdVUdJUvo+BobF/h40IxShAuqkeX9p+O2wzZjTG7r47Bu0wFpnmZsAyEDo2ir6HuuZmuAjhkNwzEVNdQ4aSUYm3TXKOn/Ic9WRc2ccfOXl6EgGJgERAIiAR2OQRkARkk7+Fn+8FUODYXflH1PKLIDsJdUPHg+rS6jmVUhkol0qY9f77eOaZZ/Dee+9xYL/ddtthv/33x2577gEjk0HgOnE2RIfruiAlLZLrpZV9KtsqRh4ydTkYqsYFP2SeqAYRLOobcFyoiNhAznc8ll4lQmG3tmLlosVYvmAhZk6fjoVz5uCTjz/GyiVLYbeuwi6NtKoesgoXJzU4G0KlWxqTKiJYnOmhpviYkJDMMP3cIlM7ruYKEAQeB9qRbiIickYSsX7AXynopVK1SlN63MQtAvgkvSCoBZG47iNy/UovS8IXeupz4PaTbqkSurbuGZ2I2ZEgG538Q2SZqgedb79cTpQ2RSFcz2MhAfpeEBLhM0P7NxXKTkUwrNicUtPg+h7fu5CE0Ag7TcNyz8Ynvsuu5VY+i/pBA9Bv+FAcdNQR2HLUthg6ciukmxr5nqjZnJDHpUwHHYvK6SyLVbH4uPH5p2osKft8nxx5dImAREAiIBGQCHxxEZAE5It779fLlSe+B9U743r+bi3VqkfNxhoH9sVCEamUxXKormPjkyVLMH3a6yzlu3LVKpAJ4tiddmQysu0226Bs22hsagKV61DPCZVtURDsaySjqsKxHViGwcSjXCzD0gyRIaDAOoxgex58VeVeA2phMOlkSYa1WETr8hWYP3cePvrwQ3R8shRvPzoJgePBdxxEfsjlXZHnI5fOwLcdNmXMWmn45QIMXWN1Lc6UUD+JApYoJsKSjtW9bN9HkLh102p83OxORIQljvl3gop0ISCxMV53HCvO2kkJV1xi1NPNTEhB9e966uMJyUODpW4Jss7sSE/HNsMITuBAU3SYKYuDfjKbpG01zjopKJSK0LUUfMoaWSYChHADHwEJDugqPNqeFM/SaUTNDWjafhS2/NIIDB8xEsO/NAL9hg1BXb9mqGkLPmGqAIViCc0NzZ38LM6skHJaGJOspOdF60iNtHsAABGASURBVLn4a73Md7kTiYBEQCIgEZAISATWHQFJQNYdwy/0HgTZ6ByxCO0aik4qS+KGbDrIpVmajjBuXCd5XTIhhKbBK5Xw2rRp+NOll2LZsmUYNmw4dt11F5x26mkYPnIE93DYto1CoYB8/zwK5QLqcjlWOuKSHzKm431TloAW9nUOfEMjVtaiMh3aLAgQUN+HZQqiIrqW0f72TBRa2/DRnLl4b8ZbmD9nLryOEhZ/NB9eyUa/hka0tbRgxOB+8MoluLbD/QZ1qTTaVq2C7zpIqTqa8vVIp1IodLTDcWwuZ6Ime7pWduz2heJXQkDiJAgrShFJoIZ4eo/jUkdE11GXzXFZG2UoKAtDCmJ2WfSurEE2uvl7UF8EY101qOnb6aGGi863+3Co2V9VmQQS7ejoKKBpQL//1965N0dRplH89Fy655J7AkpuBKGgMK6sqLC1F93V/RDrF7Bqa//wE/kh3L8VRXSpXXc1KBeRUiRgQMltMrnM9Ny2zvN2J5PJxETFISSnqyhh0jPd/euO9Z55nvMcFJaLVuHwg8DuhRdkUVheQZDPwvPTmH4wY61Sh0aHMTIxjtPPP4czZ19A7+gYesfGkaWRnPkeq6tmQqcHhNUSjmfmZ9pMrKYKEYcB28ys9fNufgrbTOA60L+lungREAEREAER2FsEJED21v144s7GtVs1CZDoC/TWCUwMJKSPIkUhQHN6WEGduSL1BnKZjFUOrKpRrVprD6sIC/MLuPjBRXzw/gV8ef2Gpa2Pj43hz6++ivHxcXjZBrr7uBivo1wuIxPkrAknmUhZy46Z2RNJ8wY0uChO0tvh4vnsvBvUIVVbyJtZmdWZxQXkg4yNAq4UV1AuLKO2vIZr/5vCzLfTloh968aXuHfrKuph2Sol9bCCZK1uP6MZHmHVPAi5TICAaFiBYSWkwlHDVWsZ46SvjRG2pOVZCjxbuTiS1iZT2Xm1zKfyYAtya0mj1yKVQqVSsetp3czw3vK6iZ/I1xLvz9G6Fd95eFiZocmfW5yjEe/HEbm1jG+DAEph2QRIJpvFaliCn80iYYMCKnaNNT+DZCaLk5On8cypk0CQwpFnjuLY6ZPoGuhHKp+Bn8uilkjDS2ftWpy3x4Ud8l5RKBEnzfkl3t+s8904ucj/uvHP7hrj6+dFs8a1m7leT9yvm05YBERABERABPYFAQmQfXEbH99FtC5847afpuWgnRwXjVw0s3rBxbe1IvFb/Cj1mt+am/E7aptaKRbNJzI0PILC998jn8vj0sWLePvtt1FcWsLi4iLOvPQbvPn3N3H06IRNPGJydnG5iFw2h3TKh5fiBKoGqlxwsyrC78y5mk14bpyvl7D2oVSUE8H9WHkAfQrlkOmISNc9FGfn0d/VA7BNyUti8c4ddPlAeWUF301P47P/fIIvPv0MqVoDiWodC9//gB9mZkwEdSeTCKIRwvSOsALip30TXbbgp9+E5xcZ+E2AUDxF1RG2nLVuqVTSCZBEwqoNFCDtNh7PmEYb7wlb3wIeu+kNFCChnzLPBisr1grmeZidnXV7RR/BVq3VII1jJ06gt78Pa6U1sCLS1duD3//xDzj3u/Po7u11/hBOoAoCBH29NLJY61WNafTMfglSJl6SPj0zrFY4j48dNqr8uJHMNYQ0/Kd95zRKxaLDCRAysypS5NNxJ0sHugTI4/s/go4sAiIgAiIgAjsTkADZmZH26DCBGhf/bTa2J1E4zM3NYmpqCt/dvYePP/oYsw8fYmJiAn09PXjjb2/Y3/1UyhbZVYqecmiTcDnuNx0E5iWxLqxoMhOneFGUcCFvhnaarxlOGFVQ+Pd6hRUbWqVdZWCtWgGFQNJLgOcbrqzB95IIV9dwf/oevv36GywVCqguL6NRKZsBfe7hQ0zfmcbi3LxlpjB7xFLdmYXRaCBoeFhbW0WpVAaN7aze0NC+aWsA9GGY7yQaL0sh0moY53tif05cH6D2CjIB/EzGDNy2XKfHIplAIwisYkTxkO/uxsDgAF4+fw4ex9mm01adYUZHbnwUI+NjGBgYsAoFBQMnlXEfG3vLUcQMecz6aFDocVxy07m2Tp2K28g6/IjpcCIgAiIgAiIgAo+RgATIY4SvQ7cnQG9G68ZFPxfSpdKa+R2yuawlm9PQfuPGDVy6+CG+uPoFlpeWsFRYwnOTk/jr66/j5MlTOHz4ELq7WcFwJmgGGPKb+77+PvuGnZWRIAisfcgW4WyBYitQvW6tYrls1n3LHhs1bLyu+/bdJmJRENTqWC0U4TMPJci6Y7EywTYznnm1ZmJkYW4eZVY1+Pl8rVLZGFO8tIw709OYnp42jwu3YrG4CQXPI2Bb1nqrlBuXS+Gy1XjjJkatV6M84MWXXsQLZ8+aAIlzR/x8DofHx+w4rICwxcvvym/MAaYgs8T6BNDTZdfCUckUHhQXOe4bjeNlGcOqKMmEtVHFgiNu+2onQNqJJ/1uiIAIiIAIiIAI7F8CEiD7994+sVfGhXnrZt6QMHStVr6bgrW6umotSGbYhmfCpFhcsirDra++wkeXLuHzzz/H2Mgojo6OYXh4GC+8eNZyR3r7+myKE4UCPSd0sljQYb1mxvRMxokOjvu1kEUmvJsIalhrFWWLy/Jwpna2kqWYcVGtmbfFclE4epetUutZFM7o7v6491K4WCXENics7HVu1o7WGiXIg0X7xftyilW4tWpkZvPmUbpORUV/Ngg3kh68IG3CgYn2NtEqySlXHGgbnWd0TpyWlaToYlsVzf3VatTO5lrb4v3NR2LtVM5v4z6mjU9lh5yOJ/Yh1omLgAiIgAiIgAhsS0ACRA/HniMQh/81nxgrEWyh4iKZVRD6Fbp6uq1qwdapbDaLYmHJfp7P5RD4AZaLRRvR+/XNr3DxvQuYmZlBYalg2RVd+TxePncOh546jKPjRzFxbALZXM4qIBQ4NFJTkJhxPUpn58/csCznlVgXCZF5m+1YbvHuFukUTFzI24SuqA1pPdywKSjP2RkaqJZD+H5gYXr0x/D462KkCUa9ztebFvQekM3lt+YLRsfYdINdIuKmfWuNGsI6zfhu8lbsqbDsjWh0MNvB+KZaxU3fomGcZnm+J0GhE4kbM/kzLJLhk5GPJRYfEiB77ldNJyQCIiACIiACj4WABMhjwa6D/hiBdgtVa+uJJjhxgc9KCEe/UjTwZ3yNlRNO2eK0KQsM5BQlhv9VasixxSoMzby+sLBgBuv33/8A7773rrU7caoWzeEDPT340yuv4MyZM3jqyBH0Dw2u51xs+lbfJnrRG5GyosK6cZweCHpP2J5k5vckPC7erTjgMsTNIxHNbeI+bgaWSxAvl0O7HoqWdDpl/27dkimXPeKiTlybU7sk9OYgyPgzWqeT8fV6gyniFWsno+/FJmFVa9bitt4mxlY1hkDW6lY9ojBh+xp5U6CRjV1JnE8SFTtaPSCt19IsUvRbIQIiIAIiIAIicDAISIAcjPu8L6+SPoy4qSee9UThwUUwF/RxzkYyjsiO25miRTLbujgemAv+mzdv4sqnn+GHb+9ZNeL6jet4ODeHIyPDOHf+vFVb+gcHMDwygtHxMWTSPirMNPHTyGQylldBA3e8IKcAYWUm6ftIWgVkI2gw9jxw8c1FO4UVf55ORS1PTXerdQpvLBjMpLLjFueMRMOhIj8IDe7xFuuihufS3OPJXK41rGHZJVaNYWZLrQ4/l8Pc/LwJpP7+fqvWJNmOFQuq6INTUSVlx1PUDiIgAiIgAiIgAgeOgATIgbvle/+Cd7O05lVwylPzxsU0BYWZwumoiMoCtlY30eHaj+J/m/igEbxaRUCh4AfAcsk8EnMP7mNhYRGZXAafTk3hwoULuHrtmn1ukM1goK/PQhWHhobM1H168lmMjIzYGdHEPXRoCOl8ZOTmObF9ywIAzd1un8MJV8y34HtSyTRaB15xn2x2qyhZLa025V5sfz+Z0cF2qDCsICyVEJZDE0v5bHbTm2w8criGHo7QrdYwPz9n5n42Y927dw//vnwZV65cwWKhgLvfP8Do6Cj+8vpreO21v+Dpp49g8NDQhgCJlCDb0TYGAO/9Z05nKAIiIAIiIAIi0DkCEiCdY60j7ZKAa0raeWveyxa77ACKjNnxv22hzyqDaQ9XEYgj6jwXd2GLboqRJDxLUGfVgiKhUi5bdSTT04PS0pKJGE7Lovfhn++8g0JhCcvLRfOj0Ity+fJla+9izsbx48etWnJ4cMA+e61cssW/JZfXazj81NN4/rfP48jwsJ0EhVACmxPKTYDkNosFvmYTr3bBiJUXVmXYHkXRxYlbV6amcP3qtcjn4RizlYrBgnzx7t27uHXrll3HqVOncOzYMfT29lp7Wr4rj97BAUxOTtq1Udyw/Yr+G9N4TSGUNspYmwiIgAiIgAiIgAi0ISABosdizxGoNrUI/djJWYXDWSFsc6KjacJUbO5OMOsiCqyL/BZevYGQ1Yd63bwOrJrQ3M7cC4qMOJzQChbMEWm4kbxsU7IpUKxapFNI5Zi+7qG6smIL8uJS0XwmFB1srfrXhxcx9d9PcP/BA6ysriKshHg4N2uC5NnJ59Dd24Pbt29j5rv7GB12o3CbNwqB1m2wv3dX92y2sGhTvBjM2NvTY+1UbK2KqxNxF9eJkyfxj7feMm8H92XVh3kpFCLjE0cR5LtQr4QmkthyVi6VrL0slUrbJDEX6rhxShQiZtjXJgIiIAIiIAIiIAISIHoG9joBM3DvUoCwYmHL3NaCSdxyFY28raY8VBOWub5JoHgMAOTrtDvUapaY3shEfgYLCQSSNHgzAJGZH1F6eoOBhAk39pfChFOzuJgvl8suvNCLs0QaSHK6lJ1j3YzpDD/k1KhEOmX/Zpr4N7e/wZ3b02iErSN329+thHlcdq4SrdWrSGV8jAwP48TxExjsHzA/R71S3VQBARPT075NtqJ4YMWEVR7me/CMauwNi67fq9RcK1nNJbab/yMWG00VEE4P0yYCIiACIiACIiAC7QioAqLn4kAQaF2ub+dP2O1+62N4I3o21ao154IxH7WqLfqbdRIrBslkYj3Ij21ZZkzfnf5oO/GqTcQGvAR7zDZfEduwWL1o3jzw+GmrWliLGv+bcFO5zDxfp8HeJa+zFcs2GTwOxO+NLlIEREAEREAEfg0CEiC/BlV95r4n0CpAtrvgeHRw88+5wLcsjShJPBYg7cYPxwnize9vd2xOpdq6sXKxc6WEBSdqpHgkrgmQpgwPN6XLCZD2x9n3t1sXKAIiIAIiIAIi8AgJSIA8Qpj6qINDoJ0w2O7qW4VFvLiPP+PHsjC2C+/bDekGWHnZXFaxLI+WdHU2siUSzDNxZY3W81kPUQRjTZz/RZsIiIAIiIAIiIAI/FwCEiA/l5zed6AJ/CJh0K5fKlr4t0LliODWrd2x21UmTIBsOdbWiojFIja2ejZiQdJ8/HavHegHQRcvAiIgAiIgAiLwkwlIgPxkZHqDCLTxe2wjINqxaicguF+7xX27SstuhYELHNwsOBjd2KpJXN1DAkTPtQiIgAiIgAiIQGcISIB0hrOOIgIdJ9Bo1LYY49u3e1GCyFXe8RukA4qACIiACIjAASUgAXJAb7wue/8TYAVkO//J1quXANn/T4SuUAREQAREQAT2BgEJkL1xH3QWIvDICfwSn8ojPxl9oAiIgAiIgAiIgAhEBCRA9CiIgAiIgAiIgAiIgAiIgAh0jIAESMdQ60AiIAIiIAIiIAIiIAIiIAISIHoGREAEREAEREAEREAEREAEOkZAAqRjqHUgERABERABERABERABERABCRA9AyIgAiIgAiIgAiIgAiIgAh0jIAHSMdQ6kAiIgAiIgAiIgAiIgAiIgASIngEREAEREAEREAEREAEREIGOEZAA6RhqHUgEREAEREAEREAEREAEREACRM+ACIiACIiACIiACIiACIhAxwhIgHQMtQ4kAiIgAiIgAiIgAiIgAiLwf9QBHbnRvx+TAAAAAElFTkSuQmCC');
INSERT INTO `tbl_branch` (`branch_id`, `branch_name`, `receipt_header`, `receipt_footer`, `date_added`, `date_last_modified`, `file_upload`) VALUES
(7, 'ERSI MEAT PRODUCTS - SUPER', '', '', '2024-01-16 03:28:13', '2024-04-03 14:07:06', 'data:image/png;base64,iVBORw0KGgoAAAANSUhEUgAAAyAAAAFeCAYAAAB9x3vwAAAAAXNSR0IArs4c6QAAIABJREFUeF7snQecXUX5/r+n3ra7KZAEEkIJBAIJNRT5gQKCUqRIUxBRuoAUCzUaDAhItxEEFBAURRFpgoiIdOklQEIoIQnpfbO7t5w2//87525IIpJssuXu7oyfBdk9ZeaZOefM85bntZRSCtMMAt0dgVgROIqEmGySgEqIbQelXNzIJvDAAiwFVgI48g+lfyd/sRKFZVnpASj0P5WFsmyUZen/9ro7Rqb/BgGDgEHAIGAQMAgYBLoQAaEdL730EpYhIF04C+bW7YZAmYRsbEEkJAISNyaxE1QSQlChZdZiSqUSUaWiCYiTzePn8+T61OEV8iS+g7ItXGwcIR76fxG2SrBUSlZwCu3WX3Mhg4BBwCBgEDAIGAQMAr0NAUNAetuM9/DxJir1ZpTikJKt8Kd/xOR/P81r9z/AO089Q6V5gXZuuCk/IVIukW2B71Lo34chw0ey6fY7stnuuzBw6y3pM2QollMgRpHY4iSxyFriFal6Sno4nmZ4BgGDgEHAIGAQMAgYBNobAUNA2htRc70uRSCJIXQCwqkf8uBlP+WZ3/+WugTycYJSUUocFAiXkB+Fo8OqbAmxUgplx8QOlCyXIjYNgwez88FfYuRee9F/y5HUb7ABXj6fhmmZZhAwCBgEDAIGAYOAQcAg0GYEDAFpM2TmhFpCoAJkEohsCIAkTrCTJi4fsSvFOdPpo3ySsIQtf1UJFQf6B9CMRWBbZCRP5FOasiC2bX39skrwCjlGHXI0Ox12GIO23Ahn01H0cWoJEdMXg4BBwCDQDgisIis0tiTXbsXW3mYZG0sbirSVSG6mvdDtMDZzCYOAQaDLETAEpMunwHRgrRAIq2fbaM+F0wSzm+cw+W9/Z8+D9qFY59E09SOeveseXnzoEazpc6lftJSAChU3IRO1JqB/ci/0t86ykbSSMEmwXAsvUcR4zMyG3DR5Kt4GG63VEMzJBgGDgEGg1hBYmX/8174/USkxWL61s5RNLLGyohVSa+CY/hgEDAJrjYAhIGsNoblAVyIQSR6HztCIII4JnaxoWZFNFAEK33a0wcwWkbckJozKTLji59x7yTgKSazP/LRvpj43tcGRSB6I3M/yyCvFrAL8+M0P6LvxBvrvJiyrK1eCubdBwCCwNgisLIQp3l/93hPDi2XhEOscOP3CFM9w9X3Y+v5sT8dE67VcvDQ0tvoLebe3533WBi9zrkHAILB2CBgCsnb4mbO7GAExwqFi7FILVAKWvPs2Dbk+2BsPg0wOXDf9aIowllIExSWcuf7GbNyyVFOL5L+CCP57QJZl649u64cvtl2UFVDMe5x9x6MMOWQPQ0C6eB2Y2xsEDALtjEBcvV4Ypu/QpFIlIJJEZ3dOKFTipfdyq/cz7KOdJ9lcziDQdQgYAtJ12Js7txEB8VVYiXwIxfoW4SxtZtqL/+Hun/+cqS88i11ppr6UJbYtQs9mnfUGst4hX2K7z+/J4M23Ipep48mLzuY/9z1MvkWkdVPvSVub2OAiiX/2Xfqvtx5nvvU2jl+HiGmVvCIxNj4uvnJA2ZLh3tZbmOMNAgaBXoyAvJV0uoO2sIiRZbl3iJK8tDT21BFpPvmx5IwIbIdYG0wcHDlVfq3zJyKachY5y8YNxW+saHETfPl7U4mmeQtZsnAa86fPZPH02SyaNYfKh1OYO2cuxWKRcrmMVV5CUKkQhqH2G0sJJV0uqQObclzqBg1k6DbbscsXv8iW++xBbv31id0MJdvFVS5ZGY6dELni0YZM7KY9EqOTcBfjM+nAGTKXNgisOQKGgKw5dubMTkZAf+sUhFbClKef5JqDv0qfYgv1CXhJhEoi7c+IbfkUK00S1onTkiCR5eIol6VeQMFysSry1RIu8+lJ6J88REvnhMhP4lh85msn8sWbryb2G6iTX0o2vAvKlT5I4UJDQDp5qZjbGQS6NQKt+/qPQ0Rl059yCfnJRJ4unxq4mnbot5gUSHUShRfHqKRMkpQpLlzEjHffZeJrr/HRv19l4exZNM6dD1FI/+YlEMWoKIY4IVctyCr5FhK4utSy07BSneqhcIRtVMOvBNxQ3n8dzEB8lRAoReLlKMWKrOVg1RUI1uvPXscezZdOPJ6goQ6yBTzlagNV7KR5fbrYbCpx2K3Xgum8QaCnImAISE+d2Z44LknjkBofVkR+5oecvfHWDIwreMqSUoFEWHiWUI/0OHGWFMWDH6OLCqIUdYmTkhN9hPgy1sSEZ+mz9SXlQ+x79N1hNBf86jaKIzfXTo9YapAAWTHJOWkOiWkGAYOAQWC1EKhu+qMkxnYc7Lia+6A9GjGhm+BEMXaYEE/7iMmvv8Zrzz3NtDffoHn2DOyWEixpwapU8JJY7CE021JcVeGRaO9K2RZDSpoDpywR13D0OzP9nUWD9pQsF3q6Usf1Jn+1BrPmB4kBR/dhuRBY/d61LZTjEGbz2COG89XLfsRWe+2DbWV0bkpoKTKW4Cbv347u5ZqPz5xpEOjNCBgC0ptnvzuOPYbAUdhBMxceeCjWc8/gVxLcKPVk2DoU4ePQAA/5X/qhlKR0oQwVK/1Aac/EKmR4PwmiVt2s1oTIQCIerAS7roE+e+7GyWMvpmGLYcSFBhzliYiWaQYBg4BBoG0IxArK4k61CdwipQULmPT0s7z97DPMeH0SlUWLCefOxWtuwQ0DHJ2nkeDKBlzy3SQyS9LfqkVXnUhEbRPtEJANvYSJLt+SKp1oTfNuseTe6fm6rWSrkRDWjm7iUF6ePojHWf7niNx6lZQklkMxnyM7agtO+vElbLDL3pSzFq7v4RoC0tFTZK5vEFhjBAwBWWPozIldgoBYBrUCS0JSKnHeHp/Fn/AefSpFIiehgkM2sQktCzexUVY5dcNXQ6bcJPWMCF3R0o5r8BFtjUL4+MNoaVIkMde6urqTpf/WI9npxG+yywnfAL8PiUrISEhDRaFy4oPRsQHa0igqW0bbpUtWk7lpT0NA2yEkSVq8nPKWkKfMSQuPimtSS8cGeletN9yWjS25WnqnvRwYy8U7xY4cmW54pZaQfnNUd/ax9fGT25qmoXM35DhLdPNS5TzxQbQaLFqjllpDhOS2ZTutZ2RFIVTKLJo4mTeee5r3X3qBeVPeh6nTWLpwMX6S4ImiX7WMaquGX9r1dEytbxYpsbp82FY6wI9lxyU/YgXPQnX4yzwbq3g3rsGrs82rbWXfhbwppWlFwuof3WphWXnnt2R9hh12GCf//BqSvgOIS+DVpfMvI4+xtGfaNIOAQaDrETAEpOvnwPRgLRBoaVnIczfcwuPjb6RlxkcMSmIspQgl91tCtjrjK7lS/0PXxokdyo4LA/oz8sCDOfS0k8mP3IwWP0tBfC/6oymbIWEtVTPlWuBgTjUIGAQkHyINrXR1LFE1FlP4heSFSWhk66/EUyDviigicSOdCxGUykSBKD7FOJ6Ll81ieyIkUdDCEniuzreQ7a8YDWTjqy3s2utatT7osEy5oRAB+V2ShgEFThoL6iWaFpWSkJwQk8YmPpw4kWlPPcP7b05gwYdTmD9tGiwJyKDIxDEZnd+2cq5aF7zYusECE05ScX3Km23Cd/54Bw3bbEUDdakRqtVyZIqKdIOZNF3sDQgYAtIbZrkHjzHQSlYJfqnInDcn8eGbrzDn/cnMe/CfLJg4qbrd6FwAxKchYV+2rahIvoljs9hx2Ojze7LXN45lu0OO0hscrUVjS4iypUmTqSPSufNk7tbzEEiiiNARlbrUryhGCJcYJ4yhqYUpb7zBlAmvM2vyJJZMm0Lj3Dkkc5qoNLVgVyISISB2kMq+5nyy9XVkN9qQdTbciEHDt2Dw5iMYts329B06BLIZEs9BWdqUkOaEWRZKJToZ3LES7TGROhqiHLV4+lSmT3idae9MYt5bHzB78mSap0/FKrbgxxauUtrDoQOjlgt7kvdJmtm2fDME5BNXryX5fsI1XGY2ZDn71z9ny4OPpex7Ws3XjyUh0DCQnvfkmxF1RwQMAemOs2b6/DECIuDipMJTsqEvA7mkhdt225+FL7+IFVU6HS1x8Wujp05GBz/RKpEoy6Vk2QQjNmSfI7/CF447Hmv9IeBn0iCsZcHWnd5lc0ODQM9AIBT/hGzXA5JFi3n/xZd446kn+eCFF5nz5tt4pTL1cYRTJQlCUBo9MQCkHlMdZiUS21rhKTWa1+lripKeiF1Ayc3h1tdRGLo+fYduQJ8hQ6nv05dcXQHH84grRYLGpSxZMI/Fc+ey4KMZBDPnYjeXqEsS6nBpsSJclZINoS+N1SDM1jAtZaeUo/VHe3QMAVnlGpX3ragSZyOLxHZoIubYG37GqGNOoFxXh0eMZ+qqrxJHc4BBoDMQMASkM1A29+gwBEIiPP3VEdOXBRVoWjiZH4/cgVyxiJ3GTHRqk67IhsaVMA0syhLSoWt32ZSThDyw1IHFDQ3s+tWvsNexx7Ph6B2oZHwdpy55KmniehrCkTYJBVluR7JyYrsReunUOTY3k6ilhMRWmjxLvpUOJ7QVsS2/SX/f3k0yO9JH2saTDGVlEbppTkAmUpTnz2PCU0/y6n33894jj5JrbNbyskqbBKSStzxSNoltIboV4rXIKtFNWj4d7OO8Dp2fIbLdMh4dNpkQ2mk+iCjryWOopXKFsFTz0yTXQP4iz7zkYUhmhsAjphAxlkj/66P0lSU5JHKuJwnn0oeqY0Pqjqe0J83ZMP6O1V9Juk6TFgaROZFkfJujxo9n9DdOILZ9JDJWiUVI5kkmYaV3aSvWyxSGW0O3pAvtv6RXf2DLH1ntZGhJPRhZLekg0n92hj7ZmnXbnGUQWGEZK8VLL70kESCtrz4DkEGg+yJQKSseuGIMr152hYRb62JZtdaEmIi8ZFk2a75NEGUZuM027HvmaWz9xS/grttfh4y7OJrESGuxQ20pFX1++Y1rUilrbVp7X3+CmNKi+eTqMiS5OhY5Fn2FdIs70rFJJO2hvVFJpLBPWom75IqoQ5mMSvjo+Rd49o4/8uTf7idfLNOnWMFRgSYHpvVuBJSbYaajOPv3v2fzgw/H8YQcpsUYE8v7rzIhrStmmZ5BdQ1pWlojBET6KKTbViGWsFr50UoLqa1K1r18K0wzCNQyAsYDUsuzY/rWZgTCpkYu3mFH8u+/T1Esi7W4/xA1LCERUrU4jnAdCxUrSpbL/D5Zdv360XzhqGMYvPV2xHUNaRiXNvvGIBswCRHxMstlVXbARq/NyJsTehsCQVThO7vthTVlCsN32ZY9TzqZbfb8HKpPPyxV3di18x4oTtAy2q4V4zeVePsfD3DHRZeSvPMuBSfRXg3xIGa13yEtBGpMa71tZf73eH08pjbUMeaR+xi06+5khcSKHLuT4K1szFGpeliqY9CqVyj7eskrqo3WGqDnRpIfBGVXZJVF4AAkoNcW0QJJejHNIFDDCBgCUsOTY7rWNgRkMT9yxRU8+cMfkSdESdzDGlU6b9t923p0Yov0Z5osKVaqJl+UuyRuWXorxcFsyo5HMHgQ+516Cjvs+wXywzZF5XNEXkaHcgwKkzRnpDWhsp03em0dkzm+9yHQCEy++Tc8ePpZ9I9DAjwaR2zIqX+5nfVHbItr+VjtvAkKk4CWlkW89/d/cNcp3ye7tJGsDo2KqTip5K0u2K2jUCxsSQavQS9o71stXTdiWQt1Cha7Dk3rD+Qnjz9OfsONSfwszids1BMVYctJOkZP+i1hWiKrmHr2lo/I6rJRSXX4qgCLCpqZPuktKksXs+lOu5DL9oNIMxLTDAI1jYAhIDU9PaZzq0Yg3W3o6rdNTYzbfjTZqR9SsWMaIpegGjG+6ut03hGilKM/a/rjpshofXqx7Mo3TnTqZSOlsFybKBFCYrEkiVh/xEi22Wsfhm2zHdlRW9HQpwEvm8FxXcKMo3NMWhPZRVVLHm75SeRLFSdanUf/fy3/m9477Uj6gbUdF9tzcT1P/2Qy2fSDa6UVknWvP1Yb/W/AlgVNpx/tlZ1PK/x5deCuJgEvf+jK8fCrSs3Vvfi0HUNr8YbWmyxTH6rKIwt0VhrVX92KaFIr/70sVny5/y+/W1agbXkAlnX047NaL1gTG5pPmA+VyLjTCU+Wq6bZOpQwBGf+TL61+TDWqwQUPSiUoNmt58jbfsnoo76C7+aW1eFJ62uvgilXwWjNyZBQfW1HEJW4MGDCYw/w+2PPYsiiJSy0y7q2TiDrJLHJSMwXoX6WWuvrpIEqaXFS03onAhKd5Fcl2SPHpe8XP8/pf7qLqK4fdaJakk2rxWhFdKWIohYaZ81l5oR3mPneB1TCmEL/vuy2/75khgwituUdnXoXOvvZTe8nLyVFWfKJ5s/nlm+cyOzHHsO1Fescsj/f+f0fCfwcmeVeNZ3dz9650syo24qAISBtRcwcX1sIxBGx7RLEFW45/mRm/vH32rMg+R+p/6MWY7DaBqGMQEiINCEZ0gI3RzmJiBwrreoetFaCT/8uoWd6E1eNP6n4Ig9axULwkZDh6jXl924glmJL108pqYjYc7AG9mfzHXZkp732ZofddiO33gY4fRuI8p5W+BL/jeSoSHkDXYQxLYqgf68/eKq68aveVoqtfdpsyAb1481iOt6C3lQuL0taNWe37mMTb6VSyStiG0jCaTU0OiUvVaumYJGIXlKCclV145HWW7CjQIsHROUAJXUYmkPiMEJFka4TkQRFgqBCJJKegG/n8XNZnEIWN+sT5rM4OcmLyBH7Hk5s4duujjXXcdmt5K+6K0jzYGvPhfWr71xA82svsW59HRtsvyMbbb8dG221JfbAdVD1dbog3gI/Ytb433HvuedA0KzHGroZ5vo2ux93HMeMG0dLv77kXA83STSRkQ2UEOVP2hTp2HWZ4qrqk2RxRFFE+d33ueqYrxO+8zq+kPTE0s94WmrQNIPA6iOw2IP9x13B588/D0dqrDgxsZ3BjxLC6R/xnYP3I5k+hz7lAIdQv2OTWDHX8fnBX/7CJvvug+d6WmJZ3staoayDo510QXet+Jhoz4cXWjQvnMN3PrMzQ2bP18FXfhwx9/9H5o577RXW3XiHlHVVX7i6i0ZlcfUXiTmyUxAwBKRTYDY36SgExINesRVL/vMkV+6zP/Xlipa8bc3H6wkERBOPZRb4Vku8FEP7eHPdJPv05XZ0WiBIQrycVN43W/l4o7a8Rsoya7Yc71bDVwQ/yZ+xIIhSSWHbslnoOjQXCnz2a0exz5FHMGSb4Tj5epSbJ7Y9HFu29xaiyyK9k0JqrYRD7q7zWD6VD7bavVs/nBaR/7Gui3gWIktqGbdyDjleqEK1orNSNEpdlSoF8iKFU27BksSBICZpKrJ06SLmzZ7FwplzmDV1OvM/mEzjlMnMnT6TsLmICiOsOMaOEvKWKyUjKVkJruuiwrj6EY+006i1F6J1FovaThJhu66WeG1JYpZ6FusOH8YeJ3yDfQ49nNzAIQSFer1lTilaSty0x0QAr7G2aMFHXLj9jgyYN0/PaX2U1rOZ57sM2/UznH7tZQzadEdmFSx+v9++ND/2OG5s4VgeoeNoo0DLoHW44K/3sP4O/weuQ+SEem2IwEIqebvioGMiQty0yF8E5XAhD150Bc/+9JcMUiFNrkhaK73pk2MMAamxRdMNulPxwQnqOP4/jzJk5131GlSiJjVtCmdsszMbNZVxlLxnYipSf9K2dF2XyPaZbfuMe/jvrPv53Qkt2eOHKEveepKT13EtoIIvN7Q8ivIMBC38av/DKD/xDE1+iX4Vm5IYopTF7K025+qXX8bOit5iNXJMO3lq7x3TcYiZK3cHBAwB6Q6zZPr4PxGoBAmZSiPnDB9B34ULSCS5cLn28Ra4e4O4soU8tMVqn35c5LOSX2ljv3LQSWllqcmPjWPVjbBsCcW2nMp+SpJj0ZFY6I8tZ5kk1JUTRfRRflpci6WuzZKCz3pbbcG2n9mZrUePZoNNN2XdwYMhty5kfF3UTYqxVTKeLtTW2pZRKZXKjcquXizgUhtBSINvOTgVkVSSMtaJrlatd+yVgKULF7Nw3nzKC6cxY9p0Zn44jdnTZxBN/JAlixYRFctYscijLsYRJhYpsq6LJTUgNG1JFdLkmy7YyGVlQyuYVuQDXw0104Xslq8RIdishHVrmkOrg2lpJr2eF4onLvUIaa9ANsM3rr2Mz37lKKjvQ+CkSjVi2dQS0jXWohbFpD/+kdtOPZWhcZklTlgt7Gcj4VlLMjlKmTq+9cCtbDNiS8YO3UIX/BPSJqukyYnJK4c4cSkc8AXO+f0tUKgj9GxsK6M9bv9lOQ5CXTQuKDXRMmUS1+x9OPnFC/HCklaGc3Q8Vjp3glhiPCA1tmpqvzsSBigJ5cm22zL2+ecILBt//gzO+tzu1H84m0y1Doy8G0TO11XibUtfmGXbQQ3ehCsnvEDYpz9eFBN4MX4HJ1wkyLPnEmLhlZt45NrreOzSKxlYKVG05b1lkVgWhSRhSa6Ob917FxvttR/iARavuXZO1+A7pvZXi+lhRyJgCEhHomuu3eEIxGGZMXt/kfWem0DRKuowmeXs6KsyuXd4/9rrBmJjW77ldNptGmIm+zjZNC/fVs63yK1UDyW93vLXjFHiwagWYJPzM3HVqVI9zFKiuJIQisxj9XdenJIfqfzeois2W1RcRxMPZSl9nHzEE9fWBEc8KZKHYtsfh4TpcBwlxyqUhIZFibbkaa6hgvS/JXsgSojiUP/NjaSIm41yVGoRr/ZhsXxp5X4StqakKKW4dSxiCf8RcpOk9EmIkNQIEE+EtyxQLx2U5G4KXGL1FwUynX+wHNkLVwplkHFqvOU4KVxXlT4IJIxL7KheoomIZ2dolArbW27NuHvuwx2yjs650SFHNWidbCZAqWbuvegiXrt2PP1LWV3kL5EieboAhkc2HyKKpov7DKG+cSFJpaJJbEryMjojI8jFxIlNuX4djvrFdexyxKGEXk7PxXKpJenyFRZXUfz29NOY+rtb9JpJklIV3yzKElQ/zkUyBKS93jC95zoZCszKtzCkmGHTceez/2mnMfbze1P/7nvYobwHU7+50u8gS/xx1Vr0EuhkETpZdr5yHPudca5ewy25iEJav77jmlJULIsisODvD3Lbl79G2ZJ3YcDAwGJWxqMgBhoVUUg83u/Xl1Nuvp0dDvw8KusbAtJxM2OuvBYIGAKyFuCZUzsXAQm3EHrhJQ5KYnftkFtOv4Apt91MLi7rl6xJN+3cOWnb3VZl5e/++Tqrg0fkOizuP4gTbryJbQ74kq6X4WsCko5f8uJbxQRW53oddYwWLbAils5eyCVbbE6/5uZlHGFN7qkcmyWuR7/P7MIP7/wDDBhIYLs6X8nWcZMWHzzyKONPP5PszOn4SZB6h0wzCLQjAo6V5pWVJXOi3ifquy59Zs6j6IS4oUUx57HRVw5mly8cyLqFftx54YUw+X3JvNMGBceyyWw5krPfeJFslKHoo4vLdmgrxSzKKtyZs7h0p//Dnz9rWfHK/3XfUq4eRm7BWTeOZ72RW1OyfTIi5qUNPWIkELORaQaBrkPAEJCuw97cua0IqDRkRrZB/eKQx268mYfPPZeBpZIOoxFLVZJ0Qenzto6j1x5vCIhMvSd+FwvmN3js9YNx7Hf2+bi+UGupMyDSsbXhERFBAMnqScoJP9lxNGri22tFQKRieV5Z9IsLTC1kGXrkAZxw7liyA/vwwcuvctvFVxG98Tz1kcIOK1VJgt5BSnvtK6ELBh7ZViqD7jjaCyqVM+rjkBIRJdtmo8OO5ZRfX09cV9Detru/+y1e+/VvyYZBVV0NWpwC35n0KoOHDif0xYu6qnfb2g10KZArlfjZgYfS/NS/8FWkI1I/rcnztk7ksjibw99je0769W0MGjQYy82kyocd2+W1G7A5u1cgYAhIr5jmHjJIrT6osJKAZ2+8iT+OuYihTY3a+S3Jx6KM01NyPnrIjK00jFV98XrHZlPnMtgSHmYx36/jy+dfwOfO/TZl18H3C9gSt1YV/+rKdSD+RgktiyKXXx95KPPvv2+tuqNV6Wx0Eq2jHDKRTbMdEWVtckFMvxCaq0tE4tlFYSgjAgKmGQTaEQFlSfhqGiboKZuKbWtxBMlJKq/bn0s/mEBLoYE8GbJhzDO/vIb7x1xCQxDqsEwpbplJchz+74cY9bk9q3lMq3q3rdkAZIMm3tBKXOLec8by+i/HU0jK+rlclXNQ/BuLsynPqK+Akx/AqHFnsed3z6IuqsMWd4hpBoEuRMAQkC4E39y6bQhICJYVVvjn9TfywNixDCm1EOtgdJuiE2vLqXwgTKtVBFb1ke4dBEQv2UTUu3IEfpmlhYSz73yAzfbeg8TPY3eCrOfqrJA08dWmGDrc950zeO9X41fntP95jK4lI8pBVSVkkXIOJZxFpTH3YrHNBE5aA0f7g3qGjPZagWZObncEsjgUtWKfIiOiGkrR7Cf0CRwWNNTxjd/ewagD9sV2xFMQcc85Z/La9bdQH4W0iGiFD30qWQ594iE222NPnTMmsgsd0VprOb3617v50/Gn0FBqomQrsuGqjW3K8rUin5VmCqI8qJBhxFeO4ZjfjMfOZjuiy+aaBoHVRsAQkNWGyhzY2QhIMJVbEe3zmGY3orCoyG0/HMMHN91MIVE0uhnqI6kkZZpBoBsjYEFxo8FcOXkiidcnDcGqAQ+I5IBoAei4zGPX/YJ/jxlDIRYNoQip6aL7aZpBoIch0FKoY/dzzuGLZ34be+FCLt1jT5L5C8jEUUqKLZjlu1z+yhtkRm6FbOPbm36ENOGFBSqOTTB9Clfuvjtq9pxU9VCr8qWCF21pUhy9PnJY6OdY/4h9+fatt+LaeSy7VfavrVdsy93NsQaB/0bAEBCzKmoWgWpKLlFSonnSu9z8re+y4MVnqE8ifC3DlKGCISA1O4GmY6uFgChthZbL58eOZbsfXciAsod7iFQlAAAgAElEQVTe1XRxEwIiymdKBUy4537+eMzR1MUSPx/pQpSWISBdPEPm9h2BgOND4BQoimqfKNgVm8lEkrslWVEJnuXQuMVwLn71ZcgV0mTwdpa4Tevb2NilJq444EBann4WJ05rP6U0oe3BxqLnJTmUsWeLvh07ffMkvnTz1dQl+VT/op3H0BFzY67ZsxAwBKRnzWfPGk2iKMdFFr/xOtcefjT2rFnkVUwgIfJKikB5JFKbwjSDQDdGQLh0Trks6t+fH895l2xYD/n2tqm2HSDZblmxQ2glLHjzLa7acVv6RLYI4xKm8VGmGQR6HAIiM+5LySHJ9xBJby3xncqWS1Wikuuz38+uZPfTzyQjCSG2SH+3r8syCUTqvMJ9P/wBr173c3JxRKzSQK81JSAeHkVHPCcx9YnFIi/Ll2//JTsfcbTQKl1s1TSDQGciYAhIZ6Jt7tUmBFQcE7U0cvEe+5Cb8BZFT2QSbbK6uFtKRD69snabbmcONgh0GQKSF9LsZxl7799w9ttb1xLp6iZJ6Hbs6mrQ8cLF/GDDgRTKMTmldCKuefa6eobM/TsCAReP0BYJ6kQTkchSukxPoCDwPIZ9aX+Ovet2XKcvmUDRkgsptHchQql22rKI8zbZin6Ni2iyI6ykSkDWMARLclXEZiBSwqIEJvWJCtnBnPbe82QHDCZfC3GfHTGh5po1i4AhIDU7NaZjUjzuracf5S97H0RkRTREYoHqHYnKZvZ7FwKBLUXPbLKjNufMCROpr6Hhy0dC2kVbj6Lu7Yk0k0GCOGzzLNbQLJmudBQCUoZQFxX1Y4IttuKSx5/FW7eP9kSIbLa09s6eWKhilj74EL848iv0WWcgQ3fcntzmI8mqIs/deD2Fotx7VTpYn46IeDElkiC73x5ceN8/KPs+GZWGVopanahvtfe4OmqOzHW7JwKGgHTPeesVvVZxwkuP3McjhxxNoALtNi6bTU+vmPveNsjQtnRV5fkZm2sXLSWbz9UMBK0E5NdHf425f76LQHnYSDz62m2AamaApiMGgU9BQHK0XFGtcxUHX38DW598SpoJrktpdAwBCcOAh3/zGxbO+JCjfnAecb4eRZYZD93PrQd/mYGJQ2ktnz/R4VviK/IUOPvZJ+iz42icalhlqlhnCIh5MDoWAUNAOhZfc/W1QEAIyCuPPcj9+x1O4sQ0xLauXmuaQaAnISBbmNBycFVMmPP4wStvkdtyc1prANTKWB+66jqeH3suVigqPLI5MQSkVubG9KPjEBD1KDfy8CyLll124Mf//Dd2xkM5tvYUSHPa2VdQRoRWEv2cRY6HCNJJ8USpf/W3751Kv9gmSNbuW5jBZYkfMSTw+HDEcK577Q0t12tlvFQv2zSDQAcjYAhIBwNsLr/mCERJwvS3X+Sm7XZDuaLTbhMZArLmgJozaxKBVgLiqxhci+3HXMKBF/+w5gjIu08/z81770o+ks2QpOUaAYiaXFCmU+2KgGdDOfHIuhGNrsOBP72Rz37zWJRrk3iO9smLN6E9W6wSRJxCSIcbJyg7RqkMj17+E57+8RgKoU24lt9CCx+HQNc1aXHznPfcq6y/5WYov73pVHsiY67VkxAwBKQnzWYPG0sSx9iLlvD93XfFnf4eeQuSihQys3XsrdhfQ1EgWaGtqB7krWQkai3fJL/WyoPk9L+F2CgnwRGrko3ONZFPisTloyxtnY6sGHHHe8bw28NWWtcOp7VAXzaBpY5DdvgQxrw9lTIWdQnEboiD1DXu2haUlnL1rntRmvAqtsSPm+egayfE3L1DEEiyMH+DgYRNEUOWNhFVIrIo3AQqFizM57hywgu4m2yNfF/KTowUN+zQFkPJqfDENdfxzJiL8JMISz5GyzWtC1HlQfJ9s3Qdn9VvHw1en5ven4jj99UnJY4UA21fYrX6vTFH9gYEDAHpDbPcTcdYEoIRV1jw9FNcvt/BbFSJcKo+kLILFSmsJP9nhbewlC/89KZFtIRXVGUWxcokmylXOZStWBdZE0XCjKgryk8i0qNpdWax+a76Dqvqgfm7QeBjBFoJSCaBZtthgRPzq6VFwmxOr8HYkXXf9RKZ5TBi8p//wM0nncygspGDMGu4ZyIQk2fMs0+QHb2TVlt84c5buf28Cxi0aAm+Eglql4ZDv8QZf/oTjp3RlcaxOlg2O1Ha2Dbhzj9z9/En0hCVicU4tlzTpbGWK4qYFhJd/VbKNnDxWy+SbLqFTka3Jc/FEJDVB9Ac2WYEDAFpM2TmhE5DIAJ5x4Z2RDxtJlef+m2mPvlPBsYO9aEol8NSVcG2bf0jSXOhEme4RZIkOoQldC1QikQpVJLguS6iroUj4VyKooLQzzF0l53Z99hj2HGP3fFyPlaiWDhtJrddeSUf/OPvDEhs8oFYohNKa+n67jT8zI26BQLymRfLpaeggk2Lq7hq2kcweLBOTE9sqcDc9QSkFEN57vucO3xrhhVjQhOC1S3Wl+lk2xBo9uCgX1/Pzt/8ts41D62YuhlzGbvX3rgfvkOf2GJGro5vPXofm+y+J65U9/M61lMQiSR2YlOZOoOzt9uWDZsal2Vg6WRxy6JiKTzLRnInhZq0lYCItt3SHXdi7EtPayUs7dURV6dpBoEOQsAQkA4C1ly2HRBIWmM8LG3tEdnP4uxZzH1rEi89/k8aCnnibBbP88jlc2SzWXL5PvrfhboCuWyOxLXxMxlNPlzP0wTEcmyUCLvbkkSYxynkcPs1IAWo5I5pSFa6IbSDiOLUD7josMOwp7xLPxXJLtE0g0C7IaBFbqvx3kI1wv8f7nHpe5OIh22CL2X/rAS7oy2sqzGaJFY0Tn2Lq0d+hlxYIVn2fK7GyeYQg0A3QcATrv/l/Rnzx/t0dkc5AeVYlCdPZNzuu7NuYyPYGTY+4esccf0v8Jwcbgfv00MCvMgnjhU3n3USU397u66MLk2Mb1IXXYcUV7358u+kjYYySahv8vtw5XsTiTdYl6xyO96z003WhOlmxyBgCEjH4Gqu2g4IpK9UiWVtrf3aetFUAjFRCQ5pEqCIduhyBToQNv37J7uP04Naq4mIZ8TWcoNKW7tWrjObFlyzcBuXctlXDyJ4/CncyEKKVZWthLxSVIwaUDvMdu+5hHzoCxK1gU2jq7Cr61VqDeQiCGzFea8+T/3InbDtkMTyuoaA6ESpmJIdklEOlCx+ddiXmfevR7ClPHQbQzx6zwybkXZnBHwsZgzqy/hpC6hkbDJRhcgWI1bEH075FhN/dxf1URF3h2254PmXCBwXXwxaHdjkWyjfQXkky0sWccv5Y5h4590oK2bo6NF847vfZdzXjmKjUkBihfoT2FZOFHuQDXP831WXsMv3ziZjy3unAwdlLt3rETAEpNcvAQPApyGQiGVJCjMJCZn/ERfu/QX896aQD2VjlpCTxEQDoUGgDQhUU5CQ3A+toKPDPKpfegWRDcc9fC+b7XMIyioDPlYXhEKIBVU2PU0SglKGh665kmcvu4K6SjNKSTCiyUJvw7SbQ7sJApJ4vbh/luumzCdsKOAlFRQ+FQeCl1/gh5/dl/XLS5nXvy8/nTabMOfjOW3d7q8ZGK2hxYqIcvNiRKErKdQzb9ESLt14SzZpKVMRnew1ISCWpb0eH6w/gJvefRcrX5BIZdMMAh2GgCEgHQatuXBPQEBbnmILqRornyFn+ixO32o4wyqi1K7wE4hMcfaeMNWdNgYXl6IteUiJ9nhUCnWoYkSfJKDRTvATj71uuIbdTjoT5VZwlN8lsdgRMeJjlJjyyfc+zK0nHcGgxpRuxzjEhoB02poxN+o8BCzbpeTHnHXvowzaZx9srbRo02JHFFpaGLPTZ6mb9BYL6uq5bsYckoZ8p3kKWouCiotDRwZIGJaIV0ybxoXbjGRIGFK0Yp071hpBsLrIyTPtWYp5vssl/3mBvtttZ8qBrC545rg1QsAQkDWCzZzUWxAQl3er0m/JgVwIr913N3ce+3UKUYAfm9okvWUttNc4XWya3YQ8UHRy7HvdZfzh7DEMj8os8KB/mGX4mLM5ZNxPSLwKXuxr0YTObiJNLYmvi956nau/uB/OwrnUR6IUp3CUbHCMB6Sz58Tcr+MRSGwf1wrwPrcv5z70ECrn6FocgR3hh4rrv3Ys8++9m6b6Plw3cw5hIdvpItkxilJVij6nQl7/24Pcd8TR1AUBJRt88VBKXaE2tIQMtlPBsxy2HzOW/cZdpJPbTTMIdBQChoB0FLLmuj0CAZ0xonP9FMpKrU5BGHDN/gdRevJJbDvAj6QmSWpvSrNJjEukR0x+Bw1CQjzKrkJkd9UWI/n20w9x/gYjGRa0EIjeVWIx/NSTOPyXv8J1JJxCQrA6qDPLXbZ13aYVcCCKFXbTQi7fbz/Ua68ShSLMYBFaKtXk0klXphkEehYCttQ1t2Jm5fsxfsYM4r55XFFRlJDEGO665Ee8c9llLB60Lj9/bwblQoZsZ0Mgz16siGwbNwgY/42vMvee+/FFrteSZPQ1+Q5lwK7gK/hww4341aRJOF5WZ7Yry06/g53wHupsKM39ug4BQ0C6Dntz526KgNQC8ebP55wtRpJrnk82lHCUVJHEsuw2W566KQym22uIgJDUyFYktsXAAw7kG7/7DecP2ITBSZFM5NPkBGz5tWP5ym2341sRke11igiv5DulLSUgSRBx2/fOYOqNt+JYIY4pgLOGM25O604IiLy7bOKXOFmu/XAqaoNBK5QZ/Pv4X/LqGd/B+tzOjHnkaco5t9MJiOYCSURgu9DUwmkbDmTDJcW1hFmPnIwFUzIFxv7nGYaOHEnsOujSv3LTDq63uJYDMKd3MwQMAelmE2a62/UIBElCbEW8c8ed/P5bZ5FTZdxAImgtXc+hrfrrXT8i04POREDLZVrQ6NkceO21jD7ueM4dMIT1o5ZlBGSTQ4/gm3+6G4+w0wiIePHEwKnV4BS89Y+/cftXvsn6LS0scQJDQDpzkZh7dRkC8h5PbEUzPt974gkGfXbXFcrxvfKnP3P/Uccx4rxv8bUfX0fFl+Clzt2Za297HBE5Di3vTeGikZvTP2xb4cGVAbZwdLHDusRiqeWx27gx7P+D86k4GbJS5VAq9pqQrC5blz3xxoaA9MRZNWPqUAREFUuS0glb+OmRxzLz0fvoW7F0QrquRmvkSTsU/+5+cVkjOQVz8h4Xv/Yq/tDNOW/gQNYtNZKNUw/Ihgcfyon3/BVXdSYBSQ2cqhyiopgf7b4ThTfeJbIDKha4bQsp7+7TZPrfaxGwsWypeO5zwC9+zq6nnqLrYchmSXIiXnv4YX595Ne54IV/sv7I0bhWhAizd2bTyt1JrAv1TrrvIe45/BBEGXttmodNk6PIVRPYl/Zbh6smvUE8YDB+BKEnxX9NDNbaYGzOXREBQ0DMijAItAGBj3NCoElUUZYs5fztRlGYOR/iGEe5JKZCdBsQ7X2Hxg7kY4vmjTfg0slvEdPA99YbSL/G+WQTn0Y3YKNDDuOUP92j64BEeLidkAuq17aCICjzn7/cx0PHf5P+YahrlbgJ+sc0g0BvQEDqX8Suy1Znn81XrrpqBQLy5lNP8MT4mzj1D7egnDx+knS6Sl1KQBJdB+TGU06jeMstNK/lxEgAVrOjxfm0hza2Mux+zeXsffp3cC2b2Et0bom4g1InaZrxKK31nxKqZZpBYHURMARkdZEyxxkE/gcCr995F787+UTqy0UslcFUBjFL5dMQkDofOStHYe89Of0f9+KVfX64zSjcDyZqArLIDxj2laM49Td/IMqE2LGP3RkRHrGuuUnFLnHFLntivfjSSsNYSxOrWRYGgW6AQMr1HSIvZpvzzueIH1+xQk3bqa+9SqE+T9+NN8GzM1oGt5MdIDohXgImk2ITJ2yyEdvOW7zWBGTlqclgMz2T5ey/3MNmX9yH2LNxLFtXW18mgCdhWcuLrnRBvaJusKRMF/8HAoaAmKVhEFhLBCrlMjeceBLxH+5hgV8mF6zlBc3pPRoB2eSXvSyfv2Qcnz/v+ziRxc/32YdFzz5BLvZp9AI2++Y3OWH8rSR+hBP7WJ1BQESVS7wgC2dxxvARDGhc2aZqCEiPXphmcCkClhSe9YgyMQf96kY+c9zJKxAQlYRUkojEcshZfpoz1RnP50rzI3V4mt55hwu2G81GYYWgnT2UOQsiHOZ4WQ66+AI+e+Jx+OsMIrHEy596Qhx5YyjxhKTe085Q6zPLtOcgYAhIz5lLM5IuQqAljig0lTlvhx3xZk7GNwSki2aie9xWosWn5XyufO0N+mw+AlTMH485lkl/+SOFyGepFzDijNM49uobSJwQN/Y6ZYOjbaoK/nXZZTx6yUXkRe5thWYISPdYYaaXa4tATJZmt8xFL75Aw3Y7r1BoUFKhZK8vm26dl63VD9f2jm08P4GyXWHqn//KXUcdR0SA186PZ8kHP4as3MvLMd/3OPjUE/ns0V8lM3wYSS6LF8QoP0viZqkoRV2nA9FG3MzhNYWAISA1NR2mM90RARWGWHg89c+/8q+DvoqVSFKiaQaBT0bAB5pGbMrlb76NcjMoFfHv8y/k3z+7hkLos9QN2O7873H4xddCJxKQkBhPKcZsOxp/0gSsaOVV3M47HLNADAI1iEAaYZShmEu49r33SIZstGJmg7CP6qMg+VzSOt0BkkCREvd8+yzm3Hg7i/2QTDsbvkT8WxERu1BSEn4FjqNoThyKyiM3YCD/d8yRfO6gg+m72TCcugbIZ7UUve10OiI1uJJMl1aFgCEgq0LI/N0gsAoExCVvJR6NSQsPn3AGL99zB4MrHiUVEYt4uinYZtbQ8ghYMOCrR3P673+vtzqx5fHkdT/lqfO/rwlAoHz2vO4n7HXm94jdCEu5K1hgOwrMJqCuuJgxAzfGDpcaT15HAW2uW9MIJI5HXRwyqb4ft86dgcrldLp1LTVRvEqKzXxv1OZsMHU2Sx3wOlmlTlkWse1RJiZ0IHZsfCdD0XYZOnIUI3fcmU1335XNttyK7IABkM+hcrY+LrRdKkAmtnCqZEU4XSaqJqK1Ur5lbiYpBKm0ymRQLfmrJcP1NaozU43/UrZFhYRYhfhJjBe4UKmQzJ/Loo+ms3BJI5t9YR+cQn2azNIpCXa1tHpqpy+GgNTOXJiedFMEkiTCDl2KfoC1ZD7jdvo/8h/MxLZiEnlDtnNsbjeFyXS7ikDRgS/9Yjy7nXY6ThISOh5v3XY79550PD6KIPH58u9uYrujj0M5nUdApM7gw5dfzIs/vJSsWD6Nw8Os2V6IQCyWfydiwKFHccadd2D5bs0REHk2i++/x7nbjWRoKdSbeZ0c3olNPm2inCXSxPL/Y6UI/fRzFyUg4mCW5RMpiKSYoZ8h77uEOZ/+wzdhxC47sdXn9mTo5lvgrz9Eh3Ip10IcrxUsQmwK4osStmVZJHIfyTeRC0qolxbckqKulqTjY4lMsqTni8EmrJDM+ogbr7ic9x98hGRpC5lKhQbLoWhZZHbanoue+BdYfnqd2uKXnTiLXXsrQ0C6Fn9z9x6AgFhmrBhiWxFYMVMffpTxh32V/mELnpLK6IaB9IBpbrchLMhYXPzaWxS23IpMHBI4Hu/98S7+9I1jsOOEGJ/jHrmHjfc5EOwIW7mdE2O+aBHf3Xor+s+ap7/J0fLqNu02enMhg0CtI+CxKJfwk5cmYW2xCVnH1mFFtdQkX2vK/Q9w4xGHk09iLZHdyfxD3y9y0uTzZbkw1UohOjFf84NQExLtsbEsShmlZX7dSOR+LRJHIaqAdqGOyM9Avg/5/v0ZvNkwNtt6azbZYXvW3XRTCv3Wwco3gOcQOAlBHOFmxEySkItdnDiBSonyooU89uc/8PRv/4D/wQwaKmWghESnlVwIHMhIHS8nw3df+jf5UbtQJ1Xea2lye1FfDAHpRZNthtoxCMhD1GIl1MW2vGVptuC575/LE+N/Tl0stayLHXNjc9VuiYC12YZcNGEizbkCdUlI2fb46L77+N1Xj4RIPA8+3372HwwQKVw7wk3cqrWvY4f7j5/+gmfGXEAmKBEmYlXs7C1Nx47PXN0gsHoIeMxtcLlh9lJasi55O614UUtNFLCeuPwqHv/hD3Xhjlz0sTJuZ/VTEHG170HuLZRIsvJ1JV4t561DqiSiSvsl5MfG1ZQBJGtSCIlSDp7tImHMviWhWYFOqAlVWtRXIpilhY6LU2ggX1eP79jEUhgp46Fch0rsYJdasJobKS5aiJ045KRCYxyjsg5JGOr6JUJ4hGo05xQblhxe23Qgv3jrbTKZPsYD0lmLZqX7GALSRcCb2/ZcBOIooti0iJ/ucQC88wZ2GFUjWm0Cy8FS/yUv1HPBMCMjscFPbCqOS+AqtjjocI6/43cEWSvV1Y9g1mOPccOB++MkMRFZzn/leXLbbYtldZAKluwOxBIoH/lKmahxAWduPYp1lpaoD0MSJZUGTDMI9HwEWslFK8UQb4c6/ADG/vmBdPC1xT10lyQK6Zb9DmDqE3+nb+DRYkU4JtdwtRar+LISXMp5i+8/9xzrbLtjLU7xao2lux9kCEh3n0HT/9pDoBLRlElofO45Lt/7ANaJSjpB0FG2rt9ktna1N2Ud2SPtS5DaAlg0ZXwOufRS9jjzbGLfTsMXEpj9r8e54YB9sasEZOzkCdjDhuM6IXbitb8HRElgQkpAGhYs5Pt774/33lvUBQlWHBBaKq1vYJpBoIcj0EpAWkvqNf9/K/vlrzyPt/mWOq8g3Z3WFguJymXOG7wh+eJ86itCQMTK38Mnqp2Gp4u5S56ImxDttgcXP/6vquemnW5gLrPaCBgCstpQmQMNAquJQJxQdmySqIVHx17OMz+7imwMfhinSXKreRlzWM9AwMWl6ERkEouZmRwXPf0EQ7YfDU41rlzBjEce5eaDv4QVR1oF64fT3sHfYBNcO0QlHu1dYFjHbycJbtNSxh93PLMe+Se5clFvsySYorXOQc+YATMKg8D/RkDCcnTitIQO2Rbzhm7KzRMnEOZzeCoirQJaGwRENmzSFkx5n6tHjCKrAvKxKE9VdG6FaatGQKKzSFx8Ij7I9+GG2TPw6ws6md60zkXAEJDOxdvcrRcgIPGwTmjT5Mb4M+cwdvtR0LiUQpRoK1UnqyX2AsRre4gZfBZ7AX0Th0XrDeUn70/AztYvqy0ge4qZKxOQ2e+TGTBUE5AYT2vwt2dLVAyLF3HbGecw8S930s+ORXoGSWOS3VgayW2aQaDnI+Bg6XdyKGkDFow4+3y+duXlJK5FRsJlNQGpjST0VgLy9pOPc8/e+6U5YlFGFyU0BGQ116olil0uWSdiWqaOa6dPo9C/nyEgqwlfex5mCEh7ommuZRD4BARe+O3t/PmUb5GjQiY0qry9bZFIombFEZlImw2+ehQn/uG32FrAsrUp3nnoQe445FAaYsVcJ8tPp0+lPLgvGeVVI0DayEBa48El0VNzCrHvWjpB0w5CWubP5LrTTiN47AmylTJNrk1OtDNNMwj0MgTE8K2Uj+8ETC9k+Mm0OdTX1y+rT1ELcCQE2LFNqGyUk/D8r2/i3rPPZmBFFKZiym6qLGXaqhGQqi5LPUUusXk/vw43z5mKl8+v+kRzRLsjYAhIu0NqLmgQWBGB5iVzuXDEDgyYN0vH1ZttXu9aIbYoxdgJRdflS9dczW5nnoGDuxz/UEx64D5+d/gR1MeKOW6Wn8+cTnlAPVnl61oydhvDA+TFLsRj2XnVRSdqM9OfeYpffvtMMh98QDaK8eJY96eI2cH0rpVpRisIiHCTUqKoFNK8xZZc9urruK6L3d5xj2sBt0hTOLFNZNs4KuLuCy/g5V/8nIayFrnV8rKOca2vFsKS8yMKf2U3x86XjOWg88/HqqG5Xq1B9JCDDAHpIRNphlG7CLQQMeWue7jz2BOpi0vEpi5I7U5WB/RMwjo8CbPKuVz8n+dZd9vRojT5cUsUb9/zF+486ijyScIsN8sNi+cR1mXxYpdYNhdtjEFP/R0iY6mwokRfI25ZwuPjb+CRcVcwOAiJrIgmuXZikU1MblIHTL25ZDdAQIKrFA5FP2b0+eM48pIf1VyvY+lhYlFSMbmowvhjjmXG/feTFzks8W+KkcLETK7evLmiPOgyZ4MhXPP2K2Qa+rXx7bp6tzFHrRoBQ0BWjZE5wiCwdggEsLR5PucO34ahixcSGxnetcOzm51dcaAQw6Jhg7l64jskmfrl/R+6Stdrd97JX088nkycMD9fz7Vzp6PyebzYIXSk4nDbQrCCKgGxowT5mfHai9z07VOx356IFyU63t0RVqIy2FKmy4p0sTDTDAK9DQExBohC3dK8w6VvTic7bP2ag0CcG+I9F6Lhl5r40f/tQTJhAm4iwiYmX6stEybOjhannlMee4D1d92dnOvWisZAW4bRI441BKRHTGNtDkLiViV5z9ZViSxa7FBvvGTLI9EegZuqi8giFOUdyY+QcJWlfvrfDcpuc+hJLSIREeEGLm88/AC3HftVGlrKOgxLLG+6ynVVnLcW+276tPYIRJ6FF3oM/vY3OeoXUpwyJ4xiWRPr5hs33MJd3z2dQUHMB5tuwPjJH2LZFqqaw7GqFNgkqabJSkXgWIHjULZDSrOncv/YH/PmHXfSIAeZZhAwCKyAgORoFd0ENXRjLn9zIhRytYdQLFW8I/zIJUiaGTNgPfJNLdrr0fpuMPaD1Zu2jJVlxjoe189YQMX1yWj94rYZeFbvTuaoVSFgCMiqEDJ/X3MEWkPKdSyILpeq35YSryrUJKvATfUPIQooR8045RgvdKFvX1TewlrVzmvNe9d5ZypxkdsEpcWctcnmbDh3gb53a4XY1P5mWk9FQAoRVuwsR9x+IyOPPppc7EsJ4WVNyPbLP7uRe847iwGhYv7orbjyxderlYXTeuSrfAwiiFwoqwquCklmzODpO/7EQz+5hvWKFcm4NU4AACAASURBVBxiUtprmkHAILA8Aq5lU7QV/fbck+8/+HesXKb2AKoSEC9waWyew8UbbEx9uWIIyBrMlGV5LBlSz3Xvz6LF9yjo/DrzBV4DKNf6FENA1hpCc4H/hUCLWGd00Z8I21I045EhIRuGOEEElSZaZs9m0uuvceettzD9lddJXAc/cjj83DM5/AcX4lCD1qi2TrlKKFvQQpl+E6cydoft8IIYT1mIyOpqbTDbek9zfM0g4FowPZPlitdeoX7EVinpXo5RCAF54Ypf8LdLLqChVCHYezfGPvqUfnhai6OtioBUNJ218Bct4fs77URl1hT6Rhb1cULRUdopIsUwTTMIGARWREBCcip2hm3HfI9DfzAO1/drDyL5XLohmYrH3NkfcOXwEdTFkSEgazBTyrZZsk6On02ZS0shQ6GG6ryswXC69SmGgHTr6avtzoeAG5SwwhCCMmr2Ql585ilu++UvWDhjGgWyRI7LBptvyTdOPZWtPrcn4Xo5vFmLOeaze/Drl54iP3jD2h7kavSuImFncUwkEWfFCt/ZfCiFxiKFaiiW7DKN/WU1gOymh2SBqRsO5leT3yfJ5LQCC8upWole1T8v+DH/vu5S+oQxfY45lNPuuLtNBAQVkeBy75VX88rYH9AvCgmxtXMxtKTUWozTKs3bTXE03TYIdAQCsv8MKXDYQ39g1BcPwLOWc092xA3X5JpSpsdJCciMD97mp9tsRyExBGRNoPQtm4UFm2ve+YhgQF98z6dnhFqsCRpde44hIF2Lf83cPazma8hGWLYrdmspZCutEitJrSFKh65LQqzULbMkiVWCUC3Z5sTEdhYnlmpmZRZMn8Lr9z7Ig7/7M+GMRfgtEfMGe2wxeieOPPk0hm27E1afLH4mozdjaY0CxRJXUVcJuHCv/TjjRz9kvX32RlzkUmQpcSPsFdN3awa/T+tIa4RpqzTq/Jdf4brPfYG6YIneIMrYTPxut5jKNeqkPDN9v3kcp916UyrD7PgrhFQlSnHfWefw8k3X0Tf02fCcszjq6qt1btTqVuetEJCp+Fz7raMJbr+bCmlyqmkGAYPApyMQuTahleXiOZNQ/YaQ1RbxGmsxlJyAXMVjyjsvcePoz1AQt6ZpbUfA8omcgD3PHcuOl/+IPlIavY0y522/qTnjkxAwBMSsixQB2Qm37lgsUdtIzfKuvOPkRadLJC/LnCaMy1hOiFussPi9D3n4nr/y3MMPoZY2Ey9sZEChgWH/twef+9ph1G2/BdGgPmxg1ZMI2chkpaySzgFZvllJQsmxcKKQ8cefzLY77Mhnzzwd23G1xnnsRivWT+hmc9daxTZKylyw0ZasO/MjAq1Bb3JAutlUtqm78uTsctXVfOGc72CJ4ILtrUhAUNz29RN4/0+/pT7y2GrcD/jyj360RgTkZ2ccS+U3f6JkhZrsmGYQMAh8OgKxaxOvsx6XTXuLitdAxq5hAhJ4vPfW8/x6p90oGNm6NVraLj6RHeDvuhdnPvMYdZqArNGlzElriYAhIGsJYHc/vXVTXE4sEc5BqRjLUnjyclOK2LYIpW6FHRM1L2bBhEk89+d7eevp/1BeUmb+kkXU9+/Pbnt8lj0OOgB/ow1wN90QVd+XvPaYWLqWAbFF5LU+56l2ubOSpSmRZGxlERDxj2uvY+7b73HyTb+k7PpkJY3WloJpNfhxaOMiWEzA1N/dxT3HnUZGlXSNaqPh3kYQu9HhkoR+5F13s8WRh+ElCbHtrrCK5Rm8/pAjmfP3eyjEPruNv449Tvt2mwiIBFyJ0tat485m/k9+RUmF5pvajdaI6WrXISC2NWv0Tlz83FNEThbJ2aq51uoBCXzeffM5frPL7sYDsoaT5AsBsQKahm/NRZNfpU45xgOyhliu7WmGgKwtgt38/FYCIqpUThzhhgHEIS0tC/lw4mSe/dMDLHl7CsUZs1jUOJ/M0PXZfr8vMnrvPcgNHMC6Gw3F79ef5iikzi3ghlL8zEoVr+Q/XEdXb5V8kJy22LSaZXV55xXQE5WebGhR9CLmPvsM159+Dte+8G9KmRxZPGJLotxXlY5b+xMSBTF2UuLsLUYx4KOP0CXgjLW69iduDXtYtuGUfz7O+p/fk6yo5NrWijRaKX6y5360/OefZCOXfW67kc9884Q2EZCYECfyePSOn/HqiedSMVXN13C2zGm9DgEX1j3+eE678TdgixB8DbZlBMTjw3de1iFY+cio2q3JTDlCQJwAb9c9OePpx0wI1pqA2E7nGALSTkB25mVS/4F4E+Sf8qOQ4CR5ceqQKQVNdlpqwEkSrbZEIvka0stIVzSq2J72cthBmWTRAmY9/zxP/vNxZnwwndkfzqCxcSEDN9yAnff9Ihtttw3rbLox6226Cbm6PmC3JulVdXUlRMu2NUGQWMq0R1K9OVXmkZwS+YWydDmltPaH/v2KrXUTFbjgL5jJyaN25Mo3n6V/v40JXNm0iQekBhME2zj5EnKlYpsHf/YznvjBOawXyMjTIlOWknkUSmI+Lm2EtWYPl2fxrCefZtDuu5NJFJFtrVSIMObCbXfEe3cCTuBwyJ9vZbsjv9628URKPyPTH/s7v93/IPw4FgemaQYBg8BKCMhj0foVkbeshP0ecfcDjDr0QHwtiV6DFCSBoh2SjzxmT3mb67bclny1CGFayd20/4WAxEzoPQiuzmWNnQjbLXDgDdez1QnHUugBURXddfYNAemOM7fMkbBcAR3xLthpqoaE9GRKUupY3kwxoR2jvBg3CGmeOYd3Xn6F2f9+gY8+msbkSRNZ2riEwVtuzg6778aQUaNYb4vNGTZ8GPgZYsshyeQ1SsvVTusg1MT74qNVo4KlXPS5vTno6nHstNuXCD2FgyShd3wvOmhwH182DlCSCNfSwgWjNmfA9FmagIhl3E6EgCTEhoB0+DR01g2KLpz2yL8YsvdemvSLR3AFGp1EnLnxcPrNnoYTuRx27+1s/eWj29a9BMTTkp09m/M225S6YslsStqGoDm6lyAgxi95/mRLKu/d8oB+XPHODMr9c2R0CHINhvkm0GIHFEKfRXOn8eONN6U+SVaS4TU05JOWsLJsQkdmHTKRInRsFtb14/oZ71HK1ZG3l8WG95InoHaGaQhI7czFavdE6gbo6hHK0io5wj1iK8KNEzxJJlcWJbdIacZspj73Au+//BoL35/B22+/TVNzE1uMGMHGe+3C4OGbsdHWWzNkixG48jJzpUCaR5AoLEcqlAuncfS/nf+OmFrt/q7ugTIqK7ap2OBHJW486VQ23GZrDjj7HN2fxOqeKlj/Nf4gJPI9iirk6Ysu5ukrr8JJQjwlal8puzT+j9VdNbV/nKRAHXnnnxl15GE6CT2y3RUISBJUOG29DVlvyTxs5XHofXewzSFHtWlgEr4o4YlupchZQ4eyzvxFbTrfHGwQ6C0ItBIQZVkElqLfAfvyvbsfJsiCp5XnatMDUrErZIIMxaCRCwetT59S2RCQ1Vi0GRxKEp3hKnIxzM7246Tf3simRx6Kn9haZdOoYK0GkB1wiCEgHQBqR18ykuRwFH5YwZIE8WIL8+fN4t2X32DGhHf46J33mPvC87T4DgO32oLNRm/LkBFbMWrnHVl3040pOza5QLwaEvOT9rbiJzhSmVyHa1XrFGhpuuVzNjp2ZBJ2ZMcWZdH4VfCvn/6Mef+PvbOAs6pM//j31I3pobtbUbAQVFYRBXVtV9FddcEVC2zRtbsVzHWNtddGBMECA1kMQEDp7mZ6bp36/5/33CHGXXQkZGBePvOZYebce9/znjee+D2/3+SZ9HvteaKejmM5mHtABkQpNng6Cc0lUlTMdQd0QV+zhmjKUQ7IlpUyO3fEa959V4yAnG+H3vsAx153tYJMunpoq6R/qryMyxu0oHGsADyL4955joPOOK9KXYvjErUNEpbN7YcfRnjiZPQaDFaVxrDm4r1jBAQWLCebQF6TBhz7zNMc0f9iNN3B8I1fTX29S0fL83D0JGYqSvz/GZzubdcebcnSGgfkVzwEwUxIILXMDLE6y+SMW++k5+UDCekZihTENwKAVk3b9SNQ44DsgjEP6jUCs1K+S71GoLehyjFUFEZ+Fh0MxYaUjsBIHFx+TKTTxWHbgViMwmUrWDJzJktm/sj8aVOY9cNUomYOzTq0p2XnfWnWri0t+h5Gw0bNQbOCmg0vhSbfHcmc6JSGJGKqKZYqUwwVKRwX+l1d+hewVwXY0sAgDmo5dm5kSH2OgqjIZ+os/Goc7156A1fPnEBGIkwsYpOxBzggAo6Jynir5jH67jv57N77qe2kgsJj0TzZBfOy5iN2zQiIrnLWWWcw+PXX1dr2dIHZbT7y4sVFDKrbnBZeOZpvcdSLj3HYeQOr1DkB7em2QbmZouirCTze5zgirq32FMmIqlWcBourKizFsm0i2VQVc1B7ja+CEKIBVLFbBZ0I+rq9ebktASJbMH6n37tKt1tzcc0I/OYREA66uOES8XXKcnO4Y/48tFp1MTVX1eDtlpIQnounu+hOCAeXF04+mRWffKQIXyRr42gBHKum/XwEklJT6pmUtO3E2Y/fzwFHHUWJqZPvhpSOma8HDmlN2/UjUOOA7IoxV4JBYuSn1f0EYyr1GkpvA8LiYSgPxCeOjaZ7hH2f5IaNlKxaS8nMeSyfOYfvp3zDTzOmEc7Mo17zdjTv1I59ux/Mgd27Ea1bSxk3TiRTYczD6c3o1wqZ7YphqOpnlG9cxc0dDuL2JT+QqzegJOqQswcUof9sHMpKVBFy5uL5ak6IAVjjgFR1tuy+1ysl9Cb1eGrWXLTsvDR5xGZnvmzDBq5o0IomWjkhP8QB99/CcdfeWCUWLNHqcYRNUsgfihM83PcYNk7+nizHVnuMi6mciyAIIldJJsYLgiASHzRMYraDpaUZukSvRJOvwAFRpBJq/9pWq3yM/9wiqjjqt7xyy6uCcEdNqxmBnTcCUoEVtxyybZPsU07g0veGo+s7N7i23XfjBWtRsuchG0bdejsThj2oahos18U2PKWVVdN+PgJKSiBscd/85dj16mEqph5BXdW4Hb/3fKlxQHbBE/A9kQ0PainUlyGRFgKDQKl/O+ixGKXzFhBfsoLlk3/ky7HjmD9rDg3q1iW3ZQPqdWhF16N70bnn4URz6+F5EXwrcGIUxS1JEraDaUaUgRFK+/TVepHZCW7t0ZMzH76Tfbv3JRFyiOyBDkjMTTL+kccZf9NtRN2EEoFUSvQ1bY8YAcOE1YbFbePHU/uQgzB8cyvhq+I1a7ipeXtqeSWEvRCtr7yIfo88XmUHRIjuEp6DyBw6K1dw8/EnkzVrNmEBbPoBxNKVv6GR0n2KI6Dl5lOvfQeat+9Efv0mLP9xOgu++JxoeTmWvJfUg0nNWRqZuT0OiIqxpJ2ZCqY8lXhNJ2cC96jGAdkjJv1ufBNJQyPL9ynWo/zp3dc46OTTduPeprsmdgM+tucS8jSmDh/OS+f/lXqOQ8qzFXRMsAs17ecjIDC7REaIR1esp1yKztNCL9XaNtpDHnSNA7ILHmRC6jRSSSLicLsusVQh5Ws2sHHeUmZ9O5kVw0czc8lCrPq1yGvelOxO7eh9ysl07H4wfk4mIsNnuUZApSsntynUgTZhOdAlvCm/ExXB4AQP2m6pppTuYhqb/osbgO3yzKUDadKmBX+87mZcz8Ew9wAWrEpzzrY9LDfJkG49iM6ajeYlFQyrpu0ZI5AyIKSFOeaheznkyssw3XDAUCfL1fcpXLGCO1t2IlcvI2IbZP/pJAa9PbxqN+9vrh0SSFWpB7mxMl7/+03M/HQs5etX44o6ejST3AaNaNq2E8f260+rXkeQygpTJpk3fDIlnDFvEXf2H0jZ1B/ISzhk+sLJ5pJIS6tXlJZUDiD68sGqCTmG3NvWk1hlZ8QBUplfUYQP9itxti0FCZOtrMYBqdqDr7m6qiPgCMmJr5Ho0oU7vv0OM1TNzhTfZ/WcOdx5UHdaxEopNjxyFHukqHnVtMoj4OkaxVkWQ5etxcvOw9jNk1170xOscUAqPe2tI3BBEXZwrFZoWQRXqDm86axMH7xahRGgqQJQ306RiidIri5gzaK5/PSfrxgz/B1C68owszLIql+HTgd0oenZx3NEz144ktLQI4QdyWlokJKq8BC2ZmObPka6NkQinLod0OzKNznmw4Lbli4qI0EqKHb+KqtsKvwcgCHK5mLWBDhzZZik00BS6yEihdtsHnzy1KMs+PZ7Brz0ElGJHIeqvw7Iz+45Bsmox9S33uT9AQPJiJdXzLidZo5VRJ4r0Qz8rGvBnErrutQ4Rb/pbEiFIDtlEOpzNJeNGk5Yz1RrV9U8+T7rFy3i/nadydLjisWuZP9OPDh1php3Wc6ypn8JpSykFEFGNd3FpKZ4s23LwbNThIWfW6CgVpiUpVOWdMiMCBuXjyEZWvmbZxEPy2qVKKvH6Dvv5MsXXsNauw7Tt7FcJ826p8Kx6FoAzVJboXI4gt1S13QMoTPdomqkgjBc/p60dMiMoodCaLaHU1KqRNVC+MqEqrjviv1kS1KGGtDEb5qCe/2LKuafqn8CYpbJCc88SbfzL8LaDVl3t/XAVPYwGef6tp2pu3wRRaZPLSdMTBHY17TKI6BrBkXZIR5ethItK39T8KdmpH7/EahxQH7mLqdPcGWZpbcrwVBrQYIzLFgEpb8nfNIuKQVqAMu2SW4sxPJdyr+fw7hPxzDinTfQfBdyssmr34gDehzBiaedQZ392yvhPiJRkrqG0MRVvybWRuAoqWHydTzNUI6XZDZkw7dJEbItUoaPXVpARmmSokWL+Gb8BH6cuYAb3njhv952hTo7nsPc8V/y+rW3cuvksVipKIR3vmO1y5+FRIp98SRd7j+hD7Gx45Ritri5ou2gxOt2sCtiS72A+IBpTySIXksaX8Qkg9qAiB9SUfGgTsCnPCB/3tRq4DK/bqa4hkHI9VgdifDo7LmYzZsqWmt5xLrrsX7uHIbu15Ww5oDjsaF2JsOWb8SJhAm74Jj278P+lnTATrJ6yiTeev5ZVi1YiG3bhKwQ2TnZZDZrRn6d2mTk51KvUQNatGhMZr2m6K7Pq/fexrp3R5Ob8EjIrLHCxAyD7K6dGfTYw+R16hRkdDWfhV+P47FBl6GtXkND3yKVFENKMO+agn6pgErAorkpHFQx8jVz8NfNwb35KgnGSdZDGAbD+MQtA7d9Z26bPF4F/EyrmmVAlLyXy+ibb2HSo/cpeyTqRgSEvTc/5i3ufeswhei6uHXqc8vy6Wjh2tXS2tpTH2yNA1L5yabFuoOIvbBLBNG+CmqMchXPd8hOJTALSlk++Qc+f+t9xo3+CCNlK/x1uG09Du57NGcOupRIvTr4eja2vI1kM+RtnRgh08LzfAzdwKqmSyJwFCocNgFpyP+E8E4ioIGFJYWxCTfOZw8N5Yv77qRuiUsSjbImzRi2fME2HRB5BKVrlnJ51568MP8H9GgtMPc8B0QxXwkkAIeiaZO4u2dfGpfHFcwupUOubShHd0c2VScgwBqBB6nHaKnos4ggKk4kzScW0rFc+TIwfbk+sYm9LVgdNXCZX/NMxAASEFO5ZXHG40/T7W8D1DxWDojjsXrmTzze5UBM3SUDg6WWxzMrN+DUylcOoij3Gr9H7ZNt41miHqylYy6eym5UtLDSHEqHlBV+ysc2NdE+JVRWzttPPkZxUQHhWvn0+uMJNGnbkaQZRiBpEn+xY0miGZZ6C9N2mPL1BJ7685+pV1hOViqOI/etgemqeA8eBl4lWFeNBvSvmYF79zUyY8WZlS8Jp5QbES764E0aHdebjKSOHq5+DogwKa6e8BVPH9mbfNclqZsYXk0NSDDTt3ZAMiRs0WV/rp00AdvM2gN4NPec9VzjgFR6lnE5DR0Hw0kQErCg4UDKhQ1lLJo4mXEvvMSMif8hbkFM98lv0ZQ/9DuT4885C61OLm4oRIYbDRS7K+zzcCz9o2yAGoYnheKyK4rehUQHqw+sSCaM6wZemuNoRATs/f/p4Pia1USb1kMK/IxQhtK5kHtzDTFeHBZ+MIbn+51C7ZS4bzobMzJ4uKAAa1vRJ1sM5ARD9juMwc8Oo/kh3dFELHEPazKahsi56DZR12fUXQ8y9r57qUsS2/UIu2GcHZxeFzdRQmflFqzPyiahmZh2DN11COsaUcenXlLDMDVcz8Z2Udk6gfkoqtYavP6vnoVSqxUTG8eGJsedzMARb0MotCkDsnTyFF7sfgSuniTiamwIGwydNQevRTO1j3iKrWrXO94ST5XaDNkClQcS2jrCKoXsgf9RAVINCtzld5YvoqjS58DbUNuBgvJJxlgoQ9PAKi+sghTSZA0kUjGKp/3EsIsGUTp/ATmpBBHFAORRbjpkVoK5S4auptWMwLZGQE9DSG0rTCke3S+6nNOH3YOvh5UOhPKGq1lTUMXyEq7eZ1/qL1tN0nAJCcV+TfuZA1IUNTnyxls46cabFdCgRvVj95kkNQ5I+lkERjUYSZv4unXM++YbRr32Gmt+nEksHieBS8v2bTni3DPoetyxRLLrEMmujWWY6H4KUoIRiCinIx6qAGIH36MihVyB6AIV1Q6ObDEshCBz943AyARREXotrbouwj2+z+i332LsvXfhr1tPRlEpWa7HCa+8xAGnnaSogA2JmGsJLDdMyvcoW7qce9t2IqQ5hEypYdG4cOUiGjZs+L9XgwNxM8Hwvw4m3KkFZ1x7Heh7ngMiWTGBl9iah+bpWKUl3HBMT/InTVd2XxKBQu3YAsO4pZHh+BQbBjdO+YFw5/2wyhO4MXFCXOxUguXLlvDZv/7Fsi+/wF69hqiTJKwZGI7EosUmrTnwfs1WLpKfxSHISMHazNrcPWcq2U2abnJA5n79Nf8+6hhs3SbT0ygIGdw0dix5hx0q+dTfzQGRDqrSEVWCLs9860CJKXVcaWartHCI8kxVZseX7Ke4Gy6G/PPSbooqFNECxGG68N3V5L0D/RtSJgWiUaS7mGsKmDt7CiPufpD45GnosWJCASZrUzNqxBZ/zRTcq6+pcEBKNI1o40bcOGkybv36ZKU0XBHg/R2c++1+IIKO9G2mvvkyIwZchuGm1BlS02QEtt4j6p3TjwHPP48fzSAi6VmRQahpu8UIVG8HRAnobYZHBVY+CL5dmixITRVySyTeJ+E7avKFPFfVbOA6sHgtUyaM5+N33qZkzUo2FG7A0U2adtqX404/g9YHdyWrdl2y6jXEt8JBgWSaDeYXWZx2i0ccdELEiyoMBilct1QRQMVa1UhKmNP1lXEpuHSJkHuFG1g2ZSpvDH+fa58YipmdFUAxkg7/eecdRl80gHDSJ+I6lJmeori77M1/07JPHxzXJWJGlAEj+ida0uWGVm2IblyO6UgM1OL4fzxEk4sG0zAlSuw2YSnC32Lv8F1H1d1MfPpJJn07kWtffBNC1S9aVdVpkPRdCmdM484jelG3uETB+sRYi5seUXlMhNH97Ss4jKBTYEntSZhr506nbsv2m8a+ogZH5rqiA7YdykpKsdeu5LuRI/n8lVcpWbqE2oaPn3SIaKYSvDNcWy1HBcXTdCIKxygSd0GkfBNiZxNnQ4UmcTBCKmG4qeg9iG2bvkTLxUgQtQqfpGVSapoUWxGade5Mq4M7smrmQpZ/8z15iXIltBnBoNTw1Wsr5nxVn8GOvF5luBSMSaco0+SMu++h6xWXk21blIR8St/7mMfOOZFs2avwFLFEl0GXceRjj1JLhMdMRXy3V7VNc9B31X7klsZJFpdSUr6BjcuXMee7b1k+axarly6jtLhE7Uma6+IVraNRuZQxuSpDbaj5s1cNXc3NVhoBX5MQn8uqcCY3fD6WJoceoq6oTuf3zx+qR1L21w1lDGrXimZFGzbvrypfKkaQAnzv8U3utuKMUdaBoRN2fVaYYY666XpO+PsNmKaJUcEUusePSPW5wertgKTJ5CW9XxEYq2DDrjhzBDSQg4tWVEJ8+QqmfjyWCZ9/yfqVKylat55E2Kdd1/059k+n07BdGzLqtaB2g4YK+2wr7vu4qtNQ8ly+odhtFZNTddvA/BQJTfItGgIAs1Ui0sPwEpi+Q+nyNSyd/hOfv/o6ZQsX4a0ppqhwPVEfNnoe9034gtxDDgmilq7Pqp9mcP9h3akbSyrzUvC1ErUsjNbi2uHvkntUDzL0UJqlK3BsXjirH2tHvYfriPq6hX9YFy6b8C21UxrJkEvYTztF6fXj+i6GozNr/Ee8/PdbeeDr/0BYAC17dot7knWyWT9xPPeecjq1isrRNI9szyeenuuh7YT7Vjggnmdx3Zzp1G3VUXQsA0egUlRZMZZpGgWahyT3IjaUrC9g/cLJjH3tdWaM/JioyoIFAJzgK/BnBIUjx6Bk/fJSmwlI5G9imAcl7kETd0T+pyLueiC8JXAvWzNJaiEc3SLriEMY8Pch1Du4K7HMCEJS7Rs68flzeerc/iR/mES+7VOuuCKkdmXH1s78lpkntLMSDDHlPgydOt26cekXYzDJUk7l3Jdf542LLyA7KTmlwAEpbFiPRxfMxwrlBGtuL6N/qpiDaq+VYnTPQxdBsXSKReakJf+Xbdn38FNSL6Lx+dCH+OjmO6nruNjK5dte/fbf8sRrXrM7jYCGSXnY4LAbruGPN96CZgVnSHV2QKR+z0zpqoZv/Lsv8l2/i0hpNrof1GuJPbT3ZAdF9ywIWIlJ6IRNSjMyufDZZ2h62smEPV096xoHZHdalZttjUmTJolNXf1y2WqhyX24SQVlEiPNc22scpeSOYuZ+OV4FowbS2FxIUuWLMEKWbTteQRHnNCH7BaNqd2yObXrN1dUsbpmqhCsb4pBXVHaKJh3qeVIg0jlD4Ga1m7b/tdjLJd6DdfDtFM4a9ewaOpkxo8YSXLhMpLLV1G4apVSYBciTAFOhH0NaFrfWwAAIABJREFUT/eRIHlhOMIpQx/lsAsG4lm6Yk8qWbWay9u1Z99YnBIpnvUEGhWUMa/Nr81NI4dT98BDcEOGMhBlyMY99jjfXXM1cUmFOzoF+VHuXr+ODDdEPOQTFVzGFoZWEo9wUmddyVLu3PdQnlwyG6J5u+3Y77COiXPhCYWqS8GiuYx97RW+euJfhEoS2BGPJjEbz90+SNaWGZArfppEo3ad/+u8rlgL8t3w4wFbV3oRqLyESNyUl7No/hw2zJnCiOdeonj6LGolPHKSQflyGBMdm7J0cXvFOClXZYvn7cnVukFIN/HtALpTYPh4zZpw1k030OKQg2nQqYMy5AMRCSAOqQyZeQ7a+jU81v9vFH/+FWEngeYJPHI7PbUd8FAV0ZgaP3kznVQoyhUzJ1KnxX4KXjXxhWcZOWgQWSkZAZ+U6HiEDe6dNIXovvsHAY+9WLVXhi0guBDChAD4pyKeWpDl2qr9P3nD9Yf1wpj5IyFX5pCEWWpSIDtgGlfbtzA0g2XhMPcunE5O/VZBbWc1b4p2O+lhhwxi5eu4vfMRhFctIsOWrLan9hCp39ormqYrXZe45pEI62Q37sB5H75KVofO1N4b08fV6KFXywxIRV2Cbjt4RUVsWLyQ/3w0mhXz57Nu0WIWz1tIKCeDHr170bHn4WQ1bELTzvuTVa+BMqJ0X44lKzBitCS+aQTiWHLAYQXKvGmGJ1+gSGlYiNL7S3/trs+4wgHxpLhOzJ10gd3SBbN4/+qbiE/5no0Fq8l0TDTdwHZdHM8jw5SNKzjlA+IvHVf3iPgWRWaYNhecz0VDh+KGZew0vGSCvzVtTdcN61lrOuQ7EUqNpEp9Jk0Dr04jLhr9EU07tIVIUOMy88txjDzmOEoMyLJ9kllhbi/ciC76AyGdqMK3bR7Zcjwy4zrF0RjDmu/HeR++TsvO3XbXod9h/RLEvRTq+57Ku2HbcUXj6sYdYvEN3NeuBxnxddv1eVtmQC6b+g0t9j2wMnRWzQeZ+wEvVuB2KE2XdMI7rAxjAfP7grJTmQrTsdFjZcz/cSorFi1g3uTvmf35WPx1azCKHcX2VTEnJWggX0ELHryQOKQa1KfpH/7AwcceS6uOHWjSth22FcXWdTI1B1/T8YXVRr0miemH8QTrp9kUliR56oQTiE+eQNTeUoliu4Zru18sU1tRNwjnBAbtHrmFswbdJulExjz1MF8OuWkrB0QLa/T4++0cc8tNqjh7k9Dodveker2BQtjKV9rPUJooUkMiU0+U3dPA9wpHWRR01o8YwVNnn0Gm7REKMKDV66ZrertDR0AQDNFDuvO3CR+R62bJIV/tm8x3AeFGZFOJxZi1YhZDD+lOg6SPZbsKvbG31IRIeFPwHEURaHBgR/763hhq5zRSOmOu9TsxCFb7GbZrbmDXOiAVegfpe5NIe6CnpymmlU1wDHVYCxWoq/DfCkYhFHOFcZbOmMkP479k3YK5LJ83l5XLlxOuXY8Deh5Jm/32p07r9nQ6sAtGTgaeIdMyKAipMHp2zbBu36eIJpgYHUkjhSlAEkeYcAwJbCgYghgzthuAqAJBMB0vkaB08RJ++mwci3/8keKF8zn+rttp3rMnIV8nvnE1N7bsSHayGNMNUJMJQwrk5XQ3sQ1HGZsx38AxLMjKoFbzZnTt24da7dvSuMsBNN1nP5XKlLEU2MNjZ55NfPgHFFlJ6iQNRa/rqKIB6b+O07IZV4waTsY++xNKeRSsms9drbtQ109gS6xXz+DmRdPQmrXBEpiPCkxt4YG40kcf3XF48eIraN+8OYfefL2aJ9Jvz0yh7wmnya+YLhVoXisW59HLr6bg5X8qR1DYqoSNqKrK6aq+AtgQ0rny83E0OKwn4pTs0JaOwAlnveM4FK1dwcZVq4ltKMQujaHbsspBywxj5WZRp2EjGjRohpUhei/peqAqYo9sgeqsL+DiHodSa/FCQiKK5wXQrnTcfPtvUWmzaIoVzJJMobC96UGgQmoPtJ9RxVb6SE0j6w8HM/jTL9CtDD5+4BYm3nw/WY64dq6iqc1wYU1OHe5YOYfcSO29rwjkNz4lIRbESzDspFMpG/cFKTepsrg1rXqOQMXK3Uz6XfWwvq6HaXLyyfxp+KtkCe1f5p6HZ/Q9j3evv54fH31Yyetk2Bk4xKrnQ99mr8WiE4sxCIMpeKoESl2D2TlZ3PvDRBq07rQH3veeeUu71gER1tktlJXFuQiUvIMNwRR3wbXRkgkShRspmbuI7yZ8zYYlK5g9dRrrVy4nr24d9jmsG406taNl5y50PPBQCEdIaTq6ZSmDXQqgRVxIsTdVQ4o9Ie3NcASOAgndV+lFQThqwrblJ0nF4hSvWM2ssV+yccZsNsxbwNKpU/DjcSyBoPk+cTNCz7tupe91VyvYjOb43N2tO6mffsByNWW0qsJmK4IezSLarDldJFvUviVtehxCq45d0KwIKUMLgFW+GF0Cc9vsgEx96VVGDLwIjyQZjkFKd7EUNCbQT0mFLfTWHbjhnXfxO7YjXFLA9R32I3/NSiW8jBWhz1NDOeRvFwdid6q4f8sqdB9b1OV9l6+efIY5X3zNxW+8jG2GyRDhQ1OcsN2XQWxHbhnin0lUy3JSFC5fyT37dSYnnkT30hKFVTyX5dlLin6jpXPJqFG06NNX4Wh3RvM9YVELWLPEWBen2ZB1qbIYAcuaYPxVXlIyKmqPqKB2rWKPhMpV80ksXsTf/9CL3DXLVJRQ4E+yR6i6pyqOVeUeqBku7NOGgVO3Fvr69YQlsyGsUb5oi28b9iX1UkV5GTw0ey56/caMuvU6Jt03bCsHRGqvNlhRLvp0FO169JICkioOxF56uWg5mi6rJn7N0N4nUDeRxN4N6oD20qex3be9Jf10UDdWdW9SakBKmzbizrk/QKg20T2RBEmy0PEyrujRjWY/LqBUc/bIGhAlLxYYC4ogRewSXdNYnhlh0Guv0bbvH4mE9g6bYLsX127wBrvUAYkrCILgcoWxxMEzNEIJD2dNAYtnzmblj9+yfPEiJk/8hoK1a6jXvAMdDuhCnbYt6Xz4oTQ/4ED0UFhFvSUNH2ClRGc3EBiS767iDEpPzIqajd1goKvSBRGkizimiCKjJ0ooWrKAuT/8QOHMOSz9dhJLps3AiyWwdIm2phRG3PBDChNdUb2SJYiqE47h+hHv4eoWvmfy6iUXsORfL6psg2boeNEcLh77HtEunTHDeeki4CCdKewxm4ph1DgKgfZmI0iOgdicefy9c2fquynlpDghEyO7NvHiYnKcoDgdP4R5wIFcPuotsuo0YuhZp1E6YqTaNGzdJ9K9Jzd8MQ7PNDErYd3FtJY0ckJzWfL1l/zrsiE8+O2XJKOZhD2pLZGi572DH0iGxtXEgJfUj8+VzVvQePVa4rpLWLGKVe1gliJFESAssgzOeeVV9u/XTzkAO7JVtvO1oOp8U62JIo5QcMdgKcvCFae7wg36Tb3xfMolS+g4mMtWcscxfWDVMvKScTxfyIw3r5Hfeq8SKJHMnK8ZHHnL9cyaOp1FYz8jv0xWQUBQvK3mGSYJ3+O0Z5/hwP79ef+aq5j21DNERWxFakAMsFywTYMOF/Tn7MeeQAtHfmt3967XuYH2kO/Fef7sv7D6nREqi17TqucIKLilOkeC/lcQXFTlbmQf2RA2uWvC15gHHronJkDU+AhkOVRQwPXNOxHxiwnHtq9OsCpjvKuuVWeCaVAuwStPJ4JFYa0ol774PO2OO1HBdKO7qjM1n7PdI7BLHRCvpITYurWsnTuHFXPnsPinOXz/9X8oLCmmXqtmtN2nA43ataNb3+No0K49RAyFLdeMMJ5kAXzB8wXsFYEZIfSk8vu0grOqaA0gSurvwgSx3UP0O7yBpzguFIf+3cccTeKr8USlriKVxtDLXaa5JSvOVrnPNDeXcsQkBrCsUyeenjwZLRwmocHEZ59g/CVXKpEwYQXRnSi3Lp2O3bgFIRWl1tDTToyfNuxl8xcHR0Z2SxVkOdLja9ZyZYtmtE2mKDKh3Igy+KXnefKOu6k/dwkx3yYLn+KQRU6PQ7l0xGgmv/ZPvh50tQroJnVYH8rhqcK1OOGIYljaMggvLkzYhbjhUbJsHrcd2pdnZk0mkZNDxA8r/PzewuktWSAhS1Dz2/e5qtvBNPxhGoWWS1ZK5f2qNFGl5kmi9iWWyYlPPMlhF164w2GKPzf7BFKZ7qb6HjAUVWRF5d6C9Hoatq8q36t0W/iUoznCcmMS01zCcZdhA89nxQfvkJX00lGz7UuBmBjELJeoY9J48EWcc+cDPHVuP9Z/9CGmKwxv235/RzeIeBrN/nYeZ//zad6+eDAzX3yRqLPZAREIpqzhDfXqc9/8WYSza1VtIPbSq5XuiGNgGz5rvhnHI0f3JT/x+zOh7aWPY7tvO77F+pfzKeT6v4lWOWVC21PP4txX/40R3jmZ3u2+2e16A0nxKmOJOd9+xT9POJm80uLtesfd8cW+rlMWzaDuAZ0pKE/SsklL/vLYfWQ2ao0rBDnV1ebbHQd7F/RppzkggeEqcVkDz4kz7pnnGHnvPaQcqNWmDbXatabZvt04sm9vGrRtiWcZmwyg6kyPJ8/MJmCPkkJwibiKgJeplLlieHaClCYqGCEMPQNb6i3MEiw3Q0XzPVMUOzSspEF5yGXMDdcy/aEn0/h1D0MXuluNuOchouB6ApIRC98xCXsCwZIe6JRHLU5+9RW6n3KmisjGNZdV479l2HFH0ShlUGLZ5CYjHP6PRziw/wCinhkUFOsCUgE3ZZMsKmD17NmsXzCfDauWctgdN5PnRPFDNqZr4bkOFzSqx34bC1kdyiJKjD88/BCtjzmep489kuiqjVIVgi17ox6iTq++nHzlX3ju5POpYycpE3VjS+eRFetI1MlDRmATF2wA5FJMRorGtLyQAfvvz+OjRqB16kJmUqconCSPPZ+W97/tA08K29NLr1FmJcmxDVK/EHWv/B6SN4rpwvBmc/iQazn23gfV3Nrjmkw+T+PbMaN4b8ggjOXLyEtJrZJPXEHagjvWdRNPdxR9ZdgJY+iOYnfLtg1F57pls5D6Dx3LcMno1Yer3/qARVYRL3Xtg7HgR8KeVLfJqguUwANI1manRH6bMDWa/+Fk/vzpvxlxwQXMfv0tLFtCKkEAxZS6LQVD87l05k807Nhhj3s0O+WGXF9h4AXuZ5XbPHjO2ZR+OIKoUFhrUrMjEfUd65DErSg5dpzizBzszCy0eBFJwabbokMj0DyPqOZi2y66GWRsI46sP6lv9JFsdXl6fsgSlBhQtc3ZpLm8FTghDaiVAJI41Bm+oQR9t9XScpUqsCjwzL5PP0OdI7sTKSzlrnPOoNGydZvqr1KaS1QJ4257JqV0g7Dm4vshThv3Hu0P70Mo7lKebao+VXd7IwjlBHNe5psYWe+88SbjB11M7VSMkATxZE+phpNK9kKBo0oANR6WtH0+f3vn37Q+6nBSZgTTNTD2DhDETtkuf+833akOSLAzaKybO5vreh3Hg59/SoOGjXHNMF7IwpLK2XS2IqA6SeO+qzvlpA0pS1ywFH5pjLVTvmPO19/w/fsjWT97AWbSwQ5Z1O+8D0f++U+0O+Fo8lq0xreyVMTflQ3b1klaLotGDOeVM85SRk3CMrDDYcysPDIbNSWjXSu6HXcsHVq05P6evchTtJQSVbYobNeUe7/7BjO3Hr7mYXs2+upCLu/YkoZlUi4uOY4I+hl9uPKVFygpKaRk+UpKZy9g0sgxzPhkLGY8QdT3yMAnkZXFDYsXkBmpgxNxMMUx8FweP+NUkh+MosiIKgco76hjuPrDT1g+ZQIPnHkqtdcVKpX0Mh1ioQiNDtmHDROmExXcv2US95LcNnMeZrs2qnZlawfEVcrgKV8iXzEeH3ABrQ/oQu8rr1UQrJiZImMvKUKvvFHMHj6CV8/ohyHMY45wSVXtdKlwQAQO2eLsfvR/5XW0PdABkRBIHB3H98gt2cAjAwawesw4clKBKSS8+SlNI0kUIyOKnmFhZGXgLV2ksoyZtoldKbskRpLAryzfwTryGK75ZLRiYypdPIfbunSndiyWZtILTDApLN+yyW8FZpW332EMmvwZ//7zeSx8b/jPHJCYCIaiccrokezft+/vfVZUj88XDR2pN5K9MO4w88NR/Ouv51MrVq6cAsOXmV+1bOEv3bguASYc2gy+jFMeeQBLzi9xcuMJ1q9ey5J5c5k29lOKZs0jPmcRzroNaHqJyvgKnj1uQa4IVlUk/uRM3L4k3S91eaf8PcAfbM4uKL48ReWu4Wl+QDjzC75fhQOiuFEMndonncXF772EFfP4/L1X+XDQIOqUyvmlkUgDcH8JfupowobkkumEKG7alAf+M4GCxrXIlSCgmCB7SEJEIMtS36YJlNOHt++5k28feYx6sRK1A+3YWb9TptDP3lSdU8KJY4v9kEnXO67htMFXkcqIoGshRahT1Sz5rul5zaf8mhHYiQ6IUjRTx+/0j8cwZsgdXDvtC3ylRhlQufrpeo3gf9W/VVDgCvQjEitl6ehPGTpwMHklG4Ioq+wK6nAMMN5SxyLR/ZJQDkdc8leOv/UGynJqkW+IgJpgHD30okIu/uPJNG/WgsP++EcOPvpYrFrZGKaOY1pQHue23n/En/SlMvR1K0yxr3HhqOE06HU4kVCm2nwMga8lDW7teRDa1B9VzYDhGiQimST1EJF4ubomjKOcmIRs2kE8VvU7rmsMnPA5bbocgR1xsBwxzDy+f/VFPhn4NzQyMN04BZnZPLxyHeWZJis/+5gn/3I+DQuLMHVPFcKLUSXFY3K+SvYnqjv0+cdzCguv7N8tTgOJgInCti2QOyfJxOdfYuKnn3Dj2+8pnLehCzfUHsCp+Fum/tqNXNm6FXUSpdhe1WEJFQ5ICJec3r25avRHYO4hJ/GW4+m4iqFKhBDlcA6lEtx+eE/4YbKKstp6CK1RQ06+8Sa6/eUsnJCOuXgF1++7DxHXwXRNvEpHtxiNui+VIB6Nzx/IeS8+rTIpG8w4Pz76NKNuHKJIJDI8qUlzpWRnq/1NVpUILRpNWnPjgh94rt95LPtgpAo+bM6AmJQbDlHX48CHHqTvNdequ9oTorW/Zbr/6tf4qmIgGCv5obSMyw84iNqL5qnfyZkjcoY7ssl+LntX+8FXc+Yjj6BLsVOaDTCgNJcsmK4EXImXMH7sJ3zw0L140xeQL7V8wnxmWXiOFA4HZ+EvGdU7sv876r0qaCNk2BU1hpxz4pr5JiFdw1U6Qtv+tC0dEHEkCzPqcX/BfDK1bBKWyxf33MG4ux+gVjKFI+Qqv2qsNOISTPAMpRDe7JwzOenFJ8jV85QDWA15av7rIG4a2jRkOum6fHzL3Ux4Yhg5dhleasdm/nbUvNnW+8jpXmhBjhclvM9+XDz9M6JE8RC3Xw/geHuC8bgrBnM3/Iyd5oCoe/V8RctqFq7mgqYdeGHFKsiOKPVOVbMgIn/BqbplbepuOEy/rkuBA+LjlKzjtl7HYc6aowweibIokTUlnqUr9d6wI3kKuW8pCDco16GgYUMemzINs1augoiYjobjeOihEK7topmG0oETZqgMVwotYf2Mb3j8oKOUCKBkSQotDaN5Cx6aNpNYhkEGBq6w/3gpXD/M24MvYvYLzxEWHQ6h4RWhHmSDtreqnYkKVa+vYwsky9BIGj5dHr2Pcy68hpTpELJNHAtSy5ZwZ6d2ZMR1dM9mbdjjthmzqdWyDY5j8tOH7/HMhf1pUhxTKfWIZHK0wGBO6Bb5AnDpcyxD3h+FHrK2MrCU2JInato+tu+zZvx3PHLpJTw5+QfiUZ2oY6NwaHtjS3oM6diG2kuWUCJMaVU8WwxJaWsWEd8l7+jeDB7zEVh7ngMSON9BEaswa5VpMO2hx/j0hqtUBk5r15F7Pv2YVN36ClYl+j/hVeu4pXVToraAryx0f2uDVYwWyR/GNI9TX3uD7v3OUExziWQSM1bKZU3qU8vRyHEUxxdOJQdEzCDJSiaz87lt9Vxe+MtAlo38YCsHxPItygybPM+j1oD+DHjuhRoH5Fes800K6ulsgtB9j7n1Dn687y40V/KEIQJevx3XpPDV1Dz2u2oIp973QODgyAKrqG8K0vtqDrquoxjgPM/FjJfxyGWXM3fcV0RK1hFKumQ5uqrNEmHN6tYUDEgTeKPos2jYvkcymkuqRSsObtOGeaNHkpMQ9Yr/3So7IIYeYUjZQqJOA0qywEymeOKUP1Ey7iMs10H3flnrXgxVeeqlhtTRQdyEU66/i0NuvFqJZZhmZnUb6m06IIFUJySTLobm8fFDD/P5A/dRu7Ss2t2n2ImmZrAmHOH8115hn1NPxdSC8LUEYyqVjVa7+9vbO7zzHBBZ6ILRlAik73JZ08YM/fp7jJZtCBnBwZ7eo3fpM4jjq6iiZGdcUxwhI1Bb2wTTlh8EMGkoR0kmuMKJJxXfWwCkVMpgkruV6GhgtLiaq4SBMkocrj2kM7XmLSUuGHFXjHtRg9ZxLItiibgYPkbMJ0v5XjY5rkmB7hAiyoImdfjXzNmUZYSJ6MIMJXooEhndbByqrgq2OFHGkIMPosGsJZTpcmT5xKwMrpn4JQ0POHjrcXWEmldj5gsv8d6gi8hIpJTDIbTotVMBJETuytEsfCNMmaURD4fJatmWI0/vR++/nI3VsBaGymAFoNO45mOUlnFlfn2aGnH0lBSi6wwYN5qGPfoSMh1Smsl3773JqLPPpZYNS3MdGhdLiXCIYitFfRt+yM/iheWrsTKytin4XLhqOTd2684/FszADuXhaCmie2kGxHNd/n5UL/K+Hk9M5ono5GzRKucUN8eF049PSn4cqWOAyAnHcPXwMcKNu0vX4u/yYTYsnjGVJ7r3IJT0ufCb8bTqFqyVigONpYu4sV1boild1YWkg9mbuiv7gujQrGzalCd+moGWm7PVrcx9ZwwvnnMWIb0M19MJiQeyRehX/iclV66vc83CaYwa+iqLnnxIcdmXGsJpL/tJwLxrezq1D+/O4K/Gq/7VZECqNmvE1Vj9+bc8csJR5LsJLDsqFXFVe5NfuFoybIbvcsD1N3HcPXdjiFhiFWHEa1es4Nkbb2LFp+PIKiwm35GaBRvXF6Y/sDTJJAikyVAOba10jYWjAIK+yumI4V9BwCKG9paYf5WVqEToIBAwuV6dJzLXJEvoQciT+5ETR6oRgyxDmJCq35BsYEC0Lj8JnzYKIquZUVXTUh7SMOo2oNvxp3DmJZditm2szkmzKMUNjRsSTZZWaezls05/6w3anNmPkC31kT7JZJxrO3Sl0bql2EJEkvYnBV4n57mjTuL/3QSFIc5R/2eep3b/AeTLQImAjCZwTEM5K3tCU8kBBTVw+PCDkYw+/3yytAQZSUdRk4vtEkggyDOWp73tcdsVY5ImRlSBVslYu6IX7YYI9ezF9R+/j6WH9sxM/a4Y3N3wM3aJA5LS4JqOHbj5X69Qt8fh6LpsrL+PAyJ4JDEg1N4pG7BEa5RGgWzkNjFS5EnZ+OqNrJk+g8mfjmVjcQnZLZrTZ8C5ZNZrhG9EFF2oOAdqgQsYQ0QTPYdPhj3HJzddR76TVJjjLMdgQ1YmdY8+jEuGPUykbn1VBOmXJ3jkwsso/GQcGU6chAX5KY04EQ5/6B6OvfIyHF2UGdKK5lvSQ7lQjE3BxK95rtcp6E75JpkAp10Hbvnxe8KhSlEdTwrBYe1XXzHsuL7kJBJKXySORUFGlCLDoU6rlvQ+72x6n3M2kVq1SPoufjiKyCEKTC4TM9BWkcM1rUthJFNc1qgZjYrWqsJZETc84oF7OHLwEDzLxXIstFSCb19+kdeuu5oG5UkFP5HXCwtWvguzoyGeXLCYaMNG23RASMY5r3kLnvnuK6JNO5DQbaJ7iQ5I5b1DnsNzlw1mzT+fwhYMehUdkIAtVgowXRr++SwufPmNrWiWd8O9aod0KYlN6cqV3NyuI206d+IKoeY0AuLGCnY9e+5s7th/P0JJwej/3AERo8jRTRqc24+Ln3sBzdo6C+eVJ7i8aXMaFq8jiYHuyTG/GXsih2xSdBZdndNHv02els+Tpx1PftwhqYmWTrAniQMiedJUmxbcNXtOjQPyG2aAGNfmhjIGd2pNraJ16LbQGacLLn7D+/23l/h6QL18+N33ceQNN6iMW5XrqVxbGcHxVLlCoS6eMJGXhz7Omu+mEi4uJ1+30R1XFeQKbkBgKdJkKxVDTdjXKkR35fcy45wtnCDlxFSCP1lpFjqVmVdORhDEUMx06NimF5yN8mUEYFfR0onrOjEplLciZDVoxEEnHcdx/c+ndvOWaKFsUrpOMo1qyBMnSnpWlGJI4wZkxqvmgEh//F69uO2zcXi+FLN7CkEw4623eG3A38hNJdIBAllhhsqy/xINdhDO81idEWHw6/+mzUmnKIHf4CQX4HEVqfd20DzaKW8jR60rRo/H6iUzuP+Q3jQpKaXItLcS6BR7poKQY6f0owpvGrhEQXN1nTW6xY1ffEq9Ht0Ji7MZqdH5qMJw7taX7lQHJKalyEhBsabx8gV/pUOHThwz5EZ8Uzbb0E7FXlak4tUG5vubGLYSnmDCNSKyXQk9o5vAXbOOHz/5hA9ffgV33iol6GMkY4SFW0iyD2kcr6NFyDyiB9cMf5ey7AyiIQPDSeEbgQaHv3wxAzt2pWV5KUL752oGxZ7O1SNH0rj3EdihTCK2qCVDeRgF8fjp9Td4Z8AAMk2PVBoqsiIS4YW5s3EbtUBPS1xvmQGREJifKuHKgw6m6exlFEhq2XVUkdaDU7+jvENb8iRSsEWT2JWkqxPrVnJF6w40iZUpol2DbJzef2DI6LcxTIn9SDREWT5pLuP0hi7pqorsh3pfEZDTlAN294nHwyfj8N2UirJl9uzJkE8+JWGFiCQ1bIli4DPeMl4QAAAgAElEQVThn0P55orbiVGqxlQcFtP1KIlGueXbb8nq3HnbkUPfY9jpf2LfE4+k918GU2wlyd1LWbBSrs3isV/x8knHY4qIn6Jw3dwqxD0lYyXK9a69NexEHG/dC+HpLl1vuIoT735QabPs6c324xhrihnYqTMnXvgX/vjAgxja5gNNlQ1M+p4He3THkuJ+3QkSnlu0kG6wMprJ9Z9/TMODD1EQgS2bmFhf3XkX399xtxLvFIayLXNLAr0stkRsVGefe27l5P6Xcl7bNnQoL1fGk9QBCMwyyIAYlDdtxENLltQ4IL9hciqD1PZ4sf9fWfrGa+CHMfwdG+lVK8+EY4Y9QbdLBxGSfbyKhA5JVaknO2+QcRBwiWTW/VSKVDyOV1DG3KlTGT9qBLMmfYO/dJXKCIRcj2zDxHbi6KaG5okZLiJtUpAceBwVQSMFzVHwleB36IYSBpUMu4yTa1okpf5PguZyRmpZKiuSUbsObfbrzL59e9K1x2FE6zbAz8xFz7QwrOAUkaaOKvWZTnBoqs/TcTQdsyTFkGaNySwurNpTtGB1JJ+nVy3DycxUUFPbBC9VxpuXXcHsl/9NpueoQnfJjwgD5Saq7//xSTLC4nxJ1r8kI8wlH35G84O64WeEsERnqdJ6rlqHd7+rN+Vfxdwp28i9Z/Uj/vkEor5oSEmIQ3j6vB3slv+2cVAMgGoa6diWRcwKc8glF3HSfbdjWhlBVm8vSNT/ttGrfq/a+Q5IQqMwbLHi/XcY/viT3Db2MwV9EuNnV7BPyA1u6YDIRj3hH88z+c032LhmMX5pArcspvC3UTHQK2ohZFMWA8AIUtlSNF6Bca3f8yiuHjkKO1MWhHgUpkphT3vlBUYOuCjYd32NcjODU54bysHn9le/M6UWQ+BfYt3rcmhISaTNPy7tz9pXRqC7MVWXIVD8E57+B136X6yYeCSus2V0SzbaVW8N55/nnINruuSnLEo1j+Ku+3Lfd/8hy86gshqPAr05QoMY594DepDx0wwKQw55KZ15DRryzMplSudDVYSIqJEepNjlaAk27OBrcwu4Ih1dY9K/X+WTPw9E01J4ukcsrx4PLJ2NFq6l3ithpWElqSSjhj3Cl3feR3YyqSgIHKTw0uLYp4dx6MUXo21jUsgB+sNT/2TElyO55+X3Kc5g73VAPBtjYxk3tmtJuLQUQ82rzU2w2MouStN++nalwlvlWEcUhOGYR+6l+5XX7h2SjgK1iOvM+e4rmrRrjlmnGZHIFg6EDzPfepu3zz0HXWqwDClE33pj9wydjF5Hc/WHIzC0CHrl2hkH/EQRg5u3oVFB0c9ofCNorA/75CcNGlw2kP6PPcHjAwZS+NqrWLKfSPRZ85QD4mshihvVr3FAfuPZ6nkO5brOT889z7jLBlHmuGTsYGFCTTNwQh6nvPwKnc76i4LQVRVfLHut0rNKB6HUxinnj8TkZSm7vqLJTiWTREMhEk6KZKycRHGJ0nXSSkuJbdjIqqXLWLNsJeXFxZQVF1JeXo5t2+pLprFpmYRDIbKzs8nOq01mTjbNW7WkTt06hGrlKaFfMxIlFI3i18qVFyhBTLQQEU/qVwLKGJUFTD8TEYtV1MG60M4L7YLK8Ss3KkccA6mRiblc1aQBeYVVc0DEScDI4o5l80jVb0hExkgCeLqDWbSBB046lZJp08guS2IK01YF7Ggb80WCL3KmByAzn421s7h1xBhq9Tg88KJ2hWHyG+dzlV6m6t4Cel45HUKORonAzhNlLB4xkocvupjaSY/8pMKY72By6ir1dNPFFdkP2wqzIWrRqk8fLn/5JdxIJhFXU1m5QGq6pu0JI7DzHJC0coVsFsJilCzYyEVtWvHK8vlomfXw5ID9NRNJZR+CKI1EhVR0qKI4Q+02QfRJ3mqTcywS4kVFbFi0kK/efYdjrhiE2ayZysb4JLn/6L6kvv0SISsJC2xIl0kdwCKUGJ7s1J5stBa+6Srxo4Qi0wwOiZgJJz46jAMuvZSQKLtrYWwjycP7diO5cCZe0lH0nsutLJ5cvYhI7Tpqg5YsiUSagkWW7jA+K1fM5oH23aiTLAtEBH2fovYteGD6PEXXKywpmm8oKkM5O42ycm44uBt15y9mvZUg0zYozAxx56xZhJs2x5IDUKyXLQ1SeQ9PIl4p3r5iMPOffj692WqsycriqWWL8URPJCRZEANTFKCk2jbwQBTkTGxaPZnES8Rw8vIJaXZQyLx8Lbe0aUw0JWlwhxKiXLJwCi1bdlQ9kPsWMcOEODiJMkbeeAvfPvUsupOgJGyQatSQIy8fzJ8vv3orGsfKC0wKN1f98D0PnN2fR2d8j6XnBHiEvbBJtsz4f9acuzrtj7l0NoLg2LI5uhT029Tr3oMp03+gabmdPnTFQAica4HgFZk6/V55mf3PPgfhddrzW5C5kz1F/onTXcmtZuyt9/DlvbeQ6VqUmylCaUtLloOsA6ndOPutt9jntDMwhOKqcjGb1EKFEtx26BFkfTdZ/Vkuq2gyZWOaofaIvD5HM3DMx5RNmsyjhx9OtptUgpNSWltqGuQ7DkUd23PPzNnq5VWtLdjzn+e271AMe9OBuRO/5PXeJ5KinGiltSJ1A0ndJVcguYf0YOWcmTSIl1PuO0SdCPYvxIYVRMkP0W/caDr/4WgcQ862KsJ40mw+FfNSjPwKUFCA3ksHGATalKYrT2vGBtloPQ3ySzsDCiWrrgvyKorspGKmV3D8qvfaVB+vvIjg2qBVKMgH/1dvFPyUJlupUPoI6k6Cc00LDuqgKaIRm4irk9J8bmlQn8iGggrfKsjE/MIElbK0IlPj7plzoU0bFa2X+hSh1Zaelq9axpDex9B4wXJMN0U8pKOnPGV4y/qSU7wyRbn8LYBOp80HXaeofn0enDoZp26jPY4MsCIDosz29PP2fJeS1RsZ89Q/+PSRh2jqpNB8W80HgaPJ3DF1Q2n9+r6nqHAThkZ2yiQq0G3NVnC47W2CRhHIqcw7BRs0XHRBjlhZtDrtJC59Yhjk5Sm7QPovNtDWO/b29qDm9b/nCOxUB6TixlzBIAKXtW7FPZ99QG6bLso4Mn7JeqzYHNO0cqp40/cU/avtOQilu9CIGkWlFM9bxJfvf8D8/0wksX49sXVrSJWUqILqwe+8SbMTTyKsikptXh90OfNfeAbTEXpOmc6OcoYcM0phWCNmmbTocQhdj+1Ns1q1GPnIU5RMn0GGL/GoIG4SPkqKoj4NALieSZlfzM25LYg6RYTtoCDQ7HIgN076hpAIvm2juY5EsvcnsnSRYp6STMOSqM+j81YQatxQOTniEKUMD8t1mfLqG7w8cCBNXdF9TmF4BtbRh3PdRx9hGNHgCKkEARBaR0lr+q7NjDdeZfj5F5Hhu4oGeEMkwq2rCojkRBQsTkskcSLi17n4a9ex+PvJjHvvLQoXriC1bDlGy0bc+tFX6BGDmBYio9jm6hb5WLFYEP3zopz94Zt0OP6kre/alUJIl1SsiKmfjaNug6Y0bNKM7JzaEIoEIONt2cC+R+HyhVx74JE8v2oWmpMF0Soe9L/natuBny3D7HsuT/Y5kZKvPsZXhc6bm69ZuIZNm3PPRa+dw9yh/1Qbve5Lsj3AdUs0cYOpc+mHH9KiT9+9xAHZ9kOQUXz2tLNZ8eHbRG2TMjOlsp+Cn1f1nJIR7dSJWyd+jZtVK4BnVQ7ICd20abP4zXd5+bxzyZSAyBaPR+IlSRltWWv778PfJ01DX7eWS1o0pZltKwckwPnr1JXC26OOZMi4zwODaS+Aye3AZaKi9Kbts2r+dB7r3ANNjxOtRDBlibK97pPrebS/7u/ktWzCqKuvJTMVx/IkS7ttQ0tgp66fyQVTxtN63644wqz0a4JrO/JGd9P3KscmU2la6dzetAnWytXK+K/YtSuTY1S+DQmHbYzCHZNmENmng3LMxa2ogFgLq1jhj9O59dhjaFRSimVL5j5wuAKnSUOM7W02qVnBIL93b64ZORI9vHco2/kJGcsURSsWsXzhbGaMm0BBQQGpVEplzlMFxSydMwd75SoaJyTglVTUA+I0CKA3yxP9pO1zQmyRHPAC0WpFguCHWBcyOfG2mzj68svQM7NrMh676dreEd3aJQ6Icrx9n6sOOIirHrmbBkJRK4bzLzEYiaiURBxdD9OWQ9zFKymmYPZsJo0Zw6ofZ1C8dDkbFs0naieVLyAFuSFNx/Al1+CQMGH/y6/gxIcfQnOFSSTFhFdeZezACxVFrbDMCD3noVddQqPeR9OsbSdqNWoEYclqaBR4NrlFxTzU42i8+bNUJCfX9VhRtzaPL1wCmRkqU1Bkb1QOSJZfpg44gVLlHXk0l4z9CFlC22oS2R990w189+DDRL2gmG5dxOXWiZPJ6dJFRX0kA6JYxQrW8vdufyCyZDGawEkMg2Q0i7tmTSXepDGZXrr2o5JRpLYJYZXQHDZ8M4lHD+tJnh9kfgoNnROee4HDe/Zg7k9T+PaTj7EXrGL9goUUL1tMlhT+SQmIbpDr+qxsVJcH5y+FiDB8WYTjHn/t2JTWSzcqA22DFaLvHTdwypCbtrptgY4FaHgN3RGqxnSn0swqwhm/TUUY3yeeKOJvTTvx8o/fYNZrqtjK9sqWNoiH33wz0x54SEX/tmwyjrbp0/7yK+gz+CIearsvUd/AdAUlHTggQve53tC4+rPPaHhUrxoHRAIcrss9XbrhzJ1C2A6pDIjANWRd2ujEQwa9H3uUwy4agCnihbKwKk9B38FRzD8FXLNvJ7JWrd0Kly6XCwBRhFiTLRpzz+z5CFTogdNPJfnRWFX3FfZNCi2XPMen8SVXcO5Tw/bKab69N61omG2foo1LubNRezKsFFYlFl6BdJQLG5yn8Ydnn+PA8//CM6f/iaIxo1Vhdjp+9j+7IvV+MT+TIUtn0bB+MzyzJkpbMVgJUkRSFmUhjfv33w9dWOOq4ICIc7gm4vHIrCWYLZqpfMaWNRq2xLs8lzWT/8ODJ51G/Y0liiJSjFrF6ihO/i9E6qVWU6gJkpFcbpw1nXCLJts77arF6+Piqik2tSC74IqelCJUCM5lK+kJuwErF83m+3+9zudPPEUDO04yPba5bpjYdjJnRdKVqKKdViwbbYf9GfzUUBofcSiGHw6IE2oQV9ViPv2WTu4yB0Q6N6zfeex3UEe6X3sdEcWm9Av4GSegynUch7Ct8fBZpzL3qy/JjifJFV0MAVTpgZMimV9pYdtSHrqXTkk7lkZZuw48MWkiph7C1n0W//QTLx5wiBIak0RByLdofff19LnpTmWEiV0s0WKx1CSwXG7G+aD/pSx59d8IMinfTrEiK8zDi5ah16mr9DpK3EJuyGxCrh5TGRCBakQO6Mb13wrLzrbv03Zg3bfjeOrIY8hxBSRmEI96XPLeBzTsezy60s0wcR2bKf94gg+vGqLqQkKeZGui1DqtL9e88m/KQzqZrqnGoyJQWhEpEidLcCAJzcZcW8qVzZtQy06S6fvEDAMvO0J5IqYgJeJACWxEjFRVsaIUhKUORjYEj+VZFg98N4Pc9o1JGhquazF08AU0i1u06rwfuft1pOX++5JZt+7PHBBJn2sB7ZikWgLonCk5Jcm4SO5nGykQT1L6KYYeewrHnn82Xf90Onoo47fM++r/mjS+d96X43ix94lE3Z9Ti3oGHHzHfRx55aXcnJdLhm8Q8QIufMl8iQMiGZBBo0fT9NhjayJNYrAkElyeX5d6bhmWHSJupNReEPJ1ioQBqE4O902bjd6otqoZU1HWSgekLe6FJ6arz51H9YAJ3wVQrXSTy8UBiWouBXlRHlm8Ejs3g7kfjuSD087H88uV0Gex5RBx4KhnXqHnwHOr/5z9He5AJagcn6LSVdxepxVZeupnbD8SZZc6EXEbzhn/FW0P7c6S7/7D0F7H0tCN4f+CJIfoSqTCtbll3ULyQ7n4UjKxN6AZf8XzTIo+VSJEcQRePfNM1r37bpUcEN2IsDic5NkVG3Hz8gkr+vvNC06WlQTHBC5W8MNkbu53Jpkrl1FHKtWdIMMv0fVtNQmEJo0UEdfkgPvu57gbrvkVd1b9LxEkieA/jICFAL8y24ZgPRS8TuDbSSaN+pB/9b+QpiUlClIqdbz+dmrqCElKuWGxJjOLP918A8f+7UL87EyllxZSxU//JcBT/Ye+5g4q3FzfZ9KkSQLrrACG7ryxmfzya3zx5qtc8dGHijZQN34h1Sn03GKgSkTD9nj0uD4kP/+cMhNVkCSRJqkZE/58qdco1UR3wiERDhNt1IQu3Q8jp8v+1GnXnq7HHaOKwKWOw/ES3NugHVrRejTfxfI1zON6MWTEmEAWNc2nrgTEEpAyY7x4zl/Z8N5okpanqGPXNajNfQvnooVylNHsuDGurN2MOqUblfEuBvvq/DweW7keM5yOKqQL2ytjGEVPL75kOvd06kquI0vaJBFy+POLL9Hm7D8TcnWlIB4q2cjt+3Uld/Vq4p5HxDNYX6s+j/w4Beo02BSJFcNTNghRNKe8nMI1a/hp4kQO/dPpJDKj5Pw/Rva2Aw8gNXsuUREoVE6XhaYb2G5SUdu6WpBc1TR5RiFc31YUu6mMENkdO3DJw09S/7CD0xTGBiE3pZTNE/EkVjSi4D0/8yWUJHSAEa440+UoUawlFVCWbR3cnk8pKeb+4wU+GjuGm99+H83aO4tAVGRXSABKC7itaWtCpUWbqQvTvP6ydk56/jX2P+csbtq3NfkL1lJmJMl2ZPxFU8KnyDQY8PY7tDnllD2G/74qO5jCrqtskmQ4fLyCAq5t2JxGTrlSWnY1Tzn04oSU6WG6XnUx/e4bFsBsBEwurdKcjREnIxWlLATTnn2SUZddQZYSJQw+R3YDyf8K+e/aLIsHp81Ea90Ub81qbmm+L7m2RHENyk0XV7O4dNyXND+iR1Vuq+ba9AiobcX1KSpbxe35rcgxUhiVHArZv6WssNAMc/viRdSq2xBHt3niuFMp/eIz/EoMcpUHV7bIeKt9uHvWD0FWP+2X1jwEyUK46I6pkAgf33oHk++9WzEfBi5EUPGyZXM0qcgJgiSysKSUMfvck7n8+XdImabSWJHTvqIpkhk5f6U2EofiFUu594zTMX6aTk5SAi1hfC0ZALJUrcHP2/+xdx7wUlTXH/9O3fL6o/cq2BARERErdrHFkj+x14jYe0dQUVBjbKCxxBY1EruJih0bKjZUEOlVen1v3+5O/efc2UUgEXiG8oCdfCyR2d2ZM3fuveecXzFlvRUfLl2jwUmn0fexv24dj04t8MKvjbpF4mq28qEEiRWLXeF91Xmv33cvn147gNJMmmU22I7sHtbdjFxindU9iv/tgVRlaEwuinHY6adz7BVXoTVpRlx+TzpWhhgo5/myhWx+Sx2QG7UD4k6bzHk99+K+CeOx4kXoq8i6/nqIgyBQUqLP9r+OGTcPZrEVUO5aOKbL4liSRJt2tN25M8UdW7Ft193p1LMnbkmxMsEry81v+fxKNruCjX9wr8OZN2qkcjmW/5bdpi0Dvv0GJ1GqNghCRtc8D23xUj55dTgvXnUN9ZcuV6pPWmhRftxRnP70ExSFCVzxxnE9btv/ALyPP1RkqlgYMjOpc9N3M6hs22SViW91HLd0Ot0J33DTTl0p9aQOZ7Pcdjj1qb/T7pjjsEKDjJ/h/T/fwaiBg7AzWZX0pCyN5qecxIn3348Zj2Fla0hNn8WYTz/B+eJHfp40kXGffYqRzbJQ97npww+p6NadeBDw8qXn8fV9j1IUCJE86njIuuyZOpodY5nvESaLKGnXmg49elC/XVu2696DVp07k40lCDAo28hvhSw1jueT/uZLLvr98TwxYfoW6d69LmEVFInt+/hBwO07dcIZPyGSL8yp08gS71kBZ7w2grYH9GLoab/H/9sbzLbTNHAEwyveNQHVhkmfxx5jx5NOWhsgcl0ua7M7R7hRIpTha7pKQPwpU7luu840djOkNRGT0AlzToRLzDiXfPQOrXfrucb7dMhgZ+JUx6F43kyu7NiJ8mXLIlU9TccKBBxqKnPSOfGQi55/lVa9e6FXpTm7fjPaOdXqPEl+FhWVcef08SQqGm92sa0LF6wSdT9k0dKZ3NqoI4kg8x9+GLIZFhhVw4MO4bxXXiIwBZADPzz6BM+eezbJ1RXkVrsxqVk1OfF0znr0wRwkVFogdeHuN/U1CD4qVCpYYtT40YOPMeKi87FcT1gckXT9anVPmbdsyRSkS4vJsvJibp0+FrukqQqpbIJXTkBWv8NQ+ARLFjP0nDOZ+vrrlCt7lUh1IN+E/I9HoyTJLRzLpdmpZ9L34Uc2deDq5O8LlcZPLef2o47B+/AjfM0hDCIp/nXl9Ajc0dEDxfWo6tiGix55mGZdd8aNx5UaZi3Vq+tknAoXte4R2KgJCNkq+nXYkQFvvUX99m3QjVW9KtZ02XKhEz/9hL/t0wtP3MM9i6WGz3F//jM7ndcPXTOV4Z3IYip8j1KBirTOV5jnyQ/4vuIpvHrBFXwz7F4lY1vmQE15fW76cQy+4zP5h++ZNeYbxn32GT+NeFfxVeq7EXtBnL5rSiq58t23KNu5i1JUCa3ImfzDoXfz9qVXK0lUOwxYZvn88akXaX38kTljMT2nY73qFLhcTAVfeYkHj/8/ij0NM4w4IJeOGEmTPfYgqwckZ83jut16YM2fHckyBgZ+IsZptw1izJLFLPp4FOM++UjJ24oO/dJYRPE3Ah8rV8Q4/K676dHvfAVRG/vSEzx+Qj9KAp95pkaYSNCwdRva79adkuYt6HHooTTpsA2haeLbFmEgxFhpR0lmFhJKchaPrftIWw9nSvfKcDVSC2dwfqcuPPbzDFjdcHE9/M7m8BWOQPA8TSmTPP37Y5n24ktqbMlCoAq8mkHa8rn6qzGUbb8DLwy8nBk3PcB8K0OlGyUgoRaQNkyOum8Y3fqeXVvdns0hTGu9xnwCIv7OOg6z3hnJ0N5HUuE51IhSn/BmCHD0kPTOO3HTR58QSxav+Xt9ITgZSlUvlq1mYLeeGKLigysKwKq4EYYmNgGLYyGH3jiYva++FNP3ObtRC9ouXUhWzAuNONv2PYND7r+DcrZSqOFan+CaT1AkdB/mzRrPXe12wRLr1dU4ycIZXGBbnPr3J+lw+DFYpjiBa7izpnHhjjvRZPmazfOkM3zYn+5nzwvOifIOaYkUEpBo/c0lIFrg8cVjT/Na3z9ie/6vJiA50UUyhsHyeAmnDx9O68P2V2tPUrWz/ltr/Zcx4ImZYwjxrMEL117GqAfvojwbrYXSjRFOyOpIIwWXCy1Slk/PQYM58oor/sdRt2V+XHJFNwxZNO47Bu65Dy2XLSMjvjK1SEBkkRH0y7JGTRj03VeYlWVIf0o3Y+oZrxGCvWWGdau+q42WgMgPpclwe7d96DPoVrY9SDS3o0rTuh6pmjSDGjdBTy+j2LNYZPl06tuXPvcMzUlluspzQrgh+b+s1RduT4jpJl8+/gSvn3WmMh4SEyPhXdSUFxNULcfWhXQqsAsxgzJwNB/ROl+aTLCocSWXD/0LHfY/DEOSHM1FCyyFNa2e/hMDt9mFpDJGEriRi71DF6758CO8EhvNNCNPgdVkOx23inv3OojlX36GEUi1CKYmQu74cRpFrVoSkOWt6wcxavAgYpIAhKKtLhuZHKHbtnG8mgiuloN5VTixqDWda3Ivjntse8oZ9B02jMAImTtlMs8OHEyLdq3Y+4gjafzvxBCBxFmGStCkZiSLgUoxxNdA91XrNB9XmSpMRd3beIdUqK2MxnK7hsuLGjFs7o+YZVsHYXD1KOd9XZaaMGrQQD64cYAiSitRthx0rjoRMGTqTPx6DXjn4dv5/tybWWxmKPdkvMvYDcgYFgcNGsw+V4oE8tZ3KACH8ioIMd00T1x4GRMeeohEEJBR80DkFy3cr/3+PIQ9+l5CcnXfj9XDFogMqLQUBUMa8Ne+5zDxyWcpDYUdIkaDUiKxsUXg1Q7p0Od0/vD4o6q6O7jH3oSjR6lix+x/dxr7f/4RDbbvjCVl9sJR6wioBMSD6WNHM2znvTGMDLHVRZFMjdnJUm6bOo7KsqYEhjhu62S0NA8cdSzLX3tjjb+7PGFx4ctv0+TAvTBDkREVm/taX+oW+IFfEhA99Hnl1jsZPaD/GhMQKa55hsnC0lKOHzyYfc88W8Uykg3PhXUNsZX0RLrD8tyLUhnuueB8pj/3HMUZ4WW5yihXpGVXPpS8q6AOEhoXCtyxx+5b4LP4329JScjI3iPU+Pivj/DKeRdT6qZrlYAI1DHUYhT9rjeXP/MPRPM4D+GqDZTrf7+bwjfUhQhs1ARkqebwwrEn03zvPTj4vL5ouVb3ugYiTch923eiasJYElJh1H1K99qTy94aqQjYguKO+VZU4ZBJxvVJL5tD1tQobdwskqdVik4G8779hnt325UKL5KUkz8Tgpu4wMrWOtAMRWSP+b5qGZqmTXG3XTlv+OM4DZtihnESeoBvZDD8pJKQC2uWcFmbzpQuXqjkcqVzstROcvQ999HztBNw4vEVi58izitN85CJb7/BsN7HUSmu7EKw00OqtmvH4K/H4llCkcww4tqBfHrnEBJeqLxLHGVSJiR5kdeFWE7bXDDIcv0L4ukIM1taRtN27Shu3obtDjmcXif9Qc3Ajm9ha7BMnJ6Fep9JE4/JZwUCFkkLKwlDXTgpYpgoUIY8cjencLie90R5RHB+fREzRzkULFTR3QISWYOlMY/Huu7NnjdfSLfD+qzr8NmizpPFwPANlhuweOR73HvgAZQpo4qco7JuUlNkMPjnuQTxIt5/eihfnnYlS02Hck9kJ6NNskB9drv8So4YPGirlHiVcaWLwpUYfqYWcVGn3aiYNlXBdBwRkghMPCNk+b+16S8Z/RH1tt2NxFry7kh/L8RWnoI637/4PFtudyIAACAASURBVH89+VTqi4eOSuzFHV3Q0B6uBSXd9uSij0cq6OYrF1zA+AeHqQ1Xwz59+OOTj2FmbaU4VzhqH4HIByTk+3fe4B+HH4c4OkkFNmLjRBta4eocdM0Aug+4lmLHwrVF7lxnuZHmm3uH8Z6YdOYS+9Xr7/KcFsQsbvvmB5IdOwhuF0vmzvU8N9b+zjf9J6LkXrnt4IZZBh93Is5rr6pOn4RH/kSKXHmfL6VaZcZJV9bj4r89Tr0DehELoucXSlVQBEzkttb0KijItfAaXDwHbM2mX/sWVM6eqyCrsp4px/aVDrXkBjbLm9fjdulUlpZs+uDVwSsQm0mZK33ZDbhZnrrwUsY++hClvq/4hKrzvpK/ivzfvDiQNK6UhYFhsKS0lJu/HUWyWXvlX6P4Pmo/s5JXTR28/8Ilrf8IbLQERC69Go9J9z3CP0e+wvXPvo7CBtXikGV7aO/fsWDEG8oxNhZoLG/ahME/jiM0dMJFi5k9aTKLp03lw1df4ZN336XY9el2eh/OHPq4kvDzdINY4OKnMlzWriUVC5eqrq5QQ2WjLYBwqQ7H43G1KRcd+JQVkPR1FukmbX5/NOfcOgSaRRKw0pGQjZx0QKy0y6jXRvDCWSdRryZF6PtUi8oDGicOvY+uJ55EKOQqO4EhZlVLlzLpnZHcftL/0dALKPED0ppBqsjiotdeosneB6Dpgk33mfzSyzzWpw+Vjq8IxIo4JiZqMYtUNoufSOCWJClr04bKli3Z5dCD2Lv3EVBeSdo0lQKSmrvrsjxLXi5RDYtIgUPWCkUzl421qAJkTapK4ftBQ/nymw+48Pl/rAqxq8V42qxPzalgSUId1GS5qkUTypencEJxltdxbR0zkWTA3LmgW3z0t0f49Mx+LDIN6nmSqrs4uo0derQ/63SO/8vDGHV5bGyghyUeD6avK9ns9JzJ3NimM5XZ1Go7FA2nRQf6T/gS6ajqsVruLuct5NKObalXVY0TiOSnp5R7ZLpxdIOSbdpx0dhviHtxPnj0Pt65+GKWNWjIkNFfkWzUXGScIlhP4ah1BPxQYq3z2Z/+zIdXXp7Dy8p8L+TZyNh2VrHN4LETKW7REk1T4EbFWRAhjlkfj+be/falkRclpF6YJ0nr6tNZXWNBMsH9cycTsxqoZKbYFyxkLcdIre+s7n9AdWLFyE7EMvRqLm+7A/VmzFzlwkXtSLpGoalTbcZJ9OjGgBdeIlNRQSzw0PTfPu7z/JLnrrmGiUOGIAR3U/MVinjlw7Eg6cYpP7MP5w0bClursmIthpSKre/z3IABfDlsKKWBi7ksTUaZDv/CCVHy/cLbUfBgm1QyZLs/9uWEO+4UdDxo6w7Dr8XlFU7dTCKwUROQTOCj/ziBPx5xII99Nx6teC1Y6tWC6IU+/xwwgE9vvZUSL4gcM02Thl135rtvvqJSg0Q2IC6dC6mr+GJaCItbNOTu8bPx4wK10NXEFgQ6fzq0F1XvfxhhgmXjb0LYZXca77Qtlhky8823ic1cSKBl0YXXIf0BM8HSRpVc/8arlG7fKeKeSHVeC3FdF8P16bvzdrSbOpdSz2GJDknDZrngHstLOenaK2nccQemjx3DC/feTcXSKlwno8zKBIW+xLQx992bm//5Em4sqfDisvD5kydxftddqEynCQ0NpyhJsmkzipu35PA+fehyxBHKuyRIxBS+Py74EWF0BaKpK7t4s+5v1GWx+qX9gaZE3iG0QzKCwZdOTBDgpat47+IBTPUWcfljz9b9+9oQk0EuAZEkV/+3+db1bVoQn78QJxSIjxDQdayKcq6fNRNh73z01MOrJCCO5uKKi30YUHnk4fR96eWtEjaiVHhCSehh7sh3uOfAwylys6s8Mdcw6X7h5Rx65y3qVRK1uFodGY8BnbdHnzhFzUeJnAFoPgGxmjTiuunjMYMkX738Mnee/0ce/uRL3JbNKDdl1nFVElk4ah+BUDa3QchDf+jD0udfoCYUvb9oB+ppAaLW2uHkUzntgYcILZtQU0BP5fKcFZLtvMVc2r49TVNZxZkS+1wxaBWzSPmWrK6T2LU7V44aQcwrihIQ2eEWIHNRNTyAKgNKlsylf8vtMKqXrfoQ9VDNQ6kGTTju+uvofvZpZG0Z85AULtXalDLXMCTyCcjYV19k+LHHKd5kTIqQq9uv6xpu/Wbc8sMXOPUrsGsJDa/9qNwyPiHj33UD9KpFXHns8RR/OQUtNWuVBMRQeAofV9dIGzbFvQ+k/xNPkimtUEnJ2tCsW0akCnfxaxHYqAmI7wUYfoa+7Tpw03sjaNhhh1o9GVGDm/LRu9x30ME0zfpKvUnTZIBL1p3PvJVSuILsyI4qMBxmJmweHD8DrVGJgn3JJjaDwSvXX8p3d/5ZEckD3aCqxGbwnGq8hC7oLYodj3tPPoFZ/3qTmF8jllQUu+KmrjO7OMZ9o0ahtWmLGUsq/kUkswnmssWc1XFbGixcRCJEydcm3Ui9wyFGTNXehBLnKEJ3BDXSmG9ZLGnVnKdGj6GmPC51OGWoJMpbZtbh5vPO48gDe9H5gAOgrBLPEH5KhHmVOoLwNZTEZICSyMsT+kRxRH6zrh35BSLflZHNWeD5kK0hZol0o0tVuobi+dUs+3Y8bzwznPEvv0GN7aFVVnDxzE9oS5O6dlsb53pW6oBojiQgzYnNW6i6ZSoBMcBq3IDrZs3E8AxGPv4gn519/i8dEE25VVAUBhh79uSK999Xia0cdbpLtr6jq8xLpcng8vx55/H9o49E/K2VjpQd54+v/JOWB++PromHee3EF7Ih3L9/L6o/+Fi5assmKG8MKh2QoLSUW+dPAa2YMe98TLPO7aho3IKU5lMa6PiiGrNVSgSsh4ctENVUigvat6H1vEUs1m3ioaO63pmYzdJ/8/Ru/e5HEttso7iAgSIIGKrplDVDLCdgQPdd0b4dhyl9Q00ArjJnR74hUufpdtFVHHBXf0qyBqmYQVFeUnw9XP5m/RWhJBcyqQe8e/31jLp9yH/wLxKazYKO7bjpvbdxGzWgVJQbZOEywdUF7FPLZP+/BOyzxx7hzTPPJtQMxfmUfcTKh2doND/1VM5+6CGFpCi8a+s46pSjLUpi2U8t4ZVrb2L8ffeskoBIUTUlhs5lZfQ8/XROufUWfMtQRq0Ccy2oXq1jrLfQ0zZqAiIgwbThMnT3fdjrxkvpfthxtQqrIwWR1Hwua92WZktTCv8uHQJZTGQTLupOIn8rfAzVNdAgHSvHaNGIa19+ncr2jUFLqA1GtaYzfvgTPH/KaRSrHbzNvFjIZd9+TutW26m2cYoscyyXUedez6SHnsQOxLonVBUwce2e0KQed47+lJKmbZSUZy7nIe1DYtE0zunchaZLssQ9IbE6CuYh6je64ITFxFxJ2ElFzWC5DkV7dufat15H04tIWR5F0uTPmSGGroZnW2SE7yFdFdE/9xw0UxmlSJtATdppqfAQKjhX5NCoWF85Nnmtwr3BT84nICKzLEQWI+Mo35KJn3/B8If+woz3P8Oocagu0oi3bsgRp5/Coaeewcz6xbRYaODEk6xNkGiD38Sm+oHVEpBrWjYhuXAxMkJVAiIiBS0ac9W0adi+wXuPDOWLvhexOAfBcnQXJ5QExGdRu/bcMW4cYa4ctVUlIMrcErSqKvq1aE3r6sUEq5FUqxIlXPvtt5R0aItPNXFq17mtBl465VQmP/13PDziUn7IVSskAclYFjfPHk+irIm4njK3TKdx4OELL0XBw6RyWzh+UwTCkJ/HjmPgbjvTMe0x37Qp8h0lBLDE1Clu35obxowna1skRGbUEOllDU14UlaETx9+xmlMeOo5bD+Ds1IComiGhsHJjz1H45OPoNwJSdkmRdJOKyCw1FqZISCZytKvWSsq0guxpWK20jG7OMkNn40ksV0n6jsWy+JSoguIK2nJ9cOl+dv5FzFj6L04moGuSUds1ZEkyIcz3xlBq30OUgbJBRfJdXvTRJVSSim27DEy1fTrvAv1J09aJQFxTI1l8QQ3v/E2Vo8eWK6DaWlR4qGJXHXhRVm3aG+ZZ23cBCQLrp3lkVPPpd3O27L/pZeK1U0kvbZmdb0o+rLpchxu3n1XrG9/IKtk23xqdJ1skU2VdApat+WsKy9n+332xo3FKC9qALZUVRQFXZHiJDkxHI/5P0xkSA9RrXKU/4Z4Iux23XXsMXAA9TM+6bhUu3SsTJbhNw5g1D13Uhp4qoojClQ1sRiLyhLc99Vo0o3boJsaSTcDRhxPdzAXLWT4rX/iXw8/Qr2MR8J3sRKGSj6qg0A5gKbQKeu0A0OefhyrdSvQ45vH4qXa6zJZR+5OUWwNlesIV10W55ggWST/MSDlZ5XZV1LTsERX33Fh7nImfjqKZ/76EFN//IGs66DH45Q3b02fM85kr8MOh3/zGEjaBElLSQDGClj4/KsQEZrlGdQ4XNOqGcVLliphBl0lnSFhm8YMnDhVqcp8OuhG3hxwO0Weo6qSkqCU+BZVugv1mjJw1hQMeyvc5vqw3Aio/uQj7tuzF7op8sarTvZziou4a87PJIsSqvSwmojdWlcGAfW8ct11fD1kiOIH5Pkf+Q+mdY1z33ybyv33pyR0cAxRyCoc6yMCIiry3RN/5dWz+mF7AptKqw5fIgxZaCW57M3XaLjffuqnVk+88wWSEUMGM/qaaxHH8zJPpEVEETAUNhCL9RgXfPIhrXbdJVI+y/Go6l6/eX1Ec83fEe3rIyRCfpLKOA4v33wdPw25Fy10V3hxiLy1rPv1DzmYU15/gWQQU/zL9b0hlWd4yz4H4H72PrZrIoWX1WV4UxX1GDJlOlpZIlrHCpvidRoskYCHEM01NGcRV1W2JlEjjNdf0LxL7JBThr/ILr1/Fz3fAjRxnWK7tZy0cRMQD1wz4JMHHuLbD97h4mf/rrJgNXGvg5um7ziEhsVffv87Fr34agQx1ULSTRpx+0cjcZo3x9aLVOFfuh9CIUjIhjjwMXKmh3LD8me6SGQuT3NRu5Y0XJbCCsWQT8PevRuXfPoZyWxIOhaQcAwyRoifqeKt2+7gw9vvoFzkNbQQXV68QCds2ZwbvhyFU78xdiD+CtEknNJDUoIoXroYfl7EjyM/ZvqEn4jpJs133I72e3THalQPvbhCmY7FpNKpLi5yC6/bRySxKET4PFlcoAl5U3O5dgGtFYudVFU1LFzED6+9z8vPv8D0SZMIHZfFVg0ddt6JI046kZ323IMwUUFJRX08w1JcnaxwY2zF5lGjQ5as/70hX7ejuq5Xl4+zJCD+8hquad2MsqoUWTHPCww0ca5t1ZiBk6bhmyZvXHAenw57hIRU1uW9kY5bYFFlinR1GTfPnEqiXsW6/vwWc16UQ7v89awzmfPEs2i6j7caRiPo3Jn+X36NYfh4mvQ+a3dkAo/RDzzAvy66iGI/VIIVKzZpIhuqwz63DqbnFVdRhBOJA9TuJwpn/1oE/IAHTj6BecNfUN4sIkAtbBqZXqcmirh/xiSseo3WmIB8+/zz/OsPfagBSn2B0QZKttkKYGm8iCu++IyG222HJsTzdVzLtsgHJkuCcCFzNycgNWfqZK7s1IVmqZSC6ghEWKGyNENBiw+98y66XdQXceqQ89d391XW+wtbtKZizgwskcvX3QitsNIRtGrFwPGTCHPiEoUEZN1Gp1qXczJXC7/6kPv2OhgzG7nO5/+y9ujK1W+MICytRNJ/4YQUjkIE8hHYuAmIG5CxdJZ9P4abjj6a+8f9iGbZilMhm6K10izFtVu3eO+Wmxk1YADx0CAIXeYlbG779lucbbajDFdNcHl1aWFeRG4Z0ZEvzqgNgOdz6yEHo733GY6eVtAlrbKc/vMXYro6Gdsn7kdtdlXRr0nz+m138PodQ2jopbF9TS1KrrTvW27LjR9/wKJG5ZRK0qG4GFEiIQmR/KUqz7lrkWsSDKSqxkiZTnY1drQ5yfWE6uwolUGjlL+Ex+JkVeLkpNOYto+ZCXCm/szIf45gwmuv8vOi+cxdtkTBe1rv3oPefY6n8Y4dsRpWUlHaGFOR+KXdLgERHTL1FNQTlKBE1fyI16L+c213f3U2iv/bha1IQPyA7JIqlYBUptI4hjh7G8Q0g5rGZdw8ZQahafHo4Ycz890PMLzMincgFkYJiBMk6T9tIiUtmv5vF7UZftoPA9xJE7l05840qZGWnfCzVgWJN+rzB8565hnM0MXTa5+AiPjuuKee5NnTz1AJiKoxrPQTMk006dOHU595hkTg4ur22ufCzTDWG/OSVzhsL1rKeTu0p8l8gSdG8FeR1BWY7oJmrfnTtJ9I6GtO98aP/Jin991P+Scl/UiWXDLIWAizEglu+e47Ktu2U4WjFevLxrzZuvJbIoyk5WTb/RCjKsUFXXei2Yz5eH5acS+keyjwt6xpKf7N1Z+PodFO2yNCD8rnYz0W3mQMCLz3qoZNKF2+QDR+CTUxtVo1YOZOO3DtF98QxowoOSlU6ddtROX4c2bg8+ipJzPnmWcjnxCBw+e8Ww4d9gC7nn0auh7DIBLaKRyFCGyaBMTzSZsGiZoq+rVtz42ffU7DZs0JLFHEXweagptmmZWg6t33GHrwQQqza+ErlY3ed91Djwsu/IXkpiayEMeIquaqcp5L2NUrIHAuQobfcC0TBt1PjV2j1FKS/1bEuG55DYYWI2N7mGQxhV/hWGpzl9KyvH3XXYwcMBDN9/FKymm10/Zs+4dj6HHw72hY0gS92CZjCsncV3hWIzCjtq4ytMjNsJIBaYH6vxlNLY2KCyLkxvVdBVrfw10mdTVRL3dYPPlHPvrni4z+eCQsqmLuogWkfZcDDjmIdof3pmmb9hTXb0plk6ZYRhpN8FmSVEgmIYuBriloltBwhHAoGzO1OZNnJbKXuWZQvq1b6ID8kkgrCJYfUD1/Ede3bUUDx13RAbFDjeqGJdw6/WdCy+Lqlm1Izl8AQUbFVoafhUWV5RIExVz4zWiadtp2fQ+Vuv99gc8Hd/6Zd66/BtOX5Fc2IauSQHoOuo29rr6amMjn6qKiVLtDeFkTn/s7T510MsVelIDIJmzFJAykdtqBm8aMiRSysBGP08Lx2yOwQgFpxLv85ZjetHAcUr5JqMxUJQHR6X7O+Rxw/90UraXdPOXr73lst90QDax4IBX+yOg2EWpMTcYY/MNYKlq1KSQguQRESacvz/D4Tbcx+f67KMumWWAHVDqi5xZ5f9SYJlrTSm78aSaGZZA2NOKBvl4RWPkE5JqyCkoyVfiyDkspUXgeKx3FPbpx0fsfo8ek4FVIQNb5rZNEUuYyJ8N5TZrRbvFiZREgezkptspS3++DUdTvuasS1NGl3Vxb/Oo6X0zhxM0xAhu1AyKyuI7hEHMNBu6/N7+7+FK2P+J4DFMq6pIdr3l7GfqhciROzpvPhR3bU7860tU3NZ02vz+WY555lpJaLtxfvvQSLx3Xh8B00PwYhuZy5ZjR6NvvohSsVldp8AIPI+Py09djKGvSgNJmjUnYCZU01OnEQYmf57bxirQfqI2QresYuZ654m+YIE1Uz0lTZBmYnuDmspAJWPD9eD59ZwQTvhnN4rlzmDd7Fl4swV6H9qbL7ntQ2q41zdq2o6hRYwXN0guVpA02J0h6q/sGvu6z8Mdx3LFTZ4qFmyRJt2r5mbgxmxvnzgbd5KryUopCg4SYRhGS1qEsgEUxUR6Lcfb7r9N+r15bvKSxECclaQsk+dd1nJmzubLTzjRdtoQlNjRyYqS1yDBQJSP/3mSe+vIzlBx1FJWuTWhJ/GqXBouryKRHnuTZc86kSLwNcj6pKxIQDbIt23Db2LHUFCVIRkJMheM3RCAtMseBT7VuYHk+b156Ph8/8CAJTxJuXUGEhP8hG95Dnn6M3Y47VXFh13TMHvsTw3bshKEFSvwjrdrnIXFJQOIWQ34YR0XrtpsJdPY3BHUdPxIEIbqnERouY177B0/+/nTKXCkt/XJIsUmS76IgRoPzzuDU+4et47fX7jS12nk+muNzaZN6NKzOkJLtcRD5uMiR77bYPXblspGj0EwNU6peBWmmdQt2GJAKfOyFS7i0aSMqNUMVGAMR2dEsFggyZcZMkiUlaFZhQlu3oG5dZ230BMQ1XCzP4qGzT6NFh/YcdkV/1dqWQzgVazoCxd/QsDJpbtmnJ+GX3+CEBpZsdjt34qovvhK7i1odk7//nqFde1LfS5GSJIISutxwCcfc2F9V3+XrVr4q8VkwhSvn+QTix6GFxHVLbdzq9IZbhKZyruKSaBie4JiFjBzB3+RPzcAhlkpDVTU/j/mej999nzmTpzB/xiymT5tCWcN6dD94fzrs1pX6LVvReoeumMkSaqSibusktCy+LEI5ovj/YiJVq4e4FZ4s/gaymAZ6wIT33ueRgw9cJQHRdYNqQvq9+z7NOnXk6gaNKRIBWV+24OKrEiUgiy0ZyzFOfPMFdjio9xafgEiuLbBHSdJsP8tz1/Tnh3uGUepUK1W9It9W8tgRv8zANTSu+PwTzF12oVhV0INak1RlUzxy4CDeu0Vgox7GaipbMnyrGzXijqnTSCfiJAoyrr/5jRYQXSzwSesGiaXLuXqXHdFmziLhKakTNddJfp4ydU594TmaHXkMZWv5tZk/juX+HXdSXalSX5QGhfsWdUBmJ+Lc+NXXNOjQcatPQCS4buhTNfoL7t7/UPCrMP4tY7zyEegaRigqlHFOfv5pOv3umN/8rNe4V5DnLN2qqhRXNGtIoxqHGi2aM/8jAem6M5d//DmabSgFwUICso6PJAxIex7zPviIRw47UOHMZW5TJp+aTdi+NQPGjstBpwsJyDpGdas6baMmIIQ+rsBu/Bhv3/cnpo/6hHOfegHPCtBDqZivOQERjwPLM3B1l0dOP4WFT/5dkUJlQsk2bcyg8ZOgOFGrBxjOXcaZe+xOpw4taLHvbtRvvT1te+1Ns4bNI0+N1RKavNquwITyaKq6+Gqt7rEhNBOJvxl64Dl4NsSlOLWwiklffsOPH73D/Lk/M/77H1jw88+UNWlFl332pukO29Jshw602akzseIyZWqnfEvk/s1ooyYzTMRJkGch8ASRDxZCYS2zwVo9ua38ZDFYk2gLwfnp4Tx/psB7pMobqM21VO5rzJD9rx5Ij9OP5pYOu2D7KNdhGcOOARU+LDXB9OMc9cKTdDn6uLrdxVsPj1x5fgj8MgiZ/8kH3HbYkdSrSWMpSUnlKKTGrxlqpHWd5brPbdNmEW/aBHFtVpytWsKYPd/h72efy7gnH1ObL/mOlWc6+feqigrumDmTTFER8VBW8bo4q6yHB7CBv0JN2YFLVrf4+fU3GXb0YYrHJ4TxqMyioeka1UbICbf/iW0u6kfRr7gx5+fQcW/8k+FHHomj6ZR7upK6FjhuLNBYEkty4YcjadmlS7Rx3Zqr54HPwmk/cfPBvWk0aRbVpkdsNUU5ib+gcGaUV3L3uB8oatx4g4wI9Zr6Aekly7mubXPqV9WQ1sNVEpD8DwfbtGPg9z8SxAQCXVDB+rUH4nkec+fOpWnTpqrYGorHjh8y7A8nkXr+7yzWTeJIgVa4rDHq77c3F7w1Iprstub3YoOM8C3jSzdyAuKpydsPbRZ/9Tl/PvVE7vhqHG5CwwistXK/snjEXJOUJbjtwYy5YqAy4jNCl0WJGIO+HUtRh3a1ejKe6+PoHkk3INQtNMOkRpENcxtrkapepYTzX76+lhuSWl3gbzx5BQkz93ktVUN6wXxmff8dP339JfMnTeaHr79lweJFlLVowu577k3jdu1o07UbbbrsQmhreJ6PZSUUdyXamkWcjUiTKmLXi3KJElZXmYiQ/OQ/C43XV8omhWMDRUAlEgZa4PPKoDv45ObrVklAjFwCUtFlLw664RyGH3Wq2oRJsi6dPSHhVvqwzATbS3DAUw/S48STt/gERHhZUgNxFi7i9t4Hk/h2DMv1kDDUFafMVVBQ0YPQSBkGYYMSBk6diy7qPjFbqdzVNgERY80h+x1MZtTH+bdxJTmMaH5ZVlTEn2bOIFNRoYwKRQC8cNQ+AgqaGEihy2b4eecz+cGhBGEUzXzxyBCitAZVRaXcNvE74o1a/dcfUmIbYcizF1zIjGFDqRZHb19coALF8RO55uVmguNfGE63Qw5BM42tdqMlvMDqebO4v/dRGN/9SFXokgiE27kqBCtSMzSod8LxnP74k8RrC1lYxyGhEhDhpFTVcFmzBjSoTpP5lQRkSUU5d06diVGajMppBRneNb4Pebi57An8VJqzmrVkl2WLmGXZJAJHFbpco4h2//c7Tn7yyUICso5jdms8beMmILkIy2SVyWS4sF0Hhn38FrTbHjsUads1q5HU4JN0DVIWzP/gbR7q1RtDqVqYVIkh1D23sWu/izd7GMkvCI2om+AEUpuNSMNSmY2wVH4uGQiVuohocUt1W6Tu8F0ycxcz4esvmf3Dd8yeOJ6xn37IwlSaem3asl2XrtTr0IWuPbrTZucdCW3RDCtseDarCSCM6JyOr/P0Wacx84knVrl82ScLxM4qq6DL7nvy7euvrfLnkhq60s3SXJbZJkff9zB7nX3aZv/u/MczVLtOX4guYBhkpEq3bDEPnnIas15/m6QnRZFfyrSSDGR1kL2k5lp0GtSfY6+9vlZDQ+hWkuDFFO/Kx0st4/qW21NctYBqDUo88dSWJCNS6xP+WyYW49YfJ7C0dUvK/0vntVYXsBWfHDiu6u4ZVUu4ascuNPx5Hll5/itSP41qU1dk//IwSatLT+HoIUPVn+YhtFI+CaUDpnkYc+ZzQ8fWFNcE2H6oxoZIr9tKAxBSVoweA/pz6FWXgR5TJreRwkAdrEqt53FRTUBxRtQiwV8yj78d1YdZn45Uty93L3+JJL3yydXNyLfIClju2pzx6Wts260nhl47xEJtbmGFClZZKaXZGjw/BkY29sFU7QAAIABJREFUQjasdCxNmFz1xggq9ulVcOdeKS6SPJrK08BUgjAyp/npFAktQDMsfD1Gdvosrum8HQ1TYtssBskWy42Q4iCgzRVX0WfwoFxSV0tybm0edOHczTYCmyQBUV4cvs9N+x3AyVecT6sjj8OWDYK+5k2wEKfFTErpic+ewSU77ghuCt0uIda4ObufeQrHXnbl5r+JkspbDtakug259VPEo3xxcs3R9Q0vS1BTTc2SxcwY8xXzp05n3Bdf8tkHH6JnQppt257WO+9I0w5t6X7ocTRs1RpXcO2aTlIpUOV166XvvOUvmJvtW/rfLlwlIDp+VuO+Qw9g+Qfvr3KWKJBEplryTlkYvjARfjlcUyrCNgk/UOTrw+8ZSq9z/rj5vzurxUo6cZKWy3ZflkBj4Tz+esFFTH3+JWzfUQvr6pwMV9eIhTrzzSQ3TP6Khi22qdXQkSp8JOcrkC2fj4cN482Lr6bYr1FV9LgQNWWTq9ZkEa8Qz6EkgydOJtWsEUVRi7Fw/IYIiL1TtZ5l7O338ca11+DpHom8MUWO2y9PRzbNcT/O4maNuGvKZJV85EVEBFoiz8730nz95N94sV/fiMQeRKp8AsWKiSGtfI8Zo8Exx3HxE48QWnE1a4eGzN5bwXzqQ40B1sL5PHryGUx7911iXlbBmOTuRZI3a0G5oyEgx+riOAQWHXofzElPPyizD9YG6oDI0FmRgDRvTmL+XHRRs9SdX5Qyc+PLNS32uLE/B18fFRoK4McoMFLYlPGuip8CGxXRkp/GM/SCCzjooF406NCWmhkzGX7N1SSzPhlNoygwVQJS5Pt0vnkQh117Vd0X6PkN80zhI+snApskAclf+kN9z6VN04bs3b9/hBWVsuMaDlHPk5dBJjYrm+Hvd9zNzrvvxra79gArSbZoHaR810/cNsi35GFT1X4W0zSVNK/mBwqzrHsuWiZLeuYs5kyexPyZUxj11rt8/f4HFJtx6nXsQv12Ldmm2y7sefABxDq0UJ0htIizYerC11CAKWFo5Gz9osk2wr1ukFsqfOkGikAoXB6RKK726N++Peb82eqX8gqTSsxFirEyhmQhUfXHXw7JPcN6rdFjCWbMn0qfu++m17nnbKCr3XRfK6KpYj0XOB7WnJ8ZfMIfqPpiNPU9l4yoTyky+i/XJ++Ha5qkzDjdzzuXw27rT5lVXKsbcMlgiZqWrZFIVTFo1x44EyZiB46C/kQmhJrikIUCadRgaXkl90+bjpdI4usesUJHslYxz5/suQ7paZO5a68DMefNZrkFyZUSEOkKihJTpWvwc2VDrh79Lg3bbrfqbwWikqajVy9l8L77UDPmh4j7I74SYh+lG6pgZmgaVYZF8QEHc8OLz4Et1fxQiapsFX4HmYAws5Rhp53GwlffUD4Pfm4CUhAoWadDqLYSxPbuzhVPPoJdrwFuTMxlbZLyAsZ/02Nepw/lIXS39NwH/5uPMbOmUmha3QfEMy0annAC/Z54XH1vIQGJwhs4oKerGffJe2TmLcaIxSlyMnx8/1+Y9PVXOGLQbPiUOaFaaxxdI5lLQBK+x5533cM+F51fSEDWabRunSdt0gRkxH338fOnH/GHZ/9GXFjRa0MBKSd1qa74ivwkWE1lK0FADKmyQHJLmD7cAG/JYsKli5g9/nvmT5/GOyPe5rPPRxOPF9GqeQuatmzFTvvvR4+jj8SqrCDjp4nFinGUFrtOmeJlyA4nyiykk6rYG2qBiABdK9BcMukWEpDNagYQFSwpSU38+Eue3Gc/7FAa4L8kIJJQrlA9U4owq96ebMJ2uXwAR1x9OffccCkdu3Sn9xlnbFYxWJeLlUQt0EzSk6Zy68H7kZg+F18ZCoo/j3Qo5K1YCfSoQXUiTsPDD+Xivz2FFsaw7LVNTKteSQ0eyWqTbDLkhycf5h9nnaueVVxQYLKBVUaEmvqnb2hIx8XZtQuD3nufYqOYtOmRWOtkuC53v/Wd4y6ewwM9e7Nw4neKp1GZjWTFVxyaRtYwWNy0Pte/8Sb1Wu9IIrnaljOXgIx98188ffjhFAUiLQqiwhj1NQyE3SBeB1UlRfS64UYOuvgCNCOuCLhbCwQrnani6SNOYN57b5O2siSyUXFL3iYl0CLdIsPG3XUn/vT2e1SZCUGpEZOCmK+RNUNiG7BTlE9A/npWX6b9/WES6UjxMUojfzmqkjY7XnAhJwy+Q5lUFvjSuQQkVcN9p5zMoldfUQm4F1rYuvgmZ1TBUg/ENyV6J1TnTwuwcxAsSUD2ued+9jz/3EICsvVNw+t8x5s0AZny+Uc8eHo/Bo/5Cs0QE6LaLfTrfJcb8EQBS0Xe3RpaThZL7JakSuai59DlUYJk+CGWnJMOISavrauqnY7rk54/l2qRvP1xLP+6fxgTp88gLC+ntGVLylt25JBjj2OvQw4kLIqhmTp6ATK1AZ9q3fpq1fUTmeQcll2kqEPxv3GXc8cxR7Hs3Y+xsqsBm1e7hZhusEwKjr6uEs8qPcZ5n7xFy117YIo/j+1jScdMwba2nGx0FtB82nQu33MP9AVLSXiOqoLmk++YKCSFFjW6AKcCAsOk1Xn9OHvQAMJkGWYgqklrHg955/Q8bNJMw+JESOX0KVy76x5YixdEJly5Q6rrUiBYEI9hHHI0F/e/nrIdO2IYRt2W8q5br4W6mgxLibulLA0CJaX8wIEHMvurr7F8eV/y3d6A0IAgFiPwbYr37M5V/xqOEyvF9oz/LHx5kHKreOKo/2PJ++/heVFynz+SxJkfz5BwoKpzNwZ/MhI7Ht+i3pv/+qgD8Q/SSKRdlsRrGNH3Wj544nHqyyrnBthBoDahnm5j+QYZK2RRRRHDJk7BKCrNGc9u6DVeZkqfQOBWUm/Tsrx42Q1Muec+ZcJapZmYhqd4KbGyelS1bkn7w/+Ps6+6BD9preBl1cGhvlEvSTi6P7zyd5469SxaeAE1ssfxxcgRMoYYNOeaVzqklZkyNM7GIyPc0KDKNtnpkF4cesP1JLdtg67FyAYhsZK1iV5v1Nss/NgmjsAmTUD8JfM5a4edeeDLrzAb18fUN0PVpGh3uKLZoIh2kck5CAlVOg4iqWmC72dxA4f00uk4cxfx49sf8tpfn2LRlDloRTYlzRvTcJvWHHXeZXTarTsZNyBWWhJBNiLchgLXRtj+LWeTuInfgbr/8wo3F0mz5hpaLM0sZPRdD/D+TUNo5GRZthKR+r/dUAyLGs2jWNSdtIAFzVtw74Qf8OOlxNwAX0lhR5XgLWpsLVzCJTvtTMWC2dielAsMFamoaqeR1QXLH2IHCWY3b8KpD91Bt316kbFNTDOpEpC1FWllyxMVfKN3clnGp9ip5oY9emJM/AnDlUX5l6eS1TVsPWRZq+b8efwUhZULMAuVwt/wJjp4qh+BeLpccgnfPvgQManKBlECIs+5xoR4qFOt23S/83r2O/9CbM0kKWUhcWNdbU+cCUPmvvMO9x5+LOVBhtBbCcOlXpBojp/aujH3f/kd8Yr6ERxyS5+TMwFVcZ0iP0AP0tzRdiec2dNzhZEI3pvRA+WTJQW3pbbJYXcNodsf+2IL2VwX2OiGTkAEbiqQIB995iyuPOZYar7/nsYizKKB5QnzxGGBbbDvgOvpec1VlHsx5emVf9VFGGJrPoSfK2N5yg9jGHr+hbiTJlC+OEXClcKqQ8LTcQRxYlokQ+ERVrPIkORT4hYqOL1AgLMxHd01meE5xNq15/aP36Be4/Zbc2gL975aBDZZAqLao57L9fvtxdnX3ETjQ/choW9AQOh6evQry9sqkptsYhSuO8ASOFjoKeKv5mSVsV/gCCZ5Ou88/yIvP/QYelWKkqCCbFmMdvv24PRrLia5Y7uo+6PF1QZJo0atcoIjjoRuFVND/UkBn7qeHuRm9TUh4s2dlq2WkyGZWs49J57MnHc+odjNkLb9yNNlDYclEsnio/Nvc8L55SWc/dxztDmgF4EeIy6JsiweW9AGKv+efv/sczx05hnU89O4oQAP5R2NNpHqtm2bRbZFvQP255a/Pa84U17cywnhijHZ2gnheXO7UBINTVdeR0OP/j2L//lPTCUasYrqrpKQUFKwu+/ODR9+hKG5YMQ2qxFZVy42nRFDWI/sl58zuNdBlGRdvBxUSrZDwqNbbkp3y6JJr/059c3nKAtLMBXnUCr6AYmVZlU1btw0jxx2LHPffVeJfsjcvvIhXMOalMXtS2dSVdaIenUlGBv6OlIeVUUmRZLgLVrAtW064DrLFe9DvFaKdUMpjsWFDyDmmq1acMd335EqSVIUWMo0Vcb+hjzk3fYyWZwpP9J3l6500hOEmZTieol6ZmnWwselyrI56pG/0K3PaYR2tMLmU6OtPQFZ8XwUXi3ANbNkZ07jLyeeydLPviYTWixsXMFVjw3jnYefZN4/XsEMJSVB7YF8gWuZMUVKd6wQcQfxfBtz1x0Y/OG7hULLhnwBNrPv3qQJSDqAf5x/Bo3rtWbPW66hiDXL8NaF2K6egCjDPalOuy6IFN2MaTxy/z18+NpbxNKBUoVwGpXQ9eADOf7i8yhp2ZKqInlLocQoUpVRWzCpCmSca29YsjrmuRrybzI9CnQmX2MtiOTUhbGw8a5BqNQyCnT0GZO5qMuOJBZnKTYN/MBT8ohqyKzhEJnl0PDwjARar4MY8MqLCuvsqaajpqqWWxL4Of+e/vTW+/ypz4kk00vJBJLA64SWgRtLopWXc/HNA+l40L7oleWRD5AXgqnEcdVCuQ75h+qoqBKBJ5K7GT588C7ev/YmknhklPOydF5+2cQqMQjToOVpZ3PKg0OxhO1p1f25b+ON93X/JT8jHZAMV7fbnuTPM1USLc3ifMPJFcndwGBhk/rcMmEMSaNeJCtoStc6Mp5bedzLuJn4yqs8fnwfYkFGcYRyKeSKi1oes7hgxJu02KeXUlTS1iVLXfdbqrtn+gE1hk4y7bNwyUwu3GEPXM8joUGrbIoiJ608tIRvOCtWxI0j3qb17j3I6L5KULKGrjojG/JQzeI5czilRUu2kUQpjFTwhBtabfhKStkT1Tnd4pxP36J1l30ILTGvjK5KRAoioFHh8HEwApOUKMThc+XvjqFJsoirbhuEXlnBsgULuXKnnWmcrlEdR1Hvcy2bufEimu69H9fc/yDZpsVUhy5lmKQCl7JE2RantFgYKb89ApssAZFLToU+X9/zAGNGvc0fn34e29wIECy1UZMVSlHl8Cyx19PJiqeCGJAh+MYQO+tjSUemOoR41Kb3TA/B3+uZDFZVNct+HMfwB4YxZuRHpHSD5dKaLyrhoONO5JhTTsSsLMUsLSJp5Ts7uYktD6daZaKTTUp0/JJm/PYHW/jk5huByM05GqeOQBrcAN3T+OJPd/Dyzf2Vd0VOlGfFCBKISY1KKORvPoEop8nWVzZIoUYDAqbGLYw9enD7cy9j1CvND7bNN1DrcOVSnXVrasikUwoNaRgm1r89N+xYDN2UNz1i7kdVzzAHw6jtBsRX3SnPy5AY9SkD9z5AdVrkjRZwlvQ15Xm5KhUxSMqzSNpc8OZbbL9Hz42EjV+HYG2Gp1Q5aZ4461zmP/UMxXh4mgUiPCBzuybgLI1FMZsD776HA885E0vaXuLinJ9lFU8kQgfJ/E51NffsvhuLJ07F8jyVoMjG2fYDJdThGjaTOu7CM6PewysR0rnCLG41FaE8GjgQiFNVGr8kKeYQXLf7rpSOHU860JkSi3N0/4Ece8nF6IaY00bRXpdkvtZDUCWbIa4WvcO65/OXfpew6LG/EXpLcUSy34vQA3Km/D1thdSUNuWOGT+RTSYoWrkDtvaGZ60vcXP9QDR7aTllRXlRxL1IR3NDasZ+waVHHcB2c30WWQZl2RAvzLIkabDfoLs57OzzVCdZYPUCG45g5JtrJArXvaEisEkTEIGVLP7gE26/7Fz+/NlXYG14GEIqtynI1yOLxB1a8TWEyyGYDCkngxc4pMQ7QU+RcFzmfD6Gvw25myUTZ5KqqaHKz1DcpD69/+8P7N77WOySMsqaNCeUaoEd6drKxCsvX6Glu6GG75b5vSsnIELqi9U43HXKqUx55VUaSLdNYZxXIhWoRRXibiSv7MctvNBBPBEEdhTqBnMb1GPgo3+hda/9cC1Bv29oMETdfDYrdzDXH2Y/ICvdqTk/02+bjjRPpVa5eVeqwvn1VyHdTOyeu3PdGyPQYklF3N0qZFs3wJCo8n3cn2dw/2UXMvXz0ZQvqqJYCkRKyQqFUy/fqyfXvPwafnExRi4BWflSZEy4YuQaOHx49wOMuPpyVbEX88rI0FOjTCr4us7ceuXc8c2PJBpW4FmGkpmNCCAb4Obq+leKQa50kbyAdx9/kI//+TIHHHkM2++9L8Wt2+BaMSJv8Q14KM8sUX4UKlVIzYzZXLx9J1pk00gFX0QmIsvPlQ5To9UJp/GHvz6IpYn4zYaFhW3Au98oX52fMwVubixeyr0nn8C8Ee9SHPjoeoJxjW3Kl6YwNVfpkV773fdUtGkXcYMKsd0oz2hz/ZFNm4D4HubCJZzWtRNPffUNNGqyweIoN6o2HI44rsuEY6hGiGNJdu4R+iIt56MvWsy4UV/wr0efIDvrZzIzq1iUrqG4Q0sOO+MEmnXbiXiThjRo2gLdKlKGYjHFBFH1lxy+XDRQQzW5bZiyzwYLU+GL60AEVEVWofIiNYO373+Id668lPqui+8FVBsGth9hrpSbtm4QBj6BGWdeUYKTbh9Agy5dCaX6GItRWr8+TSqbKv+DQLXTBZdb6LOtt0ctstmGz1vXDuCLO/+M5mdW+WpP04lLkhGE1Jga85IlXPvGqzTZowemeJQQYq2N6b7eLnYL+yIX0uIkqfskUjUM6bEP6R/GYYcBWdNmQaN6DH5/BMm27UG3cjK5q244BeCYwqK4ehk3dupGOH0Kcd3A9x0ltStFpeLQZI5lsu2F53Dm4DuUf4v8TwzatqYOyMqjR4GbQl2pPwp0SboQ0mmQaUs6Q2rbv6H39rnM3g8DDC/kw6ef4c2zzsAKBW4KZa4A9CKdOqVWqUdiBGe99Rpt9juAhOeBueGJ8ZvzW5dPQPwan0Fnn8nUV56mVDNYRow9j+/D7wdfyfXNu1BEBrd9Rwb98BWhESPxX5L9zTkOhWtf/xHYpAmI7weEgce13Xen35BbaX3gIev/Dlf7xqWZFEWGhuVkcJYs4pt33ue9l18nnLeMhROmM8NdyA6778Zexx9DxTZtKO+wDfUbNCJmiTK/2EeLWpCorEQJjMyy4UqcDYG7RNu73MK0we+o8ANbWgTyCYinh2iuwx2n9WXhK8OpyEpXQxIQHTvXwtN1DVEtCYpL8Tu244bhz2E2a0lSoChy5BolInClxmSeWhTpGhSO9RGBLKSDJVzWpD0tli/Hyckl579aQJ0xPBwDZpRVcvFfHmGHow/BMTSKQktV2Au489/4IEIXV7OUSFzMdxhy4L4s+OZbqjyNtof05qzbbqWifUt8kXkPNYxQZJVX1VVW/SsnxvA7b+OzWwcqnoAow+l+1AGRrnh1cYLiPffg+hdexoyJ4WD0+mzNioRKSCaHrYmgWVFRYwXCWIK0EQzh1ZQm67Ibcv911zH1Lw9QL1NDGg9bMqOc048yodRCGh/3e05/4lESsWKsHPD6N46+reJj+QTEzdTw808TMVwRfgjQS+I0b7UDy7UUgxLtWJpYxg3vf0Kjrl2wQwNfjxLSwlGIwK9FYJMmILJOu4bHi+deSrxBOUffNGDVXZGyDc5dumhNm4Ltle29/E+4G9Je9YjncIlK7F1BTkJ8SzDXIbbnYzgOzuxZjHrnbaaP/IJZc+Ywfsoksr7Hzt17stv++1LWriXNdtyWho2bYpiiFRTt2CIFlBykSmmgSiclwp2q4pf0PcLIWyF//FeKR2EM/kcEREJTTMKSAkAJQsXBL+yKozDJcBJfitD3WT5tBjf9vg/Lx0/G1nQcQ8fSdWKlxZQ3bsCuPbpTufcedD1gf2Kllcp1Ujn+rnh1omptXip2VfBWYWD+rxFIBxqZ+bM4Z5tOtPcCgqBaPafQD9AsE8eHpZZGq0MP4A833UKL7TqpeUyGu3Q+olyysFD/lucQ6ZXJvB9iaiHvPPwgI156iUv696fprl1xTPGUl2w7D7rNvwm//Jpi/3kGX7zxL2aP+YZ6lY158/4/oU+aosxta2JxuvU9mRNvvRW0Miwzepd+kQnZOp+fxEDGcSRuHeUaudVSYQIkPhtvAypiMAHOsuVcc/QxBJ99QX0cUnZI0kH9tSyRxN+mLZePeIVY48bElSagjJ+NwD39LYO7znwmWjFESy5ihdhq1hKCfxYT36ni9Mo2nHnvtfQ683z1Psr+TPZfdQF+HohUd6Dj6Tq2skUodLzqytDatAmIyLXpHt8++CQj336Ty154dhVgSFaJj0bOqjJNlIlkjypJ5aZ++XeBORkBqSCDZmto2WVkpsxm9Av/ZPHk6Uz+fgKTpk/CM0N67NOTtnv0pGGLVnTssgtFjZuIDmdkA67ndMC3ICnSujLIfvU6livreqUIplYvWcUKu+NVwyXcvzCC+NjZnLyPpa3Y3LpagOP7FJETOlgpYa/zz38LuUCpvutuQHbhAn769mtSCxZSvXAJvuNiFSUoriyjw25dqeiwTSSzI/JjhTVwgzx9L5XGNA2Iiexr5Di/tjlFmtnKp0VydnGn9+G7117g8etupOdRR7HHEYfTvFsXvHgs6qKsqsq7Qe6j8KW/PQK+6/H1w4/y5uXXoTnLycZLWOg57HDS/3HibbdRUa/BRunM/PY72Ew+GUJK3AO8kK+fHE6Pk47CMOqglYIkHREZN5oLCnNvnRlgmzgB8fF1jVkffMJ9l1/KnZ+Pinga+SRASOF5I79Qp0oETgiIhx626xJm08yZNIkf3h1J9aSpTB8zlknfT8ItjdOpV0/ad96Boh3asWPX3Shp1JhsqBHXDAKpTIrvhugFysqjqmd1IVevM+Nio1zIUrXeu9hz5mD7jtqbyQJfOFaKQITlw/VD4oYZYa0lYQ5ElScSXZd/GoGYfIlDerQ7KuyRNt4okjlMSORBKH8X6IGDKUmJ5NbyZ35MPRtP5i1ZAQMPv7CL3SAPKNBNBNorlXeZ0TWp0StX2DUcuYqorD1BGOJ5ot4TEMvqVMfiBHZAkRNg+B5KUKBQpNogz269fGmo4ZgWhlPNQ2f2o7FpE2/Vju17H0iLLp1VlUtfBSMmvyoVsMJR2wgozqtohmqiGupSbQXEZU2qY4fMBa7hY/omToMGJO3iOnaFW+/lbOIExMHHJjt/Dn27dOWRiROIxWKilamSgoWhTywMldqCyCMuGvsTYz//koUzf+bLT0YxY/JP1GtSj/bdu1K5TVta7dyZdnvsQb2KBjlDP3lFQgzZGOSUrsJc9pufg4Toq6AphUVl478FQgBMVdGv1bYUZZbhKmx2IQFZ/UHI2C3KGQ2u3iDKj9sq2fEqQnq0AKhGYeHYKBFwg1BVxeMC9gmgxsoqcrLMMb5q0MaUy7xA6sSDINSlAFJo9W2IhyPO5kq7Qf6XUyL01eT/60fMieC0eRsmU+C+hk7CM8hItwpX8f4EViL/zMoJhaNORkB8WwQQJuqBZZ5P1hBX7wROoCtltJifpSZeKIGvj4cn75mdy90cgcaL6qJd994NQSPXxLKUZGMcfvPN7HvVpevj9gvfsR4isEkTEHyXrG5hBA7XdNuVY26/lR49euCns8yYMJllX33DzCmTee/N15k/eyb123Sk6bbbUa9dK3bZb1+279aVWFEpXqBjWjae42P5NRBPKKWrIPCV4JUkGXlsqiWuQzkOh5Izze/U1EJTODZmBBw3MmH8640D0P0aAmUiVngOqz8DCUlGlH5ySDW1n8ohS9S41iDp5uRmcuErbG833kiOh6Yit7q4eLqg4m3loK54PALp0aMNrC2mhIGURCIybOFY/xGI+Hk5jp7i8EnSsObfEXcW5QMrnxUvp8DH0Q1iYkqpaIgBWUMguhq2ZJSFR7f+H9x6+kaFpNMhFoDt+GRs8GWjbCQUL84zshj5uTL/m4KEKBy1jkDk7yJcEPAteV80nNXk4Wv9pRvgA1KAzlguRa7JNkcdzW49e2yAXyl85W+JwKZNQAKXrGbhBVnGP/sMT/e7AbOihFmL59O2bTsadN6WkvoN6HnwIXTcbXdIJiP8tKGpSqJUuDYeye23hLfwmUIEChEoRKAQgUIEChEoRKAQgU0ZgbyaVwHtsimfwqq/vUkTkDQ1JLwYjq4TZFKE1SmmzZtDqx07IgJYpWECPxDtbo10JqRE2ns5cz/B4UaqPoWjEIFCBAoRKESgEIFCBAoRKESgEIFCBDaXCGzSBMQhwA40HB3MUCOrofwNxFBIjsDOeZhKEqJw7YYiAK4spFhIQDaXoVa4zkIEChEoRKAQgUIEChEoRKAQgUIEhOodMnr0aLQw35/KRUWZocm/r8C75rww8uZL6yF6kWBPiKMHJDy5GCEO6srOo0aDhIhg5USx5DIiP9PouvI+zoUEZD08iMJXFCJQiEAhAoUIFCJQiEAhAoUIFCLwqxGInGAIcomBEvrImxxHOUJtjl/vgIRCzFMihviBT9bPENcNrKyHlnUJllUTul6kNLKOxKNNwS+uLddzc7jGPAG5Ng96fZy7Jcay8Lx/fWQUnvf6eGtWcqCvxddtDuOyLl7jprim//ZY1/bu1IXrrIvXuLZrWj3WmyqOm8N1bonXWNj7bNz1evUxFJRZBDELP54gtE1CT0e3LGWoa4naw0oyzFHzYM0Jya8nIFlIx0SAMEup68C8+Vzf7zzGvD6C+j7Us2NK3nZtP7ByuDaFNOjaFFBWf5ybwzUqlZfaJZq12Pr891MjacvaHZtDLFUTrrY3Vrsw/MfZtY3lpnje0mz8f/beA16vosygt8RDAAAgAElEQVQf/86c8rZb00MSCKEHiICABRCkg2tZRVcEsYC6rogFpCtgxRURUFZ/q6KA6K4grBUVQRAkIkVKhFBCAun9trecMjP//zPnvLel3Pe99+13hk9IcnPOlO8z55znO08rNzdMM8i7HliWK2/aMM2AZSPOsR7yHf2AlyLvemA3ep5jfRvrMcex5rQNATHfwh1+jcrF0sjb6D4jENiODtDNODYGBYiuNqzt68GJnzkPH774EqBrapTRFkr7KZFKRWmZddKonbQdEpDN8JDq7Ufh0cdxxbvei9l9VIggQIgQMt7ZJRo+BocvV6GZoJ6nby+3IFszzLEewfdx7fmyRNIMWDbDHOsh71Z9duohb/PslPXa2OnFY73P6yHf7SrFYyy5EebZiFiONadtyF7tz4/iNM/l7el6yLtcLJthjuZbuON9Vw15jz7o7k9ExMIN6XeOhLKxnnOo/ffGNXf9HPas+QiTFpRl6VpY4yYg/WtX49IT3wq25ElMSzEEgdQnolRoi+oQRB/V8o6O61FrvBg3UurrohnmGD2E5WFf6vp3dB3x2nLT3zcDltFLt7ZYlrsnaYa1xzKqnVNOq/0ch+LCSp1nPZ6d5pB3+Vg2orzr8TxvS0DGflfWA7vR8xxrX9ZjjmPNafsEpLbv79b9FtYWx+iQq1ytovbfwtaV99i6z2jppCEhwBGA6d89O0CS2wgkwwADdjn7U7jg2q8iTNnlWUBC6SvBHNh+iI3/fBpXnHQkMr0+unwg1FRD1lhNK1WlMNcZBAwCBgGDgEHAIGAQMAgYBAwC9ULASyYg9jsYX7/nT/C6k0gMc+TeXkzIoAtWIJRSXGDl/ffihveehXTPZtheCFezHSIg5do76gWBGdcgYBAwCBgEDAIGAYOAQcAgYBCoFQLMSqJgFSAW7o2vPvAPqI7UoI1rey5ZgwQk9JXKvvgMLjzhWMxcswl2PGNyw6DgpHIDmmq1YDOOQcAgYBAwCBgEDAIGAYOAQcAgUD8EFFy0wcfmJKAOPRpX33MPfEuBUaas7cSEDBIQkc2pr7zlFASLF8MNQ/hC6kxL5FNryEf9BGpGNggYBAwCBgGDgEHAIGAQMAg0MgIeTyJFBf4YQ68rsNd5n8fHrrgIYcbdbkzIIAH5803fU/ed80kIO4BLpcnLDkFtZFjM3AwCBgGDgEHAIGAQMAgYBAwCBoFaIFDo7MZVLz4FTJ8Hl4oX6iwhQ8kOBgnIRfvvrzqffRE+83WRQ2P1qIV4zBgGAYOAQcAgYBAwCBgEDAIGgdZCILBcsJOPxZd+9RsEnMMelb91kIBcaCVUpxCgnFcej1LtmmYQMAgYBAwCBgGDgEHAIGAQMAgYBMpBwALHmq5O/NerLyHf1okks0Zk0x0kIFcxrgKmkJYMHpdghoCUg7O51iBgEDAIGAQMAgYBg4BBwCBgECBnKw7krAROv+Mn2O/Uf4VrWSPKrg0SkCuj2oKmGQQMAgYBg4BBwCBgEDAIGAQMAgaBcSPgwEJPQoHtuTcuX/IM2pVtCMi40TQ3GgQMAgYBg4BBwCBgEDAIGAQMAjtFwIaFfldguWL4r74eTE10GAJi9oxBwCBgEDAIGAQMAgYBg4BBwCBQHQQo35XvAGuUhW8PbEHGNQSkOkibXg0CBgGDgEHAIGAQMAgYBAwCBgFdxBwWsFFZuKZnA9KZKcYCYvaFQcAgYBAwCBgEDAIGAYOAQcAgUB0EOCyETGATd/HN3nVIprsNAakO1KZXg4BBwCBgEDAIGAQMAgYBg4BBwBAQswcMAgYBg4BBwCBgEDAIGAQMAgaBmiFgCEjNoDYDGQQMAgYBg4BBwCBgEDAIGAQMAoaAmD1gEDAIGAQMAgYBg4BBwCBgEDAI1AwBQ0BqBrUZyCBgEDAIGAQMAgYBg4BBwCBgEDAExOwBg4BBwCBgEDAIGAQMAgYBg4BBoGYIGAJSM6jNQAYBg4BBwCBgEDAIGAQMAgYBg0BLERCqaRJywJZRKmEBBgvKSNkgYBAwCBgEDAIGAYOAQcAgMCkRIE148BcDeAOoxi1FQFxNOgCutxeHzwGp/6wMDZmUj5xZtEHAIGAQMAgYBAwCBoHJiQDTx/HUGGxJurBEwAEnUo7r2lqKgCjOwBSwIQnkHI72ggU3tOsKsBncIGAQMAgYBAwCBgGDgEHAIFAvBAYSDqZ6eaSkDy/2FKrXXIrjthQByRPXUDbed9O3seCUk5AIHeTdIvurN9RmfIOAQcAgYBAwCBgEDAIGAYNAbRHo2OLhiycdD75iOQJywTIWkMoKgHFyvErh2P+8CnNOOhEdWQ5LNYCjW2WXWZPexkLN0LqaiMEMYhAwCBgEykZgrPc3dTjWO3zbPkrpdfhUR46wvfHG6rHcOY51fdlAbueGic65EnMwfRgEykUgb+Xw9Xf+KzrXrgMEPSlj7eRyRyj/+paygFiwETCFnBX9osUlhHHBKn9bAGqsN7ka+wM2nnHNPQYBg4BBwCAwMQQq8f7etg+KsCynUTTmsA/JqG+GVn/G+M6QS/XO2jZzrMF3qRLYloOiudYgUAkEJApwwJBQDBZZP1T9TSAtRUC0kBhDqJQORifqYVVCcpOwj7Fw0/t3EuJilmwQMAgYBBodgbHe3/TuHkv9GKuPcjEYPSZxjyhhzI7bWJRn9Bxr8V0aC5dSsC0XO3O9QWCiCNC+dLiNUEmtuzFDQCYK6aj7WXSgQqcmOg0vA0L9gzEPWio8kebvrgQDSPMv0qzAIGAQMAi0IALF9/f2PJAZGzo80odI8UkS/Xx426aPUSdOxet36OU8rL/hY44YZNTYxb6KfcsdzK3Yx+jvVHGKg+uqwrfffBtb8IGZBEtKCUsfOhD9iNLxjnUEUX1QWsoCEnMN7T5Ev5iuB1JMQjbWa6P6YDfTCHIMuBohh3Qz4WnmahAwCBgEaoWAVi3oO7gddsBYlC1ykGDEDGQoXWc0y+I3YKiPkWf/xet3nOR+yB4xeswiDqI4dsw4imPR9XoJ8fxHz614/+jv1NB3KZpV3EtFYR/r2zgc24oObDozCEwAAY9RWAJgKaZ/F4aATABNc2tNEUjBRo8dIh1GZvMsLyFOpKYzNIM1KgLF08xM6CBrSaSFhGAKJj9Eo0rMzKvZEODgmjDoX/rPQivvlooKjtE7m+t/Azi30JHOoNCfQx4CITiU5SBIuej38vAgYCcTyAobWb+A0AKsZAKhAjLptFbsHceBSDkaJtuO4iwdL0QYhNoNOp/LIQwCCM8DCwRSloM2x4ELCVHIo911kaK/5wVCPwcXCi4sDECAM1pN1MhNZHBdjINUqGhdSq9LjlKi6L6CBSQYh8M4AiVhyeGOXgycgJhAk3LkyXFYNNPouRPpM+7JE4DX3DqJEGgpC8gkklvNl+rCRo6HyEh66dugkytTZb7mYmjKAYsnpFmbQ3Cg3Ve6EBIf9SFvysWZSRsEGgABG45WxgUXkeUiVoK1qwURDx4V5s0yB70KyFk2UnPm4LA3HYXDjj4Gey/aH8oiIsKRaEvDTSYAuwOJTAqcCAZnyPsBOOewbUtbFtxRHhz0TA/30lJSQgoBJhWkHyD08kBYQCGX1SQEUmHt8lVY8uijuOeuX2LDqtWYLQpIqQDpMEBSqIg8KAWmqQf0+4M8G+jnHAxCR3sOtZDeKwroYxaybkL/K1Gs4a1oXRmv2EZblaYKgaQAXCViUjTens19BoHJhYAhIJNL3uNerQuOvCXhKoYeK4F9P3IG7Cld2zXxjzVI8QOwPfeA7X0oxrpurPHG8++lzlGf0o1yHxjPeNW+p55zJKWFWiYv4a9bj3/+9HbY0h8zALXamJj+DQKtgkA/EQLLgcMdBIEHbqXQC4GedAJzDzsIp571Aczac2/Y7Z2YOm9XtHe0R0GoPDoUIC5RzBdZJBFceiODJ9XIkHFS9oc3O3IsH2rEFIpN+0PRwVXkxhXFhJAXOousNKHQRCMfhOjfuB69a1aj0LsV9/3sZ3j07nuQ2NyLOU4KVugjkAES6STyfgGJMBg5CQ6kpAscdyTO/fXPoVQSfCyfqXFuAsuy9Lv/u6cei1cfWoyOUGnrTP0968e5IHObQaDGCBgCUmPAm3W4JLldWXSaxLA2k8bXH3sS3fP3GFcurFKV4VKvqwampY/N4o8pQdG4ecFKX0/l0GRUmCdWNuj3Phlgy0N/xbdPeiu6gwGTRa1yUJueJjkCbjKNNaGPwpw5OOljH8FuRxyKGXPmYdfd9kaobNik96sAjKyO2k9IILBdWIqD66BJQFkx34hfYz4jy0PU6Eke+lv0M3tUiiphjeIf+p5iwCtlpIzSfypyv4zJCRcWFFeQ9DOyrfuS/LvgkyuXRYn1I5er/p71WLHsBfQvexV/uf0OvPzHP2KG58MVIyeRTwBTvQSck0/GuXf/H2ztc1YdSqCtO4zhmlOOweoHFmOqHxGQBimxMMmfCLP8ZkDAEJBmkFIDzJH8gFMiBc/OI48kzn9+CWbsvmDw9L8Bpmim0OAICCnw8uJHcOtRR+kYEHfQd7rBJ26mZxCoMQLFMmHFVLUed+BIBc4UZMoG8gH6XAebMmkcfMrJOOK092O3Rfthym67gHEOzlqz/hXRDRaG4IUQq5etwCtPPYAHfvUbPPPbP2CGAEIZYDflInny0fiP3/wKXCURn4NUTII0B320ol3DGL55yvHY8qcHkBChdi21JP20cQ+jKgaE6cggMEEEDAGZIICT5fYRBIQlcf5SQ0Ami+wrtU5NQB5+BLe+yRCQSmFq+mlNBHwL+vRe15RgDAmpEHIHeSeh4zf2P/PdeN3JJ2H/E46D35ZBylew3CgoXBfvG51Tt0VgKma2ogB3y7YhGAMPFDDQj8f/8iCWLn4ID992O6YdtB++9Is7ACtR8WJghoC0yGYyy6g7AoaA1F0EzTEBQ0CaQ06NPEtDQBpZOmZujYQAubwyWMhTMLXDkVUKbYsW4shzPoRjz3gfrPYu7T5Fbk3kYeQRYaEUm9rFqWX5R8TIGLkCR7EWHMGwYuoKIVywQh5r16zEzPl7aEuQM7GkV9tsC0NAGulJMXNpZgQMAWlm6dVw7oaA1BDsFh3KEJAWFaxZVuURiNPpbm1LYvohB+L4z1yEN5xyMjxmg0sLthPHVugEDxEJKcZ8UywGhXlUWO+u/Bon0iO5b+q4FaIilJ6XnJ4YLCEQ8BAu5QyWLkKXw64wEIaATERw5l6DwBAChoCY3VASAn0uwxxfoZ8DvVYSFz3/DKbttsdgDEgp7/jRXrGKUSYkKopFFToZeAO4DUQhjTRT+hPlmnfqntSdkriMSC5DJ3/luhjrGgFRSCh9qq04G01Jwq/QRURAli9+BLeYGJAKIWq6aQ0ELAjmAKwAm9LICgbftrF1r93xnqu+hDee9FZY7amaL7X4iiEVP/pz9JYv/pwCrjkkLP1jMr0MK1QY1xwZXu5QUpIOKoIYu4nR/VE2LAuBit5MVpxZq/g9IYuOfhUzILSHMnXVHIxhAxoCUk/0zdithIAhIK0kzSquJWczTA8VtrpAL0/i8ueexPTdKAh9KBej9j3eSSPXgOGNk98AZdayI8WYMp7UuwVUTEpna4mS2itOhbXqOys5qABE84gCU8ubFFOU5jJmMroDt+aLMhaQmkNuBmwCBOiAgVLYkttVj2thfdLB3u9+Lz573X8iaGtDKDjaKZahxo10fx0Mr4OtycIiRqTJUsrRGa0EJ9cnCUvZOv7EEkSioo/B8P9r6kGMg16tPKrpQWYbciVj2mLBADdOqxt/LHxua2zowKVRXMsMAanxRjTDtSwChoC0rGgruzDPYugWChspAQtL4PLnnsVUTUDGYSCIicqALUDKdRoWklQrqtK28vFA4BdAx3CBBXhUcRdRYGclWnT2F6Wm3Fkbui662qEP+rBbKM0jucSV1OL7OBOwhYWQTlcTDO0l3VzZi0wWrMriaXprDQS0rk3PKedY1p7GBbfdggNOfru2WNIrkSwF4LXPahWSbYKMFlJBhQJewtF2U4fIBWV86t2IdS8sg92TBe8ZwMZ1y7Dq5RXo3bQZ/Ru3YMuWTfB8D1Q53HVdJDNpdM2cjo5p3Zg2Zzbmzd8dPDUFYWcG9qzpmDZ/LtraZwHcQj5OC5ySMip6y7meB2FU72YISL0lYMZvFQQMAWkVSVZ5HQWLYYpQyCZtKD+B99/2XXROnxG5YBUL8Y0xh+KZPVXIpUYfuJmvPQiqaxqg7NiUX+WFjNF9ASGc3j48+r93YGYgIBWd7VWmWbF/gRA775E+tsRV6MNNuoe0GdQw9zQuFVh8wjjWzDg5g2sHiRCWtJFzE2jbZwHmH33cWLdW/N+NBaTikJoOWwABekI9Dqyb3oUrf/17TDn4dUhZIi6gF781Iz+nmjZ6P+vign4I6QUYeP5p9K1cib/e9Uvcf9ddSGd9/c62VYg2N4lQRbZaEQqdChgyHCyNRLOn11/RSs6p5gjjEKHEAJEc4l+Oi0IigT0PPxwnnXkGunbbDd37Hgg+pR0q6cTHN6WevFQPKkNAqoet6XlyIWAIyOSSd4VXO76PYrEo3sYEx1eX/hPJ3faGE6U0qXuT0oPo8/GpmTMwz/fgN0w+9+FYlxsAQp5uNnxSCpSPXc/8IM655Uc1x9pYQGoOuRmwARGgVx1lryKbRuTmpLChLY3TfnoHjjj1FIDnwVltYz7ojRJCQNs4BCACoS3AfPkyPHX7T3HLdf+JGT3eKDTLfw+VK44sA2bsvic+dPXVSL/uILhz9oCv3bYYXF8hSJGVOrIpU5V1m2IJyx2kzOsNASkTMHO5QWAHCBgCYrbGBBAwBGQC4JV568QICD3oAbkxIMCuZ3wQZ9eLgJg6IGXK3VzeaghobyudZDeKr/ZshsyxR+Gzv/gNkuk2gBcQRYTUsGkGIhBSdq18DnxLH6465V+QXbYC6VwWaQ74FAMyolWfgPTZFtqkDRsW+mWA9L774fM3fQ/WwfticzKJbpXS5INcxaDiKu9VTmZiCEgN96UZqqURMASkpcVb7cWNj4AUZ7UxYeGrS5cgOX8fuMUKU9We8hj9Fy0g582YjnmBhzgkss6zouFbg4CYLFgNsJXMFOqKQJGAUOBHyBiybWl8c+kSFGbORZLsItwHWG2TRNCceoI8upmPn3/2Yjz+3VuRUlm4FH8WE6Vwm8QX1ScgZCuiJLuKSR33RrGCWdvCxkQC37jtp2g//iiwTDdyuiZ5iJS2LU3suzTW5jAEZCyEzL8bBEpDwBCQ0nAyV20XgYm96JuBgPijVP/6bYTWICCmEnr9dpAZuXEQIAuIDq8g68c+++CSvz2KMJXWMRehHcKuYPKLUlZNcynkcrj3K1/DX771DUwNPRQCUv4jNzHfBtxwdOxa9QkI4UT5SaSOgWGwldAV4kEFGplCT7eD/1r8FLDr3vAdCUdbeSf2XRoLL0NAxkLI/LtBoDQEDAEpDSdzVUUQGPlhaEgCIkKI/izOmzkF83yJxiEgExSAzstPaTJDzDnrw/jIzT+cYIfl3065B5b/7RHcfOQboSwJmzSLGjfBmY43op1IioSwqYgbh8XIIYZDUrriiqUdqPHidjrcSOUx1I/iSAWSAoT1T+LfFaVHjeMV6HdXe9sTOlEVaje2D9KftQdMPH7xz258HXVCmZ6KuRdIQaT/ol6GWvXV2caQB2X4JiWazuq3uhzzTngzzrvj91COBSaA0A1qT0Ao1W5uAB+dPw/Te3Jg0oEjc4OA1ctAXdwTEf0oxsxEf9G1CG0LWS5w8Jnvw5nf/TFgOwi4gCMo7TiVh48KNVal0QTAcO0px2Prnx5AUobwGLmDFdOaVWXUkjqlSJiAKTg8yqI4wBkSVNNq+PNWrFxZUo+NeZHPoyKcyVgWUfWuxvFbaEzUGmdWhoA0jiwmwUyaiYB0Y56vWoqAUKUVIiC7nHU2PnLzD2q+30gBXVF3AsK18kfqb6BT70QBrJHbOAXpk3rd2m1QmYzqwulWVPCKK4+h0SfgxbxD/eQdRG72VOtBAf6waF/thz8sRIDuD5HQxENTPSbhUFY3UhCKiZ2or0lOQPpcG/u981/w/ttuh8+idOTSCcF1iHrtmt4TfgH/MXs2Zm/pjauLj475qN18Sh3J1ZaiAH0WQ9vhR+Kyu+5EfmYnbGXBkRySqsKX2lm51w0jID1/egCJRiMgRD6YgiUiopsOR8pzdF2ucpffCNdToUr9rqGka1TEU6EuB1uNgEUzzsEQkGaUWtPO2RCQuolO12uJCMjs938YH71lclpAJOegjxbRDqqDOe/09+KAN7xeB+hT8ckorXTdpFS1gaWMzE1UVE43IUHpsIUQ8H0fhXwB2YEBZLNZ/au/twd9mzaiv7cfgech9Hyovn7Igo+kIvWYqlZ7Opja5RaUIPsaVcZmum6Fwy3wMIRFdjel4DKmq30HwodjWwhDSvK6bQ2hFoR+G5mS4qfrawDI2xZmHfF6fPK+P6GXWeiUDqRVewKiC45LiauPPx65xX9FSvhQTXCQHHAHSRlokpHlQObNx+LSX/0fCql2HVdIBQ+rlri3gQkI7a6Q6shQyRbmYI9TT8Tup54c78X4KWuAmirjfeFFrzGl3zUkhnQoceeVX0J7z2ZdFNO05kDAEJDmkFOLzNIQkLoJMiYg0BaQD+Ojk9QFCyxyKyL1lwjIm777Q7zlw2chz6OSk+SGRAWZW7UVl1b8RBf/TrVppBCagOnaMVTzjbCi36VCEIbw0gxChLAY1wRCFvoQ5jzk+/qxZf1GYOMWsFBC5D2seWUlVi17Ho8vXoytr6xCm2XDdehUWiAlQ6SonyCMiuwNU4uGF9xsVRnoguCR/oSAW0jO3xWXPfEocu3tSDEXIYvT4dYSAFLWFeD1bcLHXv96dK9Yh24vW8sZjGssqk/lCMooRg59CsKx8OarrsBxF1wK2FZUPX1cPZdwk/YBA6499QQ0mgWEZk9ulo4CBlgCb7niEhx5xRUx5Y8QaWY1fbhMyU067YW4cN8DMGXFS/C0c61pzYCAISDNIKWWmaMhIHUTJSmNlkQy5Jj6wQ/g32+6aYypbO98urzZjzbxq5Bj+WN/xY+POAaMh7DqEQPCoE9G6ROVsy2ccMN3cPxHPghpu3G1+dHOSOWtuWGvLlaAG2uCg0738bNKOpaUcWE5Ef1ZV5Qjd7X4GtJkpILvRullGbmxUbFMZkWnz5TeNZ/H6leXYeWLL8HbuBkvP7UEj/zuLojNG9Dhh+gMFdKKwVMSBepHAomQ+ouqb1ONioIldVamVmqKEmPbDi5e/BCcQw9DcgDY2lZAd63T8BLGFADPJNSGTbj2/Euw+n9+jNlwwCgg3Qa6Q4YBRq6LHAlyb9Lh4dSoUGpcsb0Owol2YRTUn2DA6nQS1957L5yF+wKuG5lB9GM9BhUpkuGxriuukXxKGcOP3voWvHTfA3B1gd0ouqnebpx0iJJUQNYCLJnEUV+6GMdfenksruKzXTXntJrtAsqOxiSHr3K4fMG+SK9aSd6epjUJAoaANImgWmOahoDUTY4xAckIF9PeexrOufW2nU+lVIV1J72MJiABJFY/cj9+cMTJSKtQKzy1bnQqmIiDrLOWjeNvuAFv/tjZYJwIiIx1leb/MNca11LGoxNq2lZMkAAYPC8Hb6Afz9z3ANY+swS/v/1nsNeswu4eh5AF9DlKW6MoZicpuHYnoT3Uak38/4HMHccei8/8/ndQzIXkIVxe2xgQwpQ8rmhURrECCvjbr36On3/1ashnn0dXGEQFAAV0EododkxLQ9LvmoDUXzaBzSC4DSvTDuamwGUx9kgNuR/uYAORxY+aLHEdxWxbfq4HKghhSRXVI2kAAiIY0KGAzTaQCV0c/pWLccIlV0ZSK5VgNcGDFkDBCRl8nsdVu+4DvnZllCXNtKZAwBCQphBTq0zSEJC6STI+2KdawYkDFmLh0UdW/WM0mBUpPll0ZBK5Da/g6TvuhOQKvA6n2cMJSM52cNz11xsCUuNNGUoBxRl8UmQ52TiIlIRA4GPpIw/j0dvvxP0/vAlTpUTKD6DsiIQ4kvJukcNFazU6oIft4n23/QSZ096KOQNJoK32ayS9Tavg5FrEGAJt/crh4f/9KR747x+j7+FH0aVz0IboS0h05ahCR+TKEyV+qr/mxygeiWKRFNEiin+gAOWijWTnmA7PuFUK+iOcB4WMrX9FW0wpPVTvmpEEJIFDv3whTrr0qqq/86u3ou33bAhIrRGv7HiGgFQWT9PbThEwBKReG4QUBFcxFEix4AztcVXjYS74FZ9aMZaieOBmSyqz5iPPJDxSPIt5WSs+8o47HE5A8o6LY6+7zhCQGuJPQ1EgPClvXIVDSqtWYDnynMNnIdTK1fjZF76GR35yC/ZQPmwB9HMXCdmCBISscgzY1NaFrzzxCJKzdwXSNa6EPmoP6KxYIaWpBkLpwRIBljz5FO79/o+x+te/R/v6zfBToT75d0WU2lo2gHWK3PVo7oEVZUZyhYWErK41Se9XNmRhobimqsWdlPisjiYgr/3iBTj58i+1lPWDoDAEpMQN0aCXGQLSoIJpzWkZAlIvuRIBcTQBUTowUeq6F8OyIm0zsYnnzx8kIHHfvh0gRUqNdquh09Pan5jSAW4xG75v2TjqOzfixHM+CHAnikAntrRN8MpwcBQkJ79j8jnh+tKqO2zFvvl2qIMidBG26Hy39Dbc64JIJ6eJ00k3j/z3SWsj1wz947hbJhW4xiPW6gYXGv+AXFbi03KCo2Qc9O1Ku7tFNUQi/31qtDcpQIdiEXKWxMonHsH/e9tpmLl6vU4aQAHxxUD1OnjwlQ54GVdqMkbgKQfrpnTgW0/cD2fuPuCkOHMWpRcdljWAlN1qFtsbtFySJSHysQKoEKAHhFYIpfJ45E9/xFM//jGe//vjUOs2oitUsCmzWixJZjFInTy+dkcAACAASURBVCUqfqxAlSmipq+Kt28FPD1HIE1YUaNMd1RGkZJNBJFfVNWaI6P9O7j2OMNZ1QYsoWN6x1JMVZaT26ONY644H8de/rWRcTBjhsSEEJxcHzkEpfMt851TwjS3vSQq5KGJL8lwrCEFuQUS/qKAyxbsg+TqlTqZgmnNgYAhIM0hpxaZZeMTECVChLoQYaPVARmOnXnDVuqBOPDMM7DPaw4Ec22dNYYpC2wUARlUkrQyrlBgFl579ocRZNLa9z1RqcnsqB8FbEUet33g40gFHjIevba9skZ1HFdfn0omYTuOPmF30mm0T+1CqqMddioJWDZYwoaTScFt60Bq2ix0zp0DtKUwEAY6AD2VSGvFjgI9qaijrv1BRQZ1utPySNGYC6CYDxXC7t2Cqw49Et7ql+AEwwpJNojbz5jrGOOCWE3X+PW6Cv1Jhmv/8CDsgw+GTKSQCqKaetT0kinwNo5XmOjYE7lfhBKWH2DtY4/hpzfciPzqZXj+sScw23bQ7gs4KtTxFKQMF3/R80J8gFzqiEjWwQtzIktumnujA4EobspLWNj/mCPwmre8C5xzBEGUX3lHdUAsK7IY5Rwbr3nPv8Junx4JqwZpewe8AfzzZ7fDyfUhHSqE20xyZHIUSnqhmANHcfz8W19DsHLlEFlvGmlN3okaAjJ5ZV+HlTc+AZHFSuizpmCe10iV0A0BqeSG1f7u9JEmZYjqUigJqaJTPm0dGKZMF5EnCwG5V2xxLXx9/WrkO6cgRY7yTtUqDURLlgo5lcO5bTOxWyGP6ZBYU+aQsccdFYrWrvpJEdVHIIcm7W7DWVQZnuwRtqUtPCIUyFNF5VQChxz5RrzhzNOxy8ID0HHga+AlEjoEOcIrRqsKwa00vwIU2lYsx38c+gZM6duERBDVG9EWtgaIO5joviwSEKqtoiyuXYcGHAcf//73sOc734UgkYnO12Mrkw6yjeMaJjr2RO7PBh4cIrOxbYPlByB7evGLG7+DFx96GBueexro70ObANIkM7J6xalhKfCeSIk5rp6IBHZ8b5GAkNstPdOwOOhwjZpdtH7v4HapIlrouw4uffrv4PscqN3sqI9qNy/M40t7HYj2V5bp54AyXA1Rb/0yHDEFxqnWCYOlkuhBHtIFnPLOZqq9JNP/ThAwBMRsjxoi0BwERA7kIguIR5XQG8XaYAhINTaqr4NWh7AlhXq4e8voZMSkdPe0M3x71Xp4bZ1I+B7gpqoxtaE+qQ5H0ItPTdsVHX6/dmNz6Us7gZbnIlbgI8cRKsIYVUiJWsAlckkBh7IeEVmRHCnJsQUW0ocdhEtu+i6Sey2CtIiwkOpc+RZ7asHTimoBPzr3Arz8/RuRDpl2J4xkU3s3vkqvtEhAItob7b68I5EObMw9+US87/s3wGmfhrAtCWY5sCNzU/2bzGmXHlJrJWOw4Wo3JJKIBx+u7+GVx/+BW7/6DWSfX4b+FSsxRQApKRHyEIFNSQYa5f1afzgrOQN9qMCGnmn6ux8Tj+I4Y9EJcrf7/PP/hLf7vkhAIFWLTZcHLt1jHyTWvoS8RXWDivSjWNBlpM0ssITm4pSym1yxIo9Bs6cquZeq2ZchINVE1/Q9CoHGJyBCCsj+AXx65lTM9QS8yOmhzpLcnno3IgfL4PzoyhJcZ+u8nsYZfvj5WhFljWz8vaM/Dy9MSKf9od2GK19dAzGzDSEbQALt1V2QksjKHlzcsRum5fNIkUvWBAti0O3achEzLFojHXJqJZiMOgogWhVSnQqQDzgQugIJD5DcRh9T+NxfHsXMQw+EciPaVulGyiwj042wtELubt6EC+fNRcaXsEVUb6ERAp8rsW4iwZJFyjvhnwFDn61gp9PI90mcftuPcOApx4N3dYOTPxadDmstk0aP74sJTCXmU0ofcdkLbcSgaXBW0IkElK/AeELPUVj0/EgURBbwPNz5jRvw2I9vRXrDBti+p+NG9L1EXeJ+hpP+Ec/kMLtk8e1X+V1Xysob/xqNC+MIKDheJ3wg626szMegjRUas8VN4htPPwe+YD6k5YOziR16lIKaLwr43F57oPvVNWgTCeRjV9OiwW/0l5jW4DMbOYtc/mwkBH3/Ihcz0xofAUNAGl9GLTTDxicgfkHCz2/ChdMWYKrMav/+ivu2V1iipLT0cYvs1ehSDnIyhG28qyuMctSdVo6sNK7cvBIsPQWeU5sYkFzYj892zcR0L4+M4PAa4OTffv1huPD+h+C4VK/D0T7n1WqUOUtKiS/suTeSK19GoJJgKEwaf2/fTWJzJoMr/ud/MevwwxF00Xl07P5WNBUR+JRUgGxZVXCHG69sSXax6qvjrBQ8uNk8Nj71DK684LNQazYivbUHqUKApPJBbrDFMx8RW7pkHPPiDLN5aZc0zYJMqwYCvsNxyXMrkF4wj44gdPKLarcw9HDpgv3QsWpF5DpW77O/ai94kvdvCMgk3wC1XX7jExD4CoV8Hz561AnatT9w8w1gAdm5lCho2vZtrf5NEQL28yvgBv21Fe0kGc0QkCFBb2nrxnUrV4J12Ai4A6Ig1WpFAvKV17wGWPpPCJmERdEhk0RB6WA2shZDDx35dqTx6R/8CHOPPQp+Wxds5YDRyS8VpyfvLCV0FfpGaYMEhDHt0hoihAM66MkhSKaR8QLIdVtw3y9/jduu+TxS2Ry6PA+ZALACollEqaJcaSERkdhSQl8T0QBEvFFwrvQ8DAGpNKKmv9EIGAJi9kQNEWh8AkIfyMiNKfInpQw0DX0KE8dLS1vpnOhubiPOn7kHOgeyNZTr5BnKEJAhWW/NdOGaV16B3Z2oGQH54kGLwJ57FkxQTZmCjj+YDE2TizhDNP2eRAobMwm86T8+gnddeD4GEklI14HNHaRDymFa9JlvIHS0g/4w9kAPk87JDeQ4ufsBST8A+vqx9pkl+OF112P1Q39AUgik8gWkKfMauE7PqtMxN0TN8QbCt8JTMQSkwoCa7rZBwBAQsylqiEDjE5A4FRACN055qdX6Rj9mZXB9R8/ZEZvxlfQuCP3WK9hWw426w6EMARmCZnV7B7796iokOl2EzEFkg6tOK1pArjxoEayYgLgotGBd9B3gx7hOD02JAui/HivALNhQysamlIUpey7EJ274T2QOfy38ZHtUXb46ohh3r+RSQ3U5IptGlESAQtjJdY9SO+v6D8zXFUOohgj9vC8M0fP8S3jpnj/jJ9d8C1M3vazT+FISAl3rY7KYwMaN+vhvNARk/NiZO0tDwBCQ0nAyV1UEgSYgIBVZZx06kUJXF09kPVw4YyoyuVwdJtH6Q+pDWzuKAbFSU1Bw6DS6yk0BjRgDsrktha+vXoVkRwZKJaqSGZaIhw625gy+Evj8QYch88zzlCcKvsXghCYGgHafZ1NGWwdsynRMf8NhOPfqr8LZdR58x0YAG7bt6DIOUQnLME4+QPUeyLkpTrrQaIxl2GNVJKBbXl2OTc8vxW9u/B6evedPmCkZHIvBVQIq9GHp5ARR6lmhi/ARKaZMdxJM0dob/zipym+Tkrs3BKRkqMyF40TAEJBxAmduGw8ChoCMB7WS7jEEpCSYJnqRISBDCG5Jt+GaVavgdCYRchdVScYrqfJ8XLk9lLjwoAOQfvZFnWSBzsilSbagBZK3gJRgSJONxLKQ4xxy2hTMOeoovOMTn8D01xwAZFJQzIaggpNUGkJEMSOkqFPqUreKFqyJPnd0P5GQTUIgbdsIcgFsofDyEw/ilSefxK+vuxHWmnWYKkQUAxPvC8pYTM8spZImC1Jky250i3Yl0Jp4H4aATBxD08POETAExOyQGiJgCEjVwC4SkIECLpo1HemsiQGpBtaGgOjSD7qtnDId33l5BRJtNkJuV8cFi9IeU5gAGTryAS7Zb3dkVq7RKWuhbO3UYxrg6Jg1pYu3+XZcaVySrBx4sOBOm4b5hx6CfU88Fq9/378Bne0ISJHP+0jZCV1fRMeNNHoT5FpK8S0cinH4jEVWncDD+tUr8eLixfjbr3+Lp357N2b6EqmChzZuQUofPgMCip8xRrOSpGwISEkwmYsmgIAhIBMAz9xaLgKGgJSLWMnXGwJSMlQTudAQkCECkn7XO3Huz+5AkgcQnD4l5NJT4aYipdH2Q6x47Gn815vfiGl+gKxFFUAcOMLk/CfEtaeRbhQbQS5HgiJEtE3DI9erpIWCJ6AsCwEYFhywCHMOPRyHvOPtmHP00fASLhJW42TO2tEuIrpZrFVDlEuXQaS6KNLSho2QlkC16rI9ePbRh7Hk74/gwdt+DueF5Zgi/cF6IxXepS3ZnSEgLSnWhlqUISANJY5Wn0wTEBCdpUVBMFJwKFSSHEsa+2RQu8hLiTwHMlkPF8+YhpSJAanKw1QfAqKQDftwcfuu6A6ysKWC4hM7xh1Ww04rqVSIkH4x6lZRZACDTZmJWGRjoMxLLoUPMwcbbQZ7t13wubvvw6w5c0D5qgf7mwDq2m8fCo6UYDrwg8Z1QLUIMbAJF590LNoeeWYCI5hbiwhExf4s+FxBTG3Da088BrNefyyOPu3dQGcnpJOAYAIWJ9tKFDSu90ccPq6Vf6oyqNlA42XcKqb+JberUApsevUlPHr7Hdj0jyV44M5foNux0EEOfDmyADFYIe09Bo8zJCU5cEmo4h6cpB5bhoCY90W1ETAEpNoIm/6HIdD4BERQokfFwbRGpjX7uORwYwtSMQ+CMdgDIS6bPhVuwZwMV0NidSEglH60MIBPT9kF7bIfLm1JWRlrAxELregPFv1ikLrStgDjVAdd56TWLYsksu3tWPhv78IHv/wFtHXP0MonsyqU/UpQGiTKsUpBH9HEFBPwZYA7P38ZVn/jRmRDrxpinZR9RoUjma6W7TOFdpnARkuibe8FOOnfTsO8g1+H+Ue+CWhrR+AwkDPX8NxaASNyEhVqbbQjmkECQuSVAQM8AKP4F+lB5vux9L6/YOkf78eDv/wtMus2oJ2sREEBjEn4FuCKKG6EiDjlQZyMzRCQySj12q7ZEJDa4j3JR2t8AoKcD7gWhM11is/o/K9xW3SSSR9Kok4W7JzA5xbMQ8f6tY076SaeWV0IiAL6/H58un0XzBEFTJEKvWUGXxfjNqIK2QyMKovHERSxjgabFH/bgSek5gF5UtySDnY5ZBFm7bUH9jr+eJxwytvA2rvgWRyJqOY2RQdriU64+ja50FCBOjLDBEITLTu7Gfed/2X8/qc3IS09MBPyUZGnJy4fpN8dUfIAhYJFaW2jv5MIem2FQsrFYaf+Cw459jjMPv5kdM+dC+G6yCqFZBDAdSjhb2wFqcjMKtsJ7XH6j7JhcdroElBOtGWlEpBKYvnzS/Db//5vrPnzX5B74SVMFxKuJCKukOMhknTfJGyGgExCodd4yYaA1BjwyT1c4xMQXwJOoYCX//og2gsFBK6CKmpvDSi8otLnhiF85kCEHDf929vBcsYCUg1x1YuAbBD9uPqkd8B1FOyQ6iC4ZS2vuE/oZNiyLDjcguU6OmhZEeGmn2UySHZ0YP5e+2D/gxdhxvy5yHRNhWAumGvrQHBfhbBtcrQnlxX6fJCBUIHHqXLLmtSoi7VSSGRa5cHWrcOzf7wXPzz/c2jb0q/d/OlUmmi2aZVBgDJEBcQ54yxR5JIV0dKIUHKdNYrBTSTheQECh4PPmIa3fuJjmHPwIsw95BgglQBSLgS5MTXgUQ2tRvMjKaFUtHcYj6JjqAYiNUUWRiXhBnmsf+El/PR712PNfQ/BfXUNbJGHQx+FSdgMAZmEQq/xkg0BqTHgk3u4xicgEAL+wAA+OXsKZucpyWd0OthMjXOuY0JMqzwCdSEg8TKKbiXjWdVwAlK8vxyLha7HMZqIx4EfRSscFZmjxLgRjaAAYVJto8oL9C9OyCCEALfIL98H50l9FG3R0bT0EAz0YcM/nsErv/k9fnnjd8BlMHT63FyP4HhE1Pj3DHsVkjikbWPBEa/HcZ/4ODKLDsCUPfcCuK1d+ChDFYmVaS8v+oOg6iOQurwgh6XICqdNt3Vvw/d29IxRzRkfS//6EG77+rXof+wv6N5aQNoP4GcYlKdgySjYn9aDFi2HaQhI3bdmy0/AEJCWF3EjLbAZCEiIIJvDubO6sUteQtIXtAmr7cblxRpJ+C0xl3oSkEYHUIRRhEBRp6R0sFr/lEq79vhSwuYMPBQQ/X3Yumo5rL5erHzkCdx9083Y8vIKWH4OaUoda0l4tkSmYIh0o8rds21IoWAxW1cu7+lM4oOf/QwWHHsM2vZbCHdKR+TuB1fX4NAJDuiXHVleyDqRaECrCZ03BRSAL3zwgRwKQYif33gjHr3tf2AvX4VpYR59CaraDkwpREm3WnGXGgLSqE9e68zLEJDWkWUTrKR5CMgnZnZhrqcgKSC9ySwg0UYwR8bVeCAMARlCVZ+ChyGkH8ChrEk8B1EowBvoB5cC1sZe2FJA9mex7pXlePQP9+LZx59A76o1sAu+jiGBDHTgORlXKO8DMRYK/o04v6lbXY09XKk+bVD8B2UMDHUaYDJ0kFLucRceHEzdby/8+xWXofvARWBz58JLUWYtpQsIumAgS23RvbUca1yl5r+zfqKMbORkSC6Pjq407wgPz959D759wScw9eVNmBME2OoECEJyV6vFrGo7hiEgtcV7Mo5mCMhklHrd1tx8BEQ1KQEp+nHXTdQtOrAhIEOCJSVt89r1WP3yCqxfvRY9a1Zg2XNLsfy55xAOZNG3NYuECJGRAk4+B+lnkXFdcM+HIwQSga+dcugEOQqEZzrugM6TLUqG1aIny63yaFDtl+IbnYK8KWGzrrBORg6KL1FAgWSbaYOfTOLot70N7/j0p4DObmDqNCCZgIqznTUSASmmlCYSHPHgyBE3jFPGqYEctix7EeeedBJ26c+iu5AzBKRCmzoMPVy6YD90rFqhU3Kbc7QKAdug3RgC0qCCac1pNT4BUVIg7BvAeTO7Mc9X2ru3kbNgteY+adxV1YWAqKguTagsJLKAoKLVTplHrsX4DaWglARTQVzDIdrgAaN0o0wr/RRMrKM3KEqZkz88g/4jJFwqk0O1cuiX42C0//xwRbL4b/Q7/QqCACII0L+5B8teeBFL/3AfFt91F7x1r6JL+XClApcctvCiInpxYTnS+1IBkKJyII27NSY4s2q/ZcrcLxNczfZuj2zJHP2WRHLudFzwxS+h8y1nAKkkPMdC1gLaeajrzlCKBYv+oP/HYksJUdQ461YV5ldKlzpGhOrwUBzTQB6P//7P+MmHPgxXbIUlA7R70dypEW2ROrCfZNt8SUGMBaSUHWGumQgChoBMBD1zb5kIND4BkSKE6M8aAlKmZCfL5fUiIFIEOtOQoxg2M4U2OT5FjPQn4iKUcVef6sZWhnTRkT3OzxpYQJ6KApLKJ6AtEtqH3wJCm6wWIRKDqlaJ0i8eKWvfLYXNCMEdKm8oIQs5BFs34+W//hU3f/nrEC+tRGco0OZl4UDA50DWATItWwak9QlIVNCQ6/iP0OHIewG4y+BM6caiY47BmV/4PLDrvkAiiYIdWcUSOhtX0cWJ/lBtnErYy1JBavOc0oH2eX8zrn77eyDvexiK+9qVUKfupbiXwcxizRclYghICXvBXDIhBAwBmRB85ubyEDAEpDy8zNWNhkA9CAipLoUwj2+d/SHskQU8i05WyztRdeJ6DdzicF0XiVQbkum0/tU5pQudu8zC1N3mom3mdKAtCVgpIKQUqwnA5cgFPpBIaSuITf+XIVxeXirgEe4U+lDYhy5zzqjwoaOZEcUIWKHUcSQrlj6HS057O+Zs6scsISGVrw0vrdmqrVjXH7jiDHSoDxWwVErXHAnB4TEWpYTuTCK92+4456qrsMub3wyVaNPWN2lZ8KHQ1gBps4rZ6Oi5DBlZ6jiULODPt/wId3z8M5glqY5OCFdRpqyIeDQf/QAMAWnNN00jrcoQkEaSRsvPxRCQlhdxiy+wHgSEDlPDfD/Onj0T+/fm4TGu3ahKasVaB7H2N3iAzChFqgVBqhFncCSHRZWfLbJHKBSobkJnJ6z2NmRmzUBbdzfe8e/nYPYRRwFOCjLTDu6UmUM1ngO5VNHsA4TR+HGxTyI2rrR0IDNV5qZ5sFwByx64F9eefibm9hVgK3KKbMU2OQgIyV4b2eKUvpSyd3iqAVtLHcgRUZ45DR3z5uC0T5yL+W97BwI7ATud1sKvZ8wIpZummjg6hwK5JgYMORfwVICNd/8R3zrzDLTlc3CDKI00PSXNWD/TEJBWfM801poMAWksebT4bAwBqZuAGbT/fmDb4GGoXRxq3VJh5B/dS+4V5KZQ3iF+rae73fHqQUBI0Sl4ffj0jFmYmc3DkRSvUdqJ9g7V2uE1HYZdRE4j1KL4jVhZjDNSBVzBzkzF9JOOxznfvRa8axp8y0VaR0rZcdGH0sQ0eBo+fBksSp0QzYAqrIPK8sBiPtYueQqXvuXd2HX9ah0W4HOJJJ00lzZcQ11FRCtr2ZpMkVfaJieNdjnStyyOd67YvLMuYAkbruRIhnlMoyr3MXiEeWm7aeLTGRynuOfiHwz9NYpD0l56tAsshTxlRps+E3sdfChO/+KVcBfuiWwyAyd04LIQgUUB8Bwuafl0c5m8uNxVRcUyR901+DxJPHr/3bj1pHdjZhBgS0JipmchX6bFstw5VeN6Q0CqgarpczgChoCY/VBDBAwBqSHYI4bS9RgA5B0Lec6QDMt0n6nAxAfcJNrCHFxR0CeIzag81ouA5MJ+fLZrJqZ7eWQEh1cHpw7aMQFs9KdcOPNm4sq774XaZT4SbgDFnOqcStMm4SGEyOOBm36Guz/5SXT6CgUeIkG++BXYl7XugqxQHrOQlALe1G6cftv/oFcfqQ81nZK4gs0NFFKeBYpx+8P116Dw0MNQYqQ1qSEz55G1jGJGqHI550iEFroOOgDHfeoTWPSutyPbNgUZgk6Qy1CUgYt+1bMFYQH3Xv1N3HPVl5GRno7bkqVaLOs58VFjGwLSQMJo0akYAtKigm3MZRkCUi+5kK+1zxUCzjH1uDfhDZ/9TM2mUqzjaAdJDDz3D/zx0s8jI4JmrO+oT2aFncaVm1fCSk1BwQGS1UZSAY1AQCTnyFlSFxXsUMDuZ34Yp3/7+0CbQsgsnTmr4o2CPpjEAPOR7Pdw2d4HoG3deoSMUr5SXqUmpCAU6wCgQ1rYsPs8fPGll+EGoxhHpU/xLQWfMppB4tHvfQe//dTnkA6CKMA7PpyInJ8aq9F7q2gNofkpXY8DGLA47P3m40MXXoM93nkietKWTsxA1qV6B6qLgkCOFfDNk96CxAMPYcARcJvQ2msISGM9C604G0NAWlGqDbsmQ0DqJRoLHAVbwg0tTP/A6fj492+u3VTiFLAFm+GVv92LHx15KlLky9+EuuNkJiDk6kKBwzqIGAw9U7tw3fNrEHRH9awrTUC0OxYREAXkLSDlS1xy8GHIPLtEB+GTNcZuQu96soD4zEJKMQzstiu+/MLzCEalVa70o2EjgCNd+LAQrlqOT732UMzY2qOzm9nE8bTLU+MRkCjtrgQjEwcD+hwgIaAtqNp1jLnY491vxVnfuQ6sfTrguHUnIDJQCByGZ++8CzeffiamiDyUaDxsx/oAGAIyFkLm3yeKgCEgE0XQ3F8GAs1AQAKI/jzOmzkV8/ywZeqA0IPuWwIJwTDjrA/gQzf/qAy5TfTS6OPrSImXFz+Inxx5AjiTEE3oljCZCQiFCzvkCkNZuRiwNZPAN19ZD2tKWlcQqfShvd40cepeyRl4qHDRooPRsXQJJNUVYZE1pjmbC98KkZg9F194/gUgQQlnh7UKu2AprsAki+CUCvf94P/hnnPPQ1oGOh5sesgwEBOQxoKUHKqiiG+ChGwcgS5eSRU2AOUC0gcyuy/EJ+//HRLz5umdqBhdX2EQS91olPkqVFD5Afz7gYuw68o1iKqbNFczBKS55NWMszUEpBml1rRzbgICIj2IPh/nzZiOeYHXUgSE3K8ofHnXMz6Is2+pJQGJNqyQAi8vfgS3HnWUTrdKheearU1mAjJaVpvTnfjG6pVIdCXiiiHVVfiklLhq0cFwnn0aUiWgmFe76OkKblSK70grG1vtEG0z5uCSlS/DKjel8QTmQwkGcvl+/Oe/vhPpex9GXuXhOUDai9ydiq0hY0JGrVuTDSgIOMgetB+uuf8vQFsbpBUT4qGsBhNArNxbBaQiP7sQ337Pv6H3F7/SM2y2ZghIs0ms+eZrCEjzyayJZ9z4BERJD6EhIFXZY5qAPPwIbn2TISBlAdwgMSCGgJQltR1e3AgERFIhyA2r8eXjT8Uuz76IvOVBSTYYE0KTbwYCQqUyFQ90IPrWdAIfufuPWHDEkZAW2eSiTGq1NoSQfUZQrRwV4HeXXoYnr/5WbDeszP6pVS+GgNQK6ck7jiEgk1f2dVj59glIav4+cHRuwzpMadSQ0lhAqiYEQ0DGCa0hIBo4YwEZ5/7Z3m2hAkKBzb0bcMXJp2KXp5chy7LgEqBwlEaNCRm9FA4bOTtESgA57uCE//ffOO4D74ewSbWpDwGhlFxSF+sMcPcll+Ef37geSjVfFLohIBV83kxX20XAEBCzMWqIwPYIyD+Rmr83HHLHGaySVsMpjSYgwofo9+IYkKCFXLA4Am6BqQDzzvwQzrnlppqDbAjIOCE3BGSIgBx4MJznjAvWOHfS4G1ZCKQFB/MENtv9+K/3nY2Nv/4N2oWCK0L9KqYMWaQ2U02SYt0LnR5YZ84aVkhmopMp435dHyUmSHReRVmvehwJzmzkeRqf/MPdmP/6w8BdJzJ81MECQq5XOnewlLj+3ach+8vf6ZQJzdYMAWk2iTXffA0BaT6ZNfGMt0NAnluK5O57gPKzRGXq6tukUJADA/jkjE7M81XLEJDoMNAGUyF2OetsfOTmH9QcaCIgyxc/d/2oUgAAIABJREFUgltMDEh52BsCovESQuCLrznExICUt3vGvJpiQqQQeOnBB3DD2R9B4tVX0elI5CUDk1JbF9IK8MHh6WKRTFtJZB3S2FHgORUxDUm/Zwy2VFEiApbE2oV74dqHH0Kyrb06NWnGRLJ4QYiCUEhuzeL8Aw9E9/rVEMVc5CX3Uf8LDQGpvwxafQaGgLS6hBtqfYaA1E0cDUJATAzIOHaAISCGgIxj25R6iyYgSqEfITIywG+vuQ6/v/576Nq0QVtEPB6gNwnMzlIGtCHaUelUwaXMlyI7rJj4BBalaWboc1yoGbviq489CDZjGlyyz8Spv0vps+LXhMBmO8CKH/4YfzznXAy4PtyRNR8rPmQ1OjQEpBqomj6HI2AIiNkPNURgJAHZlLTx1aVLkdhtQcNZQM6b2YU5HlUbqHkMY3XkERMQcg/Y5awP46M3/7A64+ykV2MBGSfkhoBo4EwMyDj3T6m3hUBOF9gIdK2NpY8txtWnn43pqzZjJinVaQG74MGVQa3jugdXMOAwpAOOJHfRJwUKiRQWXvxxnHnFFUj5VKXQ0i5j9SAgROSoMZ/Ksvfi/D33wqwNPdhqKY1nszVDQJpNYs03X0NAmk9mTTxjQ0DqJrwGISDGAjKOHWAIiCEg49g25dxCqjPV19AVuxlDEIZwAgd+Btjavx6P3/sn3PEfn4OzuRfdSsCRAew61PEJGeBZLta0Z3DGNV/F0R84HXnlYipSgCW0exZX9bGAFAmIKORwy/s/hBV33Q6qX+OGNpSJASlpO4ahh0sX7IeOVSsgKICn+TK1l7ROc1GEgCEgZieUhEAU8AdkbQ560boq+n34SVPx78Wf0Yml3mR8ZHor8jemtj7h4GvPPoP2BXvDomtHXVfSxCp8URgKCG8LPte+G6arvM7eXt3qBhVewA6685iN0A7REXDM+OAZ+OiPbqnNwMNGaYwg9JHSpAJtxQBbpiL/8uGuJYPfPxaVNaNKCf0JB9e+ugn+1A64wgfsKscuKcALcvhs11x0+f1IixDeGJuSfOU9G8gElJOnOt/xetQB+fxrDgF/bilSwtPV0dkoP6DR+or2xKETcQVd9ZtavXWaeqfhLffBLyrWVEsv7O1B78qX8fRfH8Kd370Ja1asQBdXSEEhMTCAFHeRAFkobGRlQRfg42SSUEoXDix+CUguuqYOyYNKZtCfFZCWFpibQFYQmeDIZRxs8Tx4yRQOeN3rcdZ5n8TM1+wPZ9Ys2DxRl7wlxYSNxL90gH7ow3dc+GGItpyHH3z0LCz51S8xLWBgYYgg3n/l4j6R66PXg64fj1AXZcQ2RTt1QP9Omu8m8eWnlwB77QHGBCwtweq20A9w4V4L0L56FSzhIGQjg/e3eXa5rTePJSnxcbS7mrHmSnVRbdzeDQFpXNk01MwcOiHT3xGGvJvEps40PChwFp026ZzxJX7Zix+0XCqF7/71QcyYPR9QArCr/4IbC9RQAn5/H06btTu6VADf8lqCgAg7CbAAbmhhr/e8A1+66daxoKj4vzdGIcKRX12q7E1NxlUPRldPJmWjqOPSPmdKYWsbx7Vr1yHfNgXpggKSVaaomoD04dNT5mCKP4COgE6rd/6skOqRt4H2kP5E5Scr77FfDwJy1aKDoJ57ARnpk2q7zStndL3p0BYgryL6RYp/I8QCNysBYYGEsoA8j74FCWFBBQH6N29EmMuib8tabFm/EauWvoTl/1yK5U8+hv6tGxEWfIRBoK9lQuhK7Iwq21sWBNXrcGww20IqncJuBxyOhYccgt0PWIiOGdORmTYDXdNnwOnqhHIcpPx++LYFyV04sBDnuqr4u2qnHcYHFXRCTzvQFhyhJWFvXYfr33YaNvztUbgSutCqYELbPoqHHLWaaJT8i+lDQ6If0UHayPfUmFnvmcIlLzwDb8+FSNcoTX5B+rhq3p7oXrMSvs54NvI9N/owRXCBBBFXZaEAiTxX+lk3rTkQMASkOeRU91mmEVXu7QiBNYk2XPT0P9C1554TmldCFpCzbWRgawUp2QiFQLRxRiEbFuDZCo5wt3lxT2jRdbrZDaOMMaT8FFyONqfKSvN21tkYMSDRuqNcPgy9LtcZM+mUMNQKBY9ObONGigPhNvR3DpWcgm8uW4LCjGmwlITDxvyUT0zqUqEHAzhv9t7o2NKDaaGFTUlvp312+e3IWR46hYC0QvCg8k7otSYgdHBxwWv3x8ALzyNByp3O6jZIDzUe7qhluk4brFweSSbgWyGY2PYkeGLCKf/uZiMgxRXS82GTEksaNcHuDN+DCllOSXGZJgVkbdLqOZ1LkUwEyUshGKaJ01NDSrriDMyytHnEViEU5zr7IFlA0qKgXcL0E0uWBFm0NsYmFLv27zFaO2XhCsM8kgEF5Yd44X/uxJ2fuxTZnnXgkiGpLH0SXzzYKH+XTOwOEg/VQSF5+RZD1lLIWkWvhajv4e+5kaNF77sBJ41rn/gbOvZcqOVZ7decHjQf4Nx9F4GtfxWKNg4f+UBTvTCyZhabLTmUdMASCVhWDsorIDX6FGJiUJq7q4iAISBVBLeVus7AxQbXx2yf4cVkJ67856OYsfv8eInj/AjIOGAwEFAuA6vJG27nUimggKSyUWAcjqTHg952JZp2Gljg9OF3FEPAqHYwaRDJms+28VywGOadfxGOOvFEeEwiIFeQUR84UnrIj3t444kkFh38WrCUCzqBc6vtmiCBXpnH6j8/jD7yOFAukuHO6wpkkxxt+QHcetY56NiwviqyrgcBeervj8HNZ3WMQsAd2CIiIEWrKimGw1s+wzC3J4vvvPcMTO3rG3T7qQogJXbarASElkcKNSnc9H8LFNtAmbGY5iNJEWp3N/3MDKsBSCJhg6Q+fpb0ET0V9IgUzOLJdnRyHx0CUCyHT+Rk0A1W6n/TCiiLCE3Rglki9BW5jN4RtM+cII/ccy/hto9/HM/9YzFcKdHu0Yw4fCagyG1JM7CRbp0VmcQYnRBERAbpv4EUx1FnvBvzTjtnhMu0jrHYTiu6UIe2xMI3vhFpO4XQislnlSdfCIGlDy+GJ/NIexLhKJ1AxO56xWmQ74Vv20gLgVvPeh/mbNiAfiqyaVpTIGAISFOIqf6TDC0gJVLw7DzyLInzly7BjN0X1CXbSP3RMDMYDwJEQFb87VHcfOSRUPRBI3+3GjcKYiWTPX2ispaN42+4AW/+2Nlg3AVXUvujk5KzszY69qlWSyhn3FB54L6DCxbMQ8eaNVVxI6w1ASGcy8FAyyUEAuHj610z4IW9sGkD1PlAoR4EJF/IItWv0Dc9jUwhgEwSfYjdcnR1QdJYo6AGUvN1jY2q7JpaPS2ljzP6LURxRUU7acQeeGTxkEFkpQ989PzjH/jFl7+El/5yLxK5YMSpfOkjV+9KimXrUMBmB0gHLg7/ykU48ZKrWu577UPBDRg8nscXd9sHfN1K2JU39lZPUJO8Z0NAJvkGKHX5hoCUipS5bkcISCWxfPHfm56ANIOEIwJi44IFu7YUASkbewqcFgGu7po+qQnIo7+5E78+91Ic+J634G1nfQBy4QIkkYzINrFuasQ/LNK3iZ6ThaP+MXlly3scN2yTuED5UIziJsj+zREgRDoIgE2b8dAtt+K5u36Nl554EqnAh63rougIyIZqgwTEBtKhi9d95WKccMmVrUtArDy+uOs+4GtXmhiQhtqJO5+MISBNJKx6TtUQkHqi3xpjGwJSOzkKqltdJCBr1wDD4lgqNYt6WEDKnnsDE5AeJ0TbjHm4+NWXYPHqZlJ79Ff/i/97x1mwuYSrUnAOW4TD/+VkvPG0f4WzYD7yLo1vQUDomDyukytUObapbGFW9wYpJILAB3dc7a6KQAL9Wbx0z6/x99/+Dk/+9rdw+wfgchEZi6g6PItiisbphFy1BQ23gGSCBF73tYtx/EVX6PHqUSOlWgsdtIAYAlItiKvaryEgVYW3dTo3BKR1ZFmvlZD7zMuLHzEWkBoIYDgB6Vy7RmceqnQzBGR8iBZdsGpBQIoua4/fdRduP+0MMCePqR7HVovpiuKek8DMvRfimFP+BXscdwQ633g4ZKoNTFJmqvGtr+nuKj4aSkEJgb7nn8ILf3kQz/3ud3j+gYfA84GONeJMoUBZlnRiiiilcDESq/EJyCU4/qIvGALSdJuztSdsCEhry7diq6NMQfSSTUgHryZT+PIzT6B7jz0Ggz+jGMNGew1XbPmmozIQ0ElrttModHXz/ffh+hPfinToRRHfNW9RhAe5CXsuw1HX34hTz/4ACo6lkw5wZWn/96EWuaM0W7M8CwPOAL4wfyG6165EXJKnosvoTbm4csMr6EjOgtBpj0afmNffGdsKKFVsDy6fNR/d2V70UqalOovTAkfBljpFcv9ue+OyFU/BFUV3p0q/QyPt+plf/B9ufv8HMd3P6jS6TDmw1FAiA7oqR95YHZ04+M3H4bCjj0b7IQdj1sL9gbZOgFOWKgqsVjopAzkeRbE0RGRoRRSMHkYB5NqtqxiIHtWgoMDxKB57aH1DweU73pbDMx7RVbqkSBzgTn8n60P0c6l/cRnVhaCtKPXfpa4VI6hmle3oGVNiJZ2YVhaA0MfGpS9g3dNPYdmD9+OxP/wRcu3mKINUHAvSeA5WpT3GFO5kK4YBO4lTP38xjv785YPf69J6aPyrKAthwbJg+x4uWLgQ05ZRAUPTmgUBQ0CaRVJ1nieZbYXOsW3h1VQSX3/qSUxZsOcQATHko84Sapzhd0RABjiw5cH78e3jT8EU30NQF8/piICQ+hQ6HEdddyNOPOsMwLZjjSlm2oNwkn9FnTXW8YhWhZCyHxfvcwi616zTaU0r3TZ0duNbLz0LNzU1DmAeRUDiDEeVHrec/qjQJAt6cMkue2Nafxb9I1Tgcnqq3LWUncjnStdWKMzZFVc99wSQ7oo16cpbqujV/MLtv8D33/8BdIYePE7iItIwUlVzGRFzSoFrQTAGLn34bQlMW7Q/XnfS8Zh9wOHomD0bM/baG2hvB2OOzs1Kyj5lJyILQcRJIpLBdf7doZyoRD5GPkmU+XDnuI5VP0OAKlTFR18sogqUGYmHISAFlOIQyoId+PA2b8K6FctQWL8aa59cgiV/uBdbX1mFYOtWnU47QQdslG6eFeL5Dw9Gr5z8a9VTREAA30rg1Is/hyMuuzxigZXmuLVa0PbGoWxojMPK+rh80WHoWL0c+aq87eq5yNYd2xCQ1pVtRVdGnyufii0JYGPSxUX/dye65s7Vaf70J5O+JA2QRreiizadTQyB0bqU5Fjz+MP40dn/jg5BTkJVULbGmDEpQUXPEiqmhmldcDIZSEbWDyorFv031JrLAlL073ZEGoIHyK5ZBSsMqnLqr3GcvwsCZsWF1kZrNvU7iyziwEUbXFZAbuUrWvGScqjy/cQ29/jvLiadotP7QiaJzn32gE3uP9RlhSslFtMT53v7Eb5KNSqEzuiUkDy2Ygytg4wwOmWuZgkMAeewJIOjiDIRaffhWUDOtpCYMhW7vuEw7LX/Qux76CGwiZB0TEV7VxfSnd2AmwBSbQCjVOukJCowSdaS4XlUFbGWaAKjto5Oh80An84DKBwjFOBEipiEpYr9kJnF01mpRHYA+YF+hFu2IugfgOwfwOoXl+HFp57C848/jr61q4D+fiQkrT36XlFRUV3WJCZQFHROxKvdH0pQWyQ045d2ve5k0AREE26O/LRupNtSejKDle3rNbVKjEvy0ySXawLCmMTA2tVI+mJ06ZBKjGb6qBIChoBUCdhW65ZTsUArRJsgU72FkCrZiiEFg15zlDHENINAEYFtgh2VhcAqoDOk4M246EaN4SIFwyW9Jz6blaQYKcDSHzQKwg231QGb6cSwyJ20kgnk6FwgXm+loSanIcIxbwGO2E5y23riFuMgHAeZINCn/iFjsOJCo5XGopz+iABojzWyONiAGwwaDcrppqxrdd0KAXiMUuxCW1/IJXJki6g5VdigRs8K2Sx0ul7S1YkJRCxJHzylwCEtCwVB1b458gi0m1OB3J7cBDJdU9HW3YWuGdMwfZfZmDJnFtJTupFOp5HJZJBpy8DNpGHbFhiPvh0hWS4AFPIFeJ4H1l9ANptFT28P8vk8+jdtQO/mrViz/BWEuQK29mxGkM/DURI8FFGa3DBEyrLgEKlTIfyY59D0i6FQ5GYZ/ZneBzR2VNWcvmK0euIoxd/p583WiHRQ7SfK40XvgT6bIxnXzGm2tWx3voPvuf+PvfMAl6uq3v7vtGm3peemkkKH0BRBlBYVFWmCiCIiKFWq9C6dQAIivXygFCkC0osIClIEklAChJ4QIKTfPuX0j7XPzM2dSXJLuOGfG85+HoWQmTP7rL3PPutd5X0jMKqAtWIuE1DS99ZrjViTlbiJPgVAZFupXoOin6sJ1UN7xvf/8m23Epbvo1+pZNFfI6IpfXQtVvdpL49t5f9ehaHcaqUa8tLpIUfKmvD6Kj2Xq5LxRjU4d1DVWJW/tbJ7vfJ8ilrVVqN3hYrCr0bz6cTQUs4UuezRfEvZwtKfJTtRymQs1wdUL+/ldX5EeYaOQ64dZdfLn0aJdJeWsPQb7eZTfSbR50vFWLqutVcdBRWTKu3Xr+JZWdn9u9LfK2bUVrv9vtI3tIIvfl3us7ft1p3rlZ41OaKK1ZW9/W7sUwBEIjcqmlf8pyqhWM3eJ91Z1/gzsQViC6weFmgXaC5ORx0pvX3K/h/c6jLO2SqYQ6WTuTr60X1hjqtgaVbJJSv31Kq07YqC2N3ZYyvCdGXXFB+iaKWv4llZJQvSxUX7ELb9Uub5utznlzLSSnx5KQlDkfhhFbwX+xQA0aThTdKjgno1SMWptpXYVvFXYgvEFihZoMTlU/qzqoGPzRNbILZAbIHYArEFvsYWyKNjCDmL7ynGylXxXuxTAMTEVMI/rYaPlzTQpCNOqPiMr4di69f4WYhvPbbAKrHA8mg+V8kPxReNLdDXLdAVq5nIqHc6eoFRrsvf6OtGjucfW2D1sIBo3mhBQJXvkPZDRXnd20mQPgVApOktr4UsHjaMQ2/5O0GR4m9pDafqElk9Vi+eRWyB2AKxBWILxBb42ligEoBU5he/NoaIbzS2QJ+3gEua0HD412FHY70/g2YDxYLam6NPARBP1/HNkNzQgVz+xkxIFsFGqTA0poHtzb0RXyu2QGyB2AKxBWILdNMClcG/VVG00c2pxB+LLRBb4MtZwBNRzwJTtv8x2TffIK8FpJdql365axe/3acASKgJGWyguMjdAf3oLyThpaHOPonAxIder+yM+CKxBWILxBaILRBboLsWWKZES6i24/dxd80Xfy62wOpkgdaUj2cEJBZnSToerhYoEqjeHH0KgAj9rnTmm+iq+KpNyNQ7jvis6829EV8rtkBsgdgCsQViC3TPAnECpHt2ij8VW6APWED0Y1KBrrRVIlJsaXroXQTSpwCIJ0qtgQjNFPU/etkYfWBPxFP8Glqg9MibaFhKLC+goAVq95uhrmRxXAIMJaUXjRJ//tKuKPlbGXKQaCQoz6XaWEVN++gbIdH1ezIcqRENwBJhPxETqwgIlComS9eUmcuB5or4VzG40FkMoaQDZBab4eRgzFRkPG1CxE7C2eEVpQUjeyy/O8xQVosKW3urYl3sK3x9QhMu9+z0xIh96LORfJvsOZECk5UTBeloPSVAJFYQO4iQXfRPyV/L3/vK4pVrrTRFRL05FP0HjVZDGiB7ZpC8GQnuyR6R9ZTfLq19T/dz6ZdL9O8WkoGXO426D+WZExXt6kDmu/R3oj8t/fPK7KukiPKJUKES67bwtM5rHyptWZTIUo2jsk56h5vvbqek/L68a+W+5a4LWiQSWKp4TgemWktXxDyVcCFYgUkCS+0FB0f9t452lH+XuZT0Y0o6PN1d5dL3SmeBiIqqa6oZyjMf7ULZZyIyWjqLZBuJsKLsz65+U84iiW2W6itWdt90dk8d10fuqSKU2v7b8gzJ02UXbS9bS6wtayL7L9BDzCA6byqv0V2bxp+LLbA8C8h+kqcq0sbq+rlZGSv2KQCyMjcYfye2QF+3QOTogagZy/8SQaRybRcPCHGKTEJsLaBggAD1arvkBkV3L+WLJekwyaN2rF6Uv68Spr2iK15yn3qaUNRIRi9/HaW2XOuXe49tFST+juUpZ0DUqQW4LH8snYWoF6MZWMFSgOGZhbKvpXza2TrEOZSXc0cHolLYzDXSaALG5AUfWEUV9C/pchhiT50WMyDUNdJOLxfOriYbOiFOkBYqlXHXCJVjKeuYKoJQ0dAOtABHD9S+jVSKI4BQcgI7WlpW2jV09Zl0AFkFsiN17u6OTKgVv6Ep4CdwR+3/4gUq17871xUwLc64a0ROtvxZ5m960b9nxd+W3yj+iOmL/rQ8c5HYhOn77Q5l8ZNd/mzOSJMIbNB0PN2i1qtEYuV7tEMxcvu1S0BDHq2gGMdc+q3uWEKeM5STK89ztZ8o2jK6SrMJKU+CGTIURMHRTAqGhqa5ZFwDsz0kEq1CCUBEf5LViUBNd4evQg6BaLAruJG3RFK+CGZDXZ2NhhLIFGVzonJtUYGXygm/BJM7d9VlTWWdJYCgwIjI1ffqkF0draei/S6C5Y4/ITZVILd45tfI8VQEKhEharQGat2VqvuXPLN69f7ii8UW6J4FYgDSPTvFn4ot8H9mAeX0hBJpDpUjJ7TTnq+TM+WVL06QTkoiY4FDVRCofxdnXxy5kmOSJlQOWUEcQUvD9C2CDtzeRuCpF2Epg7IyUVtDT0IoSCZyuFqtyCkr4Y6UTF45asWXZULHCkI0L4ooL/8VuhSASJRPXcG0yHshmi6wKyBSNJZva/ihhyX3HvgRKJO4aNEO0afKfyWpgy0+jCE2iX7ry0YSNTOgzrNo1jVs3cHqmY/1f7bPevzD0pMnzp4eKnp0wZuOoRFaCRW6d0wNw/dJBiFJPyQ0gyiD7YtzFUWjOzrOAqMLhk6gOVR7Go5mYITdXY1oXQuGzCdy3pRWlFdc//ao+0o4apqOpbSnQsQXdXwB2DqBIW6kRtKVuwFT5qtpFEIXPZSIYahyAdHe7gjnu56DZxhUB2JGXwUVHKP47LQvUkkRvHhdSZWIQyoqvWouIYHMU/6bKV54ZHsBTtEnugYgAvije5ATBhqL6YbS85sKQtK+nEsJWjWbTGiQF7BpyHqL86zhFOej5lR87l2h9ywGHuRzPRkCaOSZV5cNBRgZiD6YrIcXhLSmdPzAJ6OArh/tT7ljZZ7odAvCrrJJGr4u+0YyKKX8aE9m2fVnA8tEdz0FpATcVtbWe7qmgkwCREI9pFUzFSgKdBM7CLETNpnAIGVL7seNul+73lZdTyz+RGyBr9ACMQD5Co0d/1RsgZWxgAIdKpps0pwwMUePYtjmWzBk/Fj6Dx6M7wbM+/wTGubM5uN/PcMwJ8TzWlQZgZSiiPPgGzrNyRTZAQNZa8stqZuwNiNGjMD3fRYuXIjz/lw+nD4NZ/Yshkrc2bV7zGidtyBIJsgGmnpJZkgocBABBGhNRg5A6c+BlqA+1Eg0LUELnRX8XpTBUGUK6h4M2mqrGb3p5vSvH05y7bEMGDAATddpbmrCnv05Cz6exdzXZpBuzVHttrZH5uXXKwvLCkkNp6aOBlXKFhVDlDuLPV8xTffRghSh5jLSbkNvXTOLsCQ6bIUmjpmgQQvJ1I9g9DbfIDV6NEOGDkdL6hQWN9L40cc0fzKXWW9Mo9r2qXZcQrXefllpkOxU39CwAp82M8nnAwdgyT7sxmgvC8q7EHhUBz51rk+rXnS8Ve/gsuvfjUvjJST1YZI1DVpTFqPX35BBY8eQrB9G1bB66C9iXQFL5i2gZUkj+qxPmPP2TIIFCxkkBWp2oaLcrGtP0UvoLEym8dMpTM8jLYw00dNT/Ee5Ex04Eco1LRPHcQh1KYUKSRUK1KnchJREhRiBAIoI/HU1C8mSOlaCvJmhoCepaS/BisBQoOfJGmkcu8BAv5W0Y5D0fTTZD6kULqYKBpTmrYeSEfSjLG7BJ+0EmH6uO0vQ/hk9YdCm6zSYFubgIQzeZgtq+g9gUH09NQMHYgU6+aYWmhfMJ7ukgUXvzaLhg1mkAxfLzWO5jgLDnQ0JRjSlU+QT1YRhEk/v2Rw7u7ZYQ86/dC7HQCfA8pyohK1iSpK5MQMT27DIVqWo2/JbDB+zFkNGjaZq4ECyjQtZ1JxlyYcf0fjs09Q2N6F1F6v3yOLxh2MLrDoLxABk1dk2vnJsgZW2gOrrKEbGqiX6aCRoG782PzjhKHbad1+0ZBWhGZV6tJezaC5+QwPXXzyZ96+/gX65HFWuT0E3WDh2FNvt+0v2OPo4tAGDVISw3bMPRdwTkk6BGQ8/wJ3nnQfvfUA/21N11FJ+IWCm4ztSlSlIxNmUGniDrKFTGDyScT/Yge0P+A3DNtiAVFVGvWx1PXJYDLlQh+GYHq3Tp3PZ9j+kRspNKn5DAQ+pQ0ejTTfR1l6bbx14ED856EDo35+CH1LXIcIqAdYm0yMdhrhz5/HAjX/h9ZuuwZrfQFqVwUR10qV8iUzno379ueW99wkztThWoByY9pTNyq6epuMaBpqb52/77svc+x9Y2SutVt+LOjoCpM9CMhSaFvK5lWHQxB3Z+aiD2fT738NNSMw/QSKQ6HkUvfU16QnxKTQs5sE/X8e7t/+d1CezSOCje4FywBTILoIE2S0ttQO48NOP8BNVPbJBTvPINTcyd8Zb/Pee+2l4+knaPp1LjeOSkHIwonIc1S+gRWVjHUe0N3R8AS5C4uRB1kww5FvfZL199mSrffehbtBApNBLD4u1V3Id2d9+5EjmdA3Ldpg9dTr/uOEmFj/5GGZDtAclnl4C1FFsPoK7lb5j2zrrcf7Ul3Ask5SjYSeKz05xvpqkMzpmE4PoL8IwUEGFFjcgt6SBOa+5j/K7AAAgAElEQVROY8azz9AwdSqt77xLreuT9qOMTaj6yXz1QCwvei73tGTYIC59/Q1aamqxwvIMZsqX8juDdN7j6NEjGei0kQgCspkMhz/5CHVbbIlZFA6UrImUTtmmgA4NrWBz10l/5LObr1XZoo6jZB/5b1JOKiV7MsecbrJkyEg2+t6O7H7kUay16ebomqPK1DB01eMhWRexgezU0HfRdZOmBQt49vZbeePue2h++x1qbFvtXekPkQBNxySM/LbojRk7fpvjH3yEfCodnQm9OELf44iRwxja1qZoTV1N9kV0juekfNMXS4Us6TeQDff/FbudeDSDh47BExsmpO8GUg64CXDzeR465BDeu/32smK3XpxufKnYAqvMAjEAWWWmjS8cW2DlLCBOt7yMbNU0CY5pMGD7HTn2trswB9VhqPqF5dcll8ojFk2bzkV770Vi4WJYbzwn/O1e+o9fizCZjF7olZphvmRJQvTARmtp49x99sF59iUyTk6Vbcl3OjpJUt4i732puV5QVc36v/sVh509Ba86RWiaWPKWLPpnK7RC4DHv7alcv8kOFEyHtNQidBi6FtKagGw6zZb77M+vLrkYs6ZWfaKURenMwmKL5jmzuPzXv2PBq/9jsOdgOFGjvrKrDs1Wigubl1BtpMmbPmlxmHra/FIxCT8Qh9Qj1Cxu+flefHLvP1ZuI6xm39I0AzP0sS0dL0yQW2swv570ZzbZbTcC08fSogVf4doEPqFvoBXy3HDWsbx8512stcTGCmzaZC/5kA5NGkyPVKaOMxoWYBrSjt3zEQRRaV5ot/Gvm/7CP6dcSubzeRiBS8YTp08aewNSQXmJjcLlmkYmDPk8aWFuthEHX3ARa39na0jVYAhS6qoloB0MhArL2ksWcdPZ5/DO3+9jQGMjycBVwYVSTb8qlawAQs0brM/kt2ZiaBIhl7bunm3KpeK8GmILzykw541XueO881n83Av0K/gkXA8rjOYi5W6m1Gx1GFJOtqR+AJNnzcVIJpfB5ZJzMQMPzzP5ff0ARjQ24ekhWcPk1OeeZ8BWW5UfM0FAToeMq2NbLg8edDxv/PU6UlISpZqrdQUe1B4q9jeI61+wNBb2q2PDPffm8NMvQBtYQ5hJKiAZ1WJ1MgRgqGZ+l0Q+z8sPP8bfLjif/h/OwsznyZqQ8fSILVjK7MS5F3A5cStOeuK56CDu6jd6uD19z+OoocOpb16kSmHzuuSKov4pebbswMKcMI4jb7yFAd/cUoGpyvVXtg8L2FqSm/c/gHm339plc30Ppxl/PLbAKrdADEBWuYnjH4gt0DMLKJ4dLVQMV01mhsyuP+SMm27GranG0uVlJIX0y/fuS46HU3Bomf0+xx34Oy6//25qh4xUZVim1O1L6L8yqCcAw4iaQo3QQ89mOWPij0hNe1OVR4nfVQy6qpsRxquU1Hgn+7PXE3ez3uZbYyaSqswjZVoYnoQXu4gcdgFAqrQE71Ub7D55Ejv/+jCchEWymO7pCoCoiKum0Wp7pAp5zj7gl+iPP43m2CrqKf6GOF5NiRQXNi2m2szEAKSLbSplIRkhQAgTfP6djbnwvscIBgwkMHVSeFJw0zkA8T38L5xTW+wfunzw339z7W8Opn7uAkzfxdZDqoPeASCl56AtkJIfl3RLM5f+4ne0PvU0dZ6NlAtK6DsdGNhFaK1cWcnGaLCoupbt/nACe510Mn4moT6RDAMsNwQpyerM5y1G9GX/STbC1gwV5W77aCbX7n8I+emvUePbCtTLHvSkxyQoz4H0FgApTdP1UZmrICyw5OXXuezQ32O99xZr2ZIVCmk0dDIVpBFlACSRVAGHjqMEQFzX4IhhA7sFQLI6VHUGQKS/Q/WNGYjwcBCatGy6DkfecjPD19+clGoqF6giNusGAClmVYUIQZNzTfpGCjZXH3QIH/7jAfpJUCIUFinVHKLOhWQJgPzzuSg1ZPQM/HV12nuey9FDR5QBEPl9OZYzfhWLJ27Bhfc+gF1dS2iZZAgU69Uyto8BSFemjv9+NbdADEBW8wWKp/f1s0ASg1bDp9q3mDV0OJPenErN4MFRo6tqHJf0Q+cvRacY+RMBoZxE9qVBXCU+JMYnb+4KJyqQJtsoWqhcIT9k4ZvTuWj77zG8LYdTUa8vv76kuppDn32MoVtsw8CsgV8ljr2UoUTlFmhdhIq7ACAFI802p57Arn88I0qnqDqFHu4HAUJSmtG4mHN32IHgnZkRU06xhGyhaTKptYmaGIB0aVhxkAq6iTNuHBe8/CyZ2nrFEqQYhyTqX2yUXtGFhJ5X9q4pgXbVshDy6fuvc+EPf0z9gkZFNVvjG72SAWmfgx2VqhQ0l2o/5NqjjuedW/7KAKdN1cwbQUQFrbBHMePYMmoEh//7EYaMn0C/nNBYRftOyskkMBC1ZK94VHYYCIOutHDkNZeU7XD9MSfzzu23MSrXqpqkC9JgLLVeHcaXBSDLzE4OBCFlSEQ03Ho+zxVH/Z73/34vg6QkyQuWnwEZNpAps+aiWQlVkvblAUhIlWusMAOiyfmm6eQSCRotjYE/+iFn//UWglQtCQ/8Ipe3IpaQW+oqO1Fk05AqKjnbJMsg/6lBd3nl2ut45sRzSTiNaH6g6J8lvqGa7ksZEPmRXgYgge9zxOBhDGvpkAEJpZzVxB+/Lme88B9q+g2Jcl5q2SSYU37exxmQLo+r+AN9wAIxAOkDixRP8etlgQwGSyyflGuw0zXXseXhv8PyhCo2oqEVSt3l4Y+lteXCiBUxXiVyLoYlny+WFum+YvMpkZWW3nHSEKypGm/JvoCUVttGniv33ovcg/+MQEvRs5J/SAnLyN/+mv2uvooaqskmQ6oUnYs4BZ6q+9dVRLxjS3cFaPJ95s18hRs22YG8KsGKPq2igUKhufmmnP3cv7EztWSUgyhaJ5WZn6UV41JAocBZ2cgh1J2toUPLW9O5evPvkvEjcld5iS8yTC5sa6TWrKIgpT+h2V6C1bEWvfMdWP7LwsYjWaRQlxKsPfnk3vvXiA1skWKuZXL8+y9RP2IDMpYwq0lPgyKmxRIgUql83b4cYcRlKz1FRqDq2DXJPuguH9xzJ7f98mBqNU/RF/esBEtqd4r7Tu3PCEiX9kF7JWDeUSHmNkPnyr32wXni4Sizp3ZbsSFK03H69+OM6dNIDxmNL5kOw8fFVVFxlTkMdcWY1u4cdthupbaqYneG+kzk7rvRfHyDQE1D4+6LL+CVyRfQP5+Peqwq2KBaNlifS7oower4vFfu+lKLeckOrdiKcakqkDSIQSEEN/R45po/8eiZZzLGDim4RZ2PokXE55UekC4BiGdyRDdLsLL6sgAkGboKDErpmwQvQs1kSXWKzfbejQOvvp6srZGqqULXPLVnIrQoTfBL17n4n9qfsxIIVL0tHZNLRUNJtZkeuPzz0b/zxM/3o1o6zcKQZCC5FR1z4tac+M//LjcDouzexeHQ/tfL+VwJgAxvWYTuW+oZkKxsm5Vmv2ceZL0tJ2IKg5zKpGnqrI1O0mh/y5qqKtpiBuQvxRKsyjK+NeLQiW9ijbZADEDW6OWNb64vWkBegFIy0KYlOPH9GQwfvV5Z3Xn0Aiyq8RVvUF7eKiCoSqmWExiU+mI9JFF8qakXtqAUdTGpryp3YWx8kg4894+/8+9fHkho2FEJlgjr6Qb5TBWXvv8h+fqBpAW4SJi32AOw1AuIGm4VWpKsSLEhtf3vfVjwzgtcv/m2ZK2QjC00qiZ1vsfiTBU/u+Muttzlx6qJfYUlV6EfOYWaOC7SfLr8rEupJ+Ave/+GTx+4TZW/5DWDwhfZkdNzDfQza3AMaQYVnZHILL6IfEVW7QJ/eLhKn0R0WqThWlfaD45hcMfeP2XuvWtGE7prWWx3/kVMPPG4yBmvyEblEbYmg8CIBOE8RcsjVL2QCG3QhVR06T4TfqukADU35NKf7YP96P2K+afZ8Ehm6ji1aQGJYuZuRQvgIU3NOnkhUZCouC8ZP8goMK081PLh2LQtauDEDddhbEsWm6Si/ZVHYFGmPxe9+jKZcePK2Nsqf1vKmSyVKYyECFVQXlJBwq6ka9Hzp7RlBAYIE1x0hfa+jAByXp6/n3was6+5HtMvEAQRVIhCANC4/npcOHMmCc0hQBRXKm5EqFjltwVhqVvtwODQ7n1HwEzp5xSBfeleZO7KfQ/hkUvO5fmzzsX0A3RfI4VGXiiMtYAlQ4cyZdZnaAm9nUyidI32EqwiABkpPSBaSM4wOe2556nbetkekEoA8vpfrlU0zappXAvQvviuo+lU/eiHnHzXvZDuoqwvXNrUL+eABFLU09v+yErgpfPn9/ZjjuXDq64hZ7oMdVJkdZ/M9jtw/L8ewTUSqlm945CyuYQXEgprgqxMZTSoGPxRfR1elP3q+KhIsvDI/kMY17yIVt0kFXiKxrrfT3bmsIfuI+Wllu2fU2eL3KuPGSQi0gYFQFLcsd9v+exvf10hkXlffAfGc/56WCAGIF+PdY7vsg9ZQCnf6gHNXzhsZ3/2IQMGjyr3gRX2iGrVlX8v+YxSqYE0kivPoNxhCSigexa+aaia73QgjDGRo51Q4cBybzJHoJy4RXM+YMo6m5DQCpGeRRhpj6TXHseZr02ntbqOGuXLLAeAtM8pUgOvbCeWF/FnM1/hxgnfQTM9qlwRnzPJhB4fDejHVR/Mwqqr7RSAqJ5VYZFRzseyTnFp2cX5k/8tnP4q5227JUNtiSLqLEimuWzJAjLJFDkzIOOYBInIuRTHtt0r7GT/qCi7H+kfKIfb1chKF35ocPdPf8GnD97Th3bfiqf6Wcrguo8/IRCK3aLifNmnbaFaFofcJZF1QHcJjDQkkwoYVwIWZbfAxdFNZtx3H7fttzfDCz0DII5oJTgeQUpmZKjMivxUlQOe5WFWlgGGLgUn4P/9Ym8WPfyw0o+QtWszU3xv0iS2Pu4Y6opgYUWgV3xcATzCIZV0A9VPYhTl8STPIDo8ChhIP4kVsbipPEuxNyT0fLLCBlVo5YxvbEPN+7MRZqQS+JAnt7krABIGiqQiqeTKI+DbMQOTEi9ZMJF6rAWYR7mYpSMCLFlNxyjkOXfPfbCffpwBjteuySMtXF81AJEzYfHw4Zzx0QwG27XotVFAYUVrIWeRBAmkNFUlO5T+kdxpoMrlIo30zgFI3s5z6re/xcjXZrI4ESjtj7rvTuSEJx/DNhMKIJWN0KZgWEpkUUgZJCtd/veyNhK8EFHNCMwp1sF29Bdw2IB+DMm2YvgJDN2hUdc48I47Gb/3XkgJbiXgzMuZq0gCAgq6AHyTatdV5/b1Bx7I3L/dpiiW4xFboC9ZIAYgfWm14rl+LSwgDYci6NX4RaP52QvnMKjfsPJIripXCBV9qSWCfPkC/icfYQytp2nQQOoCY5mgn4+NYSfJJjyqljRA0wIYNZamZDUJPDIVmQPBGpLSd/MtnFs/Fq3QoGqwSxmQqvXW5tTXXyWfSCsxssBwiyVXS5eoGZ+6XAEKBfCEZrdY516i3cyHLH7vVW7Y+RdkTVepsec1k0Tok9jp+5z8+JMrTD5EzlyIZue4/5zzGDJyFN/+1a/Q6vp16rA0L1nMcWOGMaZNasIDGmvTXPD4k2R0j5Zqi37NKXLVLqZt42jVpL6xqWrc72wsnP0BAz+bS2tGHM8k6SBBPp0j7Wa467TTeO/pJ9eIfTtv5FAu/3gWKTL4hpTDldvF94SxzebDyddx/9kXoNl51vn5z/jFTTdip0WXonwbRxF0aT63yH3yMSdOWJt1WrRuZ0Akq3XT4cfR+PJLOJrN4FHj2e/0U6jabFMlVhkWM1rlxnfJYfLU2Wfz4vnnktANwkDH+OY3Oenpf+Kla6hdwXJLQ7kMz20m2ZjluWtu5OUHHiaxMKuY6mrXG8OeRx/CwF1+oBxE3Uwpat4IWXSs1Yr02XOay+LnX2DSxF2o9/LtVKzyyZauAIho/QjAyucU0MOvERXCCHQI25gV0ua7GIkk1YFwKCkxofahigbl+dY0JBOVWNLCAePGMqG1hazuUesbOLr/lQOQxakERz72T4bvsAPVsqFWwPYnNyLrkTcM0lJmms9HB5bgFQlGGEnaqiKNdqEx72xkhVRj1jtM3uw7YDcqNrb6jbfgsGuvENVX7Irkkyfn7Xe+RUbLKAASGhG8a8cXigK4gDvzQ1K2jW/4eB3KwMIg4NwdJoJfoNoW9r08TYbJKVOnUj9hMzQc9KK+fOmakumT5y0o5DGCPNmZn/H/Tj0Oo6aWcN4CGl5+sce6TWvEoRTfRJ+2QAxA+vTyxZNfEy0gBRc5PaDBsPjjgo8Z3G94ec9HMQOiqmCaC1xx3AnM+es11G60OSe+8h8ydg3UlXtRqgQp0Gkx8vxjt32Y/a+Hqfr+Tzj5vocix6SSsapUbuW2cd6QsZBfHNH3Fkuwqtddm1NefZUgmVHvfcdwEbLQjsN2czwz6TKenTKZqrYWvGKJliiwyxCgsTilsU7e4FPTU83hQkiZDkI2PPpI9vjT5Svsa1YZDd/nD5tvzAZvfcISfDY59Vh2uWBSpwDEtT2OHd6f4Q0FXC0gHQa06ilqwgJNFgxwalhitjHUg4X9BnPRvA8gFVH/rmict+22JJ9/geZESK2TpFmHwLSpdky8hKf6adaEYe24Hcf8+ymqChYkvWVJBgourW3z+OOYjUjZbYjVPq0fxNUz38Ov6a+yBB1HlDmKAEiirY0j1xnB6AW5HgGQG3fbnSVPPIYRBLiGST6R4ZgX/kPdZluQXE5mT5y+vJFixs0388ChB5H0DSW0t9dfrmLDX/2CauEDrl4+04Hrusrpvevog/j4vsdJNjXRloiUrCXrIX3kejJBtTWIA267ibpddlKRbJUY6wBAVNeMDbbSL8xy4cSd0V58XgEC1Vwtop1dAJBWcayzrZy6xdYMXLKY0JDSNx1HE1X6gMH1Y9jjuKNYa89dcYQ+uCIBpRJSvhBF+Pi6juHAv6+7ieePPY6ckWO4l6FFz3YPgBRZsHqjBKt1k004c/rr1DZr5Ac0kSYKKFSO9mzStP9y0aFHo8+eS5BtUYxnWsrCGrUev5o8mZHbfhe9qgsIkvMIEjZn77YHVY+/QKjZhKFBiyHng6/+veNoHjyMCz57h5RWjab5yu4dMxaFQJj3cly4/U4E06ap0qmgqKFSPJxU1llYyWq9NI2JPG1hgj++/x6DR44BIw9auvyWXY+CZRI4Odypr/LH732ftT2bRqEVCTQSoaeAZDxiC/QlC8QApC+tVjzXr4UF5HVmG1EJ1rkL5tC/rn6ZEixbc0m6FlnT48xRo+g3dz5zqqu4fnEbhhWiVfR0qHYPKYmxA04etxZVCxfAOptx5szpWMvRNhCfOSHsPX6Ws4aOQW9dTKIYYMzpOqn1N+SM11/BsdIqYhga0mhbDkAcv8CNhx/DzLvvpsbNYUrna4fhJGCgH5ILpBhKKDeFKtNSmhKbn3ICu587CX0FbF/igNj5HCf0G8rAMI8e6LQNG8JkKWdJmQTSNxKGy3zf9RzO2HAzUh+9086I07FPVITPhH2szXShahDnzPsEPV3hDHS4B5nHOdt8B23q/9ACE1/zyuiK15QNKzYavtfP2P/ee0iFDmGYWLa03oXGz+Zw/BbrMqrFQzN13q7pzz2fzkPxp1ZEktUekwyIZpFoaeGI9UYpANJieKTSdZzavACrkx4Qsf3lP90L+8H7KSjlaGhIJtnv9lvZYs+fL1/PxXFpS1i8evWfeeqY4/DDAGfYOCa//TrZugRVXnJZnQ/fJdAs9MbFXLjrLrj/e7nU1rTc5dW1NE0mfP/c0/jRsadAwiyzValUCgkKhPDCww/x5J57q4xG0kliaDYN63euAyLYKiwUOGHMcAY2NuFXqHv7WLiGR2K98Rxz1/1Ub7QxCZWNCXFFbb4DKFJgXjKeDXn+MHYMdblFWH4aVy/QOHgwf5r9GbpqsIkyCqVRqQPSUwDy0EHHM+Ov16NLZ36o4WsWv33o7wz9yS5U5aXPrECaVLmNA5dQNwjyrTx57oW8dMmUiHWvSK1dKjSzjZDWtMFWv96fX07+M4VMWu0HJX4pgKK0COrGDfI6zP3v09z0/R+TktKmTkbbkAGcO38eadeikAhIVWoHeT4FU+PKjb5B6/uvY3lC49x5FKLJSnD6OzMZNGY8GFJYVn7fQhWddHVaLJfLv/99Cv95nuogQGIBmhs1qfvLyFmuKadPfB9rqgViALKmrmx8X33WAj0FIGeMHEn/zxcwp6qK6xvaMKXrtzMAMnY0VQsXwrqrFoC0BXn0xU289d8XmDf3U/SKPhOhxXzu5HMYlGskr2SzpZe2BwAkl+PkfvX099qEo4jW+sFc/NHHqnFVrh0BkPJMkOPanLXx5iQ/XApAypwqCYAHFm2GC9XdAyDnfue78MqLaL6Jr38dAIhLGFrLABBxsfIfzuKkCeswbptvse6OP2HCj37C6G9urrRrojKVpShE3KwkLjYW/sezOX7jtRmTlSxdTwDInjQ89jDNRpqUp7Fo3BCufuk5Uv2HoQvqrlh/O3TxA40Hjjqc966/SdE7D/r+Dznq4ftwEgGJILlM2Z9qlrddbvjVvsx55H6STlSKVSHgvXQbmdKHoNOgWZz01BMM227bsnm0w/BiFm/hrFlcttFmJPQ8SSdBoDs0r/flAEhSdRI4OCmTxv79OP2hh6ndYgsC3cRSTFNL29JLAAQ34NRvbUXi7elofgpds2kcMpg/zeocgJR0QHoKQESI8M2/ShO+o7IwOU3njI/exlxrbapdHd9yl2G9U1kzz+HFK67g7uNPpJ+UnRX1O6IemuL+0jV8XUN6J7Y98jB+NOlC3GQNSV+ytbIXlzb8S6+XtMxYhWZOmvBNqmZ92A0AMp+0a3YNQD54HcvtGoC0JiyO+Oc/Gb39jqqfrpLtL5TnR5EtODx+zgW8cMHFDHI9lV1xQ10ByohYIB6xBfqOBWIA0nfWKp7p18QCPQUgZ44cRf95kgGp4brFLZ0CkNAJOXnsaDILFqxyAFJQdcuR0ylOl+CijqPNdjmidiAbua2KMlhxyvQQgJwyeCR1hSZpB6V12GCVASGTWCEAcX2XMzfctNcBSPjyi+iSAfkaAxCXgJZZ73Pm+huz12UXs/2Rx6uGcNkBpmr5Ly9lUY59oKQv+eD++7l5358x0DG7BUBKpALX7r4H2QWfs8GhhzNy3XFstuEm2ANrSYZmRJVaAcRbA5eaZpeLJ25N4c03CfwU6x75e/a5fAomNq6RWoboORt4JOZ+wh/X25xqu0X89E6HorHWoc5PsWDzDbjo5RfRrKUR7XaSKoViwG5u4fjha9HfbSLjReA3v+6XAyC+pnKKyvjCCjb0O9ty/GOP4iRrVCbEFeX6ir6vgu9z32ln8sGUSbhYkkOhcfAg/vTxXHRJf64gA+J6BkfUD2RlAIgooWd8j4Kh0ZZKctHCBfjJJElp8haEVxlA8CH36Xucvd6mjHBsWhV171IwIaVQKrkhmh+h5GQDFldZHHD5FaQHj6B1/mK8xgbamlvJtrWRa21DLzSQy7aRL7TQOPVNss3N3QMgjkE+KWVaS6m71Re9qLzqqo22pPWD17oFQHzLZLuTTmPiOacTaCZmpeiKEvHU8WUvNmX57YbrM2JxC2nfUeyGSocnHrEF+pgFYgDSxxYsnu6ab4GVASAD5s9nTlUN13YHgIxbi8z8+ascgKiyLyHjKZY7CKlUx6G32fxmUD/GBwU0T0owpJSi+xmQQi7H8UNHUGs3K7YjyYD8+Z3uAJDNSH44s70Eq+OcpBqtPQNSM5hzPp/TZQnWed/dluClF772AATb47NFH3DB+E34+ZQr2O6oQ1VvRkT1vCw3tFQEGaJv4wdcdcBvabjnDhJBzwDIpfvsQdpMcehtf1f7TLQQhaEqrfobxDMtBz1uGPLZXY9z7W92pyrwCIIqNj37dH5y1qkk7Sz5ZJp0ZXN9mOPpm27g+YNPkKYVJDnW2RASiUWZgGH5FO+mElw1dxaZ/gPbv1IJQELX58ihoxianUfCtWgyPZx11mNyJzogXZZgSX9Y8YcELwnL11lvTKV6vY0x3JB8yiFdxksnmi4ar/3tHp7ab1/VT6DrfpQBkRKsVQhApNk8Z+mkxq3F6W98qCiFbUsjKUiuUmiwkOeFR+/k6Z8fQirwaasAICaa6skRgg7FDCibwjLxHVFjcTGSGoGrYeqGIpcIRYDVF7DikzM0asIETpDrJQDyTVq7mQFJagaLhgznvLenk6oehJ6sqFd0XRxhVHNFMNLimVuu4v5jT2VwwVbnppTzxSO2QF+zQAxA+tqKxfNd4y3QJQCRZm3dxXIs8pbH6SNHIQDk00wN1yxuUcIElQ2/odBUah6hAyePHUtmweerHIAIn6cSC9MjMcKIKHPp0Fty/HpoDWPtKFodquyBRWB4bHHaSex2zkUr7AFRgUbX5cbzzyNte3z67DO0ffohF7//GaSsSKF7OSVYduByzvqbkfnwHTWfyjKaMgDSzRKsGIBEayokUY2ffsSZ667PPlMuY4ejjypbb2m+VqrpRaP7nihi2zQ98RhX7vpLTBxqvO4poZcyIFfttgd+/yR/uPkubOmNr+T6LWqz+IFDMjQImpo4+7vbU/3eu9jSR6Sl2eKcE9n5jLNI2Rq5lDDClfcyuZ7N45dezFunnE9ByoK6ACAGSVqTNiNseKMqw2WzPqJuSP0Kzy3f9Thm6GgGt84j6SVoshyctb9cBkRKkaJMgIhiovpsDnjyQYZ/74dkXA0nIaQRS3s6pAukgMZH/3iE+/b+aaQ7KgBk8CAumz0XY4U9IA6up3PE0HpGNjX0SAfkgYOP4/VbrqHODWizTGo32ZgTpk5FE00UaapfjgKP74Xcfd5JvDlpCnUiltrF20DXNaxAZ15NgoaBA9LnZ34AACAASURBVKgtyHULikwgCHz1T6vgEGg+jYbFum6eVBcXjXpA5pNeUQZEAJ4lGZAtigDEJFDkxiseEpvJGTq7XHkZ3zzoUJJmRFoua6gU3CsaqJx8jrO+9W3S77wZ0TtHya54xBboUxYQqmohzVhoJZnctIDqVF3ZRpa9PVXOhLNjkrc+tbDxZPuuBdYUANJGDiEATYTSEC5NyOVRulbH4pi6DBuJACEedg8BiLycm0OHfl7INYcdydtPPsrV733cewAkzoC0P0TlTejL7wHpCoBIaYqU1IR65BxrjoMz+wMm77oHwYezcQ2fGt/slhL6UgCyO/6AFH+4SQCIRrJS80GIFCxJshRINjdx1a8PYMHT/0b3XcUepPtJNjnxSHa76CLM0MQ1vWVKk8R5fPvhh7nzp/tR5ee6cCWlq8TElj4WX+etfv24+ZPZJGtWzKTmZnOcVD+aqtwSMkGCrOF86RKsSAFDyHfF1hqLrCQnPfckg7fahqQX4pk+ZiXQAl686lr+e/QReKrHpzslWF8egNS4ATnDUAKQp818W2mzCACRUelU29K0f+XlPP2Hk0iFwi7VdeQ/m0yz7sG/4cBLJhN6Br6hEYQhokju+R6apEBEONTTuHH/X+I89XSnL4/uA5BvFEuwugYgsl7SuD5g4FgOn/FvqgaPVjevssdyi0a5JaS89dPHH+WqvfdmQE6a+OMSrL77xv/6zlx6NIWNcpGVigBIsjYGIF/f7RDf+epggVULQDROHjumdzIgr72Mncioxs7lsWC5ttSZG0iJdNYIqa5wJ/K5Ar8fVMv4vEabIQJgHkYPMiCyVlIskXF9/nrEsbz90INMlgbSOAPS69u4NwCIF4r+hY+BR8L1aX3zTf78qwPhvfdVA22UfeoZALl695/i9U+sEIBI3FmxR3/8CTft8yuWvPICSUKylvQu6yQ8nRE/3YXf3X03jpUgsZzG9QAXydYdsdFmDJv7Gb7w7XYyBHRLRqEhkWKt/Q/k6OuuimrDljM8z6Nt/nzOHzWedNIhYQuBgkvLl2TBUj1XqgtE+hQsGkeO4LqpL2PXVatyReXel2mTSBVPyE2H/I7FN/+FnCZsXI5iwbps9mciqwFf6BJ1HBELVgRAfj9kCKOae6iEXsyApL9ofrfRsFNVXPz5XOhXrUBIVEJVbjTp/1/82lTO224iAz0Hy+2cXUrOn09qaznu0UcZ/+1vq/IsqyOEVDaQ7iUdMx8wafMNsaWPrJPRfQDS/QyIlKpK1naAX8Wokw7mZ+dNIbR0QhFW9IR+sByACJb3aOP0Lb5F3VvvKwX4GIP0+rEXX3CVW0DDNUIWGBaXtS6mxooByCo3efwDsQU6s8CqBSC9WIL12ssUrDSpQFs+DW9ok33jHeyPZxEKf30FADEbPa45+gASrqZoXQPdRushABGH1goDbjz8KN598CEuFRas3gIgcQakdzMgQkmke3hz3uO1O+/k9imXMTwrlfkeraYASUjTuwAEPyRvaCya+RYXfXdrBrQVqHENBRBs3UcLAxITJnDqSy/Tlk5TLYpxFZo40h0RBCY3nnQCs6+6lowt/F0rHiL5IM7z7IF1TH5lBv3HjF6WsriojC6ZnA+nTuOObbbDTdhYBQEHHo0bfNkSLJH30SlYSRZkLH4xeQoT9/0Vbtok1E0SUhtZ4dz7OZcjv7EhY9/9kGZdmvHtDiVYnQOQwwcPYXRLDwHIQcfx+q3XKDV5mVMuNDl39ixSo+txNE3pAi0jYu6IenuOq/bfn4b7HiTjdg4GnS8cm9p99uToW++Ient0r1yTQ/1EgK+bhIuaOHfcMIy2ztd31QAQqYYPaBUGNauK06e/Rc3aI7FNXdGfL6ME3wZLql2ePe0M3rxoSpRdjpMgsWPRxywQaBquHjJfN7ki30S1UVV2B0tLsDRUsrPEOBHv9T620vF0+4wFVi0A6Y0MiEFiw3U447XpeIbogGjYpkuyoqSjdfqbnD5xGwa3tiFBvKCCRccXhb6kSU0uUjgULv6e9ICoMh7bI7RMbjnkaP73r7u5/p1PYwCyCnZ6dzIgUtbSMmsOJ26+Eb/eb3/G7r8fhheQsAO0vIsz+1UeuuMuZk2boVTvNenC0SINCvk/6TmuCnsGQK7bdQ+MugQH3H4XSdeUJpCyoTJkeWGC8jj/BzuSefZ/5Ayh24V0KH0POm3Jas6b+l+CCRuTyemQKY82S7N8oAVYuSwn/vLXaE8+QpUdqPKYnCnECWksYSGSKLSlUe07zKiu5rDb72LrnSZiJpJlbE5qTjYEBuT0PC+ceh4vTp4UUcMWX6xdKaG7hFgtNgevP4yN5zWzyDDUuzlhWXiuRyA6NoFGc+1gtjn5OPb6w7EYhqUcWfmfsrrSz9AUU4Tq91akDv2pKTjoQUTDu6h+GJd9NAdDVEiLfQklA0vZZMo2yeptHD5qJGMWtmFqAfMSOn987iUGb74FRsfMTwgFzSaVt8imdJ763WFMu+3/YXqqG4tA1zjmsYep/t5OJAOLMOGLjGNFCgQKCZ9C8yIu2PsAeOZJan0dS4T9DMXISyqQrJdGU9LE/cY3ufDBR6ga0E9R/crvKA2UDkPZQAv432038q8DjyCUDv9eyYCsuARL7krO+YIJNUGIHWjYeoBnGCoYs/0Vf+LHBx2AZyUxVaqpfELSc64H8P7057h1650wDRutQgtmFRwD8SVjC/SqBXIZGJTTeGnUEO5672OsVGr5JVjnRUeVatzsuuqyV+cYXyy2wNfKAn0BgKQ2EADyKo6ZIhFIGjUi7uw4Zr37ASdtvy1jW/OkXHnZin6z+D2RB1DtVOGZLtWuTUEPVbOl4Xe/CT0CINCWhHsPPpJ3H7qbSbPn9h4AiZvQ25ezewAEWmbN5vSN1qO/niaRb1HgIm1Yqtm3WbGVaio7YCra0PI3ycoAkOt33Z0wyHHoPx4kSFZjVUT1laPuaLSaPi0vPcefdvwJVY6jynBKWhBtusH4g/bnF1dehWVlsCobDwJwhOrUtzFzBc455ADm/ftFhixppdb30PGUA28bJo0ELBkxgpOvv5FxE7+PaUpxj/Q/LZ1YpEIOrYZPOO8TTttgSwa2NhIGQXuzcVcARJjDyBY4dP1RDFjcQkEzFOOcq0OiKsWSQUMYvukETpwymaphIzA1C6NYcqWi6UXUJ8+c/EHAy4xb/sY9B/+OlO9ihCls3WZx/35c8cnn6GkdTSsXIvSFQNk1yVo2Vx6wP/nbnsTWCiwZWseU6dNI148g0THrWQIgjkFjQuOxfffnvXvuVgBEhpRH9f/OdznqqcfwktWqVK5d16O4E2XbqIxFPovhuzx25+3c/+drSc2ZRzKXxU2a5A2TYGg96+/xE446+1ySqSpCU1fniwIgFWkVScxBluu23on5r79Exu7cw+mNDEi0GzRaEwbNSZMhuQJpX8CVTsuAOo5+6hlGrr8empEU4jVJZ5UNJVUYhiz6YAZXbLg1WljAiB2zr5WfsCbcrJRnEyYZeuRB/PayP5HURFlz6Z21Z0DOMJJhSlEqivhNxLoQj9gCsQV63wKrFoB8+RIsecEn1x3PGdOmYWeqVQ+IZ7jLNLX6HniNi5n17tvkVL12BDxKAETisPnZ73D/0SdQJ8wxis++pwDEoyVp8/eDj2LmPx/jsnc/iQFI729J5a8uVUJfQRN6GAGQszcYzxBXR5IJxQC7cv6qPSl5il4dZVS0JeeyBxmQ0j66fo/dee/JRzn20ScYvu1ELKvCUxOaVU0jGzikC3nO3Xl3eGEqCT+HrXpOJPIc0jh4AJdNf4PmYcOp7eioyw9Jj7JR6hQIMByf+e/O5LLTT+WzD2ZSnZfeFhOvqoYf/3o/fnn8HwgSokAh/QYBhoqwL32rhn6Aq2voWoHXr76WR48/A98pKNa2EntdlwBE6IsLeX4/fi223mYiu/7pCsU4FyZN0nU1VJGhkEDdY5UAPrmPjuCsCEA8zQe3gNaS5bBR6zDOzuMFHiYJcobDElNnyuxPseoHYVUAEKF+lRKKPC5VBZun7/8H786cyQEHH0rViNGEZgV3UwAF3SHl6bSZAddt+V1apk9TJUZFM1NIVHPSfx8nsdWWJD0D0yxfT4eQhEqYitq4CAqaWJ5PdtE8Fs//jMA0qKkbyOAho1T2QOQ05Aoq41PM/EhjfsdzqKAFJBZ+wqTRm9NIMzVfAQuWlOnJs9BmZjj4gb9x29/uYf6Mtxmy9niOuPJSBg4foYRbI8Au6anyh7oNqPJcZv/vWW7ZbmdC3Y0ByCo49+JLrloLyLk0p7qWaz96H3fIAJIqBNPhrCyxYB1SlQkH2AFVnk0gafO4BmvVrkx89a+tBVZvAKKR03X00SM5940ZFGprVcmDvABF9qtsSNOxpuGFUhAh0cxyZ8IPNXJvvsSFW23DQFtXNfk9AiASEHn+eTTN49FLr+Gxl//L1R/FNLyr4sHpDgCRGt2GObM5c8NxDLdFhyKKf5deJ+J8lsqtVPZKfMIOk+1JBqT0tat234XGRx4lud1ETnrwMaitqMESdiND9EaE/tfknf89ww0/2JV+XpsSv+zvJcmpvRswbMfvc+gTDxAaGXX59rr7UkWONAoXJyyVAJ7vognNbWCqrI5m6CqTZ+i6Et0UQBFRGZWviAATV9iX3n2PU775DQY6NnYo6ulLP9oVAPFCl9Bu48SRa7PRzntw8I2i6t4hUl6q5SqK8onzXZbYkQos5Zg76M2tPHr19bx87nmkHZusoZHwpSPBVYJ6h//rP4z8zrcxrUrbhkpVXPWTKP2NQJVaioiePOnL0MIGkNcd0nZILtvMWQNHUo2wji0FIIGRpGqjjTjx+Sdxk/2wEpWNKlKqFZXriWMu547kmITaIGoZiSi/Fd1zewalBDmKyLc4sfZASN7jkh13oO31qeiuGwlYdjJ6IwMi1YIpDxz6ceDrzzJywoYEbh7dTCkRyKgKsBiw0QVolZ+dbfhU52zunTyJ2WdfQla18ccjtkDfsoCh6UwdMogHP5lLIP1PSoBzOQDkwt8fGto3/AVPcwhDg4TQMMQjtkBsgV63QJcAJARHc5VoWdb0ECX03hciDFVzuBe0ctbQtTBbGtuFzeSGbcvirHdm4I1fl2pboyHZwgDqlmuLEmVqdLh0GB7Mf+cFrt9ke8WEIaJ1SoiwGzogck0nn+eU/kPo72VVD2Z2eD2T3v8Y0olYB6SXd2V3AUjT7E85Y8PxDHektbxnoycApOQ8Xrn7Hsx/8hECN+DYRx5mwE67kAiFZlZKo8QhjdzbQPaWpimxvUu++z38l/+DsHIlpBFDgQSNFjPg2EsvZuThx+BIo7ZkPkwHo4NeRsdryb+rfgrppShmOOR3Kve5uMiW1OcrtjhoNgz6NbRw/U++x9yp0xSoSVQYq3X99blw5kwSmkNAQtHpdhxBIBmQHEePGcsWP9yNA2/9i/rrZZqVS1+K2qxU44AqJxOs4goHv4P7ysuc9oOdGJSPQv+l4KJ8Rpz9bx98KFtf/SfShpRgiV0NkfQj1SGT0NEOHe1RNmcBWPITiYA5Lz7FrdvuSkA5i5VpWGR1j5+ffgGbnHIquh6SMzwM3VD0wVRkRErXL+2HTm1QLPrzZT2klstxFOJ7474HeeTXB2L5BbKqQKtzoZfeACAZDBosEUvUOPi1aYzcaJP29VvuGoqmkilsYdHc0naSQjLHhZt+i+SM93AMHz3uAenZgRN/+iu3gK1bpAJXlbkWQoNsOs1uD9zBdjvsqs7G0JCzaTkApHnOJ+FvN92QbzRlVWShc56Ir/y+4h+MLbDGWKA7AMTWXJJfAoCk589HW3czzpw5HUv4TyuaHFWpwwoAiPK1Qp1hu+7GwXfdCVoKNx0sU1vd5YIUAcgNm2yvGjBN1RTbfQBi53Kc3G8I/f2cSty21g/l4g8+hkxCOXWxEGGXK9DtD3QfgHzGGZIB+QoAiDidV/10DxY/9hi6H5DZ6tuc+OzTBKZOoBtRs7EosHccDrzy+D+48+f7MsJxaDAlkm6o7IMrTczJJGfe+w8yO24LRlo1ileKcXfbaKUPBlEplACRjOerKPsNB/2Wj+66W5VHuRLNr4i6dxeAHDVmLN/44a789rZbOp2W9MII0FL9BAJ2dMgJCcRrb3HWjt9jpFOg2V32rS6PelO6mrNeep66jTaN5A1VN6g0pVfYtgvDCLBp06Am38r5W34bZ+bbZUEN9XXdwsdV9N6/ueoqRh2wj2Itw0rSakBNj41f8QVJk0iwwhQhRh9vUQN/GL8uw/JZIUzD8hPLgKLKn+wtALLEFOpxXQGQURtv2g5AlneLrfjUiIcmAE4T0UIb+5/Pcs5eu1PruZi+yHzGI7bA6m0BIZpIBVEfedZMsHjUWCa/8T9q0/2V7pCw4S23BMvNe+ETD97Jf/Y/kgFBC14Jbce7fvVe8Xh2fc4CqxaABJw8bgzdBiB+C2cNHYPV1qhYV0pDXI+GdIoznvsPAyZsSU7TySzTvduF6XsBgJzafyh1XhZL02geMoRLPpyjMiCCqVRJS0etA8ncfBE5Pnv9Tan68N1eUUKXOzxnm+8QvvwiemDiKzHFPrflupzw6gZAZMKSbbjyp7uRe+hfOLpLXktyyEN3M2LnH2CSxlAdyxWFKQWP5qTDn7/7IzIvvsISy456CiQjEGrKIV5UneLoB+5g3LbfJ5+oVs2+8ltGURyvS2NVfsCBXEISEAWqGtu4/ZDDmPHQP+jnROVCkpWp5FBtXnc9Ln73HawuMiDdBSBhGOBrWrFQJ6TKdpl97wNce+jvqS4040lDeUVRg0qYiL+rp0h9YxNOfOZpnFQGT9dJqUxIRdSiK8O4AXnD5tUrr+KFY08na7jolYUUmlzTIxNCY8pirymXs9khv6TNylDnJqWp5ksN+TlVvhTaGG99wAnb70y/xs8V0GwzoJ+TwK3IynwVAGT0hM06vS8HBytIUHDASfnUtS1m0lpb4jZ8TsEIVAN7DEG+1NaIv/wVWEBOOnmEW02LhXX9ufy1N7BGDlUyN0bogOozW04GxPfcUNKnN118AS9ePom1WqNoSdwL8hWsWvwTXysLrG4A5Mwha5HMNpUJmUu5jDTmOv0Gcclz/4GxYwgTEYf3CstAKlexFwDIaQPrqXXaFABpGjKYyR9FNLwrAiBO6PHH9TbpdQDCKy+i+TEAaZr91WRASgDkqj1+gv3wMwpIiI5IauMNOWH68+h6v+g9VhGkt30bafV+9Y57ufvQ31KfzyuhwtJ+kYbovKnRkjL58SFHstPZZ+GmqtSeNs0eOtzF/e7ZnhLsY9E8Lttzb5rfmInhe5ih5BNEZ31ZxNq87rpc/O67vQhA5Jd8DDcPCxu49cRTeefBB0g5eYV9pO3cDMrrwEqxRVGXb0yGrDVxO4649S7sQfXS8UGimwBEwJsM3Skw++/3cM0hh1DtuRh+qGzfcUj5haPrVAUaec3DTlhsut/P+eWUSyFZA+moP2dlhyoPa27mzVtu5W8nn0StbeOjK7auNj1Q/WxeF7mELjMgXqh6Z67aaMVChFKC1TED0hUAwXdwpATOdUk0zuf8rSfSPPdjBjiyezQcpZoeR4NXdl/E3/uqLKDhaxaf1tZwyJ23ssWPfxQJGatAkVCEl8+jnQXL8d3QCgzyhSx/OuVUmq/9K4bUx/qOSusW2+3amw6jBreOo2M74ld1s/HvxBboexYQ5hx5MX+SNJgy5zNSQ+vL/Cgp5ZAXpnDHB0GWM0avw9B585hTVctljfNIk5FwQtmN27qmSlJst5Xzx6xLYv58vI024+wZrxXZeoofL77EhM5TiLfNthZOGLcW/RqahPSmfcj8XNNQpS6FugyHnHAcGx51PLawEJlJ1ZRrFDUeFBNSRPZZNifRQwimvcjkrb+jIngSGWmT5kwfvnnKKWx/wXlKtbnyFJE/yzSdXI4T64cyqK0Nw9Rp6z+USZ/OQbOM9mbhSgW4wM9x1sabMfDdD1QlilvRISzV9qITIVJ12f71TPrkA8L0UnEkuQNdUcguHWdN3BHz2WfJJ6DKSarm3TVxDPvZrvzinnup8U1sZaPynh5hPWv6bBaXjNuAEaGDMPWUj67fAZ4w1oYBXvUwzmqYQ7Kkvl3cl34xoyF/lP9dtdceND34KLrmoQUGlh7ys3vuZMyeP8dUUf/yOdoEVDk6rtvGWdtvxZDpM2lTLegRXpH0f+m+HHSGb7wBv7n5BpIbr4+XqsX0pRZfZCOk70MqkXxCU1rSS3scTCehgE8gvRYyyVwD/73mOh7505UYDUtIuMKMFTEcRS74sm/L3Lprc9a7b5Hxk7jFUh1ly6IdBLb4ThsnjhrPhF1+ym9vukndgGLYlYb49mdVHkQfV/OwWrL8e8qf+e8NNxEsWYweeGp+kbaXifRGlA+5L+GZ0nC1gJY09P/CqT7+5lsxNlgPS8T7Al813Utdk1/8UYnEa9J9I/tEKXw7ZHI5XrjsCh69YBJJ18MNfUXfvTwvIVL/UCox5C1xrA3S64xh3wtPY/wPfwHJhGIRC1VPjU2k6y7QRa4XwQe5hip58yMihLzhk3YLtM18l+sPP4yPX32dGkXJ5pN0DFU+GrnyRV2aTh7gpsGDOe/zj0hrVbh6dBZ3bFwPfY2CHjBli63IzJhGq9I3qnCsNF1py7hBhoPefJmRG2+s7liytnL2ICxnKuMW9Sgt1GGgZ9Pw9DNcdvBvqPqsQZF2JHypmZe5L0tZvCaeQfE9rU4WWPbcUkx8MsXiOz/lW9haQGhGPZ5Savph1QAO+383seVuO6tgoXqfyhlSAhEdbrEdgLhhEMrDobk+oevx19uv4anjzmLznIeje2Q7HODR70c86+0jBuer086J57IaW8DWRbPXY4GhcfPMd6F+RORVlIa87yXklZC6jlaOXWcCNQsXsziT4drP3wMvvYwgm/LIffGc2jh17Y0wmpagrb0x5738QlSAXgo9KM9O/AJF6wNteY6dsAE1i+eXPc/COZ9R7DMiqCZPe0j1OhOY8NOd2ewnP2TwehuAmQZdKIgEzSzja4BhYv/vOU75URQFMQOdbNIlY+vscPxJ/ODc0yO6m+WdIzLfXI4jxtRT7zoqihkMGMq5774PKlJdoliq/L7PcVt8k+oPP8IxTKwgX+Y8JEODFssnI3X7/YZy4btvQap66QwUAik/zM7bYXuMaa/SaPlUOQIf10wAMm7vn3HAbbeikJblLZv+Dk1a537A6RtvxYDQJpCUeg/eAeJAFqyQjNA3Vw3hPNnLsodklEBf6TEo7tfrfi5N6E+iBQGepqMZJvnxGzD5hZciOfJK4gNBEEJBZPpMu+0vPHDYsehh5+3yupFi2LbfZqejj2Ts9tvjZ6rxNA3ftJR4nvRxKAdUnh0vwE2K8+3D/EU8cd3/Y9q9d5KbNZt+ro8pzFKiGVJ5/lRWio1Zm0veekOEIcBylvZbdLSDk+UP667HBj/ahUP+erPUpEXPrqEThq1o4sR+Np/XHn+Ctx/7N59PnYHXsEiBBUcXuNFhHy/v/VwxpxqVHTBx6waz+Z67MvGPp1FVPxRHB89KkAyi9lFh9pX1CETmMSiw4MX/cfeZ5/H5tOkYgRcBnuLj2ZVbkAmFW090hnSarID6Tb/FDvv9gs322xfSqehMk+ddAhVCCKB6vwQlyjq7ap3JZ3n77w/y2k138OnUabhaXrX160IYALT0kD4qO2QUl37wJgS1qBoyyy3HUSJo8kUA6OxtdsB8422arRzpjg3i0m8kmplyeGo1HPPCk/T/IhiEboJlqqPaNgU3Bhiugylq0f97iTsnXcrHT/2bKt+mRfOiVpzS6MqQq/H7Lp5aH7ZAxbMjAqJF/FEE/lLaqRMYBgVTZ8GQOo698a+su9MPlY+TEt2PTkY7APHCUO13zQ8IfF9RZs1+6SWu+cNx5D94j6EtWUw/JCm+hjp8ol63cr+jggWnD9s9nnpsgVVlAU8TtV4VCsMaWq8YeSJKz2hIrMsKDQq6TiACVAsWkfAC8qItMLZeGh2WKY4QeluJlXm6S/Lz+SpyGRhpnBGDMEJfRWTVtYs/E2ouvmaQCHX8z+djBuWsRvIxcTzkUFBlFBoM8A1aQom2aiQTKYyaDFYiEekTKLen/PnXDY1ULkdhUUN77FXwRjrUcGr74fWrVlGT0ljq+0dqzlLa4cyfT5Xci5pPEqt+gCpcV3FldfiU/6ZnpNDmzyNj53GEmnQ5L26hE02FOg4pzBFDEJWHstEeXo5OX3tRCxk7pyI9QvUaxdPXvBFWJcgPHEjGl73kEy4Ns6ubtVTGIST4bKEiKqmMbpdyDJ1ZxiuWwbgkcUcNIyXOZFmpbzsCUf/dWdJEbSFPVlXAayTFsw0tMoNH0Kz6LsrXzgqF6tkgZ5kkbQdtwaLlRP7LZ2gJ1ayv0yx7ffhA1tloE0ZtsBGDxq/D0LFr49ToioGoddESFn76Oc3vzOSjN2ewYObbJPMFHF2a3DW1lyXqLclJo2xfLmur0DJxhw0jGZgEmjyf0UZtZ6hSIEYjNf8TnJr+DBy/NpYlSue6En3MZpfQuGAhXksrluurZ0I9CQpERG/l9DLbtPL9XP6BbCISkRQafslUJfUUYyZMYK0tt2TYhAn/v73zgLarqPr4vB4CSBFsKAI2lIgg2EERsYAi9oZdmoqigoioKKIoIArYEbsgKjaWImBBsSugBqQIUWwgAlJDSPLefd/3m3v3y7zJtHPuPe/dm+xZi5WQe87MnD179uz/bmPWfcBW1nMxtHyl+deSq82/F19grv7lr8ztl11lJlpTbWNFp8aNjJSrpXnrWPvWehpjbjhpzDJIscHGZvNttjUb7Li12Xyrrcw9t9zSjK+3nmkNj5o7b7vNXL/kL+a/V15hrvvTZebmi64wU3fcau4YmzJLx9p4gclIwU+AU5WGU23q3puZkda4ZBJp7wAAIABJREFUzTOaGiYc3ZHPw0O2Cp+59kazcPlKs2w1yQcNh834NNRYYG6728bmXjtta7be8ZFmi4dtb0bvsqEZv2GpuW7Jleaaiy82V1z4O/P3qy41Y5MtMzGN2mbMQi6inC2UQoWPq3yWPqsUqEiB1eXWUuyNI8gg/hwzw5OTZuXwhLlm4QKz9fP3NK85/N1moy22tCGvE9ZsmC5kMQNAWp06d2I1GbljyqxcOGpuX77MXHrWWeb8z37O/OH8880mQ8Nm/ZXUjJs2wyMjVhiuymqvaGqoSA59XCmwJlBgxNaY62j3HCvUu5/1YS2DotZWaghxGDJDw9P2UrAReyv5kFm4sn1ASXlKSm+i3BP20BodtSEZ666gEkX7oqvxjqInwywftoEAtro+u5aAm5ZTUQhAND6JKtOu3Y0if+M4ZSVxtbaNz+OEYA0ZMzmN4sUR7YVTdX63Y+KmJfSC+VGOj8N5ql3NX5o1gHiAgVAxG3xgY0+mzcT0lB3LJmRiDbVlVlc16NTuot1vSxTBzj0JhJpYHXYIVWrYjCNJHQs5cxj1AMZtIyjknXsJ7LUP7RGKc2EGhGlHpwnZaVmghRLtr+fw8KQZaQ3b27ih3VSHtqvokJb/lmOn4RmUOi6cIyZ/torKhX929ToekDuGp82C1oi92G7MeuUARm2HieVcz4MGf9I/CefMccUIoTDhecneWTreMutMGluMt0XIEfCLkr7svf8v67uwc8HmuK3gYsyKUW4Shz70b8y6K0fseFyIaIH7UPtm9dkxz7MZe9x+d8uG8vAouQluI/xm5dBCs87QMjPVGrX5FG2ma//BJX78C5cGTxKuZPdOO5yKEDOs7PQ9m099OsyeE6WEbU94DkjMH2sr0lTHXdmaNmNT3GXCBYtDZnRo2HpZ7O3jjG+/nQ3Z8X54d8DEtsBC9l+nsfdvmjBmfGrIJsyzbuuw3zFYAO46YxP6SU4YvshbRofNspERC7aGuY9oeshMWHTQuZzQUFGqQ7oIH/hz4+pFvtWGgVGk2eo4q9rkSDscCh5hjsMt7m5vPyF7gW+xxhsuSpyaMusBZLjUcXLK0vPOsREzYZP9jQU5eIftTfetlqUlYEzWu61fqW41IGJ0DZvmbBmx/orl1mDKZcXLzbBZtsnGZvtnPd3s8oqXmy23286sM8pdQvJOJ/QqQZHVAAjHN68vo1IFkZMrKF84ZV3Sy2662Vzw4/PM3xYvNsuuv84sv/12qwC1BblukDWM8/RzGqIABwwHF0rwcMu7QMxa9rFAttrK/tSQWTGCAm5vAzRjU8MWgNj/dyymQ1Yl594DLksbNtPDU/YirLaXcsRMeyVwplujVtm0kdhWb+jEs3dADbold3fYXd2RJwtXAlK4KAwL4LSt2tJWBtsyw88BQdlsfycKbRuAoMDYO0GmW1aZdUGPPcBnyTuO/xX24KYv63kYXqfjbWmPSX9uG8GTg+doaNhalYmDd5uN2wcEAao6l51NulYavscLwRpurbBK3sQk/XaSExrijfnsdnpo1N6xQdUd6OoDELwiAE+qptoKZB5tS84AmxVhL5prmYmplllhD6xVbZiQG0eRmzZ3WIBOiI6922F4woLz9l0PoFMvTwXr9RBAtc235C2MWWty/HJdvI0o0xa4YDy34LST395q2bGH4HmUQ+Y2MmRGJtvg1wL3kTttsrm9DLBjNFi9UloHMHfOSYK1gLXQGgmw2ulpFe8FZmhohfVezvDkTK5MW+VFDIihgh0yOdoGd4w/hqY7q6UBSGuEPdUGEjy5fLTtARglVGh62kyNtoEO+50H+De79/GITmGkmLY5E64hIXfpH/kvFkNiZJk2ZmIFcgm5Ad1bZsXIiBkeGrb/QWIozixtNsfQkBmfZH5tj03Hh2RBWYeJ7L9NrPDpkN5l5NMtsHKqDTJZU7fxnchmgDi8DHAD/MySQ/AeoWsj02bh1LS5ZXysfTEn4A65M4U06yT12D/55s6X2XLBnVDZmU5Vv5pP2bj2jj1779y5YMws3Ghjs9Fmm5lFO+xgdnj4Dqa1/kIb0b0Qo8gEOWdtmYD/I1fWYwaATLs3/WSobStNrO6dWXvXSL9cKVCFAn41k6Rlzj+IOgOtXk4iPYPS593nclVXchbFbt/niyrRqvB5t097rmcO99h35L6/Ck/0w7OltJbn6nx/6RhCj9hYVeZgFeYCBS63zm4elZ1f53CO6behMWfmLR8YmVcxnWTwQD+l3+3TemZqXp8p/FJ1rBl+j8zfjUVz90YKS8RoW4VX3HXNyQWRTyW8Vby/PZ7qad/Fk9AHlQJBClgDnOvp65I/KwOQGZzScTevcrcErDi6iEoBpUCWAjkroT3nfF3AO4j93/1B/TFyz2cnHQiX8t/JjeF6V2Lj5b676pir0cXRI0vnUEKbNeEZn2dmDp8SxayQADnez/JQzrjdqdaSmo4E7cVOsJk5SoK4d/dIbo6hsat+d+55G43WKTNTALWKVmdmTA8MiA6w6rvrn/1ZudQZeybML+DUWe2fKsrGnKxcjVg1aE1VNbf5aSm+J7cOTxUtqj6kFKhBgVWBzb2SLu1JVAYg7txzsr/Gd+orSoG1jgIlW7paMMXqJAyN0e3+zc0713/u/RA2yL2TGzMIQDIcV7XPNYWB0wE7vfnKbtcz934Bvsx+SBNj5PrM7ffQpHvNp/Ox/rlvyMmx3O/Zxc77Q9uKU0lHzjM5WuZ+rzicPq4UaIQCOblVddD6AKTqDqw6M31eKbC2UKBkV+c0ktx+bOKEy8276pxKtKpuxwyN0USfawLvNsEzVRFgtzyUe79knZrgj6p9Vn2+5Ltyz3hj+nWZbPZNt/TN8JhfpZvHZ70SGr9bvm2C1rk55X7PrZX+rhSYCwrk9kbFOdQHIBUH0seVAkoBpYBSQCmgFFAKKAWUAkoBpYACEOUBpYBSQCmgFFAKKAWUAkoBpYBSYM4ooABkzkitAykFlAJKAaWAUkApoBRQCigFlAIKQJQHlAJKAaWAUkApoBRQCigFlAJKgTmjgAKQOSO1DqQUUAooBZQCSgGlgFJAKaAUUAooAFEeUAooBZQCSgGlgFJAKaAUUAooBeaMAgpA5ozUOpBSQCmgFFAKKAWUAkoBpYBSQCmgAER5QCmgFFAKKAWUAkoBpYBSQCmgFJgzCigAmTNS60BKAaWAUkApoBRQCigFlAJKAaWAAhDlAaWAUkApoBRQCigFlAJKAaWAUmDOKKAAZM5IPTcDrVy50oyMjEQHm5ycNKOjo2Z4eDj4zNTUlOE/nom1VqtlhoaGouPwO32k5kHf/hyYG/3yX6xJv7H5y3s8B3PnnmNMnkl9b27l6EO+lXGZvz8uNJF/kzH5/9S3psalP9Z6bGwsOT3mwzi5tch9o/t7KW2r9Ok/m+Mx/3nWGrpCD96lCW35f36HBvwpTcbgT37L8Urp99ShT47vU3vR5a3Yc/Ld3fCc3zff6dK5lD5VnmPeof3krqE8U6Xf0LPuXpQ+S2RIt+O67wvvCk/KnGJypc7YIhPcvVDSjzsX2UvybyKLSuWZfE/JuN0+IzQVGc//yznYbd+l7+f42O+n5CzkHZdP68r43D4OrWlsneUsjPFWE+cRY9Jv7iwsXavUc/6+lGcZX36rOw40S8mbXp1PdefXxHsKQJqg6jz2+dWvftUK1xizIoSf//znR39fsWKF+eY3v2k3dEjIwDD08dznPje64TmMzjzzTHPnnXcGKSHK4Itf/OJZv9966632vZhwk835yEc+0tz//vdPUhka/Pe//zXnnXde8jnG2mmnncx97nOf2mBg2bJl5ve//725+OKLzeLFi83f/vY3c+211858//j4uLnb3e5m7n3ve5uHPvSh5sEPfrAd8y53ucvMOpQe3PIxt9xyi/ne976X5bTHPOYxZvPNN+8KYPmDfOtb3zJLly7tmcIe+oiJiQnznOc8p3gM+JU5/fa3vzWXXXaZ+fOf/2yuvvpqc80111igJgffOuusY9cB/tl2223Nwx/+cLPNNttY+lRdgxjx4T14FTrx91Tjubvf/e7mCU94gh2/6iHKoXfjjTeac889NzvO4x73OHPf+963mKY55oLvv/GNb/QU3Ppj8n33ute9zJOe9KTgdKDvGWecYelcd/3EmAJvbLDBBuae97ynlQesBUpd3X5z9Av9zvcig3feeWdz8803W76lvfvd7zZ77713T/bxaaedNguI15kntEGu3fWudzX3uMc97J5asGBBMa3g+9tvv93K+6Yb+3zrrbee2VvIgz/+8Y/mL3/5S9NDz/TP9z7kIQ+x8qakIcu+/e1vF9GTb+Mbq8oOmQdjfec734lOSxTjRYsWmYc97GFJI2EJb0GH7bffvoQMRc+wR7773e8a5FGTbb311jPPeMYzggYR5gANYzpPybzE0MI+YixkELJv4cKFSSNMSd/9+owCkH5dmZrz2nDDDa1gl4PL74ZD45///KdViN0mQgbBjHLMRgpZMdgkKGu//vWvrRAJWW4RaPR/xx13BL8CcMTvKOlu+/vf/27ud7/7RefOs7yLkHvhC1+YpBBz/8UvfmEe//jHJ59DweAQ3GOPPYopLrS9/PLLzec//3nz2c9+1gAIchZF5i5Wd/6+1157mf3228/OEYW7ihX8H//4h9lyyy1nrP2xyX/ta18zz3ve83qmdDIOawTIyn1vMUG9B6HDZpttZuCHlKdO6AUtPvnJT5pPfepTBhDLvwudQ3OUdZC+H/CAB5jDDjvM8pSsQ84LmPo2FJwrrrjCHtZifY09z1w5ZP7617/aR9ifVRrzvPLKKy2oTTXGQaF55jOfWaTUlMyBfb7++us3xgey35kzcw816Mth3Y3yAW18PqFP5OBrXvMas/vuu9t1qavgldBSnmE9MWLssMMO9p/gUf4DTKPo98IKioIDyOnV/oV+GFOg1z777GOe8pSnWHoJsIutG/If4NJ0O+aYY8whhxwyQzt45i1veYs58cQTmx56pn/W7Z3vfKc58sgjk2OK4e9DH/qQfR5Zkms77rij+d3vfld7X2PA2HTTTaP8IAD8bW97m3n/+9+fPKcA8cuXL4/2BR3e8Y53mPe+9725zyr+nfVEWcfY1GTDaMWZH/LIspe22moru0/rNKGx66nmu9irj3jEI8yrXvUqK7sxkKCzdHM+1ZlfU+8oAGmKsvPU73bbbWct8THFB+Y9/fTTrVLqNrHUooRhTZCwFf8z2CgcLi94wQvM5z73ueAh85Of/MQeQjEQBIBBObvgggtmdY/CiVKdOhgRYHh5GD/V6ONXv/qVPRRz7fvf/34xAKHfm266yVokP/OZz1g6Ce2qHugS9oNl6dOf/rS1jpW60f/1r39ZoZtrWKjxVvXSissa1RW0ufnK7ygmAIuUq5/D+dRTTzUHH3ywBd20nMLvjy8KHX8CrAC3eKlodRVO+J5D4w9/+EPR5zL22WefbXbdddfi9ZeOGQtLLlbFVGsCgGBgQFGvyvdFROk8BG1yAGTdddftyvIYm4+sPwAVb9aDHvSgKlOv9SzrCZA+8MAD7fvIAzwyyMYqBorU4Dklsc7EZW7QDDCM4QM5EdtDfOd1111nDQ1Nt2OPPdYCEJElyAhkxgknnND00LP6f9e73pVVvNlL0AYD3W233Zb1oDIAFnKMihtvvHGt7wGAMF5Mds4AkEMPNe8/+ugkH6IwA0Bijb4AVr0EINAMPvINmrWIkXgJOQAACRkBoB3nR6/PRQE7/An4QDcjAqSb86nXdOmmPwUg3VCvD99FqCJcY8KEzfPa177WfOxjH5s1ewkbQam9/vrrk4ocfaAgYnkN5U+89a1vNR/5yEeiAIRD9fjjjzcHHXTQrDn0MwARQHbVVVcZQlnweEisf102cJVraALN8IikcnRkrLUdgHDIcZB9+MMfnvF2QJs6yrC7DijUhG9hba4DQBifuW200UbFSjHjY/EmfKyqhVsBSMs0BUDEM8LeZD0vuugiGy5X1UtVRT6wnoRaocDT4IfHPvax5vzzz++ZEaEJAMJchV7MGWUYT84mm2wSzEFTABLmCs4ZDC9Y00tkmXiZXvnKV1rgGrLO5/iv1wAk5V1TAJJbjfDvckYhizDcAvKblEP1Zln9LQUg1WnW12/873//sxYzhECowcDkBfz85z+f9bPE0HNwxDwX7gsoZ+RYuHkM8jvxy4RoxfrhXRRoPwys3wHIJZdcYr0UbBpCdboJ+3BpKYcGBzehQFjKcsrv2g5AvvjFL5p99923KEShyoZlLcTiXLUwAcoDPE/IBx6yUm8MY6IUsp9Qpqs0BSDNARBZBwmDIgSDw7/qGlVZT+Q2RiB4QQDIKaecYkMwetWaAiAyP/gZ+YXHiNw4zhx/LykACa8mdOF8hm4lTc4OADIepTpeMgUgJZQ2Zj48IKGZsbfw9pB/NehNAcigr6A3f8JSUKAQKqGGgCIRdcmSJbOEFR4Q4juJUS21vBx11FFWYZawIckj4aBGQY7Fr2Jd/ve//72atbcfAYiAKDb8Ax/4QGvVRiHJgTTJMxAlgj9TXik3N+Tkk082L3vZy5LVq/oZgIgCkkvATm098iJwZ/shaaLkk3gJv4TWgfFReLC+7rbbbtZbh0L305/+1B7SAhxT71KIgYRDWmn4GnOD5/Gi8PcqAITvBFB9/OMfrzTmIAAQt/JWiWzx+WLPPfeMJslC45wHBNqGQkrl38VyH5sb8+c3/jznnHOiCfG9OEoIG91ll11mZCdWTniW3L5eNQBIKllW9o8vv106iKyP5Qny72KtJaTR38elAET2XukeDNHo6KOPtlEBAoIYm5CsfgrBgl7wKLKJUJsqskN480c/+pHlnaq06jUA6dcQrKreZeEl4XEACN7xkGGqNARLAKOcPe6cZBzJ8UjJo5NOOsm87nWvq3RW9Ep+9LIfBSC9pGYf9MVGkDyQ0HTkIEAhI4FULO1ieSP8qkRJECBDSJL0KdWGOCz5e0yIciARH+8fSv0IQKAFtCE+nxCZWG6MS2toiofEtQhy4OcSCoUeKAgkeUPHmBW+nwEIMcnQqW5MMnSjchdFBEKKC1WPAGisTQjkwJvkYPz4xz+28dESVw0tCRskhI48nhQgRKnlYBZlrGRrc/AC7KmqVaXJocSYVD5iXqW5QIMAQABk8DLfmQPuPt3YS1QIw+MVaqUAhCpahJ66jSR6PBrkd9xwww3RohnyDmCAghE//OEPqyxvpWfFCCSyAqB96aWXVlYqU4PmAAhK0bOf/Wzz0pe+dFY3yLDf/OY3tkoi5wRrmTMyUGiD/VrXA8L6wzs5j3Dqe9/+9rfbtZc9xbwBJHOZhM78UjkgIqMIwyXZu+QM9r85lzcXo9HaAkCQr6URHi6tkFvImS222MKeSfCPz4+lAIS8KNZY1pe+2VdUbiTsEh1I9KgYD0hIKHk/yKS6wKqSYGroYQUgDRF2vrplIxx++OHmuOOOs1PwlSxh1q985Su2HK9rFUJRqFJGDgCDIieCnbE4nKkaQ/M3kFgayRHhoPU38XwBEMrZPv3pT48qOMRfP/WpT7VABHr5h65rpSPs4KyzzrJWd9czRMIuhzoWTv5OP6EcErEyUqL4S1/6UlQR7WcAAj2okHbhhRfW2gbCNyFFnH9DmcBLJPzkD8K/o8ijaPmKD2uIFZsSvwImXYuh+3eSQAGSVcAA5TBRGENNPAE+iHX552c/+5kFSKVWzEEAIIDFL3zhC7XCQ0R+xQ7ZEgDCu+RWUSnNb/AaVmcq4aFwiyU6tH6SEM7B3+smwAyvGzJUeAQ+RTGpGg7YLQB54xvfaBWlEL3YQ1//+tcNeQcpSz08TJgt1Yn89Sv1gPAexT5e/epX1ya5a4CgE+T3Bz7wAVvAItWYP17YVFUn3ifxmrA51ihFjwMOOMC86U1vCg7JHDl7xfvhA3X3jA2drTIP5B5KKe+X8szaAkDkTCqVrbJQrh7D30NhbqUAhGIheFFC+4o1A4iQDxgzrvGe8ALh9uhsCkBqiwZ9sdcUQLhiPSdJCcaMWd2JKaaKlTSU8Gc961mVLJRsBKxbvEdjE+IWpKJTqIk1mWRONqK/ceYLgKSqYCEIyPugsljMeisx4pTs5NBG8Q01DjIUTEJKaKxNLISB3BoUHUBeqPUzAGG+eOFKq0BV2QPQC6UsVrdeDhdCLN7znvfYtXAPHNaQ/+A/9ok0OVQ4vFECiKlmrfizFIAQVkh4Y4xP6IfqcACgmKJC6Bn7oFR5GBQAIh6Mqod/jjdKAIiEtwFARIFw+5XDHp6loljMqs8+D5UPz82x5HfxJpDkDvCVECeq2FW5D6dkrJwHhDWiTC2lYENNvNvsISkfHZP3eC/wltQNwaJfypx3A0D8uYnhJ7ev4QM8sf/5z3+SZEVh/OUvf5m80Jb1hG6uZ9ztlDlhuMCAEaMlxi1kEyV3af7ZgUGPAgYANn4r9Rr1GoD0axI65zgez17LINF9Sqpg4dEEZKQalUjlLrbUc6xbN1EGJbKi6WfUA9I0hee4f7mEkDwLrCExAILQJFEcIQwTEDbC4esLNQEJciC6n8NvCEwAhVijsTL86U9/Cn41AhEBSkwz/dUJwaIPyvBSWjbVEOh4G3L3gNBHDICg3HAoUDJYhExoTJRFAB/hCcwvJvjFEocVDJAW8oDQP7SENsQuowi4MfQyfj8DEOGLOh4Q1xsQojU0A+TiAYk1AbrE7BJ+QclpOfiFTwm5ocllc/Kn0FqeC/GpP64orJSWZM18ACLfRDlZvAGUkI4BEAAQc8OyVWLFHBQAIiW7qx7+sg7deEByAATLM8+Q/IvsSgEQyn1SpajXDX6gfDmeVmlY1lHefRDd7di9ACDMgTDHmKwXOdatB4R+6ibhx2QJtA5ZsX26srfIp2QNUo2zFFCQkhW5MTFOUTLeL00v48Kf3J9BI3og5Knjm9gnAFjOpPkCIP2aAwIAKU3uD613ytNQ6gFJARD6ECMu8jJmyOKM4DnOCQyU6gHpViLq+z2ngISCxJgYwYoSCyPzDPGRIaEm1n3ZHO5E+Q3FDoEnCjoxjliCYxsYK2NMMc15QEQxf/nLX24t7DJmaCy+BUUhFEbgPx8CIEILwA7j0WIxmQgE4shjYVz+eIR8YOkGIIaaHCTEvhOOETos+xmAcPghaLnUsm6LWSfhQ8IH8eBBlxh/i/KBEkfDEgvNubSL0BEOIxfYhUBe6dxRWFlTqaXvV6CTPcSllXgL8ZLgPg81vhtr7yc+8YkiK+YgABBCm/h2WlUAIiCsSQACT2FNBLCmLnGFrx/96EevVkGwlE9SzzEH93I86CQW21707/bRLQBBwcSIhEU+l8yOx4+QVH/9+F48C7l7QNgPlJetUwWMMRg35+mI0Rfew5AnxorYc6LYdqMIStRCTHnnG6hcydpxDwRzixkxiGYgDLp0PmuLBwSgiFGyDj/I2R/zTHcLQFhP9jzyB92N8z11thEhATDuhr97LVfq9KcekDpUG4B3iJPHFZtC0QAFQky4tTmWOMtmZeMCGkJ9sWlI7AV4cBhRGi52KKGoo1yFYrEhaQkAEQVGhG9MoRGlPfb97hKmAMj+++9v49f9uH33fWhEuBSgrqTRF8pO7DZx+SZoildKAInbd78DEJK/Y+EEKRrxrY961KNmcpj8ZxFYHNK4uymkkEuClUOYP11eAJBQ1QyLMx4VwAO/s5aiuJQqy8yBcK0nP/nJQaAqAIRwFRQuwiSIoQ8pEAKyUQowCuQOy0EAIOwL1qtOw9P5hje8IUqHXAiWAEv2sX/3kYTFcMs6eXNy2V/IgyXWbS4CKzU0VPle+ue+D7yoNBQdlO6Up69K/1UACDQDDHGBnzTZC+SvCb3EgOXPw/U8oDSzn+uGYPEexgzOqaqNd7knCIBQp80FABHPCDkpRxxxxGpnrMgvjCec0/AFAIQ7VmIGMZ7lbCm9J6LXAKRfPSDIfArgxOgW4xH4Gf0I+ZEyjJWGYLk5guLh5Qwh1/TQQw+1XsWUvoFni/BivPu00nOqzh5o+h0FIE1TeJ76p1oDFvSYlQRBRpIz8cUkHMYOOgQgoQFUkYkp84SVEKdLGUCSKGNj0hcWfSpKhVoOgDRFyhgA4XuxeOZCibBoA8JKXd7QhyRzlNBUk/hpUUoHBYB0s07wCKAAq2koXl/6xkUNyI7dd1M6B8bDS4KSxD5AuRSBXpqHwRwIn4i59+nniU98ovnBD35g+8Zb9qIXvchOMbanpNzrmgBAStci9ByXleLFjB2ypQBEPGDuGHgg8USJwSS2FgJiKC+OchCL4+/mO2+99VYLTrGA0uAZ9oCA2m769t/NeUCQY8SW+/c0oahCL5QlUZBiOWwovyhk0CuUjwCtm74JnXU777zzisJwQ/StAkAIwcrt1dgYgDqKluBF9UOmRfajmHK3EHxBmCcKaMq4SJ4BlxmWtLUFgJTQIvYM8j11GWipBwTDHIDaXWfW3S0PnzOqsbfwfuAFGfSmAGTQVzAyf6wQWEJioR4I55e85CU2F4H7EkKX6iH8JMEORZyQmtCBQ7w6G+L1r3/9jLcgNC2UAMKiYonV/QRAmD9ChdJ7uao35JkA0koPIGiItet973tfkvsQNFQZC8WA97MHpJst5QKQVD8o/R/84AftoUwTBbWOdUu8HvQBOD7ttNOsxVWsjzHlV8bisCdPKHZw0D8hSIBO/o6yiXcLBTg2X5Q3LGU5K+YgeEC64YduAQhjs46hHDZ+kxw42e/uXF3vGblrWPMBIaWGhirfTbI58lh4iPGoHoXC0uuWu4hQvjvmZfa90DI/sebyPgCGxGyUYPEAut+hAKRNDdYbkPS0pz0t6hEFdKD84vmgAeqkUlKIN+BPwoaJgGANc+dSrwFIvyahd7OPegVAxKgl+1z2kiuj/DNBzieRV+ga8EIThpBuaFTnXQUgdag2AO8HO6zHAAAX7klEQVTA4CQJxuLwYXhiePFaYMH3lSex+nHZIHXJSXwjyTaUC8KmIpyL8qGEmcQ8ILjCuUsjZlnuNwCClQIQl4sBxutDGc9SVyibjtAAKjWlGoIHAAlg8/te0wEIXqkUPaWCGCExWAdR1mjdekQYk0pEVPACmIe8T7JmErdL+M7xxx8fBSD0wb5gn/F39gd5EZRXTXkoASCE6qXamg5AKNgAbbvJAakrrgVokAfAWpGk3lQjL+nLX/7yDD9wody5557bCNjJeUDqfiPyCtmOzARQEe4SA9AKQFYBEAxYFIQJNfh+0003teWA8dRK7gchQXjdY++wFpynyLJcLkivAUi/hmDV5Wve6xUAqToHCSVnX/EfhizK+Q967ofQQQFIVY4YkOdR0CR/gSmHUDX5GgCMAw88cDXXrwAQrFigbQTkzjvvHEz8RdgRJgFIwRPiK1WiSL7iFa+wVpluAEjKmukuTRWLeKwKVhUAQlnYnKXJ3XTE/EpVkxhLQSc8IHiY/NbPAMS3oFbZMryLNZBEyhQAkRAQnrnlllusJ49cHeKkxRLLuO7fS+bB88wBCzQHOId+jF/hD7wYeDPwIPp8L3RAceUWdvhD5kMcPdWwUmEUlHXmZnT2bkyJGBQAUmU/uuv05je/2ZaD7QaA+DyQ4wn5HcUPoEisNR6x0pC8Ej6TZyQHAA8a9wOIp0aMPqUypcqYOQCSo48/ljwPYAdIQS/xcse8RaUApC7fMEdox2WkhCLXaU2GYEl4KWvO2sfkAN/AvVmEXYnxgnc5P/D+hgwYckbiyeWurxwP9RqA9KsHpCpfC8/wHvlZeEBjZ1JpCJbMoZSveY5cQCo5oquxx6QKVhPyqM4+6eYdBSDdUK+P30WgSaw5TOwLOEHUMDTVSHwPCEILgCJKGEIFd/q11167mtDjWSwtKMs8548lygM5J4ShxJSJnAfEdeXnkssltCL3HEsYywGBboRgMa9Uw/ODizxnaXL7IFyNSkephqIgFcb8Q6SfAQhKR8hTltsuovwT957LAfH7Yp35j2RwqmThwSA0ShLK5aCOheKE5kaIHId/zIrLnqFeu+Rz+H3ImgnfCyBiLnjV8IjECjZAC8YlmTRlxRwEACLGDL4/5vGJ8QbJ0ITaparPcECnqjHJvhQjjFgVY7KBS+WOPPJIa2mk7yZCruR7AbHsccZEdgp9CMtBruSUx9yeCv2eAyCMCc2gD3/GQgtFiWLu7BXyCeFZ/j2nHJUCEMJMWDfmUCW8UuZw9tln2/yrOq1JACK8B59huEvlTVKYgOp9rvKLfMMwCE1ifIxhBBmYC9XpNQDpVw+IKO4lOoHLL+wBPCCA2W6T0JElAj5l7UJ8zZiErB988MFmn332sQaQJuVQnf3Ri3cUgPSCin3YBwKNQxnlhSS3mHUWRg8pi2w0qgOdeOKJM5YXrJFUgvD7kk0p6D4EQNg8KM2AmpgVIQdAeI+xCOWSBMnYocSzxNoDDHItVQULJYCwsZT1BEsp35aL15d5QB+S+plb6lAVcCiKufsd/QxA4CkuKUNgV2liDZYk2FASuqtEun27SbH8nT4Iy8LzgBJCNbFLLrlkVq5TTqGhD0A1SmiocdCi3KTCJ+DXJUuW2App4gGR70xdqCgAmjLQPBdT6AYBgHCx1gknnFB094JPZ76bZMu6AETABjk1WJrx0KLQuZeA+nzAWOxlihxgzUdmCZCtws8lzzI2ABVvl/A7+55cOfZRTpEvGcN/JgdA4HvotWjRIpscK/QKjSWyCSWXamV4demfeYf2rysDS5LQ6Z8zCB6q2gAtKG6xi2Fz/TUNQJAthFjiwY3JIubPuYgX3D03+TbykchPjIEXeBirPaHYtNi5u7YAEKoyEtYYo0OKH9iLKd2l1ANCbhRnBp5z7nxBR5Hm8oDMkX1E6XZCtilUkNpTOX7ux98VgPTjqvRwTtyXwS3eVS2PKECEwVCRiM2AwGPzku+QU9z86Uu+iVt+LvSJOQDCO/SFUkb4SqoxR2p+Y7nINb7TL63J+9CMGHS5kyH23dDqqquust6Skka/WA0lbyH0jtAMpVmUKPe5fgYgzBdh3809IDE6SvUQsapLWIKEHcCnrIdvqUKZWLp0qfWOUAZaeDG1L+gTOsfKK1P1iupZMb4QBRIFwH+G31DA4BtarA8uuMTambpBGXAF4Es16ETYF5ch1jmAQ31j2EAxyskDquTN903o++2330w4G14lwkmhPy2Vh4MBArrxnU1YIPF64GnB40eDb5GxhHQ21XIABP7A8orniYZcJoyQstepBk/vtttudu7iCUmFDpYAEMbr9U3opXRtEoAgx6BT7hzD0CZ5YL6CyroQkRCz6EN7CXsOGbGEDmsLAEEXkkuTS3mg9LlSACIXEbLvMRBjiOScZA1DclTWDfBBpbU1zROiAKSUwwb0OWrJo3TlSru5nyfuaxLLJRGXDYKlhlKRWH5zSofbH4KQ0CvmkWr9CEBQPpg7LVXliHhbDpOUhYLf+A9FmIMlRkcBHHvuuacN8RHFRAGIsTkeJOZzaBI6yN85hFGOAHTQlnAQLkBzGwe+G5ZHxSEUAAGaIb6Eb0n0jJWzpGwvYCbGF64V2Fce2E+uVy22n1B6ycPyQzBkvoPgAeknAIKiAM3gHwwG/H9qX/Ms+5Ck6lwoS50jgv7lTiDeh+eOOeaYbIGKOmPJO6UAhHnAo+wd9hhekVT4ioRuQS+MRCkPTmkI1poMQFA+8VDkQJ2cKSHDQUp+0S/yAw8shQFi4UO9BiD9mgPSTwBEziPKblMMiPMrls/DOrL2yAm8JlTG65URqRs50ot3FYD0gop93AeJufvuu28xAEFIsRGowsKdHSK0YBQO6r322suGtIjlueTTOYg++tGP2pCufgQgsSR05kr1ES6s43tjFZYQ8lTKoTwiwiGmqCB0UEpJKKN6U+wwF6sHd13ILew+3Uo9IGecccZM1YyStSp5hthi6BJrTXpAqBjDHTcpbxQ5GSVgF4HOGsQs4Kwr3gXfs8XzhE9IDkfVmOISGsszWJIxIpCMHgKiCkBaNkQulQOCDEMGAhZdAwEAklu2/bsX/PXhfWL1DzvsMPt+L8OiANGbb775zBzgOUI+t99++ypsUunZEgBC7g3J/zTZI3iRTj/99CStBUQRcnfAAQdEvUbsoZKb0AcFgOANrZIDiCUe72kVw2ClRXYehu+5ADgWItxrANKvOSD9BEBkeZAnVL9jfdw8RX+tBcwD7jF2NhWeWZfH6r6nAKQu5QbkPYQL1o/S8qRiJabsJLGHbuUeDiKsxngExDJWQgY2i5QhHTQAglCgKhP5DClFFdoQfoDHIlS1Sg7yU045xVYdk7C2kCINvfA8ATJiYR+lAITLDgGNdZJZ3eRhd93mE4AQZ86BGlP6qVoFCMSilPpm2RdyqVqIL1kjwkTI8XEb71DNjblAo5wCW7JHYs+g7PIdhA3hNQuFlpWGYMGbHGB1rGchXhikEKwQAKFyGbKReOxUYw+SECqlUKsomrm1R8mn4pXIFgwZeIJL88ly/Yd+rwpAxEsE3xA6KqFrsbF5jj2DzI/lT63tAATwSz5llUiCOmvNOxhQkBGxs6TXACTnASFPiIsU67SQHIKGRGbgpUu1fgQg0AqZzj1rgNKYjsGeEl2MsF3CgpsICa2zJt28owCkG+oNwLssMHHkhK6UNFFwCD1B0fQbhzCW4yqWGwQgbuDcwT1fIVgpDwj0I8kYy7skOsfoiEDA+4FVFS+HWEp5j6RSAB10TVmI6Js1wHpI4llMESkFIJTDZK1yY/rfhMAj9IcLr3yLbw6A8DyFAvDy1GnibULh9r1J5ENgOcwp/ST6sa4ydwHW0IG/c7cEZSxjsbeyDrjIATVuY2xyi4jJnasGT1Hi1KdHqQfErQBTFYCwb6kuRilKt5UCEAwWYk3PyQCfnhJiQvIm6+bvB/ZWXQ8I+4Lb6SlVCh1zMo3cDCoL9vLgJ7cCPhLFY++997b5MnUMBqW8WBWASL/QB+sr1toU8JYQXkJSKY/NHgzxbUkOCONQ4j2XK5H6dtaWBGJ/H+fo1UQOCOtMmChADtnSpPdUvg/an3POOdFyxL0GIKmzBl5gTXN7LbQ2vIccpGCD20oBCEUooENd0Md7FMRABvkyoGoOiP99RE8AQtxKeDH+xEjB+d+kjMjtjV79rgCkV5Ts037Y6CSicXCUNJga4RgDDGw0Lpi6/PLLixPbqWBCSEwudKEfAQgHBP9RNpdkyFTomft9Imgl7wPhiWDOgRjWCKssVg4OjpjCRvUTQjdyTQRlVYHPd5LET+6BL+hyAESsNVULH8i3SA4MIRooDm7LXbApz/LdVICjwAAhdBwa0JJDn7UkRl2U29iBdPLJJ9vDzl8DAaRVaZpbq9TvxN9TUtM/+EoBiLsmVQ9g3qViGwnZdQAI9OO/OvwgeTLcl0CstA+eugUgfA8gm6IEufVEgcWqHytKUGd9SS4ld0nWBA8p8jonK+uMJe/kbkKHxm4IlrwHrQl1IzwM+SSyzZ+L7F/kF3mEeI/8dSvNAXGNOHW/mT6QJSTwVmlNABD6FO9plSiCKvP2n0V+A+BiOsBcAhAJL64qC3gP2XfSSScZQgHrAJCqxo8QXxN+Tni6vz+7BSC8T7g151KONtACowVn86A3BSCDvoKZ+bPAVHEiXISWUz5g7uOOO85WQQk13sd1fNBBB2X7kvexYBF2lDtU5wuAhKpg+d9OrX7KHpL0nFNU6rIUApLDgtyb3OVZpR6QunOBD4hFDyU/5wBI3THd96ADFlIfgCCcsUKT2Mw65NaCflAcxQNA2E0qHJHvJoQO6z6WSgmBYm6SOE5ddkqnxqyXjMm8qe+faqJcA/ZJ+OW9VEI7hx+Jq24rBSDdrImAUSx0biv1gHQztryLBxfPay8BiPSNVxKlmvVONXgI4wv7IhaeWPqtrDPAgwIHIpP5NoAQ/5aTlaXjhJ6rC0CkL4xPWJPdUsahcfge7qogZ8v/nlIA0s13yrusFTlbWK+rtKYACF4vckZCTTy1eNsInc0po/SBVR9vc8wrLMUBAI0YF/091GsAkgrBqkJ//1nmjVEI+eu2Ug9IN2PLu8hgCpyE5BBGolRuJH1IFSx/LnwDugU6hnjGUnmOhBkjPwD5vfTI9oJGVfpQAFKFWgP4LEKU+HGshyXCjI1F6VfCtkKhGjAMhyRlVkv6g2QXXnihIf4yZ4GYLwCSCsGSJedbUfo5eHMx43XZBPqQkEb4Vi4GfG0GIFhhKWhAfguAItWgqavgxay20gc8D2DBJU7ooIBCfkdpBIjy7yjfMbDAO3jLAEm5xngALbxZ8FhsT9EnlbvgD7cpAKkfguXubUKfSLBONdaKA59wNORAN1Wx4MMjjjjCglTxGKAcEqvv8lyOf+r83i0Agee4mwbDTeoM4LsAHpQZ9ctEr60AhCpGAJDU5Y7QjDOWIhfCG7F1ho8AhJzHMYVVZCDVASmk4J/DvQYgVcN9S3l4TQYggEf2EnfesEa0FADhdwqTEA6pAKSUg/S5OaeAMDFWa5TWVOUlJsehSgIvuQOhRn8ogCXJm2IJZtySQ7WfAQi0QEBwkRneCUIxEIiSoFlnYaEJhw1rQhw7CjUW7hLr59oKQOA/6M4FToSqAB4lvK3OGrjAA0EO7ckLQEnwBTtjH3vssfZyupQnkffgEyyuIRDvzxMekjCgmHeGbwSU4i0htEzC4hSA9AaAACyxTrJuqbh81pOEVzwyWCHrNtZ5m222mbkHhn4JDaRaoPB43b5z79XNAZF+UZ4pyQ69+JP/j+0H9hP8ivWdfeHybUkOSO5bSn7vBw+IeE9RGE899dRk6WdohHwrAbjQHc8dRUtyij/WdUIZfeNWrwGIekDiXBnzgAjggHbkOJbc3YahDOMy+6vknCnZK3P9jHpA5pri8zQeMaBUwUlVWWBqxCEShywVF0LTZZMQIyylQWOfxKbg4jPGLQlZ6HcAIkICQY+Fm+o1HCypEqCp5eZAlthPynwC6mgltJoLAMINyFyi5wu3+QzBEnpCc/4jmZyQwdzhm9t20BzQwbri4YD/fSCIokVICYnwqUbCNMpVag+57yOEKZdM+eCUB4TnjjrqKAuAxIqpAKQ3AIT1oHQsezoX1ocCR1irnwyb4zH3d9aZnAS5CZk9hgEC72fTrVsAAh9yBrD38OLQYqBNZBxnwB577DED6tc2DwgWbrymyE7WPEYv9jVnJvdPlTZ4iapaufMYeYScoRiK2xSAlFLa2CsImgjBkhmwt7iUlPC7XIEC1pNQeCnwMYggRAFIOe8N9JMcroccckjy1l+EH5WPiIeOuX4lhAW3Ogob/5+KWz/66KOLL9UCzZMwnNp4bDosSLmqKMyJJGoSxlKNb6a0MDehl25gsVBiLSX2FsBGmJlYAeV3P9xH+uffqWQB2KNC0KJFi4pAh/sdgDViTkvD4Koyr8T9A0B8lz3jMn5TYzNX1hmQhXUn1qAjvIJ1leQ9Ch0wL+YrPMQcXV7mHUmI5k+sSBz43LWx66672qEkDtvnB0ox77777lkFlQOBnKsqrnFKSBKGlfJQMnf2B9Yx6ZvnscbDQ0016MCFaX4VLBQpwFaTfCDfRFgo3x4ChcyBuOlYY/7777+/BQ2hJvuWcD4S7Qm/y8kM+AZPMX/mQktDfZF3Qj6JeLzoA+8WYTdNN6kalgrZIWePMyNFL0A/OWKEjeVAGx51KgFusMEGtkv4lhj2ufheaMtawSdVGqCBIgHI+RQdqPhHUjB8FuMF9ghyocR7yv6G10sbtJc8JimaEnqX+ZFb4lcnvOGGG6ycTXl16e/QQw81nOepsDB4KxcWW/pd/nPQlhLslNR2G3uIvCn4qelGvg0VFmNJ6Jw/qUYoIgas2NkAn7CGclFurmgNa7F48WKbH5cL226aNnX6VwBSh2oD+A5CFAU/VrqNTcwGJ1cDRk4p4zANhw8HdcrKy+Yhrhllu6QhuFA0YkJcFE4s1CnFlLEQyiglHOqpxmbHNY01shSASH8CMPgTizfubcaj8gtCXfIEoCcHL25yxsINS/gF70G/OuX0sP5zUNVRfkrWgrmRN4S11Be21CuHbk2OzfjQKBfmgpIggEPydOAhDgKUDqx7kniOssgByTqg7HPIowQyhoQIpsJf6JNqOrkQOcBAyIMSo7tYlGU/5fiV/oUu4oEjDrypBl054Khm5B/88EIVoFVnjnwjBze86O8V1p8DOLZuzJ21RfkMlRV35wOfsL4kg6aaGF2IuydMps7+BTCfeeaZMzIH+YDCXxJ2U4eG7jsYS3LfRxGFHL1YF0JRSfDO0YB1IK9Q7kji/1k79mrTjXm6e6Z0PM4QeEuMGP57wnOsmYDjmEzkfMVQklPOmaucwSXzFNAALTEK0mJrwXcgu/xLLt2zPDSmnHOc44Qf0mLfCW/JniuZf+kzMgeiBGQO8q7wUdOGEOaA8Y3QWp/G8Aq8XOK1gBdjZwhj8B3oDyS0584aaABNuHen5NlSes/VcwpA5orSfTBOSjC4v6WUMPmMXj3jkqWXfYpgzoGK0udiy+e+n5p/7LeSb44dCvx77vu6ZbsQz3RLs5I5lY7hW+34f/dwDPXjr5lLx9R6lB6spXP3ed+fe8m61xmrhP4xZavqfq0zVuy7Y7yeWpcq+6uUltJnlb5z9BQFqylQnxvfX9cS2VLl+0PfV+X9bviodF3rjOHyQopmpXMQi3cO0NVZL96J7ZXStcg9V/qdVWmd23O5eVUdL3Xeh+RQ6fgl9JG+fO996htKx+8VHXrVD/OmItzQtH+S92oE7UcpoBRQCigFlAJKAaWAUkApoBRQCnQooABEWUEpoBRQCigFlAJKAaWAUkApoBSYMwooAJkzUutASgGlgFJAKaAUUAooBZQCSgGlgAIQ5QGlgFJAKaAUUAooBZQCSgGlgFJgziigAGTOSK0DKQWUAkoBpYBSQCmgFFAKKAWUAgpAlAeUAkoBpYBSQCmgFFAKKAWUAkqBOaOAApA5I7UOpBRQCigFlAJKAaWAUkApoBRQCigAUR5QCigFlAJKAaWAUkApoBRQCigF5owCCkDmjNQ6kFJAKaAUUAooBZQCSgGlgFJAKaAARHlAKaAUUAooBZQCSgGlgFJAKaAUmDMKTE1NmYsuusj8H5MLrENlMHG7AAAAAElFTkSuQmCC');
INSERT INTO `tbl_branch` (`branch_id`, `branch_name`, `receipt_header`, `receipt_footer`, `date_added`, `date_last_modified`, `file_upload`) VALUES
(8, 'ERSI MEAT PRODUCTS - ROXAS', '', '', '2024-01-16 03:28:36', '2024-04-03 14:07:15', 'data:image/png;base64,iVBORw0KGgoAAAANSUhEUgAAAyAAAAFeCAYAAAB9x3vwAAAAAXNSR0IArs4c6QAAIABJREFUeF7snQecXUX5/r+n3ra7KZAEEkIJBAIJNRT5gQKCUqRIUxBRuoAUCzUaDAhItxEEFBAURRFpgoiIdOklQEIoIQnpfbO7t5w2//87525IIpJssuXu7oyfBdk9ZeaZOefM85bntZRSCtMMAt0dgVgROIqEmGySgEqIbQelXNzIJvDAAiwFVgI48g+lfyd/sRKFZVnpASj0P5WFsmyUZen/9ro7Rqb/BgGDgEHAIGAQMAgYBLoQAaEdL730EpYhIF04C+bW7YZAmYRsbEEkJAISNyaxE1QSQlChZdZiSqUSUaWiCYiTzePn8+T61OEV8iS+g7ItXGwcIR76fxG2SrBUSlZwCu3WX3Mhg4BBwCBgEDAIGAQMAr0NAUNAetuM9/DxJir1ZpTikJKt8Kd/xOR/P81r9z/AO089Q6V5gXZuuCk/IVIukW2B71Lo34chw0ey6fY7stnuuzBw6y3pM2QollMgRpHY4iSxyFriFal6Sno4nmZ4BgGDgEHAIGAQMAgYBNobAUNA2htRc70uRSCJIXQCwqkf8uBlP+WZ3/+WugTycYJSUUocFAiXkB+Fo8OqbAmxUgplx8QOlCyXIjYNgwez88FfYuRee9F/y5HUb7ABXj6fhmmZZhAwCBgEDAIGAYOAQcAg0GYEDAFpM2TmhFpCoAJkEohsCIAkTrCTJi4fsSvFOdPpo3ySsIQtf1UJFQf6B9CMRWBbZCRP5FOasiC2bX39skrwCjlGHXI0Ox12GIO23Ahn01H0cWoJEdMXg4BBwCDQDgisIis0tiTXbsXW3mYZG0sbirSVSG6mvdDtMDZzCYOAQaDLETAEpMunwHRgrRAIq2fbaM+F0wSzm+cw+W9/Z8+D9qFY59E09SOeveseXnzoEazpc6lftJSAChU3IRO1JqB/ci/0t86ykbSSMEmwXAsvUcR4zMyG3DR5Kt4GG63VEMzJBgGDgEGg1hBYmX/8174/USkxWL61s5RNLLGyohVSa+CY/hgEDAJrjYAhIGsNoblAVyIQSR6HztCIII4JnaxoWZFNFAEK33a0wcwWkbckJozKTLji59x7yTgKSazP/LRvpj43tcGRSB6I3M/yyCvFrAL8+M0P6LvxBvrvJiyrK1eCubdBwCCwNgisLIQp3l/93hPDi2XhEOscOP3CFM9w9X3Y+v5sT8dE67VcvDQ0tvoLebe3533WBi9zrkHAILB2CBgCsnb4mbO7GAExwqFi7FILVAKWvPs2Dbk+2BsPg0wOXDf9aIowllIExSWcuf7GbNyyVFOL5L+CCP57QJZl649u64cvtl2UFVDMe5x9x6MMOWQPQ0C6eB2Y2xsEDALtjEBcvV4Ypu/QpFIlIJJEZ3dOKFTipfdyq/cz7KOdJ9lcziDQdQgYAtJ12Js7txEB8VVYiXwIxfoW4SxtZtqL/+Hun/+cqS88i11ppr6UJbYtQs9mnfUGst4hX2K7z+/J4M23Ipep48mLzuY/9z1MvkWkdVPvSVub2OAiiX/2Xfqvtx5nvvU2jl+HiGmVvCIxNj4uvnJA2ZLh3tZbmOMNAgaBXoyAvJV0uoO2sIiRZbl3iJK8tDT21BFpPvmx5IwIbIdYG0wcHDlVfq3zJyKachY5y8YNxW+saHETfPl7U4mmeQtZsnAa86fPZPH02SyaNYfKh1OYO2cuxWKRcrmMVV5CUKkQhqH2G0sJJV0uqQObclzqBg1k6DbbscsXv8iW++xBbv31id0MJdvFVS5ZGY6dELni0YZM7KY9EqOTcBfjM+nAGTKXNgisOQKGgKw5dubMTkZAf+sUhFbClKef5JqDv0qfYgv1CXhJhEoi7c+IbfkUK00S1onTkiCR5eIol6VeQMFysSry1RIu8+lJ6J88REvnhMhP4lh85msn8sWbryb2G6iTX0o2vAvKlT5I4UJDQDp5qZjbGQS6NQKt+/qPQ0Rl059yCfnJRJ4unxq4mnbot5gUSHUShRfHqKRMkpQpLlzEjHffZeJrr/HRv19l4exZNM6dD1FI/+YlEMWoKIY4IVctyCr5FhK4utSy07BSneqhcIRtVMOvBNxQ3n8dzEB8lRAoReLlKMWKrOVg1RUI1uvPXscezZdOPJ6goQ6yBTzlagNV7KR5fbrYbCpx2K3Xgum8QaCnImAISE+d2Z44LknjkBofVkR+5oecvfHWDIwreMqSUoFEWHiWUI/0OHGWFMWDH6OLCqIUdYmTkhN9hPgy1sSEZ+mz9SXlQ+x79N1hNBf86jaKIzfXTo9YapAAWTHJOWkOiWkGAYOAQWC1EKhu+qMkxnYc7Lia+6A9GjGhm+BEMXaYEE/7iMmvv8Zrzz3NtDffoHn2DOyWEixpwapU8JJY7CE021JcVeGRaO9K2RZDSpoDpywR13D0OzP9nUWD9pQsF3q6Usf1Jn+1BrPmB4kBR/dhuRBY/d61LZTjEGbz2COG89XLfsRWe+2DbWV0bkpoKTKW4Cbv347u5ZqPz5xpEOjNCBgC0ptnvzuOPYbAUdhBMxceeCjWc8/gVxLcKPVk2DoU4ePQAA/5X/qhlKR0oQwVK/1Aac/EKmR4PwmiVt2s1oTIQCIerAS7roE+e+7GyWMvpmGLYcSFBhzliYiWaQYBg4BBoG0IxArK4k61CdwipQULmPT0s7z97DPMeH0SlUWLCefOxWtuwQ0DHJ2nkeDKBlzy3SQyS9LfqkVXnUhEbRPtEJANvYSJLt+SKp1oTfNuseTe6fm6rWSrkRDWjm7iUF6ePojHWf7niNx6lZQklkMxnyM7agtO+vElbLDL3pSzFq7v4RoC0tFTZK5vEFhjBAwBWWPozIldgoBYBrUCS0JSKnHeHp/Fn/AefSpFIiehgkM2sQktCzexUVY5dcNXQ6bcJPWMCF3R0o5r8BFtjUL4+MNoaVIkMde6urqTpf/WI9npxG+yywnfAL8PiUrISEhDRaFy4oPRsQHa0igqW0bbpUtWk7lpT0NA2yEkSVq8nPKWkKfMSQuPimtSS8cGeletN9yWjS25WnqnvRwYy8U7xY4cmW54pZaQfnNUd/ax9fGT25qmoXM35DhLdPNS5TzxQbQaLFqjllpDhOS2ZTutZ2RFIVTKLJo4mTeee5r3X3qBeVPeh6nTWLpwMX6S4ImiX7WMaquGX9r1dEytbxYpsbp82FY6wI9lxyU/YgXPQnX4yzwbq3g3rsGrs82rbWXfhbwppWlFwuof3WphWXnnt2R9hh12GCf//BqSvgOIS+DVpfMvI4+xtGfaNIOAQaDrETAEpOvnwPRgLRBoaVnIczfcwuPjb6RlxkcMSmIspQgl91tCtjrjK7lS/0PXxokdyo4LA/oz8sCDOfS0k8mP3IwWP0tBfC/6oymbIWEtVTPlWuBgTjUIGAQkHyINrXR1LFE1FlP4heSFSWhk66/EUyDviigicSOdCxGUykSBKD7FOJ6Ll81ieyIkUdDCEniuzreQ7a8YDWTjqy3s2utatT7osEy5oRAB+V2ShgEFThoL6iWaFpWSkJwQk8YmPpw4kWlPPcP7b05gwYdTmD9tGiwJyKDIxDEZnd+2cq5aF7zYusECE05ScX3Km23Cd/54Bw3bbEUDdakRqtVyZIqKdIOZNF3sDQgYAtIbZrkHjzHQSlYJfqnInDcn8eGbrzDn/cnMe/CfLJg4qbrd6FwAxKchYV+2rahIvoljs9hx2Ojze7LXN45lu0OO0hscrUVjS4iypUmTqSPSufNk7tbzEEiiiNARlbrUryhGCJcYJ4yhqYUpb7zBlAmvM2vyJJZMm0Lj3Dkkc5qoNLVgVyISISB2kMq+5nyy9XVkN9qQdTbciEHDt2Dw5iMYts329B06BLIZEs9BWdqUkOaEWRZKJToZ3LES7TGROhqiHLV4+lSmT3idae9MYt5bHzB78mSap0/FKrbgxxauUtrDoQOjlgt7kvdJmtm2fDME5BNXryX5fsI1XGY2ZDn71z9ny4OPpex7Ws3XjyUh0DCQnvfkmxF1RwQMAemOs2b6/DECIuDipMJTsqEvA7mkhdt225+FL7+IFVU6HS1x8Wujp05GBz/RKpEoy6Vk2QQjNmSfI7/CF447Hmv9IeBn0iCsZcHWnd5lc0ODQM9AIBT/hGzXA5JFi3n/xZd446kn+eCFF5nz5tt4pTL1cYRTJQlCUBo9MQCkHlMdZiUS21rhKTWa1+lripKeiF1Ayc3h1tdRGLo+fYduQJ8hQ6nv05dcXQHH84grRYLGpSxZMI/Fc+ey4KMZBDPnYjeXqEsS6nBpsSJclZINoS+N1SDM1jAtZaeUo/VHe3QMAVnlGpX3ragSZyOLxHZoIubYG37GqGNOoFxXh0eMZ+qqrxJHc4BBoDMQMASkM1A29+gwBEIiPP3VEdOXBRVoWjiZH4/cgVyxiJ3GTHRqk67IhsaVMA0syhLSoWt32ZSThDyw1IHFDQ3s+tWvsNexx7Ph6B2oZHwdpy55KmniehrCkTYJBVluR7JyYrsReunUOTY3k6ilhMRWmjxLvpUOJ7QVsS2/SX/f3k0yO9JH2saTDGVlEbppTkAmUpTnz2PCU0/y6n33894jj5JrbNbyskqbBKSStzxSNoltIboV4rXIKtFNWj4d7OO8Dp2fIbLdMh4dNpkQ2mk+iCjryWOopXKFsFTz0yTXQP4iz7zkYUhmhsAjphAxlkj/66P0lSU5JHKuJwnn0oeqY0Pqjqe0J83ZMP6O1V9Juk6TFgaROZFkfJujxo9n9DdOILZ9JDJWiUVI5kkmYaV3aSvWyxSGW0O3pAvtv6RXf2DLH1ntZGhJPRhZLekg0n92hj7ZmnXbnGUQWGEZK8VLL70kESCtrz4DkEGg+yJQKSseuGIMr152hYRb62JZtdaEmIi8ZFk2a75NEGUZuM027HvmaWz9xS/grttfh4y7OJrESGuxQ20pFX1++Y1rUilrbVp7X3+CmNKi+eTqMiS5OhY5Fn2FdIs70rFJJO2hvVFJpLBPWom75IqoQ5mMSvjo+Rd49o4/8uTf7idfLNOnWMFRgSYHpvVuBJSbYaajOPv3v2fzgw/H8YQcpsUYE8v7rzIhrStmmZ5BdQ1pWlojBET6KKTbViGWsFr50UoLqa1K1r18K0wzCNQyAsYDUsuzY/rWZgTCpkYu3mFH8u+/T1Esi7W4/xA1LCERUrU4jnAdCxUrSpbL/D5Zdv360XzhqGMYvPV2xHUNaRiXNvvGIBswCRHxMstlVXbARq/NyJsTehsCQVThO7vthTVlCsN32ZY9TzqZbfb8HKpPPyxV3di18x4oTtAy2q4V4zeVePsfD3DHRZeSvPMuBSfRXg3xIGa13yEtBGpMa71tZf73eH08pjbUMeaR+xi06+5khcSKHLuT4K1szFGpeliqY9CqVyj7eskrqo3WGqDnRpIfBGVXZJVF4AAkoNcW0QJJejHNIFDDCBgCUsOTY7rWNgRkMT9yxRU8+cMfkSdESdzDGlU6b9t923p0Yov0Z5osKVaqJl+UuyRuWXorxcFsyo5HMHgQ+516Cjvs+wXywzZF5XNEXkaHcgwKkzRnpDWhsp03em0dkzm+9yHQCEy++Tc8ePpZ9I9DAjwaR2zIqX+5nfVHbItr+VjtvAkKk4CWlkW89/d/cNcp3ye7tJGsDo2KqTip5K0u2K2jUCxsSQavQS9o71stXTdiWQt1Cha7Dk3rD+Qnjz9OfsONSfwszids1BMVYctJOkZP+i1hWiKrmHr2lo/I6rJRSXX4qgCLCpqZPuktKksXs+lOu5DL9oNIMxLTDAI1jYAhIDU9PaZzq0Yg3W3o6rdNTYzbfjTZqR9SsWMaIpegGjG+6ut03hGilKM/a/rjpshofXqx7Mo3TnTqZSOlsFybKBFCYrEkiVh/xEi22Wsfhm2zHdlRW9HQpwEvm8FxXcKMo3NMWhPZRVVLHm75SeRLFSdanUf/fy3/m9477Uj6gbUdF9tzcT1P/2Qy2fSDa6UVknWvP1Yb/W/AlgVNpx/tlZ1PK/x5deCuJgEvf+jK8fCrSs3Vvfi0HUNr8YbWmyxTH6rKIwt0VhrVX92KaFIr/70sVny5/y+/W1agbXkAlnX047NaL1gTG5pPmA+VyLjTCU+Wq6bZOpQwBGf+TL61+TDWqwQUPSiUoNmt58jbfsnoo76C7+aW1eFJ62uvgilXwWjNyZBQfW1HEJW4MGDCYw/w+2PPYsiiJSy0y7q2TiDrJLHJSMwXoX6WWuvrpIEqaXFS03onAhKd5Fcl2SPHpe8XP8/pf7qLqK4fdaJakk2rxWhFdKWIohYaZ81l5oR3mPneB1TCmEL/vuy2/75khgwituUdnXoXOvvZTe8nLyVFWfKJ5s/nlm+cyOzHHsO1Fescsj/f+f0fCfwcmeVeNZ3dz9650syo24qAISBtRcwcX1sIxBGx7RLEFW45/mRm/vH32rMg+R+p/6MWY7DaBqGMQEiINCEZ0gI3RzmJiBwrreoetFaCT/8uoWd6E1eNP6n4Ig9axULwkZDh6jXl924glmJL108pqYjYc7AG9mfzHXZkp732ZofddiO33gY4fRuI8p5W+BL/jeSoSHkDXYQxLYqgf68/eKq68aveVoqtfdpsyAb1481iOt6C3lQuL0taNWe37mMTb6VSyStiG0jCaTU0OiUvVaumYJGIXlKCclV145HWW7CjQIsHROUAJXUYmkPiMEJFka4TkQRFgqBCJJKegG/n8XNZnEIWN+sT5rM4OcmLyBH7Hk5s4duujjXXcdmt5K+6K0jzYGvPhfWr71xA82svsW59HRtsvyMbbb8dG221JfbAdVD1dbog3gI/Ytb433HvuedA0KzHGroZ5vo2ux93HMeMG0dLv77kXA83STSRkQ2UEOVP2hTp2HWZ4qrqk2RxRFFE+d33ueqYrxO+8zq+kPTE0s94WmrQNIPA6iOw2IP9x13B588/D0dqrDgxsZ3BjxLC6R/xnYP3I5k+hz7lAIdQv2OTWDHX8fnBX/7CJvvug+d6WmJZ3staoayDo510QXet+Jhoz4cXWjQvnMN3PrMzQ2bP18FXfhwx9/9H5o577RXW3XiHlHVVX7i6i0ZlcfUXiTmyUxAwBKRTYDY36SgExINesRVL/vMkV+6zP/Xlipa8bc3H6wkERBOPZRb4Vku8FEP7eHPdJPv05XZ0WiBIQrycVN43W/l4o7a8Rsoya7Yc71bDVwQ/yZ+xIIhSSWHbslnoOjQXCnz2a0exz5FHMGSb4Tj5epSbJ7Y9HFu29xaiyyK9k0JqrYRD7q7zWD6VD7bavVs/nBaR/7Gui3gWIktqGbdyDjleqEK1orNSNEpdlSoF8iKFU27BksSBICZpKrJ06SLmzZ7FwplzmDV1OvM/mEzjlMnMnT6TsLmICiOsOMaOEvKWKyUjKVkJruuiwrj6EY+006i1F6J1FovaThJhu66WeG1JYpZ6FusOH8YeJ3yDfQ49nNzAIQSFer1lTilaSty0x0QAr7G2aMFHXLj9jgyYN0/PaX2U1rOZ57sM2/UznH7tZQzadEdmFSx+v9++ND/2OG5s4VgeoeNoo0DLoHW44K/3sP4O/weuQ+SEem2IwEIqebvioGMiQty0yF8E5XAhD150Bc/+9JcMUiFNrkhaK73pk2MMAamxRdMNulPxwQnqOP4/jzJk5131GlSiJjVtCmdsszMbNZVxlLxnYipSf9K2dF2XyPaZbfuMe/jvrPv53Qkt2eOHKEveepKT13EtoIIvN7Q8ivIMBC38av/DKD/xDE1+iX4Vm5IYopTF7K025+qXX8bOit5iNXJMO3lq7x3TcYiZK3cHBAwB6Q6zZPr4PxGoBAmZSiPnDB9B34ULSCS5cLn28Ra4e4O4soU8tMVqn35c5LOSX2ljv3LQSWllqcmPjWPVjbBsCcW2nMp+SpJj0ZFY6I8tZ5kk1JUTRfRRflpci6WuzZKCz3pbbcG2n9mZrUePZoNNN2XdwYMhty5kfF3UTYqxVTKeLtTW2pZRKZXKjcquXizgUhtBSINvOTgVkVSSMtaJrlatd+yVgKULF7Nw3nzKC6cxY9p0Zn44jdnTZxBN/JAlixYRFctYscijLsYRJhYpsq6LJTUgNG1JFdLkmy7YyGVlQyuYVuQDXw0104Xslq8RIdishHVrmkOrg2lpJr2eF4onLvUIaa9ANsM3rr2Mz37lKKjvQ+CkSjVi2dQS0jXWohbFpD/+kdtOPZWhcZklTlgt7Gcj4VlLMjlKmTq+9cCtbDNiS8YO3UIX/BPSJqukyYnJK4c4cSkc8AXO+f0tUKgj9GxsK6M9bv9lOQ5CXTQuKDXRMmUS1+x9OPnFC/HCklaGc3Q8Vjp3glhiPCA1tmpqvzsSBigJ5cm22zL2+ecILBt//gzO+tzu1H84m0y1Doy8G0TO11XibUtfmGXbQQ3ehCsnvEDYpz9eFBN4MX4HJ1wkyLPnEmLhlZt45NrreOzSKxlYKVG05b1lkVgWhSRhSa6Ob917FxvttR/iARavuXZO1+A7pvZXi+lhRyJgCEhHomuu3eEIxGGZMXt/kfWem0DRKuowmeXs6KsyuXd4/9rrBmJjW77ldNptGmIm+zjZNC/fVs63yK1UDyW93vLXjFHiwagWYJPzM3HVqVI9zFKiuJIQisxj9XdenJIfqfzeois2W1RcRxMPZSl9nHzEE9fWBEc8KZKHYtsfh4TpcBwlxyqUhIZFibbkaa6hgvS/JXsgSojiUP/NjaSIm41yVGoRr/ZhsXxp5X4StqakKKW4dSxiCf8RcpOk9EmIkNQIEE+EtyxQLx2U5G4KXGL1FwUynX+wHNkLVwplkHFqvOU4KVxXlT4IJIxL7KheoomIZ2dolArbW27NuHvuwx2yjs650SFHNWidbCZAqWbuvegiXrt2PP1LWV3kL5EieboAhkc2HyKKpov7DKG+cSFJpaJJbEryMjojI8jFxIlNuX4djvrFdexyxKGEXk7PxXKpJenyFRZXUfz29NOY+rtb9JpJklIV3yzKElQ/zkUyBKS93jC95zoZCszKtzCkmGHTceez/2mnMfbze1P/7nvYobwHU7+50u8gS/xx1Vr0EuhkETpZdr5yHPudca5ewy25iEJav77jmlJULIsisODvD3Lbl79G2ZJ3YcDAwGJWxqMgBhoVUUg83u/Xl1Nuvp0dDvw8KusbAtJxM2OuvBYIGAKyFuCZUzsXAQm3EHrhJQ5KYnftkFtOv4Apt91MLi7rl6xJN+3cOWnb3VZl5e/++Tqrg0fkOizuP4gTbryJbQ74kq6X4WsCko5f8uJbxQRW53oddYwWLbAils5eyCVbbE6/5uZlHGFN7qkcmyWuR7/P7MIP7/wDDBhIYLs6X8nWcZMWHzzyKONPP5PszOn4SZB6h0wzCLQjAo6V5pWVJXOi3ifquy59Zs6j6IS4oUUx57HRVw5mly8cyLqFftx54YUw+X3JvNMGBceyyWw5krPfeJFslKHoo4vLdmgrxSzKKtyZs7h0p//Dnz9rWfHK/3XfUq4eRm7BWTeOZ72RW1OyfTIi5qUNPWIkELORaQaBrkPAEJCuw97cua0IqDRkRrZB/eKQx268mYfPPZeBpZIOoxFLVZJ0Qenzto6j1x5vCIhMvSd+FwvmN3js9YNx7Hf2+bi+UGupMyDSsbXhERFBAMnqScoJP9lxNGri22tFQKRieV5Z9IsLTC1kGXrkAZxw7liyA/vwwcuvctvFVxG98Tz1kcIOK1VJgt5BSnvtK6ELBh7ZViqD7jjaCyqVM+rjkBIRJdtmo8OO5ZRfX09cV9Detru/+y1e+/VvyYZBVV0NWpwC35n0KoOHDif0xYu6qnfb2g10KZArlfjZgYfS/NS/8FWkI1I/rcnztk7ksjibw99je0769W0MGjQYy82kyocd2+W1G7A5u1cgYAhIr5jmHjJIrT6osJKAZ2+8iT+OuYihTY3a+S3Jx6KM01NyPnrIjK00jFV98XrHZlPnMtgSHmYx36/jy+dfwOfO/TZl18H3C9gSt1YV/+rKdSD+RgktiyKXXx95KPPvv2+tuqNV6Wx0Eq2jHDKRTbMdEWVtckFMvxCaq0tE4tlFYSgjAgKmGQTaEQFlSfhqGiboKZuKbWtxBMlJKq/bn0s/mEBLoYE8GbJhzDO/vIb7x1xCQxDqsEwpbplJchz+74cY9bk9q3lMq3q3rdkAZIMm3tBKXOLec8by+i/HU0jK+rlclXNQ/BuLsynPqK+Akx/AqHFnsed3z6IuqsMWd4hpBoEuRMAQkC4E39y6bQhICJYVVvjn9TfywNixDCm1EOtgdJuiE2vLqXwgTKtVBFb1ke4dBEQv2UTUu3IEfpmlhYSz73yAzfbeg8TPY3eCrOfqrJA08dWmGDrc950zeO9X41fntP95jK4lI8pBVSVkkXIOJZxFpTH3YrHNBE5aA0f7g3qGjPZagWZObncEsjgUtWKfIiOiGkrR7Cf0CRwWNNTxjd/ewagD9sV2xFMQcc85Z/La9bdQH4W0iGiFD30qWQ594iE222NPnTMmsgsd0VprOb3617v50/Gn0FBqomQrsuGqjW3K8rUin5VmCqI8qJBhxFeO4ZjfjMfOZjuiy+aaBoHVRsAQkNWGyhzY2QhIMJVbEe3zmGY3orCoyG0/HMMHN91MIVE0uhnqI6kkZZpBoBsjYEFxo8FcOXkiidcnDcGqAQ+I5IBoAei4zGPX/YJ/jxlDIRYNoQip6aL7aZpBoIch0FKoY/dzzuGLZ34be+FCLt1jT5L5C8jEUUqKLZjlu1z+yhtkRm6FbOPbm36ENOGFBSqOTTB9Clfuvjtq9pxU9VCr8qWCF21pUhy9PnJY6OdY/4h9+fatt+LaeSy7VfavrVdsy93NsQaB/0bAEBCzKmoWgWpKLlFSonnSu9z8re+y4MVnqE8ifC3DlKGCISA1O4GmY6uFgChthZbL58eOZbsfXciAsod7iFQlAAAgAElEQVTe1XRxEwIiymdKBUy4537+eMzR1MUSPx/pQpSWISBdPEPm9h2BgOND4BQoimqfKNgVm8lEkrslWVEJnuXQuMVwLn71ZcgV0mTwdpa4Tevb2NilJq444EBann4WJ05rP6U0oe3BxqLnJTmUsWeLvh07ffMkvnTz1dQl+VT/op3H0BFzY67ZsxAwBKRnzWfPGk2iKMdFFr/xOtcefjT2rFnkVUwgIfJKikB5JFKbwjSDQDdGQLh0Trks6t+fH895l2xYD/n2tqm2HSDZblmxQ2glLHjzLa7acVv6RLYI4xKm8VGmGQR6HAIiM+5LySHJ9xBJby3xncqWS1Wikuuz38+uZPfTzyQjCSG2SH+3r8syCUTqvMJ9P/wBr173c3JxRKzSQK81JSAeHkVHPCcx9YnFIi/Ll2//JTsfcbTQKl1s1TSDQGciYAhIZ6Jt7tUmBFQcE7U0cvEe+5Cb8BZFT2QSbbK6uFtKRD69snabbmcONgh0GQKSF9LsZxl7799w9ttb1xLp6iZJ6Hbs6mrQ8cLF/GDDgRTKMTmldCKuefa6eobM/TsCAReP0BYJ6kQTkchSukxPoCDwPIZ9aX+Ovet2XKcvmUDRkgsptHchQql22rKI8zbZin6Ni2iyI6ykSkDWMARLclXEZiBSwqIEJvWJCtnBnPbe82QHDCZfC3GfHTGh5po1i4AhIDU7NaZjUjzuracf5S97H0RkRTREYoHqHYnKZvZ7FwKBLUXPbLKjNufMCROpr6Hhy0dC2kVbj6Lu7Yk0k0GCOGzzLNbQLJmudBQCUoZQFxX1Y4IttuKSx5/FW7eP9kSIbLa09s6eWKhilj74EL848iv0WWcgQ3fcntzmI8mqIs/deD2Fotx7VTpYn46IeDElkiC73x5ceN8/KPs+GZWGVopanahvtfe4OmqOzHW7JwKGgHTPeesVvVZxwkuP3McjhxxNoALtNi6bTU+vmPveNsjQtnRV5fkZm2sXLSWbz9UMBK0E5NdHf425f76LQHnYSDz62m2AamaApiMGgU9BQHK0XFGtcxUHX38DW598SpoJrktpdAwBCcOAh3/zGxbO+JCjfnAecb4eRZYZD93PrQd/mYGJQ2ktnz/R4VviK/IUOPvZJ+iz42icalhlqlhnCIh5MDoWAUNAOhZfc/W1QEAIyCuPPcj9+x1O4sQ0xLauXmuaQaAnISBbmNBycFVMmPP4wStvkdtyc1prANTKWB+66jqeH3suVigqPLI5MQSkVubG9KPjEBD1KDfy8CyLll124Mf//Dd2xkM5tvYUSHPa2VdQRoRWEv2cRY6HCNJJ8USpf/W3751Kv9gmSNbuW5jBZYkfMSTw+HDEcK577Q0t12tlvFQv2zSDQAcjYAhIBwNsLr/mCERJwvS3X+Sm7XZDuaLTbhMZArLmgJozaxKBVgLiqxhci+3HXMKBF/+w5gjIu08/z81770o+ks2QpOUaAYiaXFCmU+2KgGdDOfHIuhGNrsOBP72Rz37zWJRrk3iO9smLN6E9W6wSRJxCSIcbJyg7RqkMj17+E57+8RgKoU24lt9CCx+HQNc1aXHznPfcq6y/5WYov73pVHsiY67VkxAwBKQnzWYPG0sSx9iLlvD93XfFnf4eeQuSihQys3XsrdhfQ1EgWaGtqB7krWQkai3fJL/WyoPk9L+F2CgnwRGrko3ONZFPisTloyxtnY6sGHHHe8bw28NWWtcOp7VAXzaBpY5DdvgQxrw9lTIWdQnEboiD1DXu2haUlnL1rntRmvAqtsSPm+egayfE3L1DEEiyMH+DgYRNEUOWNhFVIrIo3AQqFizM57hywgu4m2yNfF/KTowUN+zQFkPJqfDENdfxzJiL8JMISz5GyzWtC1HlQfJ9s3Qdn9VvHw1en5ven4jj99UnJY4UA21fYrX6vTFH9gYEDAHpDbPcTcdYEoIRV1jw9FNcvt/BbFSJcKo+kLILFSmsJP9nhbewlC/89KZFtIRXVGUWxcokmylXOZStWBdZE0XCjKgryk8i0qNpdWax+a76Dqvqgfm7QeBjBFoJSCaBZtthgRPzq6VFwmxOr8HYkXXf9RKZ5TBi8p//wM0nncygspGDMGu4ZyIQk2fMs0+QHb2TVlt84c5buf28Cxi0aAm+Eglql4ZDv8QZf/oTjp3RlcaxOlg2O1Ha2Dbhzj9z9/En0hCVicU4tlzTpbGWK4qYFhJd/VbKNnDxWy+SbLqFTka3Jc/FEJDVB9Ac2WYEDAFpM2TmhE5DIAJ5x4Z2RDxtJlef+m2mPvlPBsYO9aEol8NSVcG2bf0jSXOhEme4RZIkOoQldC1QikQpVJLguS6iroUj4VyKooLQzzF0l53Z99hj2HGP3fFyPlaiWDhtJrddeSUf/OPvDEhs8oFYohNKa+n67jT8zI26BQLymRfLpaeggk2Lq7hq2kcweLBOTE9sqcDc9QSkFEN57vucO3xrhhVjQhOC1S3Wl+lk2xBo9uCgX1/Pzt/8ts41D62YuhlzGbvX3rgfvkOf2GJGro5vPXofm+y+J65U9/M61lMQiSR2YlOZOoOzt9uWDZsal2Vg6WRxy6JiKTzLRnInhZq0lYCItt3SHXdi7EtPayUs7dURV6dpBoEOQsAQkA4C1ly2HRBIWmM8LG3tEdnP4uxZzH1rEi89/k8aCnnibBbP88jlc2SzWXL5PvrfhboCuWyOxLXxMxlNPlzP0wTEcmyUCLvbkkSYxynkcPs1IAWo5I5pSFa6IbSDiOLUD7josMOwp7xLPxXJLtE0g0C7IaBFbqvx3kI1wv8f7nHpe5OIh22CL2X/rAS7oy2sqzGaJFY0Tn2Lq0d+hlxYIVn2fK7GyeYQg0A3QcATrv/l/Rnzx/t0dkc5AeVYlCdPZNzuu7NuYyPYGTY+4esccf0v8Jwcbgfv00MCvMgnjhU3n3USU397u66MLk2Mb1IXXYcUV7358u+kjYYySahv8vtw5XsTiTdYl6xyO96z003WhOlmxyBgCEjH4Gqu2g4IpK9UiWVtrf3aetFUAjFRCQ5pEqCIduhyBToQNv37J7uP04Naq4mIZ8TWcoNKW7tWrjObFlyzcBuXctlXDyJ4/CncyEKKVZWthLxSVIwaUDvMdu+5hHzoCxK1gU2jq7Cr61VqDeQiCGzFea8+T/3InbDtkMTyuoaA6ESpmJIdklEOlCx+ddiXmfevR7ClPHQbQzx6zwybkXZnBHwsZgzqy/hpC6hkbDJRhcgWI1bEH075FhN/dxf1URF3h2254PmXCBwXXwxaHdjkWyjfQXkky0sWccv5Y5h4590oK2bo6NF847vfZdzXjmKjUkBihfoT2FZOFHuQDXP831WXsMv3ziZjy3unAwdlLt3rETAEpNcvAQPApyGQiGVJCjMJCZn/ERfu/QX896aQD2VjlpCTxEQDoUGgDQhUU5CQ3A+toKPDPKpfegWRDcc9fC+b7XMIyioDPlYXhEKIBVU2PU0SglKGh665kmcvu4K6SjNKSTCiyUJvw7SbQ7sJApJ4vbh/luumzCdsKOAlFRQ+FQeCl1/gh5/dl/XLS5nXvy8/nTabMOfjOW3d7q8ZGK2hxYqIcvNiRKErKdQzb9ESLt14SzZpKVMRnew1ISCWpb0eH6w/gJvefRcrX5BIZdMMAh2GgCEgHQatuXBPQEBbnmILqRornyFn+ixO32o4wyqi1K7wE4hMcfaeMNWdNgYXl6IteUiJ9nhUCnWoYkSfJKDRTvATj71uuIbdTjoT5VZwlN8lsdgRMeJjlJjyyfc+zK0nHcGgxpRuxzjEhoB02poxN+o8BCzbpeTHnHXvowzaZx9srbRo02JHFFpaGLPTZ6mb9BYL6uq5bsYckoZ8p3kKWouCiotDRwZIGJaIV0ybxoXbjGRIGFK0Yp071hpBsLrIyTPtWYp5vssl/3mBvtttZ8qBrC545rg1QsAQkDWCzZzUWxAQl3er0m/JgVwIr913N3ce+3UKUYAfm9okvWUttNc4XWya3YQ8UHRy7HvdZfzh7DEMj8os8KB/mGX4mLM5ZNxPSLwKXuxr0YTObiJNLYmvi956nau/uB/OwrnUR6IUp3CUbHCMB6Sz58Tcr+MRSGwf1wrwPrcv5z70ECrn6FocgR3hh4rrv3Ys8++9m6b6Plw3cw5hIdvpItkxilJVij6nQl7/24Pcd8TR1AUBJRt88VBKXaE2tIQMtlPBsxy2HzOW/cZdpJPbTTMIdBQChoB0FLLmuj0CAZ0xonP9FMpKrU5BGHDN/gdRevJJbDvAj6QmSWpvSrNJjEukR0x+Bw1CQjzKrkJkd9UWI/n20w9x/gYjGRa0EIjeVWIx/NSTOPyXv8J1JJxCQrA6qDPLXbZ13aYVcCCKFXbTQi7fbz/Ua68ShSLMYBFaKtXk0klXphkEehYCttQ1t2Jm5fsxfsYM4r55XFFRlJDEGO665Ee8c9llLB60Lj9/bwblQoZsZ0Mgz16siGwbNwgY/42vMvee+/FFrteSZPQ1+Q5lwK7gK/hww4341aRJOF5WZ7Yry06/g53wHupsKM39ug4BQ0C6Dntz526KgNQC8ebP55wtRpJrnk82lHCUVJHEsuw2W566KQym22uIgJDUyFYktsXAAw7kG7/7DecP2ITBSZFM5NPkBGz5tWP5ym2341sRke11igiv5DulLSUgSRBx2/fOYOqNt+JYIY4pgLOGM25O604IiLy7bOKXOFmu/XAqaoNBK5QZ/Pv4X/LqGd/B+tzOjHnkaco5t9MJiOYCSURgu9DUwmkbDmTDJcW1hFmPnIwFUzIFxv7nGYaOHEnsOujSv3LTDq63uJYDMKd3MwQMAelmE2a62/UIBElCbEW8c8ed/P5bZ5FTZdxAImgtXc+hrfrrXT8i04POREDLZVrQ6NkceO21jD7ueM4dMIT1o5ZlBGSTQ4/gm3+6G4+w0wiIePHEwKnV4BS89Y+/cftXvsn6LS0scQJDQDpzkZh7dRkC8h5PbEUzPt974gkGfXbXFcrxvfKnP3P/Uccx4rxv8bUfX0fFl+Clzt2Za297HBE5Di3vTeGikZvTP2xb4cGVAbZwdLHDusRiqeWx27gx7P+D86k4GbJS5VAq9pqQrC5blz3xxoaA9MRZNWPqUAREFUuS0glb+OmRxzLz0fvoW7F0QrquRmvkSTsU/+5+cVkjOQVz8h4Xv/Yq/tDNOW/gQNYtNZKNUw/Ihgcfyon3/BVXdSYBSQ2cqhyiopgf7b4ThTfeJbIDKha4bQsp7+7TZPrfaxGwsWypeO5zwC9+zq6nnqLrYchmSXIiXnv4YX595Ne54IV/sv7I0bhWhAizd2bTyt1JrAv1TrrvIe45/BBEGXttmodNk6PIVRPYl/Zbh6smvUE8YDB+BKEnxX9NDNbaYGzOXREBQ0DMijAItAGBj3NCoElUUZYs5fztRlGYOR/iGEe5JKZCdBsQ7X2Hxg7kY4vmjTfg0slvEdPA99YbSL/G+WQTn0Y3YKNDDuOUP92j64BEeLidkAuq17aCICjzn7/cx0PHf5P+YahrlbgJ+sc0g0BvQEDqX8Suy1Znn81XrrpqBQLy5lNP8MT4mzj1D7egnDx+knS6Sl1KQBJdB+TGU06jeMstNK/lxEgAVrOjxfm0hza2Mux+zeXsffp3cC2b2Et0bom4g1InaZrxKK31nxKqZZpBYHURMARkdZEyxxkE/gcCr995F787+UTqy0UslcFUBjFL5dMQkDofOStHYe89Of0f9+KVfX64zSjcDyZqArLIDxj2laM49Td/IMqE2LGP3RkRHrGuuUnFLnHFLntivfjSSsNYSxOrWRYGgW6AQMr1HSIvZpvzzueIH1+xQk3bqa+9SqE+T9+NN8GzM1oGt5MdIDohXgImk2ITJ2yyEdvOW7zWBGTlqclgMz2T5ey/3MNmX9yH2LNxLFtXW18mgCdhWcuLrnRBvaJusKRMF/8HAoaAmKVhEFhLBCrlMjeceBLxH+5hgV8mF6zlBc3pPRoB2eSXvSyfv2Qcnz/v+ziRxc/32YdFzz5BLvZp9AI2++Y3OWH8rSR+hBP7WJ1BQESVS7wgC2dxxvARDGhc2aZqCEiPXphmcCkClhSe9YgyMQf96kY+c9zJKxAQlYRUkojEcshZfpoz1RnP50rzI3V4mt55hwu2G81GYYWgnT2UOQsiHOZ4WQ66+AI+e+Jx+OsMIrHEy596Qhx5YyjxhKTe085Q6zPLtOcgYAhIz5lLM5IuQqAljig0lTlvhx3xZk7GNwSki2aie9xWosWn5XyufO0N+mw+AlTMH485lkl/+SOFyGepFzDijNM49uobSJwQN/Y6ZYOjbaoK/nXZZTx6yUXkRe5thWYISPdYYaaXa4tATJZmt8xFL75Aw3Y7r1BoUFKhZK8vm26dl63VD9f2jm08P4GyXWHqn//KXUcdR0SA186PZ8kHP4as3MvLMd/3OPjUE/ns0V8lM3wYSS6LF8QoP0viZqkoRV2nA9FG3MzhNYWAISA1NR2mM90RARWGWHg89c+/8q+DvoqVSFKiaQaBT0bAB5pGbMrlb76NcjMoFfHv8y/k3z+7hkLos9QN2O7873H4xddCJxKQkBhPKcZsOxp/0gSsaOVV3M47HLNADAI1iEAaYZShmEu49r33SIZstGJmg7CP6qMg+VzSOt0BkkCREvd8+yzm3Hg7i/2QTDsbvkT8WxERu1BSEn4FjqNoThyKyiM3YCD/d8yRfO6gg+m72TCcugbIZ7UUve10OiI1uJJMl1aFgCEgq0LI/N0gsAoExCVvJR6NSQsPn3AGL99zB4MrHiUVEYt4uinYZtbQ8ghYMOCrR3P673+vtzqx5fHkdT/lqfO/rwlAoHz2vO4n7HXm94jdCEu5K1hgOwrMJqCuuJgxAzfGDpcaT15HAW2uW9MIJI5HXRwyqb4ft86dgcrldLp1LTVRvEqKzXxv1OZsMHU2Sx3wOlmlTlkWse1RJiZ0IHZsfCdD0XYZOnIUI3fcmU1335XNttyK7IABkM+hcrY+LrRdKkAmtnCqZEU4XSaqJqK1Ur5lbiYpBKm0ymRQLfmrJcP1NaozU43/UrZFhYRYhfhJjBe4UKmQzJ/Loo+ms3BJI5t9YR+cQn2azNIpCXa1tHpqpy+GgNTOXJiedFMEkiTCDl2KfoC1ZD7jdvo/8h/MxLZiEnlDtnNsbjeFyXS7ikDRgS/9Yjy7nXY6ThISOh5v3XY79550PD6KIPH58u9uYrujj0M5nUdApM7gw5dfzIs/vJSsWD6Nw8Os2V6IQCyWfydiwKFHccadd2D5bs0REHk2i++/x7nbjWRoKdSbeZ0c3olNPm2inCXSxPL/Y6UI/fRzFyUg4mCW5RMpiKSYoZ8h77uEOZ/+wzdhxC47sdXn9mTo5lvgrz9Eh3Ip10IcrxUsQmwK4osStmVZJHIfyTeRC0qolxbckqKulqTjY4lMsqTni8EmrJDM+ogbr7ic9x98hGRpC5lKhQbLoWhZZHbanoue+BdYfnqd2uKXnTiLXXsrQ0C6Fn9z9x6AgFhmrBhiWxFYMVMffpTxh32V/mELnpLK6IaB9IBpbrchLMhYXPzaWxS23IpMHBI4Hu/98S7+9I1jsOOEGJ/jHrmHjfc5EOwIW7mdE2O+aBHf3Xor+s+ap7/J0fLqNu02enMhg0CtI+CxKJfwk5cmYW2xCVnH1mFFtdQkX2vK/Q9w4xGHk09iLZHdyfxD3y9y0uTzZbkw1UohOjFf84NQExLtsbEsShmlZX7dSOR+LRJHIaqAdqGOyM9Avg/5/v0ZvNkwNtt6azbZYXvW3XRTCv3Wwco3gOcQOAlBHOFmxEySkItdnDiBSonyooU89uc/8PRv/4D/wQwaKmWghESnlVwIHMhIHS8nw3df+jf5UbtQJ1Xea2lye1FfDAHpRZNthtoxCMhD1GIl1MW2vGVptuC575/LE+N/Tl0stayLHXNjc9VuiYC12YZcNGEizbkCdUlI2fb46L77+N1Xj4RIPA8+3372HwwQKVw7wk3cqrWvY4f7j5/+gmfGXEAmKBEmYlXs7C1Nx47PXN0gsHoIeMxtcLlh9lJasi55O614UUtNFLCeuPwqHv/hD3Xhjlz0sTJuZ/VTEHG170HuLZRIsvJ1JV4t561DqiSiSvsl5MfG1ZQBJGtSCIlSDp7tImHMviWhWYFOqAlVWtRXIpilhY6LU2ggX1eP79jEUhgp46Fch0rsYJdasJobKS5aiJ045KRCYxyjsg5JGOr6JUJ4hGo05xQblhxe23Qgv3jrbTKZPsYD0lmLZqX7GALSRcCb2/ZcBOIooti0iJ/ucQC88wZ2GFUjWm0Cy8FS/yUv1HPBMCMjscFPbCqOS+AqtjjocI6/43cEWSvV1Y9g1mOPccOB++MkMRFZzn/leXLbbYtldZAKluwOxBIoH/lKmahxAWduPYp1lpaoD0MSJZUGTDMI9HwEWslFK8UQb4c6/ADG/vmBdPC1xT10lyQK6Zb9DmDqE3+nb+DRYkU4JtdwtRar+LISXMp5i+8/9xzrbLtjLU7xao2lux9kCEh3n0HT/9pDoBLRlElofO45Lt/7ANaJSjpB0FG2rt9ktna1N2Ud2SPtS5DaAlg0ZXwOufRS9jjzbGLfTsMXEpj9r8e54YB9sasEZOzkCdjDhuM6IXbitb8HRElgQkpAGhYs5Pt774/33lvUBQlWHBBaKq1vYJpBoIcj0EpAWkvqNf9/K/vlrzyPt/mWOq8g3Z3WFguJymXOG7wh+eJ86itCQMTK38Mnqp2Gp4u5S56ImxDttgcXP/6vquemnW5gLrPaCBgCstpQmQMNAquJQJxQdmySqIVHx17OMz+7imwMfhinSXKreRlzWM9AwMWl6ERkEouZmRwXPf0EQ7YfDU41rlzBjEce5eaDv4QVR1oF64fT3sHfYBNcO0QlHu1dYFjHbycJbtNSxh93PLMe+Se5clFvsySYorXOQc+YATMKg8D/RkDCcnTitIQO2Rbzhm7KzRMnEOZzeCoirQJaGwRENmzSFkx5n6tHjCKrAvKxKE9VdG6FaatGQKKzSFx8Ij7I9+GG2TPw6ws6md60zkXAEJDOxdvcrRcgIPGwTmjT5Mb4M+cwdvtR0LiUQpRoK1UnqyX2AsRre4gZfBZ7AX0Th0XrDeUn70/AztYvqy0ge4qZKxOQ2e+TGTBUE5AYT2vwt2dLVAyLF3HbGecw8S930s+ORXoGSWOS3VgayW2aQaDnI+Bg6XdyKGkDFow4+3y+duXlJK5FRsJlNQGpjST0VgLy9pOPc8/e+6U5YlFGFyU0BGQ116olil0uWSdiWqaOa6dPo9C/nyEgqwlfex5mCEh7ommuZRD4BARe+O3t/PmUb5GjQiY0qry9bZFIombFEZlImw2+ehQn/uG32FrAsrUp3nnoQe445FAaYsVcJ8tPp0+lPLgvGeVVI0DayEBa48El0VNzCrHvWjpB0w5CWubP5LrTTiN47AmylTJNrk1OtDNNMwj0MgTE8K2Uj+8ETC9k+Mm0OdTX1y+rT1ELcCQE2LFNqGyUk/D8r2/i3rPPZmBFFKZiym6qLGXaqhGQqi5LPUUusXk/vw43z5mKl8+v+kRzRLsjYAhIu0NqLmgQWBGB5iVzuXDEDgyYN0vH1ZttXu9aIbYoxdgJRdflS9dczW5nnoGDuxz/UEx64D5+d/gR1MeKOW6Wn8+cTnlAPVnl61oydhvDA+TFLsRj2XnVRSdqM9OfeYpffvtMMh98QDaK8eJY96eI2cH0rpVpRisIiHCTUqKoFNK8xZZc9urruK6L3d5xj2sBt0hTOLFNZNs4KuLuCy/g5V/8nIayFrnV8rKOca2vFsKS8yMKf2U3x86XjOWg88/HqqG5Xq1B9JCDDAHpIRNphlG7CLQQMeWue7jz2BOpi0vEpi5I7U5WB/RMwjo8CbPKuVz8n+dZd9vRojT5cUsUb9/zF+486ijyScIsN8sNi+cR1mXxYpdYNhdtjEFP/R0iY6mwokRfI25ZwuPjb+CRcVcwOAiJrIgmuXZikU1MblIHTL25ZDdAQIKrFA5FP2b0+eM48pIf1VyvY+lhYlFSMbmowvhjjmXG/feTFzks8W+KkcLETK7evLmiPOgyZ4MhXPP2K2Qa+rXx7bp6tzFHrRoBQ0BWjZE5wiCwdggEsLR5PucO34ahixcSGxnetcOzm51dcaAQw6Jhg7l64jskmfrl/R+6Stdrd97JX088nkycMD9fz7Vzp6PyebzYIXSk4nDbQrCCKgGxowT5mfHai9z07VOx356IFyU63t0RVqIy2FKmy4p0sTDTDAK9DQExBohC3dK8w6VvTic7bP2ag0CcG+I9F6Lhl5r40f/tQTJhAm4iwiYmX6stEybOjhannlMee4D1d92dnOvWisZAW4bRI441BKRHTGNtDkLiViV5z9ZViSxa7FBvvGTLI9EegZuqi8giFOUdyY+QcJWlfvrfDcpuc+hJLSIREeEGLm88/AC3HftVGlrKOgxLLG+6ynVVnLcW+276tPYIRJ6FF3oM/vY3OeoXUpwyJ4xiWRPr5hs33MJd3z2dQUHMB5tuwPjJH2LZFqqaw7GqFNgkqabJSkXgWIHjULZDSrOncv/YH/PmHXfSIAeZZhAwCKyAgORoFd0ENXRjLn9zIhRytYdQLFW8I/zIJUiaGTNgPfJNLdrr0fpuMPaD1Zu2jJVlxjoe189YQMX1yWj94rYZeFbvTuaoVSFgCMiqEDJ/X3MEWkPKdSyILpeq35YSryrUJKvATfUPIQooR8045RgvdKFvX1TewlrVzmvNe9d5ZypxkdsEpcWctcnmbDh3gb53a4XY1P5mWk9FQAoRVuwsR9x+IyOPPppc7EsJ4WVNyPbLP7uRe847iwGhYv7orbjyxderlYXTeuSrfAwiiFwoqwquCklmzODpO/7EQz+5hvWKFcm4NU4AACAASURBVBxiUtprmkHAILA8Aq5lU7QV/fbck+8/+HesXKb2AKoSEC9waWyew8UbbEx9uWIIyBrMlGV5LBlSz3Xvz6LF9yjo/DrzBV4DKNf6FENA1hpCc4H/hUCLWGd00Z8I21I045EhIRuGOEEElSZaZs9m0uuvceettzD9lddJXAc/cjj83DM5/AcX4lCD1qi2TrlKKFvQQpl+E6cydoft8IIYT1mIyOpqbTDbek9zfM0g4FowPZPlitdeoX7EVinpXo5RCAF54Ypf8LdLLqChVCHYezfGPvqUfnhai6OtioBUNJ218Bct4fs77URl1hT6Rhb1cULRUdopIsUwTTMIGARWREBCcip2hm3HfI9DfzAO1/drDyL5XLohmYrH3NkfcOXwEdTFkSEgazBTyrZZsk6On02ZS0shQ6GG6ryswXC69SmGgHTr6avtzoeAG5SwwhCCMmr2Ql585ilu++UvWDhjGgWyRI7LBptvyTdOPZWtPrcn4Xo5vFmLOeaze/Drl54iP3jD2h7kavSuImFncUwkEWfFCt/ZfCiFxiKFaiiW7DKN/WU1gOymh2SBqRsO5leT3yfJ5LQCC8upWole1T8v+DH/vu5S+oQxfY45lNPuuLtNBAQVkeBy75VX88rYH9AvCgmxtXMxtKTUWozTKs3bTXE03TYIdAQCsv8MKXDYQ39g1BcPwLOWc092xA3X5JpSpsdJCciMD97mp9tsRyExBGRNoPQtm4UFm2ve+YhgQF98z6dnhFqsCRpde44hIF2Lf83cPazma8hGWLYrdmspZCutEitJrSFKh65LQqzULbMkiVWCUC3Z5sTEdhYnlmpmZRZMn8Lr9z7Ig7/7M+GMRfgtEfMGe2wxeieOPPk0hm27E1afLH4mozdjaY0CxRJXUVcJuHCv/TjjRz9kvX32RlzkUmQpcSPsFdN3awa/T+tIa4RpqzTq/Jdf4brPfYG6YIneIMrYTPxut5jKNeqkPDN9v3kcp916UyrD7PgrhFQlSnHfWefw8k3X0Tf02fCcszjq6qt1btTqVuetEJCp+Fz7raMJbr+bCmlyqmkGAYPApyMQuTahleXiOZNQ/YaQ1RbxGmsxlJyAXMVjyjsvcePoz1AQt6ZpbUfA8omcgD3PHcuOl/+IPlIavY0y522/qTnjkxAwBMSsixQB2Qm37lgsUdtIzfKuvOPkRadLJC/LnCaMy1hOiFussPi9D3n4nr/y3MMPoZY2Ey9sZEChgWH/twef+9ph1G2/BdGgPmxg1ZMI2chkpaySzgFZvllJQsmxcKKQ8cefzLY77Mhnzzwd23G1xnnsRivWT+hmc9daxTZKylyw0ZasO/MjAq1Bb3JAutlUtqm78uTsctXVfOGc72CJ4ILtrUhAUNz29RN4/0+/pT7y2GrcD/jyj360RgTkZ2ccS+U3f6JkhZrsmGYQMAh8OgKxaxOvsx6XTXuLitdAxq5hAhJ4vPfW8/x6p90oGNm6NVraLj6RHeDvuhdnPvMYdZqArNGlzElriYAhIGsJYHc/vXVTXE4sEc5BqRjLUnjyclOK2LYIpW6FHRM1L2bBhEk89+d7eevp/1BeUmb+kkXU9+/Pbnt8lj0OOgB/ow1wN90QVd+XvPaYWLqWAbFF5LU+56l2ubOSpSmRZGxlERDxj2uvY+7b73HyTb+k7PpkJY3WloJpNfhxaOMiWEzA1N/dxT3HnUZGlXSNaqPh3kYQu9HhkoR+5F13s8WRh+ElCbHtrrCK5Rm8/pAjmfP3eyjEPruNv449Tvt2mwiIBFyJ0tat485m/k9+RUmF5pvajdaI6WrXISC2NWv0Tlz83FNEThbJ2aq51uoBCXzeffM5frPL7sYDsoaT5AsBsQKahm/NRZNfpU45xgOyhliu7WmGgKwtgt38/FYCIqpUThzhhgHEIS0tC/lw4mSe/dMDLHl7CsUZs1jUOJ/M0PXZfr8vMnrvPcgNHMC6Gw3F79ef5iikzi3ghlL8zEoVr+Q/XEdXb5V8kJy22LSaZXV55xXQE5WebGhR9CLmPvsM159+Dte+8G9KmRxZPGJLotxXlY5b+xMSBTF2UuLsLUYx4KOP0CXgjLW69iduDXtYtuGUfz7O+p/fk6yo5NrWijRaKX6y5360/OefZCOXfW67kc9884Q2EZCYECfyePSOn/HqiedSMVXN13C2zGm9DgEX1j3+eE678TdgixB8DbZlBMTjw3de1iFY+cio2q3JTDlCQJwAb9c9OePpx0wI1pqA2E7nGALSTkB25mVS/4F4E+Sf8qOQ4CR5ceqQKQVNdlpqwEkSrbZEIvka0stIVzSq2J72cthBmWTRAmY9/zxP/vNxZnwwndkfzqCxcSEDN9yAnff9Ihtttw3rbLox6226Cbm6PmC3JulVdXUlRMu2NUGQWMq0R1K9OVXmkZwS+YWydDmltPaH/v2KrXUTFbjgL5jJyaN25Mo3n6V/v40JXNm0iQekBhME2zj5EnKlYpsHf/YznvjBOawXyMjTIlOWknkUSmI+Lm2EtWYPl2fxrCefZtDuu5NJFJFtrVSIMObCbXfEe3cCTuBwyJ9vZbsjv9628URKPyPTH/s7v93/IPw4FgemaQYBg8BKCMhj0foVkbeshP0ecfcDjDr0QHwtiV6DFCSBoh2SjzxmT3mb67bclny1CGFayd20/4WAxEzoPQiuzmWNnQjbLXDgDdez1QnHUugBURXddfYNAemOM7fMkbBcAR3xLthpqoaE9GRKUupY3kwxoR2jvBg3CGmeOYd3Xn6F2f9+gY8+msbkSRNZ2riEwVtuzg6778aQUaNYb4vNGTZ8GPgZYsshyeQ1SsvVTusg1MT74qNVo4KlXPS5vTno6nHstNuXCD2FgyShd3wvOmhwH182DlCSCNfSwgWjNmfA9FmagIhl3E6EgCTEhoB0+DR01g2KLpz2yL8YsvdemvSLR3AFGp1EnLnxcPrNnoYTuRx27+1s/eWj29a9BMTTkp09m/M225S6YslsStqGoDm6lyAgxi95/mRLKu/d8oB+XPHODMr9c2R0CHINhvkm0GIHFEKfRXOn8eONN6U+SVaS4TU05JOWsLJsQkdmHTKRInRsFtb14/oZ71HK1ZG3l8WG95InoHaGaQhI7czFavdE6gbo6hHK0io5wj1iK8KNEzxJJlcWJbdIacZspj73Au+//BoL35/B22+/TVNzE1uMGMHGe+3C4OGbsdHWWzNkixG48jJzpUCaR5AoLEcqlAuncfS/nf+OmFrt/q7ugTIqK7ap2OBHJW486VQ23GZrDjj7HN2fxOqeKlj/Nf4gJPI9iirk6Ysu5ukrr8JJQjwlal8puzT+j9VdNbV/nKRAHXnnnxl15GE6CT2y3RUISBJUOG29DVlvyTxs5XHofXewzSFHtWlgEr4o4YlupchZQ4eyzvxFbTrfHGwQ6C0ItBIQZVkElqLfAfvyvbsfJsiCp5XnatMDUrErZIIMxaCRCwetT59S2RCQ1Vi0GRxKEp3hKnIxzM7246Tf3simRx6Kn9haZdOoYK0GkB1wiCEgHQBqR18ykuRwFH5YwZIE8WIL8+fN4t2X32DGhHf46J33mPvC87T4DgO32oLNRm/LkBFbMWrnHVl3040pOza5QLwaEvOT9rbiJzhSmVyHa1XrFGhpuuVzNjp2ZBJ2ZMcWZdH4VfCvn/6Mef+PvbOAs6pM//j31I3pobtbUbAQVFYRBXVtV9FddcEVC2zRtbsVzHWNtddGBMECA1kMQEDp7mZ6bp36/5/33CHGXXQkZGBePvOZYebce9/znjee+D2/3+SZ9HvteaKejmM5mHtABkQpNng6Cc0lUlTMdQd0QV+zhmjKUQ7IlpUyO3fEa959V4yAnG+H3vsAx153tYJMunpoq6R/qryMyxu0oHGsADyL4955joPOOK9KXYvjErUNEpbN7YcfRnjiZPQaDFaVxrDm4r1jBAQWLCebQF6TBhz7zNMc0f9iNN3B8I1fTX29S0fL83D0JGYqSvz/GZzubdcebcnSGgfkVzwEwUxIILXMDLE6y+SMW++k5+UDCekZihTENwKAVk3b9SNQ44DsgjEP6jUCs1K+S71GoLehyjFUFEZ+Fh0MxYaUjsBIHFx+TKTTxWHbgViMwmUrWDJzJktm/sj8aVOY9cNUomYOzTq0p2XnfWnWri0t+h5Gw0bNQbOCmg0vhSbfHcmc6JSGJGKqKZYqUwwVKRwX+l1d+hewVwXY0sAgDmo5dm5kSH2OgqjIZ+os/Goc7156A1fPnEBGIkwsYpOxBzggAo6Jynir5jH67jv57N77qe2kgsJj0TzZBfOy5iN2zQiIrnLWWWcw+PXX1dr2dIHZbT7y4sVFDKrbnBZeOZpvcdSLj3HYeQOr1DkB7em2QbmZouirCTze5zgirq32FMmIqlWcBourKizFsm0i2VQVc1B7ja+CEKIBVLFbBZ0I+rq9ebktASJbMH6n37tKt1tzcc0I/OYREA66uOES8XXKcnO4Y/48tFp1MTVX1eDtlpIQnounu+hOCAeXF04+mRWffKQIXyRr42gBHKum/XwEklJT6pmUtO3E2Y/fzwFHHUWJqZPvhpSOma8HDmlN2/UjUOOA7IoxV4JBYuSn1f0EYyr1GkpvA8LiYSgPxCeOjaZ7hH2f5IaNlKxaS8nMeSyfOYfvp3zDTzOmEc7Mo17zdjTv1I59ux/Mgd27Ea1bSxk3TiRTYczD6c3o1wqZ7YphqOpnlG9cxc0dDuL2JT+QqzegJOqQswcUof9sHMpKVBFy5uL5ak6IAVjjgFR1tuy+1ysl9Cb1eGrWXLTsvDR5xGZnvmzDBq5o0IomWjkhP8QB99/CcdfeWCUWLNHqcYRNUsgfihM83PcYNk7+nizHVnuMi6mciyAIIldJJsYLgiASHzRMYraDpaUZukSvRJOvwAFRpBJq/9pWq3yM/9wiqjjqt7xyy6uCcEdNqxmBnTcCUoEVtxyybZPsU07g0veGo+s7N7i23XfjBWtRsuchG0bdejsThj2oahos18U2PKWVVdN+PgJKSiBscd/85dj16mEqph5BXdW4Hb/3fKlxQHbBE/A9kQ0PainUlyGRFgKDQKl/O+ixGKXzFhBfsoLlk3/ky7HjmD9rDg3q1iW3ZQPqdWhF16N70bnn4URz6+F5EXwrcGIUxS1JEraDaUaUgRFK+/TVepHZCW7t0ZMzH76Tfbv3JRFyiOyBDkjMTTL+kccZf9NtRN2EEoFUSvQ1bY8YAcOE1YbFbePHU/uQgzB8cyvhq+I1a7ipeXtqeSWEvRCtr7yIfo88XmUHRIjuEp6DyBw6K1dw8/EnkzVrNmEBbPoBxNKVv6GR0n2KI6Dl5lOvfQeat+9Efv0mLP9xOgu++JxoeTmWvJfUg0nNWRqZuT0OiIqxpJ2ZCqY8lXhNJ2cC96jGAdkjJv1ufBNJQyPL9ynWo/zp3dc46OTTduPeprsmdgM+tucS8jSmDh/OS+f/lXqOQ8qzFXRMsAs17ecjIDC7REaIR1esp1yKztNCL9XaNtpDHnSNA7ILHmRC6jRSSSLicLsusVQh5Ws2sHHeUmZ9O5kVw0czc8lCrPq1yGvelOxO7eh9ysl07H4wfk4mIsNnuUZApSsntynUgTZhOdAlvCm/ExXB4AQP2m6pppTuYhqb/osbgO3yzKUDadKmBX+87mZcz8Ew9wAWrEpzzrY9LDfJkG49iM6ajeYlFQyrpu0ZI5AyIKSFOeaheznkyssw3XDAUCfL1fcpXLGCO1t2IlcvI2IbZP/pJAa9PbxqN+9vrh0SSFWpB7mxMl7/+03M/HQs5etX44o6ejST3AaNaNq2E8f260+rXkeQygpTJpk3fDIlnDFvEXf2H0jZ1B/ISzhk+sLJ5pJIS6tXlJZUDiD68sGqCTmG3NvWk1hlZ8QBUplfUYQP9itxti0FCZOtrMYBqdqDr7m6qiPgCMmJr5Ho0oU7vv0OM1TNzhTfZ/WcOdx5UHdaxEopNjxyFHukqHnVtMoj4OkaxVkWQ5etxcvOw9jNk1170xOscUAqPe2tI3BBEXZwrFZoWQRXqDm86axMH7xahRGgqQJQ306RiidIri5gzaK5/PSfrxgz/B1C68owszLIql+HTgd0oenZx3NEz144ktLQI4QdyWlokJKq8BC2ZmObPka6NkQinLod0OzKNznmw4Lbli4qI0EqKHb+KqtsKvwcgCHK5mLWBDhzZZik00BS6yEihdtsHnzy1KMs+PZ7Brz0ElGJHIeqvw7Iz+45Bsmox9S33uT9AQPJiJdXzLidZo5VRJ4r0Qz8rGvBnErrutQ4Rb/pbEiFIDtlEOpzNJeNGk5Yz1RrV9U8+T7rFy3i/nadydLjisWuZP9OPDh1php3Wc6ypn8JpSykFEFGNd3FpKZ4s23LwbNThIWfW6CgVpiUpVOWdMiMCBuXjyEZWvmbZxEPy2qVKKvH6Dvv5MsXXsNauw7Tt7FcJ826p8Kx6FoAzVJboXI4gt1S13QMoTPdomqkgjBc/p60dMiMoodCaLaHU1KqRNVC+MqEqrjviv1kS1KGGtDEb5qCe/2LKuafqn8CYpbJCc88SbfzL8LaDVl3t/XAVPYwGef6tp2pu3wRRaZPLSdMTBHY17TKI6BrBkXZIR5ethItK39T8KdmpH7/EahxQH7mLqdPcGWZpbcrwVBrQYIzLFgEpb8nfNIuKQVqAMu2SW4sxPJdyr+fw7hPxzDinTfQfBdyssmr34gDehzBiaedQZ392yvhPiJRkrqG0MRVvybWRuAoqWHydTzNUI6XZDZkw7dJEbItUoaPXVpARmmSokWL+Gb8BH6cuYAb3njhv952hTo7nsPc8V/y+rW3cuvksVipKIR3vmO1y5+FRIp98SRd7j+hD7Gx45Ritri5ou2gxOt2sCtiS72A+IBpTySIXksaX8Qkg9qAiB9SUfGgTsCnPCB/3tRq4DK/bqa4hkHI9VgdifDo7LmYzZsqWmt5xLrrsX7uHIbu15Ww5oDjsaF2JsOWb8SJhAm74Jj278P+lnTATrJ6yiTeev5ZVi1YiG3bhKwQ2TnZZDZrRn6d2mTk51KvUQNatGhMZr2m6K7Pq/fexrp3R5Ob8EjIrLHCxAyD7K6dGfTYw+R16hRkdDWfhV+P47FBl6GtXkND3yKVFENKMO+agn6pgErAorkpHFQx8jVz8NfNwb35KgnGSdZDGAbD+MQtA7d9Z26bPF4F/EyrmmVAlLyXy+ibb2HSo/cpeyTqRgSEvTc/5i3ufeswhei6uHXqc8vy6Wjh2tXS2tpTH2yNA1L5yabFuoOIvbBLBNG+CmqMchXPd8hOJTALSlk++Qc+f+t9xo3+CCNlK/x1uG09Du57NGcOupRIvTr4eja2vI1kM+RtnRgh08LzfAzdwKqmSyJwFCocNgFpyP+E8E4ioIGFJYWxCTfOZw8N5Yv77qRuiUsSjbImzRi2fME2HRB5BKVrlnJ51568MP8H9GgtMPc8B0QxXwkkAIeiaZO4u2dfGpfHFcwupUOubShHd0c2VScgwBqBB6nHaKnos4ggKk4kzScW0rFc+TIwfbk+sYm9LVgdNXCZX/NMxAASEFO5ZXHG40/T7W8D1DxWDojjsXrmTzze5UBM3SUDg6WWxzMrN+DUylcOoij3Gr9H7ZNt41miHqylYy6eym5UtLDSHEqHlBV+ysc2NdE+JVRWzttPPkZxUQHhWvn0+uMJNGnbkaQZRiBpEn+xY0miGZZ6C9N2mPL1BJ7685+pV1hOViqOI/etgemqeA8eBl4lWFeNBvSvmYF79zUyY8WZlS8Jp5QbES764E0aHdebjKSOHq5+DogwKa6e8BVPH9mbfNclqZsYXk0NSDDTt3ZAMiRs0WV/rp00AdvM2gN4NPec9VzjgFR6lnE5DR0Hw0kQErCg4UDKhQ1lLJo4mXEvvMSMif8hbkFM98lv0ZQ/9DuT4885C61OLm4oRIYbDRS7K+zzcCz9o2yAGoYnheKyK4rehUQHqw+sSCaM6wZemuNoRATs/f/p4Pia1USb1kMK/IxQhtK5kHtzDTFeHBZ+MIbn+51C7ZS4bzobMzJ4uKAAa1vRJ1sM5ARD9juMwc8Oo/kh3dFELHEPazKahsi56DZR12fUXQ8y9r57qUsS2/UIu2GcHZxeFzdRQmflFqzPyiahmZh2DN11COsaUcenXlLDMDVcz8Z2Udk6gfkoqtYavP6vnoVSqxUTG8eGJsedzMARb0MotCkDsnTyFF7sfgSuniTiamwIGwydNQevRTO1j3iKrWrXO94ST5XaDNkClQcS2jrCKoXsgf9RAVINCtzld5YvoqjS58DbUNuBgvJJxlgoQ9PAKi+sghTSZA0kUjGKp/3EsIsGUTp/ATmpBBHFAORRbjpkVoK5S4auptWMwLZGQE9DSG0rTCke3S+6nNOH3YOvh5UOhPKGq1lTUMXyEq7eZ1/qL1tN0nAJCcV+TfuZA1IUNTnyxls46cabFdCgRvVj95kkNQ5I+lkERjUYSZv4unXM++YbRr32Gmt+nEksHieBS8v2bTni3DPoetyxRLLrEMmujWWY6H4KUoIRiCinIx6qAGIH36MihVyB6AIV1Q6ObDEshCBz943AyARREXotrbouwj2+z+i332LsvXfhr1tPRlEpWa7HCa+8xAGnnaSogA2JmGsJLDdMyvcoW7qce9t2IqQ5hEypYdG4cOUiGjZs+L9XgwNxM8Hwvw4m3KkFZ1x7Heh7ngMiWTGBl9iah+bpWKUl3HBMT/InTVd2XxKBQu3YAsO4pZHh+BQbBjdO+YFw5/2wyhO4MXFCXOxUguXLlvDZv/7Fsi+/wF69hqiTJKwZGI7EosUmrTnwfs1WLpKfxSHISMHazNrcPWcq2U2abnJA5n79Nf8+6hhs3SbT0ygIGdw0dix5hx0q+dTfzQGRDqrSEVWCLs9860CJKXVcaWartHCI8kxVZseX7Ke4Gy6G/PPSbooqFNECxGG68N3V5L0D/RtSJgWiUaS7mGsKmDt7CiPufpD45GnosWJCASZrUzNqxBZ/zRTcq6+pcEBKNI1o40bcOGkybv36ZKU0XBHg/R2c++1+IIKO9G2mvvkyIwZchuGm1BlS02QEtt4j6p3TjwHPP48fzSAi6VmRQahpu8UIVG8HRAnobYZHBVY+CL5dmixITRVySyTeJ+E7avKFPFfVbOA6sHgtUyaM5+N33qZkzUo2FG7A0U2adtqX404/g9YHdyWrdl2y6jXEt8JBgWSaDeYXWZx2i0ccdELEiyoMBilct1QRQMVa1UhKmNP1lXEpuHSJkHuFG1g2ZSpvDH+fa58YipmdFUAxkg7/eecdRl80gHDSJ+I6lJmeori77M1/07JPHxzXJWJGlAEj+ida0uWGVm2IblyO6UgM1OL4fzxEk4sG0zAlSuw2YSnC32Lv8F1H1d1MfPpJJn07kWtffBNC1S9aVdVpkPRdCmdM484jelG3uETB+sRYi5seUXlMhNH97Ss4jKBTYEntSZhr506nbsv2m8a+ogZH5rqiA7YdykpKsdeu5LuRI/n8lVcpWbqE2oaPn3SIaKYSvDNcWy1HBcXTdCIKxygSd0GkfBNiZxNnQ4UmcTBCKmG4qeg9iG2bvkTLxUgQtQqfpGVSapoUWxGade5Mq4M7smrmQpZ/8z15iXIltBnBoNTw1Wsr5nxVn8GOvF5luBSMSaco0+SMu++h6xWXk21blIR8St/7mMfOOZFs2avwFLFEl0GXceRjj1JLhMdMRXy3V7VNc9B31X7klsZJFpdSUr6BjcuXMee7b1k+axarly6jtLhE7Uma6+IVraNRuZQxuSpDbaj5s1cNXc3NVhoBX5MQn8uqcCY3fD6WJoceoq6oTuf3zx+qR1L21w1lDGrXimZFGzbvrypfKkaQAnzv8U3utuKMUdaBoRN2fVaYYY666XpO+PsNmKaJUcEUusePSPW5wertgKTJ5CW9XxEYq2DDrjhzBDSQg4tWVEJ8+QqmfjyWCZ9/yfqVKylat55E2Kdd1/059k+n07BdGzLqtaB2g4YK+2wr7vu4qtNQ8ly+odhtFZNTddvA/BQJTfItGgIAs1Ui0sPwEpi+Q+nyNSyd/hOfv/o6ZQsX4a0ppqhwPVEfNnoe9034gtxDDgmilq7Pqp9mcP9h3akbSyrzUvC1ErUsjNbi2uHvkntUDzL0UJqlK3BsXjirH2tHvYfriPq6hX9YFy6b8C21UxrJkEvYTztF6fXj+i6GozNr/Ee8/PdbeeDr/0BYAC17dot7knWyWT9xPPeecjq1isrRNI9szyeenuuh7YT7Vjggnmdx3Zzp1G3VUXQsA0egUlRZMZZpGgWahyT3IjaUrC9g/cLJjH3tdWaM/JioyoIFAJzgK/BnBIUjx6Bk/fJSmwlI5G9imAcl7kETd0T+pyLueiC8JXAvWzNJaiEc3SLriEMY8Pch1Du4K7HMCEJS7Rs68flzeerc/iR/mES+7VOuuCKkdmXH1s78lpkntLMSDDHlPgydOt26cekXYzDJUk7l3Jdf542LLyA7KTmlwAEpbFiPRxfMxwrlBGtuL6N/qpiDaq+VYnTPQxdBsXSKReakJf+Xbdn38FNSL6Lx+dCH+OjmO6nruNjK5dte/fbf8sRrXrM7jYCGSXnY4LAbruGPN96CZgVnSHV2QKR+z0zpqoZv/Lsv8l2/i0hpNrof1GuJPbT3ZAdF9ywIWIlJ6IRNSjMyufDZZ2h62smEPV096xoHZHdalZttjUmTJolNXf1y2WqhyX24SQVlEiPNc22scpeSOYuZ+OV4FowbS2FxIUuWLMEKWbTteQRHnNCH7BaNqd2yObXrN1dUsbpmqhCsb4pBXVHaKJh3qeVIg0jlD4Ga1m7b/tdjLJd6DdfDtFM4a9ewaOpkxo8YSXLhMpLLV1G4apVSYBciTAFOhH0NaFrfWwAAIABJREFUT/eRIHlhOMIpQx/lsAsG4lm6Yk8qWbWay9u1Z99YnBIpnvUEGhWUMa/Nr81NI4dT98BDcEOGMhBlyMY99jjfXXM1cUmFOzoF+VHuXr+ODDdEPOQTFVzGFoZWEo9wUmddyVLu3PdQnlwyG6J5u+3Y77COiXPhCYWqS8GiuYx97RW+euJfhEoS2BGPJjEbz90+SNaWGZArfppEo3ad/+u8rlgL8t3w4wFbV3oRqLyESNyUl7No/hw2zJnCiOdeonj6LGolPHKSQflyGBMdm7J0cXvFOClXZYvn7cnVukFIN/HtALpTYPh4zZpw1k030OKQg2nQqYMy5AMRCSAOqQyZeQ7a+jU81v9vFH/+FWEngeYJPHI7PbUd8FAV0ZgaP3kznVQoyhUzJ1KnxX4KXjXxhWcZOWgQWSkZAZ+U6HiEDe6dNIXovvsHAY+9WLVXhi0guBDChAD4pyKeWpDl2qr9P3nD9Yf1wpj5IyFX5pCEWWpSIDtgGlfbtzA0g2XhMPcunE5O/VZBbWc1b4p2O+lhhwxi5eu4vfMRhFctIsOWrLan9hCp39ormqYrXZe45pEI62Q37sB5H75KVofO1N4b08fV6KFXywxIRV2Cbjt4RUVsWLyQ/3w0mhXz57Nu0WIWz1tIKCeDHr170bHn4WQ1bELTzvuTVa+BMqJ0X44lKzBitCS+aQTiWHLAYQXKvGmGJ1+gSGlYiNL7S3/trs+4wgHxpLhOzJ10gd3SBbN4/+qbiE/5no0Fq8l0TDTdwHZdHM8jw5SNKzjlA+IvHVf3iPgWRWaYNhecz0VDh+KGZew0vGSCvzVtTdcN61lrOuQ7EUqNpEp9Jk0Dr04jLhr9EU07tIVIUOMy88txjDzmOEoMyLJ9kllhbi/ciC76AyGdqMK3bR7Zcjwy4zrF0RjDmu/HeR++TsvO3XbXod9h/RLEvRTq+57Ku2HbcUXj6sYdYvEN3NeuBxnxddv1eVtmQC6b+g0t9j2wMnRWzQeZ+wEvVuB2KE2XdMI7rAxjAfP7grJTmQrTsdFjZcz/cSorFi1g3uTvmf35WPx1azCKHcX2VTEnJWggX0ELHryQOKQa1KfpH/7AwcceS6uOHWjSth22FcXWdTI1B1/T8YXVRr0miemH8QTrp9kUliR56oQTiE+eQNTeUoliu4Zru18sU1tRNwjnBAbtHrmFswbdJulExjz1MF8OuWkrB0QLa/T4++0cc8tNqjh7k9Dodveker2BQtjKV9rPUJooUkMiU0+U3dPA9wpHWRR01o8YwVNnn0Gm7REKMKDV66ZrertDR0AQDNFDuvO3CR+R62bJIV/tm8x3AeFGZFOJxZi1YhZDD+lOg6SPZbsKvbG31IRIeFPwHEURaHBgR/763hhq5zRSOmOu9TsxCFb7GbZrbmDXOiAVegfpe5NIe6CnpymmlU1wDHVYCxWoq/DfCkYhFHOFcZbOmMkP479k3YK5LJ83l5XLlxOuXY8Deh5Jm/32p07r9nQ6sAtGTgaeIdMyKAipMHp2zbBu36eIJpgYHUkjhSlAEkeYcAwJbCgYghgzthuAqAJBMB0vkaB08RJ++mwci3/8keKF8zn+rttp3rMnIV8nvnE1N7bsSHayGNMNUJMJQwrk5XQ3sQ1HGZsx38AxLMjKoFbzZnTt24da7dvSuMsBNN1nP5XKlLEU2MNjZ55NfPgHFFlJ6iQNRa/rqKIB6b+O07IZV4waTsY++xNKeRSsms9drbtQ109gS6xXz+DmRdPQmrXBEpiPCkxt4YG40kcf3XF48eIraN+8OYfefL2aJ9Jvz0yh7wmnya+YLhVoXisW59HLr6bg5X8qR1DYqoSNqKrK6aq+AtgQ0rny83E0OKwn4pTs0JaOwAlnveM4FK1dwcZVq4ltKMQujaHbsspBywxj5WZRp2EjGjRohpUhei/peqAqYo9sgeqsL+DiHodSa/FCQiKK5wXQrnTcfPtvUWmzaIoVzJJMobC96UGgQmoPtJ9RxVb6SE0j6w8HM/jTL9CtDD5+4BYm3nw/WY64dq6iqc1wYU1OHe5YOYfcSO29rwjkNz4lIRbESzDspFMpG/cFKTepsrg1rXqOQMXK3Uz6XfWwvq6HaXLyyfxp+KtkCe1f5p6HZ/Q9j3evv54fH31Yyetk2Bk4xKrnQ99mr8WiE4sxCIMpeKoESl2D2TlZ3PvDRBq07rQH3veeeUu71gER1tktlJXFuQiUvIMNwRR3wbXRkgkShRspmbuI7yZ8zYYlK5g9dRrrVy4nr24d9jmsG406taNl5y50PPBQCEdIaTq6ZSmDXQqgRVxIsTdVQ4o9Ie3NcASOAgndV+lFQThqwrblJ0nF4hSvWM2ssV+yccZsNsxbwNKpU/DjcSyBoPk+cTNCz7tupe91VyvYjOb43N2tO6mffsByNWW0qsJmK4IezSLarDldJFvUviVtehxCq45d0KwIKUMLgFW+GF0Cc9vsgEx96VVGDLwIjyQZjkFKd7EUNCbQT0mFLfTWHbjhnXfxO7YjXFLA9R32I3/NSiW8jBWhz1NDOeRvFwdid6q4f8sqdB9b1OV9l6+efIY5X3zNxW+8jG2GyRDhQ1OcsN2XQWxHbhnin0lUy3JSFC5fyT37dSYnnkT30hKFVTyX5dlLin6jpXPJqFG06NNX4Wh3RvM9YVELWLPEWBen2ZB1qbIYAcuaYPxVXlIyKmqPqKB2rWKPhMpV80ksXsTf/9CL3DXLVJRQ4E+yR6i6pyqOVeUeqBku7NOGgVO3Fvr69YQlsyGsUb5oi28b9iX1UkV5GTw0ey56/caMuvU6Jt03bCsHRGqvNlhRLvp0FO169JICkioOxF56uWg5mi6rJn7N0N4nUDeRxN4N6oD20qex3be9Jf10UDdWdW9SakBKmzbizrk/QKg20T2RBEmy0PEyrujRjWY/LqBUc/bIGhAlLxYYC4ogRewSXdNYnhlh0Guv0bbvH4mE9g6bYLsX127wBrvUAYkrCILgcoWxxMEzNEIJD2dNAYtnzmblj9+yfPEiJk/8hoK1a6jXvAMdDuhCnbYt6Xz4oTQ/4ED0UFhFvSUNH2ClRGc3EBiS767iDEpPzIqajd1goKvSBRGkizimiCKjJ0ooWrKAuT/8QOHMOSz9dhJLps3AiyWwdIm2phRG3PBDChNdUb2SJYiqE47h+hHv4eoWvmfy6iUXsORfL6psg2boeNEcLh77HtEunTHDeeki4CCdKewxm4ph1DgKgfZmI0iOgdicefy9c2fquynlpDghEyO7NvHiYnKcoDgdP4R5wIFcPuotsuo0YuhZp1E6YqTaNGzdJ9K9Jzd8MQ7PNDErYd3FtJY0ckJzWfL1l/zrsiE8+O2XJKOZhD2pLZGi572DH0iGxtXEgJfUj8+VzVvQePVa4rpLWLGKVe1gliJFESAssgzOeeVV9u/XTzkAO7JVtvO1oOp8U62JIo5QcMdgKcvCFae7wg36Tb3xfMolS+g4mMtWcscxfWDVMvKScTxfyIw3r5Hfeq8SKJHMnK8ZHHnL9cyaOp1FYz8jv0xWQUBQvK3mGSYJ3+O0Z5/hwP79ef+aq5j21DNERWxFakAMsFywTYMOF/Tn7MeeQAtHfmt3967XuYH2kO/Fef7sv7D6nREqi17TqucIKLilOkeC/lcQXFTlbmQf2RA2uWvC15gHHronJkDU+AhkOVRQwPXNOxHxiwnHtq9OsCpjvKuuVWeCaVAuwStPJ4JFYa0ol774PO2OO1HBdKO7qjM1n7PdI7BLHRCvpITYurWsnTuHFXPnsPinOXz/9X8oLCmmXqtmtN2nA43ataNb3+No0K49RAyFLdeMMJ5kAXzB8wXsFYEZIfSk8vu0grOqaA0gSurvwgSx3UP0O7yBpzguFIf+3cccTeKr8USlriKVxtDLXaa5JSvOVrnPNDeXcsQkBrCsUyeenjwZLRwmocHEZ59g/CVXKpEwYQXRnSi3Lp2O3bgFIRWl1tDTToyfNuxl8xcHR0Z2SxVkOdLja9ZyZYtmtE2mKDKh3Igy+KXnefKOu6k/dwkx3yYLn+KQRU6PQ7l0xGgmv/ZPvh50tQroJnVYH8rhqcK1OOGIYljaMggvLkzYhbjhUbJsHrcd2pdnZk0mkZNDxA8r/PzewuktWSAhS1Dz2/e5qtvBNPxhGoWWS1ZK5f2qNFGl5kmi9iWWyYlPPMlhF164w2GKPzf7BFKZ7qb6HjAUVWRF5d6C9Hoatq8q36t0W/iUoznCcmMS01zCcZdhA89nxQfvkJX00lGz7UuBmBjELJeoY9J48EWcc+cDPHVuP9Z/9CGmKwxv235/RzeIeBrN/nYeZ//zad6+eDAzX3yRqLPZAREIpqzhDfXqc9/8WYSza1VtIPbSq5XuiGNgGz5rvhnHI0f3JT/x+zOh7aWPY7tvO77F+pfzKeT6v4lWOWVC21PP4txX/40R3jmZ3u2+2e16A0nxKmOJOd9+xT9POJm80uLtesfd8cW+rlMWzaDuAZ0pKE/SsklL/vLYfWQ2ao0rBDnV1ebbHQd7F/RppzkggeEqcVkDz4kz7pnnGHnvPaQcqNWmDbXatabZvt04sm9vGrRtiWcZmwyg6kyPJ8/MJmCPkkJwibiKgJeplLlieHaClCYqGCEMPQNb6i3MEiw3Q0XzPVMUOzSspEF5yGXMDdcy/aEn0/h1D0MXuluNuOchouB6ApIRC98xCXsCwZIe6JRHLU5+9RW6n3KmisjGNZdV479l2HFH0ShlUGLZ5CYjHP6PRziw/wCinhkUFOsCUgE3ZZMsKmD17NmsXzCfDauWctgdN5PnRPFDNqZr4bkOFzSqx34bC1kdyiJKjD88/BCtjzmep489kuiqjVIVgi17ox6iTq++nHzlX3ju5POpYycpE3VjS+eRFetI1MlDRmATF2wA5FJMRorGtLyQAfvvz+OjRqB16kJmUqconCSPPZ+W97/tA08K29NLr1FmJcmxDVK/EHWv/B6SN4rpwvBmc/iQazn23gfV3Nrjmkw+T+PbMaN4b8ggjOXLyEtJrZJPXEHagjvWdRNPdxR9ZdgJY+iOYnfLtg1F57pls5D6Dx3LcMno1Yer3/qARVYRL3Xtg7HgR8KeVLfJqguUwANI1manRH6bMDWa/+Fk/vzpvxlxwQXMfv0tLFtCKkEAxZS6LQVD87l05k807Nhhj3s0O+WGXF9h4AXuZ5XbPHjO2ZR+OIKoUFhrUrMjEfUd65DErSg5dpzizBzszCy0eBFJwabbokMj0DyPqOZi2y66GWRsI46sP6lv9JFsdXl6fsgSlBhQtc3ZpLm8FTghDaiVAJI41Bm+oQR9t9XScpUqsCjwzL5PP0OdI7sTKSzlrnPOoNGydZvqr1KaS1QJ4257JqV0g7Dm4vshThv3Hu0P70Mo7lKebao+VXd7IwjlBHNe5psYWe+88SbjB11M7VSMkATxZE+phpNK9kKBo0oANR6WtH0+f3vn37Q+6nBSZgTTNTD2DhDETtkuf+833akOSLAzaKybO5vreh3Hg59/SoOGjXHNMF7IwpLK2XS2IqA6SeO+qzvlpA0pS1ywFH5pjLVTvmPO19/w/fsjWT97AWbSwQ5Z1O+8D0f++U+0O+Fo8lq0xreyVMTflQ3b1klaLotGDOeVM85SRk3CMrDDYcysPDIbNSWjXSu6HXcsHVq05P6evchTtJQSVbYobNeUe7/7BjO3Hr7mYXs2+upCLu/YkoZlUi4uOY4I+hl9uPKVFygpKaRk+UpKZy9g0sgxzPhkLGY8QdT3yMAnkZXFDYsXkBmpgxNxMMUx8FweP+NUkh+MosiIKgco76hjuPrDT1g+ZQIPnHkqtdcVKpX0Mh1ioQiNDtmHDROmExXcv2US95LcNnMeZrs2qnZlawfEVcrgKV8iXzEeH3ABrQ/oQu8rr1UQrJiZImMvKUKvvFHMHj6CV8/ohyHMY45wSVXtdKlwQAQO2eLsfvR/5XW0PdABkRBIHB3H98gt2cAjAwawesw4clKBKSS8+SlNI0kUIyOKnmFhZGXgLV2ksoyZtoldKbskRpLAryzfwTryGK75ZLRiYypdPIfbunSndiyWZtILTDApLN+yyW8FZpW332EMmvwZ//7zeSx8b/jPHJCYCIaiccrokezft+/vfVZUj88XDR2pN5K9MO4w88NR/Ouv51MrVq6cAsOXmV+1bOEv3bguASYc2gy+jFMeeQBLzi9xcuMJ1q9ey5J5c5k29lOKZs0jPmcRzroNaHqJyvgKnj1uQa4IVlUk/uRM3L4k3S91eaf8PcAfbM4uKL48ReWu4Wl+QDjzC75fhQOiuFEMndonncXF772EFfP4/L1X+XDQIOqUyvmlkUgDcH8JfupowobkkumEKG7alAf+M4GCxrXIlSCgmCB7SEJEIMtS36YJlNOHt++5k28feYx6sRK1A+3YWb9TptDP3lSdU8KJY4v9kEnXO67htMFXkcqIoGshRahT1Sz5rul5zaf8mhHYiQ6IUjRTx+/0j8cwZsgdXDvtC3ylRhlQufrpeo3gf9W/VVDgCvQjEitl6ehPGTpwMHklG4Ioq+wK6nAMMN5SxyLR/ZJQDkdc8leOv/UGynJqkW+IgJpgHD30okIu/uPJNG/WgsP++EcOPvpYrFrZGKaOY1pQHue23n/En/SlMvR1K0yxr3HhqOE06HU4kVCm2nwMga8lDW7teRDa1B9VzYDhGiQimST1EJF4ubomjKOcmIRs2kE8VvU7rmsMnPA5bbocgR1xsBwxzDy+f/VFPhn4NzQyMN04BZnZPLxyHeWZJis/+5gn/3I+DQuLMHVPFcKLUSXFY3K+SvYnqjv0+cdzCguv7N8tTgOJgInCti2QOyfJxOdfYuKnn3Dj2+8pnLehCzfUHsCp+Fum/tqNXNm6FXUSpdhe1WEJFQ5ICJec3r25avRHYO4hJ/GW4+m4iqFKhBDlcA6lEtx+eE/4YbKKstp6CK1RQ06+8Sa6/eUsnJCOuXgF1++7DxHXwXRNvEpHtxiNui+VIB6Nzx/IeS8+rTIpG8w4Pz76NKNuHKJIJDI8qUlzpWRnq/1NVpUILRpNWnPjgh94rt95LPtgpAo+bM6AmJQbDlHX48CHHqTvNdequ9oTorW/Zbr/6tf4qmIgGCv5obSMyw84iNqL5qnfyZkjcoY7ssl+LntX+8FXc+Yjj6BLsVOaDTCgNJcsmK4EXImXMH7sJ3zw0L140xeQL7V8wnxmWXiOFA4HZ+EvGdU7sv876r0qaCNk2BU1hpxz4pr5JiFdw1U6Qtv+tC0dEHEkCzPqcX/BfDK1bBKWyxf33MG4ux+gVjKFI+Qqv2qsNOISTPAMpRDe7JwzOenFJ8jV85QDWA15av7rIG4a2jRkOum6fHzL3Ux4Yhg5dhleasdm/nbUvNnW+8jpXmhBjhclvM9+XDz9M6JE8RC3Xw/geHuC8bgrBnM3/Iyd5oCoe/V8RctqFq7mgqYdeGHFKsiOKPVOVbMgIn/BqbplbepuOEy/rkuBA+LjlKzjtl7HYc6aowweibIokTUlnqUr9d6wI3kKuW8pCDco16GgYUMemzINs1augoiYjobjeOihEK7topmG0oETZqgMVwotYf2Mb3j8oKOUCKBkSQotDaN5Cx6aNpNYhkEGBq6w/3gpXD/M24MvYvYLzxEWHQ6h4RWhHmSDtreqnYkKVa+vYwsky9BIGj5dHr2Pcy68hpTpELJNHAtSy5ZwZ6d2ZMR1dM9mbdjjthmzqdWyDY5j8tOH7/HMhf1pUhxTKfWIZHK0wGBO6Bb5AnDpcyxD3h+FHrK2MrCU2JInato+tu+zZvx3PHLpJTw5+QfiUZ2oY6NwaHtjS3oM6diG2kuWUCJMaVU8WwxJaWsWEd8l7+jeDB7zEVh7ngMSON9BEaswa5VpMO2hx/j0hqtUBk5r15F7Pv2YVN36ClYl+j/hVeu4pXVToraAryx0f2uDVYwWyR/GNI9TX3uD7v3OUExziWQSM1bKZU3qU8vRyHEUxxdOJQdEzCDJSiaz87lt9Vxe+MtAlo38YCsHxPItygybPM+j1oD+DHjuhRoH5Fes800K6ulsgtB9j7n1Dn687y40V/KEIQJevx3XpPDV1Dz2u2oIp973QODgyAKrqG8K0vtqDrquoxjgPM/FjJfxyGWXM3fcV0RK1hFKumQ5uqrNEmHN6tYUDEgTeKPos2jYvkcymkuqRSsObtOGeaNHkpMQ9Yr/3So7IIYeYUjZQqJOA0qywEymeOKUP1Ey7iMs10H3flnrXgxVeeqlhtTRQdyEU66/i0NuvFqJZZhmZnUb6m06IIFUJySTLobm8fFDD/P5A/dRu7Ss2t2n2ImmZrAmHOH8115hn1NPxdSC8LUEYyqVjVa7+9vbO7zzHBBZ6ILRlAik73JZ08YM/fp7jJZtCBnBwZ7eo3fpM4jjq6iiZGdcUxwhI1Bb2wTTlh8EMGkoR0kmuMKJJxXfWwCkVMpgkruV6GhgtLiaq4SBMkocrj2kM7XmLSUuGHFXjHtRg9ZxLItiibgYPkbMJ0v5XjY5rkmB7hAiyoImdfjXzNmUZYSJ6MIMJXooEhndbByqrgq2OFHGkIMPosGsJZTpcmT5xKwMrpn4JQ0POHjrcXWEmldj5gsv8d6gi8hIpJTDIbTotVMBJETuytEsfCNMmaURD4fJatmWI0/vR++/nI3VsBaGymAFoNO45mOUlnFlfn2aGnH0lBSi6wwYN5qGPfoSMh1Smsl3773JqLPPpZYNS3MdGhdLiXCIYitFfRt+yM/iheWrsTKytin4XLhqOTd2684/FszADuXhaCmie2kGxHNd/n5UL/K+Hk9M5ono5GzRKucUN8eF049PSn4cqWOAyAnHcPXwMcKNu0vX4u/yYTYsnjGVJ7r3IJT0ufCb8bTqFqyVigONpYu4sV1boild1YWkg9mbuiv7gujQrGzalCd+moGWm7PVrcx9ZwwvnnMWIb0M19MJiQeyRehX/iclV66vc83CaYwa+iqLnnxIcdmXGsJpL/tJwLxrezq1D+/O4K/Gq/7VZECqNmvE1Vj9+bc8csJR5LsJLDsqFXFVe5NfuFoybIbvcsD1N3HcPXdjiFhiFWHEa1es4Nkbb2LFp+PIKiwm35GaBRvXF6Y/sDTJJAikyVAOba10jYWjAIK+yumI4V9BwCKG9paYf5WVqEToIBAwuV6dJzLXJEvoQciT+5ETR6oRgyxDmJCq35BsYEC0Lj8JnzYKIquZUVXTUh7SMOo2oNvxp3DmJZditm2szkmzKMUNjRsSTZZWaezls05/6w3anNmPkC31kT7JZJxrO3Sl0bql2EJEkvYnBV4n57mjTuL/3QSFIc5R/2eep3b/AeTLQImAjCZwTEM5K3tCU8kBBTVw+PCDkYw+/3yytAQZSUdRk4vtEkggyDOWp73tcdsVY5ImRlSBVslYu6IX7YYI9ezF9R+/j6WH9sxM/a4Y3N3wM3aJA5LS4JqOHbj5X69Qt8fh6LpsrL+PAyJ4JDEg1N4pG7BEa5RGgWzkNjFS5EnZ+OqNrJk+g8mfjmVjcQnZLZrTZ8C5ZNZrhG9EFF2oOAdqgQsYQ0QTPYdPhj3HJzddR76TVJjjLMdgQ1YmdY8+jEuGPUykbn1VBOmXJ3jkwsso/GQcGU6chAX5KY04EQ5/6B6OvfIyHF2UGdKK5lvSQ7lQjE3BxK95rtcp6E75JpkAp10Hbvnxe8KhSlEdTwrBYe1XXzHsuL7kJBJKXySORUFGlCLDoU6rlvQ+72x6n3M2kVq1SPoufjiKyCEKTC4TM9BWkcM1rUthJFNc1qgZjYrWqsJZETc84oF7OHLwEDzLxXIstFSCb19+kdeuu5oG5UkFP5HXCwtWvguzoyGeXLCYaMNG23RASMY5r3kLnvnuK6JNO5DQbaJ7iQ5I5b1DnsNzlw1mzT+fwhYMehUdkIAtVgowXRr++SwufPmNrWiWd8O9aod0KYlN6cqV3NyuI206d+IKoeY0AuLGCnY9e+5s7th/P0JJwej/3AERo8jRTRqc24+Ln3sBzdo6C+eVJ7i8aXMaFq8jiYHuyTG/GXsih2xSdBZdndNHv02els+Tpx1PftwhqYmWTrAniQMiedJUmxbcNXtOjQPyG2aAGNfmhjIGd2pNraJ16LbQGacLLn7D+/23l/h6QL18+N33ceQNN6iMW5XrqVxbGcHxVLlCoS6eMJGXhz7Omu+mEi4uJ1+30R1XFeQKbkBgKdJkKxVDTdjXKkR35fcy45wtnCDlxFSCP1lpFjqVmVdORhDEUMx06NimF5yN8mUEYFfR0onrOjEplLciZDVoxEEnHcdx/c+ndvOWaKFsUrpOMo1qyBMnSnpWlGJI4wZkxqvmgEh//F69uO2zcXi+FLN7CkEw4623eG3A38hNJdIBAllhhsqy/xINdhDO81idEWHw6/+mzUmnKIHf4CQX4HEVqfd20DzaKW8jR60rRo/H6iUzuP+Q3jQpKaXItLcS6BR7poKQY6f0owpvGrhEQXN1nTW6xY1ffEq9Ht0Ji7MZqdH5qMJw7taX7lQHJKalyEhBsabx8gV/pUOHThwz5EZ8Uzbb0E7FXlak4tUG5vubGLYSnmDCNSKyXQk9o5vAXbOOHz/5hA9ffgV33iol6GMkY4SFW0iyD2kcr6NFyDyiB9cMf5ey7AyiIQPDSeEbgQaHv3wxAzt2pWV5KUL752oGxZ7O1SNH0rj3EdihTCK2qCVDeRgF8fjp9Td4Z8AAMk2PVBoqsiIS4YW5s3EbtUBPS1xvmQGREJifKuHKgw6m6exlFEhq2XVUkdaDU7+jvENb8iRSsEWT2JWkqxPrVnJF6w40iZUpol2DbJzef2DI6LcxTIn9SDREWT5pLuP0hi7pqorsh3pfEZDTlAN294nHwyfj8N2UirJl9uzJkE8+JWGFiCQ1bIli4DPeMl4QAAAgAElEQVThn0P55orbiVGqxlQcFtP1KIlGueXbb8nq3HnbkUPfY9jpf2LfE4+k918GU2wlyd1LWbBSrs3isV/x8knHY4qIn6Jw3dwqxD0lYyXK9a69NexEHG/dC+HpLl1vuIoT735QabPs6c324xhrihnYqTMnXvgX/vjAgxja5gNNlQ1M+p4He3THkuJ+3QkSnlu0kG6wMprJ9Z9/TMODD1EQgS2bmFhf3XkX399xtxLvFIayLXNLAr0stkRsVGefe27l5P6Xcl7bNnQoL1fGk9QBCMwyyIAYlDdtxENLltQ4IL9hciqD1PZ4sf9fWfrGa+CHMfwdG+lVK8+EY4Y9QbdLBxGSfbyKhA5JVaknO2+QcRBwiWTW/VSKVDyOV1DG3KlTGT9qBLMmfYO/dJXKCIRcj2zDxHbi6KaG5okZLiJtUpAceBwVQSMFzVHwleB36IYSBpUMu4yTa1okpf5PguZyRmpZKiuSUbsObfbrzL59e9K1x2FE6zbAz8xFz7QwrOAUkaaOKvWZTnBoqs/TcTQdsyTFkGaNySwurNpTtGB1JJ+nVy3DycxUUFPbBC9VxpuXXcHsl/9NpueoQnfJjwgD5Saq7//xSTLC4nxJ1r8kI8wlH35G84O64WeEsERnqdJ6rlqHd7+rN+Vfxdwp28i9Z/Uj/vkEor5oSEmIQ3j6vB3slv+2cVAMgGoa6diWRcwKc8glF3HSfbdjWhlBVm8vSNT/ttGrfq/a+Q5IQqMwbLHi/XcY/viT3Db2MwV9EuNnV7BPyA1u6YDIRj3hH88z+c032LhmMX5pArcspvC3UTHQK2ohZFMWA8AIUtlSNF6Bca3f8yiuHjkKO1MWhHgUpkphT3vlBUYOuCjYd32NcjODU54bysHn9le/M6UWQ+BfYt3rcmhISaTNPy7tz9pXRqC7MVWXIVD8E57+B136X6yYeCSus2V0SzbaVW8N55/nnINruuSnLEo1j+Ku+3Lfd/8hy86gshqPAr05QoMY594DepDx0wwKQw55KZ15DRryzMplSudDVYSIqJEepNjlaAk27OBrcwu4Ih1dY9K/X+WTPw9E01J4ukcsrx4PLJ2NFq6l3ithpWElqSSjhj3Cl3feR3YyqSgIHKTw0uLYp4dx6MUXo21jUsgB+sNT/2TElyO55+X3Kc5g73VAPBtjYxk3tmtJuLQUQ82rzU2w2MouStN++nalwlvlWEcUhOGYR+6l+5XX7h2SjgK1iOvM+e4rmrRrjlmnGZHIFg6EDzPfepu3zz0HXWqwDClE33pj9wydjF5Hc/WHIzC0CHrl2hkH/EQRg5u3oVFB0c9ofCNorA/75CcNGlw2kP6PPcHjAwZS+NqrWLKfSPRZ85QD4mshihvVr3FAfuPZ6nkO5brOT889z7jLBlHmuGTsYGFCTTNwQh6nvPwKnc76i4LQVRVfLHut0rNKB6HUxinnj8TkZSm7vqLJTiWTREMhEk6KZKycRHGJ0nXSSkuJbdjIqqXLWLNsJeXFxZQVF1JeXo5t2+pLprFpmYRDIbKzs8nOq01mTjbNW7WkTt06hGrlKaFfMxIlFI3i18qVFyhBTLQQEU/qVwLKGJUFTD8TEYtV1MG60M4L7YLK8Ss3KkccA6mRiblc1aQBeYVVc0DEScDI4o5l80jVb0hExkgCeLqDWbSBB046lZJp08guS2IK01YF7Ggb80WCL3KmByAzn421s7h1xBhq9Tg88KJ2hWHyG+dzlV6m6t4Cel45HUKORonAzhNlLB4xkocvupjaSY/8pMKY72By6ir1dNPFFdkP2wqzIWrRqk8fLn/5JdxIJhFXU1m5QGq6pu0JI7DzHJC0coVsFsJilCzYyEVtWvHK8vlomfXw5ID9NRNJZR+CKI1EhVR0qKI4Q+02QfRJ3mqTcywS4kVFbFi0kK/efYdjrhiE2ayZysb4JLn/6L6kvv0SISsJC2xIl0kdwCKUGJ7s1J5stBa+6Srxo4Qi0wwOiZgJJz46jAMuvZSQKLtrYWwjycP7diO5cCZe0lH0nsutLJ5cvYhI7Tpqg5YsiUSagkWW7jA+K1fM5oH23aiTLAtEBH2fovYteGD6PEXXKywpmm8oKkM5O42ycm44uBt15y9mvZUg0zYozAxx56xZhJs2x5IDUKyXLQ1SeQ9PIl4p3r5iMPOffj692WqsycriqWWL8URPJCRZEANTFKCk2jbwQBTkTGxaPZnES8Rw8vIJaXZQyLx8Lbe0aUw0JWlwhxKiXLJwCi1bdlQ9kPsWMcOEODiJMkbeeAvfPvUsupOgJGyQatSQIy8fzJ8vv3orGsfKC0wKN1f98D0PnN2fR2d8j6XnBHiEvbBJtsz4f9acuzrtj7l0NoLg2LI5uhT029Tr3oMp03+gabmdPnTFQAica4HgFZk6/V55mf3PPgfhddrzW5C5kz1F/onTXcmtZuyt9/DlvbeQ6VqUmylCaUtLloOsA6ndOPutt9jntDMwhOKqcjGb1EKFEtx26BFkfTdZ/Vkuq2gyZWOaofaIvD5HM3DMx5RNmsyjhx9OtptUgpNSWltqGuQ7DkUd23PPzNnq5VWtLdjzn+e271AMe9OBuRO/5PXeJ5KinGiltSJ1A0ndJVcguYf0YOWcmTSIl1PuO0SdCPYvxIYVRMkP0W/caDr/4WgcQ862KsJ40mw+FfNSjPwKUFCA3ksHGATalKYrT2vGBtloPQ3ySzsDCiWrrgvyKorspGKmV3D8qvfaVB+vvIjg2qBVKMgH/1dvFPyUJlupUPoI6k6Cc00LDuqgKaIRm4irk9J8bmlQn8iGggrfKsjE/MIElbK0IlPj7plzoU0bFa2X+hSh1Zaelq9axpDex9B4wXJMN0U8pKOnPGV4y/qSU7wyRbn8LYBOp80HXaeofn0enDoZp26jPY4MsCIDosz29PP2fJeS1RsZ89Q/+PSRh2jqpNB8W80HgaPJ3DF1Q2n9+r6nqHAThkZ2yiQq0G3NVnC47W2CRhHIqcw7BRs0XHRBjlhZtDrtJC59Yhjk5Sm7QPovNtDWO/b29qDm9b/nCOxUB6TixlzBIAKXtW7FPZ99QG6bLso4Mn7JeqzYHNO0cqp40/cU/avtOQilu9CIGkWlFM9bxJfvf8D8/0wksX49sXVrSJWUqILqwe+8SbMTTyKsikptXh90OfNfeAbTEXpOmc6OcoYcM0phWCNmmbTocQhdj+1Ns1q1GPnIU5RMn0GGL/GoIG4SPkqKoj4NALieSZlfzM25LYg6RYTtoCDQ7HIgN076hpAIvm2juY5EsvcnsnSRYp6STMOSqM+j81YQatxQOTniEKUMD8t1mfLqG7w8cCBNXdF9TmF4BtbRh3PdRx9hGNHgCKkEARBaR0lr+q7NjDdeZfj5F5Hhu4oGeEMkwq2rCojkRBQsTkskcSLi17n4a9ex+PvJjHvvLQoXriC1bDlGy0bc+tFX6BGDmBYio9jm6hb5WLFYEP3zopz94Zt0OP6kre/alUJIl1SsiKmfjaNug6Y0bNKM7JzaEIoEIONt2cC+R+HyhVx74JE8v2oWmpMF0Soe9L/natuBny3D7HsuT/Y5kZKvPsZXhc6bm69ZuIZNm3PPRa+dw9yh/1Qbve5Lsj3AdUs0cYOpc+mHH9KiT9+9xAHZ9kOQUXz2tLNZ8eHbRG2TMjOlsp+Cn1f1nJIR7dSJWyd+jZtVK4BnVQ7ICd20abP4zXd5+bxzyZSAyBaPR+IlSRltWWv778PfJ01DX7eWS1o0pZltKwckwPnr1JXC26OOZMi4zwODaS+Aye3AZaKi9Kbts2r+dB7r3ANNjxOtRDBlibK97pPrebS/7u/ktWzCqKuvJTMVx/IkS7ttQ0tgp66fyQVTxtN63644wqz0a4JrO/JGd9P3KscmU2la6dzetAnWytXK+K/YtSuTY1S+DQmHbYzCHZNmENmng3LMxa2ogFgLq1jhj9O59dhjaFRSimVL5j5wuAKnSUOM7W02qVnBIL93b64ZORI9vHco2/kJGcsURSsWsXzhbGaMm0BBQQGpVEplzlMFxSydMwd75SoaJyTglVTUA+I0CKA3yxP9pO1zQmyRHPAC0WpFguCHWBcyOfG2mzj68svQM7NrMh676dreEd3aJQ6Icrx9n6sOOIirHrmbBkJRK4bzLzEYiaiURBxdD9OWQ9zFKymmYPZsJo0Zw6ofZ1C8dDkbFs0naieVLyAFuSFNx/Al1+CQMGH/y6/gxIcfQnOFSSTFhFdeZezACxVFrbDMCD3noVddQqPeR9OsbSdqNWoEYclqaBR4NrlFxTzU42i8+bNUJCfX9VhRtzaPL1wCmRkqU1Bkb1QOSJZfpg44gVLlHXk0l4z9CFlC22oS2R990w189+DDRL2gmG5dxOXWiZPJ6dJFRX0kA6JYxQrW8vdufyCyZDGawEkMg2Q0i7tmTSXepDGZXrr2o5JRpLYJYZXQHDZ8M4lHD+tJnh9kfgoNnROee4HDe/Zg7k9T+PaTj7EXrGL9goUUL1tMlhT+SQmIbpDr+qxsVJcH5y+FiDB8WYTjHn/t2JTWSzcqA22DFaLvHTdwypCbtrptgY4FaHgN3RGqxnSn0swqwhm/TUUY3yeeKOJvTTvx8o/fYNZrqtjK9sqWNoiH33wz0x54SEX/tmwyjrbp0/7yK+gz+CIearsvUd/AdAUlHTggQve53tC4+rPPaHhUrxoHRAIcrss9XbrhzJ1C2A6pDIjANWRd2ujEQwa9H3uUwy4agCnihbKwKk9B38FRzD8FXLNvJ7JWrd0Kly6XCwBRhFiTLRpzz+z5CFTogdNPJfnRWFX3FfZNCi2XPMen8SVXcO5Tw/bKab69N61omG2foo1LubNRezKsFFYlFl6BdJQLG5yn8Ydnn+PA8//CM6f/iaIxo1Vhdjp+9j+7IvV+MT+TIUtn0bB+MzyzJkpbMVgJUkRSFmUhjfv33w9dWOOq4ICIc7gm4vHIrCWYLZqpfMaWNRq2xLs8lzWT/8ODJ51G/Y0liiJSjFrF6ihO/i9E6qVWU6gJkpFcbpw1nXCLJts77arF6+Piqik2tSC74IqelCJUCM5lK+kJuwErF83m+3+9zudPPEUDO04yPba5bpjYdjJnRdKVqKKdViwbbYf9GfzUUBofcSiGHw6IE2oQV9ViPv2WTu4yB0Q6N6zfeex3UEe6X3sdEcWm9Av4GSegynUch7Ct8fBZpzL3qy/JjifJFV0MAVTpgZMimV9pYdtSHrqXTkk7lkZZuw48MWkiph7C1n0W//QTLx5wiBIak0RByLdofff19LnpTmWEiV0s0WKx1CSwXG7G+aD/pSx59d8IMinfTrEiK8zDi5ah16mr9DpK3EJuyGxCrh5TGRCBakQO6Mb13wrLzrbv03Zg3bfjeOrIY8hxBSRmEI96XPLeBzTsezy60s0wcR2bKf94gg+vGqLqQkKeZGui1DqtL9e88m/KQzqZrqnGoyJQWhEpEidLcCAJzcZcW8qVzZtQy06S6fvEDAMvO0J5IqYgJeJACWxEjFRVsaIUhKUORjYEj+VZFg98N4Pc9o1JGhquazF08AU0i1u06rwfuft1pOX++5JZt+7PHBBJn2sB7ZikWgLonCk5Jcm4SO5nGykQT1L6KYYeewrHnn82Xf90Onoo47fM++r/mjS+d96X43ix94lE3Z9Ti3oGHHzHfRx55aXcnJdLhm8Q8QIufMl8iQMiGZBBo0fT9NhjayJNYrAkElyeX5d6bhmWHSJupNReEPJ1ioQBqE4O902bjd6otqoZU1HWSgekLe6FJ6arz51H9YAJ3wVQrXSTy8UBiWouBXlRHlm8Ejs3g7kfjuSD087H88uV0Gex5RBx4KhnXqHnwHOr/5z9He5AJagcn6LSVdxepxVZeupnbD8SZZc6EXEbzhn/FW0P7c6S7/7D0F7H0tCN4f+CJIfoSqTCtbll3ULyQ7n4UjKxN6AZf8XzTIo+VSJEcQRePfNM1r37bpUcEN2IsDic5NkVG3Hz8gkr+vvNC06WlQTHBC5W8MNkbu53Jpkrl1FHKtWdIMMv0fVtNQmEJo0UEdfkgPvu57gbrvkVd1b9LxEkieA/jICFAL8y24ZgPRS8TuDbSSaN+pB/9b+QpiUlClIqdbz+dmrqCElKuWGxJjOLP918A8f+7UL87EyllxZSxU//JcBT/Ye+5g4q3FzfZ9KkSQLrrACG7ryxmfzya3zx5qtc8dGHijZQN34h1Sn03GKgSkTD9nj0uD4kP/+cMhNVkCSRJqkZE/58qdco1UR3wiERDhNt1IQu3Q8jp8v+1GnXnq7HHaOKwKWOw/ES3NugHVrRejTfxfI1zON6MWTEmEAWNc2nrgTEEpAyY7x4zl/Z8N5okpanqGPXNajNfQvnooVylNHsuDGurN2MOqUblfEuBvvq/DweW7keM5yOKqQL2ytjGEVPL75kOvd06kquI0vaJBFy+POLL9Hm7D8TcnWlIB4q2cjt+3Uld/Vq4p5HxDNYX6s+j/w4Beo02BSJFcNTNghRNKe8nMI1a/hp4kQO/dPpJDKj5Pw/Rva2Aw8gNXsuUREoVE6XhaYb2G5SUdu6WpBc1TR5RiFc31YUu6mMENkdO3DJw09S/7CD0xTGBiE3pZTNE/EkVjSi4D0/8yWUJHSAEa440+UoUawlFVCWbR3cnk8pKeb+4wU+GjuGm99+H83aO4tAVGRXSABKC7itaWtCpUWbqQvTvP6ydk56/jX2P+csbtq3NfkL1lJmJMl2ZPxFU8KnyDQY8PY7tDnllD2G/74qO5jCrqtskmQ4fLyCAq5t2JxGTrlSWnY1Tzn04oSU6WG6XnUx/e4bFsBsBEwurdKcjREnIxWlLATTnn2SUZddQZYSJQw+R3YDyf8K+e/aLIsHp81Ea90Ub81qbmm+L7m2RHENyk0XV7O4dNyXND+iR1Vuq+ba9AiobcX1KSpbxe35rcgxUhiVHArZv6WssNAMc/viRdSq2xBHt3niuFMp/eIz/EoMcpUHV7bIeKt9uHvWD0FWP+2X1jwEyUK46I6pkAgf33oHk++9WzEfBi5EUPGyZXM0qcgJgiSysKSUMfvck7n8+XdImabSWJHTvqIpkhk5f6U2EofiFUu594zTMX6aTk5SAi1hfC0ZALJUrcHP2/+xdx7wUlTXH/9O3fL6o/cq2BARERErdrHFkj+x14jYe0dQUVBjbKCxxBY1EruJih0bKjZUEOlVen1v3+5O/efc2UUgEXiG8oCdfCyR2d2ZM3fuveecXzFlvRUfLl2jwUmn0fexv24dj04t8MKvjbpF4mq28qEEiRWLXeF91Xmv33cvn147gNJMmmU22I7sHtbdjFxindU9iv/tgVRlaEwuinHY6adz7BVXoTVpRlx+TzpWhhgo5/myhWx+Sx2QG7UD4k6bzHk99+K+CeOx4kXoq8i6/nqIgyBQUqLP9r+OGTcPZrEVUO5aOKbL4liSRJt2tN25M8UdW7Ft193p1LMnbkmxMsEry81v+fxKNruCjX9wr8OZN2qkcjmW/5bdpi0Dvv0GJ1GqNghCRtc8D23xUj55dTgvXnUN9ZcuV6pPWmhRftxRnP70ExSFCVzxxnE9btv/ALyPP1RkqlgYMjOpc9N3M6hs22SViW91HLd0Ot0J33DTTl0p9aQOZ7Pcdjj1qb/T7pjjsEKDjJ/h/T/fwaiBg7AzWZX0pCyN5qecxIn3348Zj2Fla0hNn8WYTz/B+eJHfp40kXGffYqRzbJQ97npww+p6NadeBDw8qXn8fV9j1IUCJE86njIuuyZOpodY5nvESaLKGnXmg49elC/XVu2696DVp07k40lCDAo28hvhSw1jueT/uZLLvr98TwxYfoW6d69LmEVFInt+/hBwO07dcIZPyGSL8yp08gS71kBZ7w2grYH9GLoab/H/9sbzLbTNHAEwyveNQHVhkmfxx5jx5NOWhsgcl0ua7M7R7hRIpTha7pKQPwpU7luu840djOkNRGT0AlzToRLzDiXfPQOrXfrucb7dMhgZ+JUx6F43kyu7NiJ8mXLIlU9TccKBBxqKnPSOfGQi55/lVa9e6FXpTm7fjPaOdXqPEl+FhWVcef08SQqGm92sa0LF6wSdT9k0dKZ3NqoI4kg8x9+GLIZFhhVw4MO4bxXXiIwBZADPzz6BM+eezbJ1RXkVrsxqVk1OfF0znr0wRwkVFogdeHuN/U1CD4qVCpYYtT40YOPMeKi87FcT1gckXT9anVPmbdsyRSkS4vJsvJibp0+FrukqQqpbIJXTkBWv8NQ+ARLFjP0nDOZ+vrrlCt7lUh1IN+E/I9HoyTJLRzLpdmpZ9L34Uc2deDq5O8LlcZPLef2o47B+/AjfM0hDCIp/nXl9Ajc0dEDxfWo6tiGix55mGZdd8aNx5UaZi3Vq+tknAoXte4R2KgJCNkq+nXYkQFvvUX99m3QjVW9KtZ02XKhEz/9hL/t0wtP3MM9i6WGz3F//jM7ndcPXTOV4Z3IYip8j1KBirTOV5jnyQ/4vuIpvHrBFXwz7F4lY1vmQE15fW76cQy+4zP5h++ZNeYbxn32GT+NeFfxVeq7EXtBnL5rSiq58t23KNu5i1JUCa3ImfzDoXfz9qVXK0lUOwxYZvn88akXaX38kTljMT2nY73qFLhcTAVfeYkHj/8/ij0NM4w4IJeOGEmTPfYgqwckZ83jut16YM2fHckyBgZ+IsZptw1izJLFLPp4FOM++UjJ24oO/dJYRPE3Ah8rV8Q4/K676dHvfAVRG/vSEzx+Qj9KAp95pkaYSNCwdRva79adkuYt6HHooTTpsA2haeLbFmEgxFhpR0lmFhJKchaPrftIWw9nSvfKcDVSC2dwfqcuPPbzDFjdcHE9/M7m8BWOQPA8TSmTPP37Y5n24ktqbMlCoAq8mkHa8rn6qzGUbb8DLwy8nBk3PcB8K0OlGyUgoRaQNkyOum8Y3fqeXVvdns0hTGu9xnwCIv7OOg6z3hnJ0N5HUuE51IhSn/BmCHD0kPTOO3HTR58QSxav+Xt9ITgZSlUvlq1mYLeeGKLigysKwKq4EYYmNgGLYyGH3jiYva++FNP3ObtRC9ouXUhWzAuNONv2PYND7r+DcrZSqOFan+CaT1AkdB/mzRrPXe12wRLr1dU4ycIZXGBbnPr3J+lw+DFYpjiBa7izpnHhjjvRZPmazfOkM3zYn+5nzwvOifIOaYkUEpBo/c0lIFrg8cVjT/Na3z9ie/6vJiA50UUyhsHyeAmnDx9O68P2V2tPUrWz/ltr/Zcx4ImZYwjxrMEL117GqAfvojwbrYXSjRFOyOpIIwWXCy1Slk/PQYM58oor/sdRt2V+XHJFNwxZNO47Bu65Dy2XLSMjvjK1SEBkkRH0y7JGTRj03VeYlWVIf0o3Y+oZrxGCvWWGdau+q42WgMgPpclwe7d96DPoVrY9SDS3o0rTuh6pmjSDGjdBTy+j2LNYZPl06tuXPvcMzUlluspzQrgh+b+s1RduT4jpJl8+/gSvn3WmMh4SEyPhXdSUFxNULcfWhXQqsAsxgzJwNB/ROl+aTLCocSWXD/0LHfY/DEOSHM1FCyyFNa2e/hMDt9mFpDJGEriRi71DF6758CO8EhvNNCNPgdVkOx23inv3OojlX36GEUi1CKYmQu74cRpFrVoSkOWt6wcxavAgYpIAhKKtLhuZHKHbtnG8mgiuloN5VTixqDWda3Ivjntse8oZ9B02jMAImTtlMs8OHEyLdq3Y+4gjafzvxBCBxFmGStCkZiSLgUoxxNdA91XrNB9XmSpMRd3beIdUqK2MxnK7hsuLGjFs7o+YZVsHYXD1KOd9XZaaMGrQQD64cYAiSitRthx0rjoRMGTqTPx6DXjn4dv5/tybWWxmKPdkvMvYDcgYFgcNGsw+V4oE8tZ3KACH8ioIMd00T1x4GRMeeohEEJBR80DkFy3cr/3+PIQ9+l5CcnXfj9XDFogMqLQUBUMa8Ne+5zDxyWcpDYUdIkaDUiKxsUXg1Q7p0Od0/vD4o6q6O7jH3oSjR6lix+x/dxr7f/4RDbbvjCVl9sJR6wioBMSD6WNHM2znvTGMDLHVRZFMjdnJUm6bOo7KsqYEhjhu62S0NA8cdSzLX3tjjb+7PGFx4ctv0+TAvTBDkREVm/taX+oW+IFfEhA99Hnl1jsZPaD/GhMQKa55hsnC0lKOHzyYfc88W8Uykg3PhXUNsZX0RLrD8tyLUhnuueB8pj/3HMUZ4WW5yihXpGVXPpS8q6AOEhoXCtyxx+5b4LP4329JScjI3iPU+Pivj/DKeRdT6qZrlYAI1DHUYhT9rjeXP/MPRPM4D+GqDZTrf7+bwjfUhQhs1ARkqebwwrEn03zvPTj4vL5ouVb3ugYiTch923eiasJYElJh1H1K99qTy94aqQjYguKO+VZU4ZBJxvVJL5tD1tQobdwskqdVik4G8779hnt325UKL5KUkz8Tgpu4wMrWOtAMRWSP+b5qGZqmTXG3XTlv+OM4DZtihnESeoBvZDD8pJKQC2uWcFmbzpQuXqjkcqVzstROcvQ999HztBNw4vEVi58izitN85CJb7/BsN7HUSmu7EKw00OqtmvH4K/H4llCkcww4tqBfHrnEBJeqLxLHGVSJiR5kdeFWE7bXDDIcv0L4ukIM1taRtN27Shu3obtDjmcXif9Qc3Ajm9ha7BMnJ6Fep9JE4/JZwUCFkkLKwlDXTgpYpgoUIY8cjencLie90R5RHB+fREzRzkULFTR3QISWYOlMY/Huu7NnjdfSLfD+qzr8NmizpPFwPANlhuweOR73HvgAZQpo4qco7JuUlNkMPjnuQTxIt5/eihfnnYlS02Hck9kJ6NNskB9drv8So4YPGirlHiVcaWLwpUYfqYWcVGn3aiYNlXBdBwRkghMPCNk+b+16S8Z/RH1tt2NxFry7kh/L8RWnoI637/4PFtudyIAACAASURBVH89+VTqi4eOSuzFHV3Q0B6uBSXd9uSij0cq6OYrF1zA+AeHqQ1Xwz59+OOTj2FmbaU4VzhqH4HIByTk+3fe4B+HH4c4OkkFNmLjRBta4eocdM0Aug+4lmLHwrVF7lxnuZHmm3uH8Z6YdOYS+9Xr7/KcFsQsbvvmB5IdOwhuF0vmzvU8N9b+zjf9J6LkXrnt4IZZBh93Is5rr6pOn4RH/kSKXHmfL6VaZcZJV9bj4r89Tr0DehELoucXSlVQBEzkttb0KijItfAaXDwHbM2mX/sWVM6eqyCrsp4px/aVDrXkBjbLm9fjdulUlpZs+uDVwSsQm0mZK33ZDbhZnrrwUsY++hClvq/4hKrzvpK/ivzfvDiQNK6UhYFhsKS0lJu/HUWyWXvlX6P4Pmo/s5JXTR28/8Ilrf8IbLQERC69Go9J9z3CP0e+wvXPvo7CBtXikGV7aO/fsWDEG8oxNhZoLG/ahME/jiM0dMJFi5k9aTKLp03lw1df4ZN336XY9el2eh/OHPq4kvDzdINY4OKnMlzWriUVC5eqrq5QQ2WjLYBwqQ7H43G1KRcd+JQVkPR1FukmbX5/NOfcOgSaRRKw0pGQjZx0QKy0y6jXRvDCWSdRryZF6PtUi8oDGicOvY+uJ55EKOQqO4EhZlVLlzLpnZHcftL/0dALKPED0ppBqsjiotdeosneB6Dpgk33mfzSyzzWpw+Vjq8IxIo4JiZqMYtUNoufSOCWJClr04bKli3Z5dCD2Lv3EVBeSdo0lQKSmrvrsjxLXi5RDYtIgUPWCkUzl421qAJkTapK4ftBQ/nymw+48Pl/rAqxq8V42qxPzalgSUId1GS5qkUTypencEJxltdxbR0zkWTA3LmgW3z0t0f49Mx+LDIN6nmSqrs4uo0derQ/63SO/8vDGHV5bGyghyUeD6avK9ns9JzJ3NimM5XZ1Go7FA2nRQf6T/gS6ajqsVruLuct5NKObalXVY0TiOSnp5R7ZLpxdIOSbdpx0dhviHtxPnj0Pt65+GKWNWjIkNFfkWzUXGScIlhP4ah1BPxQYq3z2Z/+zIdXXp7Dy8p8L+TZyNh2VrHN4LETKW7REk1T4EbFWRAhjlkfj+be/falkRclpF6YJ0nr6tNZXWNBMsH9cycTsxqoZKbYFyxkLcdIre+s7n9AdWLFyE7EMvRqLm+7A/VmzFzlwkXtSLpGoalTbcZJ9OjGgBdeIlNRQSzw0PTfPu7z/JLnrrmGiUOGIAR3U/MVinjlw7Eg6cYpP7MP5w0bClursmIthpSKre/z3IABfDlsKKWBi7ksTUaZDv/CCVHy/cLbUfBgm1QyZLs/9uWEO+4UdDxo6w7Dr8XlFU7dTCKwUROQTOCj/ziBPx5xII99Nx6teC1Y6tWC6IU+/xwwgE9vvZUSL4gcM02Thl135rtvvqJSg0Q2IC6dC6mr+GJaCItbNOTu8bPx4wK10NXEFgQ6fzq0F1XvfxhhgmXjb0LYZXca77Qtlhky8823ic1cSKBl0YXXIf0BM8HSRpVc/8arlG7fKeKeSHVeC3FdF8P16bvzdrSbOpdSz2GJDknDZrngHstLOenaK2nccQemjx3DC/feTcXSKlwno8zKBIW+xLQx992bm//5Em4sqfDisvD5kydxftddqEynCQ0NpyhJsmkzipu35PA+fehyxBHKuyRIxBS+Py74EWF0BaKpK7t4s+5v1GWx+qX9gaZE3iG0QzKCwZdOTBDgpat47+IBTPUWcfljz9b9+9oQk0EuAZEkV/+3+db1bVoQn78QJxSIjxDQdayKcq6fNRNh73z01MOrJCCO5uKKi30YUHnk4fR96eWtEjaiVHhCSehh7sh3uOfAwylys6s8Mdcw6X7h5Rx65y3qVRK1uFodGY8BnbdHnzhFzUeJnAFoPgGxmjTiuunjMYMkX738Mnee/0ce/uRL3JbNKDdl1nFVElk4ah+BUDa3QchDf+jD0udfoCYUvb9oB+ppAaLW2uHkUzntgYcILZtQU0BP5fKcFZLtvMVc2r49TVNZxZkS+1wxaBWzSPmWrK6T2LU7V44aQcwrihIQ2eEWIHNRNTyAKgNKlsylf8vtMKqXrfoQ9VDNQ6kGTTju+uvofvZpZG0Z85AULtXalDLXMCTyCcjYV19k+LHHKd5kTIqQq9uv6xpu/Wbc8sMXOPUrsGsJDa/9qNwyPiHj33UD9KpFXHns8RR/OQUtNWuVBMRQeAofV9dIGzbFvQ+k/xNPkimtUEnJ2tCsW0akCnfxaxHYqAmI7wUYfoa+7Tpw03sjaNhhh1o9GVGDm/LRu9x30ME0zfpKvUnTZIBL1p3PvJVSuILsyI4qMBxmJmweHD8DrVGJgn3JJjaDwSvXX8p3d/5ZEckD3aCqxGbwnGq8hC7oLYodj3tPPoFZ/3qTmF8jllQUu+KmrjO7OMZ9o0ahtWmLGUsq/kUkswnmssWc1XFbGixcRCJEydcm3Ui9wyFGTNXehBLnKEJ3BDXSmG9ZLGnVnKdGj6GmPC51OGWoJMpbZtbh5vPO48gDe9H5gAOgrBLPEH5KhHmVOoLwNZTEZICSyMsT+kRxRH6zrh35BSLflZHNWeD5kK0hZol0o0tVuobi+dUs+3Y8bzwznPEvv0GN7aFVVnDxzE9oS5O6dlsb53pW6oBojiQgzYnNW6i6ZSoBMcBq3IDrZs3E8AxGPv4gn519/i8dEE25VVAUBhh79uSK999Xia0cdbpLtr6jq8xLpcng8vx55/H9o49E/K2VjpQd54+v/JOWB++PromHee3EF7Ih3L9/L6o/+Fi5assmKG8MKh2QoLSUW+dPAa2YMe98TLPO7aho3IKU5lMa6PiiGrNVSgSsh4ctENVUigvat6H1vEUs1m3ioaO63pmYzdJ/8/Ru/e5HEttso7iAgSIIGKrplDVDLCdgQPdd0b4dhyl9Q00ArjJnR74hUufpdtFVHHBXf0qyBqmYQVFeUnw9XP5m/RWhJBcyqQe8e/31jLp9yH/wLxKazYKO7bjpvbdxGzWgVJQbZOEywdUF7FPLZP+/BOyzxx7hzTPPJtQMxfmUfcTKh2doND/1VM5+6CGFpCi8a+s46pSjLUpi2U8t4ZVrb2L8ffeskoBIUTUlhs5lZfQ8/XROufUWfMtQRq0Ccy2oXq1jrLfQ0zZqAiIgwbThMnT3fdjrxkvpfthxtQqrIwWR1Hwua92WZktTCv8uHQJZTGQTLupOIn8rfAzVNdAgHSvHaNGIa19+ncr2jUFLqA1GtaYzfvgTPH/KaRSrHbzNvFjIZd9+TutW26m2cYoscyyXUedez6SHnsQOxLonVBUwce2e0KQed47+lJKmbZSUZy7nIe1DYtE0zunchaZLssQ9IbE6CuYh6je64ITFxFxJ2ElFzWC5DkV7dufat15H04tIWR5F0uTPmSGGroZnW2SE7yFdFdE/9xw0UxmlSJtATdppqfAQKjhX5NCoWF85Nnmtwr3BT84nICKzLEQWI+Mo35KJn3/B8If+woz3P8Oocagu0oi3bsgRp5/Coaeewcz6xbRYaODEk6xNkGiD38Sm+oHVEpBrWjYhuXAxMkJVAiIiBS0ac9W0adi+wXuPDOWLvhexOAfBcnQXJ5QExGdRu/bcMW4cYa4ctVUlIMrcErSqKvq1aE3r6sUEq5FUqxIlXPvtt5R0aItPNXFq17mtBl465VQmP/13PDziUn7IVSskAclYFjfPHk+irIm4njK3TKdx4OELL0XBw6RyWzh+UwTCkJ/HjmPgbjvTMe0x37Qp8h0lBLDE1Clu35obxowna1skRGbUEOllDU14UlaETx9+xmlMeOo5bD+Ds1IComiGhsHJjz1H45OPoNwJSdkmRdJOKyCw1FqZISCZytKvWSsq0guxpWK20jG7OMkNn40ksV0n6jsWy+JSoguIK2nJ9cOl+dv5FzFj6L04moGuSUds1ZEkyIcz3xlBq30OUgbJBRfJdXvTRJVSSim27DEy1fTrvAv1J09aJQFxTI1l8QQ3v/E2Vo8eWK6DaWlR4qGJXHXhRVm3aG+ZZ23cBCQLrp3lkVPPpd3O27L/pZeK1U0kvbZmdb0o+rLpchxu3n1XrG9/IKtk23xqdJ1skU2VdApat+WsKy9n+332xo3FKC9qALZUVRQFXZHiJDkxHI/5P0xkSA9RrXKU/4Z4Iux23XXsMXAA9TM+6bhUu3SsTJbhNw5g1D13Uhp4qoojClQ1sRiLyhLc99Vo0o3boJsaSTcDRhxPdzAXLWT4rX/iXw8/Qr2MR8J3sRKGSj6qg0A5gKbQKeu0A0OefhyrdSvQ45vH4qXa6zJZR+5OUWwNlesIV10W55ggWST/MSDlZ5XZV1LTsERX33Fh7nImfjqKZ/76EFN//IGs66DH45Q3b02fM85kr8MOh3/zGEjaBElLSQDGClj4/KsQEZrlGdQ4XNOqGcVLliphBl0lnSFhm8YMnDhVqcp8OuhG3hxwO0Weo6qSkqCU+BZVugv1mjJw1hQMeyvc5vqw3Aio/uQj7tuzF7op8sarTvZziou4a87PJIsSqvSwmojdWlcGAfW8ct11fD1kiOIH5Pkf+Q+mdY1z33ybyv33pyR0cAxRyCoc6yMCIiry3RN/5dWz+mF7AptKqw5fIgxZaCW57M3XaLjffuqnVk+88wWSEUMGM/qaaxHH8zJPpEVEETAUNhCL9RgXfPIhrXbdJVI+y/Go6l6/eX1Ec83fEe3rIyRCfpLKOA4v33wdPw25Fy10V3hxiLy1rPv1DzmYU15/gWQQU/zL9b0hlWd4yz4H4H72PrZrIoWX1WV4UxX1GDJlOlpZIlrHCpvidRoskYCHEM01NGcRV1W2JlEjjNdf0LxL7JBThr/ILr1/Fz3fAjRxnWK7tZy0cRMQD1wz4JMHHuLbD97h4mf/rrJgNXGvg5um7ziEhsVffv87Fr34agQx1ULSTRpx+0cjcZo3x9aLVOFfuh9CIUjIhjjwMXKmh3LD8me6SGQuT3NRu5Y0XJbCCsWQT8PevRuXfPoZyWxIOhaQcAwyRoifqeKt2+7gw9vvoFzkNbQQXV68QCds2ZwbvhyFU78xdiD+CtEknNJDUoIoXroYfl7EjyM/ZvqEn4jpJs133I72e3THalQPvbhCmY7FpNKpLi5yC6/bRySxKET4PFlcoAl5U3O5dgGtFYudVFU1LFzED6+9z8vPv8D0SZMIHZfFVg0ddt6JI046kZ323IMwUUFJRX08w1JcnaxwY2zF5lGjQ5as/70hX7ejuq5Xl4+zJCD+8hquad2MsqoUWTHPCww0ca5t1ZiBk6bhmyZvXHAenw57hIRU1uW9kY5bYFFlinR1GTfPnEqiXsW6/vwWc16UQ7v89awzmfPEs2i6j7caRiPo3Jn+X36NYfh4mvQ+a3dkAo/RDzzAvy66iGI/VIIVKzZpIhuqwz63DqbnFVdRhBOJA9TuJwpn/1oE/IAHTj6BecNfUN4sIkAtbBqZXqcmirh/xiSseo3WmIB8+/zz/OsPfagBSn2B0QZKttkKYGm8iCu++IyG222HJsTzdVzLtsgHJkuCcCFzNycgNWfqZK7s1IVmqZSC6ghEWKGyNENBiw+98y66XdQXceqQ89d391XW+wtbtKZizgwskcvX3QitsNIRtGrFwPGTCHPiEoUEZN1Gp1qXczJXC7/6kPv2OhgzG7nO5/+y9ujK1W+MICytRNJ/4YQUjkIE8hHYuAmIG5CxdJZ9P4abjj6a+8f9iGbZilMhm6K10izFtVu3eO+Wmxk1YADx0CAIXeYlbG779lucbbajDFdNcHl1aWFeRG4Z0ZEvzqgNgOdz6yEHo733GY6eVtAlrbKc/vMXYro6Gdsn7kdtdlXRr0nz+m138PodQ2jopbF9TS1KrrTvW27LjR9/wKJG5ZRK0qG4GFEiIQmR/KUqz7lrkWsSDKSqxkiZTnY1drQ5yfWE6uwolUGjlL+Ex+JkVeLkpNOYto+ZCXCm/szIf45gwmuv8vOi+cxdtkTBe1rv3oPefY6n8Y4dsRpWUlHaGFOR+KXdLgERHTL1FNQTlKBE1fyI16L+c213f3U2iv/bha1IQPyA7JIqlYBUptI4hjh7G8Q0g5rGZdw8ZQahafHo4Ycz890PMLzMincgFkYJiBMk6T9tIiUtmv5vF7UZftoPA9xJE7l05840qZGWnfCzVgWJN+rzB8565hnM0MXTa5+AiPjuuKee5NnTz1AJiKoxrPQTMk006dOHU595hkTg4ur22ufCzTDWG/OSVzhsL1rKeTu0p8l8gSdG8FeR1BWY7oJmrfnTtJ9I6GtO98aP/Jin991P+Scl/UiWXDLIWAizEglu+e47Ktu2U4WjFevLxrzZuvJbIoyk5WTb/RCjKsUFXXei2Yz5eH5acS+keyjwt6xpKf7N1Z+PodFO2yNCD8rnYz0W3mQMCLz3qoZNKF2+QDR+CTUxtVo1YOZOO3DtF98QxowoOSlU6ddtROX4c2bg8+ipJzPnmWcjnxCBw+e8Ww4d9gC7nn0auh7DIBLaKRyFCGyaBMTzSZsGiZoq+rVtz42ffU7DZs0JLFHEXweagptmmZWg6t33GHrwQQqza+ErlY3ed91Djwsu/IXkpiayEMeIquaqcp5L2NUrIHAuQobfcC0TBt1PjV2j1FKS/1bEuG55DYYWI2N7mGQxhV/hWGpzl9KyvH3XXYwcMBDN9/FKymm10/Zs+4dj6HHw72hY0gS92CZjCsncV3hWIzCjtq4ytMjNsJIBaYH6vxlNLY2KCyLkxvVdBVrfw10mdTVRL3dYPPlHPvrni4z+eCQsqmLuogWkfZcDDjmIdof3pmmb9hTXb0plk6ZYRhpN8FmSVEgmIYuBriloltBwhHAoGzO1OZNnJbKXuWZQvq1b6ID8kkgrCJYfUD1/Ede3bUUDx13RAbFDjeqGJdw6/WdCy+Lqlm1Izl8AQUbFVoafhUWV5RIExVz4zWiadtp2fQ+Vuv99gc8Hd/6Zd66/BtOX5Fc2IauSQHoOuo29rr6amMjn6qKiVLtDeFkTn/s7T510MsVelIDIJmzFJAykdtqBm8aMiRSysBGP08Lx2yOwQgFpxLv85ZjetHAcUr5JqMxUJQHR6X7O+Rxw/90UraXdPOXr73lst90QDax4IBX+yOg2EWpMTcYY/MNYKlq1KSQguQRESacvz/D4Tbcx+f67KMumWWAHVDqi5xZ5f9SYJlrTSm78aSaGZZA2NOKBvl4RWPkE5JqyCkoyVfiyDkspUXgeKx3FPbpx0fsfo8ek4FVIQNb5rZNEUuYyJ8N5TZrRbvFiZREgezkptspS3++DUdTvuasS1NGl3Vxb/Oo6X0zhxM0xAhu1AyKyuI7hEHMNBu6/N7+7+FK2P+J4DFMq6pIdr3l7GfqhciROzpvPhR3bU7860tU3NZ02vz+WY555lpJaLtxfvvQSLx3Xh8B00PwYhuZy5ZjR6NvvohSsVldp8AIPI+Py09djKGvSgNJmjUnYCZU01OnEQYmf57bxirQfqI2QresYuZ654m+YIE1Uz0lTZBmYnuDmspAJWPD9eD59ZwQTvhnN4rlzmDd7Fl4swV6H9qbL7ntQ2q41zdq2o6hRYwXN0guVpA02J0h6q/sGvu6z8Mdx3LFTZ4qFmyRJt2r5mbgxmxvnzgbd5KryUopCg4SYRhGS1qEsgEUxUR6Lcfb7r9N+r15bvKSxECclaQsk+dd1nJmzubLTzjRdtoQlNjRyYqS1yDBQJSP/3mSe+vIzlBx1FJWuTWhJ/GqXBouryKRHnuTZc86kSLwNcj6pKxIQDbIt23Db2LHUFCVIRkJMheM3RCAtMseBT7VuYHk+b156Ph8/8CAJTxJuXUGEhP8hG95Dnn6M3Y47VXFh13TMHvsTw3bshKEFSvwjrdrnIXFJQOIWQ34YR0XrtpsJdPY3BHUdPxIEIbqnERouY177B0/+/nTKXCkt/XJIsUmS76IgRoPzzuDU+4et47fX7jS12nk+muNzaZN6NKzOkJLtcRD5uMiR77bYPXblspGj0EwNU6peBWmmdQt2GJAKfOyFS7i0aSMqNUMVGAMR2dEsFggyZcZMkiUlaFZhQlu3oG5dZ230BMQ1XCzP4qGzT6NFh/YcdkV/1dqWQzgVazoCxd/QsDJpbtmnJ+GX3+CEBpZsdjt34qovvhK7i1odk7//nqFde1LfS5GSJIISutxwCcfc2F9V3+XrVr4q8VkwhSvn+QTix6GFxHVLbdzq9IZbhKZyruKSaBie4JiFjBzB3+RPzcAhlkpDVTU/j/mej999nzmTpzB/xiymT5tCWcN6dD94fzrs1pX6LVvReoeumMkSaqSibusktCy+LEI5ovj/YiJVq4e4FZ4s/gaymAZ6wIT33ueRgw9cJQHRdYNqQvq9+z7NOnXk6gaNKRIBWV+24OKrEiUgiy0ZyzFOfPMFdjio9xafgEiuLbBHSdJsP8tz1/Tnh3uGUepUK1W9It9W8tgRv8zANTSu+PwTzF12oVhV0INak1RlUzxy4CDeu0Vgox7GaipbMnyrGzXijqnTSCfiJAoyrr/5jRYQXSzwSesGiaXLuXqXHdFmziLhKakTNddJfp4ydU594TmaHXkMZWv5tZk/juX+HXdSXalSX5QGhfsWdUBmJ+Lc+NXXNOjQcatPQCS4buhTNfoL7t7/UPCrMP4tY7zyEegaRigqlHFOfv5pOv3umN/8rNe4V5DnLN2qqhRXNGtIoxqHGi2aM/8jAem6M5d//DmabSgFwUICso6PJAxIex7zPviIRw47UOHMZW5TJp+aTdi+NQPGjstBpwsJyDpGdas6baMmIIQ+rsBu/Bhv3/cnpo/6hHOfegHPCtBDqZivOQERjwPLM3B1l0dOP4WFT/5dkUJlQsk2bcyg8ZOgOFGrBxjOXcaZe+xOpw4taLHvbtRvvT1te+1Ns4bNI0+N1RKavNquwITyaKq6+Gqt7rEhNBOJvxl64Dl4NsSlOLWwiklffsOPH73D/Lk/M/77H1jw88+UNWlFl332pukO29Jshw602akzseIyZWqnfEvk/s1ooyYzTMRJkGch8ASRDxZCYS2zwVo9ua38ZDFYk2gLwfnp4Tx/psB7pMobqM21VO5rzJD9rx5Ij9OP5pYOu2D7KNdhGcOOARU+LDXB9OMc9cKTdDn6uLrdxVsPj1x5fgj8MgiZ/8kH3HbYkdSrSWMpSUnlKKTGrxlqpHWd5brPbdNmEW/aBHFtVpytWsKYPd/h72efy7gnH1ObL/mOlWc6+feqigrumDmTTFER8VBW8bo4q6yHB7CBv0JN2YFLVrf4+fU3GXb0YYrHJ4TxqMyioeka1UbICbf/iW0u6kfRr7gx5+fQcW/8k+FHHomj6ZR7upK6FjhuLNBYEkty4YcjadmlS7Rx3Zqr54HPwmk/cfPBvWk0aRbVpkdsNUU5ib+gcGaUV3L3uB8oatx4g4wI9Zr6Aekly7mubXPqV9WQ1sNVEpD8DwfbtGPg9z8SxAQCXVDB+rUH4nkec+fOpWnTpqrYGorHjh8y7A8nkXr+7yzWTeJIgVa4rDHq77c3F7w1Iprstub3YoOM8C3jSzdyAuKpydsPbRZ/9Tl/PvVE7vhqHG5CwwistXK/snjEXJOUJbjtwYy5YqAy4jNCl0WJGIO+HUtRh3a1ejKe6+PoHkk3INQtNMOkRpENcxtrkapepYTzX76+lhuSWl3gbzx5BQkz93ktVUN6wXxmff8dP339JfMnTeaHr79lweJFlLVowu577k3jdu1o07UbbbrsQmhreJ6PZSUUdyXamkWcjUiTKmLXi3KJElZXmYiQ/OQ/C43XV8omhWMDRUAlEgZa4PPKoDv45ObrVklAjFwCUtFlLw664RyGH3Wq2oRJsi6dPSHhVvqwzATbS3DAUw/S48STt/gERHhZUgNxFi7i9t4Hk/h2DMv1kDDUFafMVVBQ0YPQSBkGYYMSBk6diy7qPjFbqdzVNgERY80h+x1MZtTH+bdxJTmMaH5ZVlTEn2bOIFNRoYwKRQC8cNQ+AgqaGEihy2b4eecz+cGhBGEUzXzxyBCitAZVRaXcNvE74o1a/dcfUmIbYcizF1zIjGFDqRZHb19coALF8RO55uVmguNfGE63Qw5BM42tdqMlvMDqebO4v/dRGN/9SFXokgiE27kqBCtSMzSod8LxnP74k8RrC1lYxyGhEhDhpFTVcFmzBjSoTpP5lQRkSUU5d06diVGajMppBRneNb4Pebi57An8VJqzmrVkl2WLmGXZJAJHFbpco4h2//c7Tn7yyUICso5jdms8beMmILkIy2SVyWS4sF0Hhn38FrTbHjsUads1q5HU4JN0DVIWzP/gbR7q1RtDqVqYVIkh1D23sWu/izd7GMkvCI2om+AEUpuNSMNSmY2wVH4uGQiVuohocUt1W6Tu8F0ycxcz4esvmf3Dd8yeOJ6xn37IwlSaem3asl2XrtTr0IWuPbrTZucdCW3RDCtseDarCSCM6JyOr/P0Wacx84knVrl82ScLxM4qq6DL7nvy7euvrfLnkhq60s3SXJbZJkff9zB7nX3aZv/u/MczVLtOX4guYBhkpEq3bDEPnnIas15/m6QnRZFfyrSSDGR1kL2k5lp0GtSfY6+9vlZDQ+hWkuDFFO/Kx0st4/qW21NctYBqDUo88dSWJCNS6xP+WyYW49YfJ7C0dUvK/0vntVYXsBWfHDiu6u4ZVUu4ascuNPx5Hll5/itSP41qU1dk//IwSatLT+HoIUPVn+YhtFI+CaUDpnkYc+ZzQ8fWFNcE2H6oxoZIr9tKAxBSVoweA/pz6FWXgR5TJreRwkAdrEqt53FRTUBxRtQiwV8yj78d1YdZn45Uty93L3+JJL3yydXNyLfIClju2pzx6Wts260nhl47xEJtbmGFClZZKaXZGjw/BkY29sFU7QAAIABJREFUQjasdCxNmFz1xggq9ulVcOdeKS6SPJrK08BUgjAyp/npFAktQDMsfD1Gdvosrum8HQ1TYtssBskWy42Q4iCgzRVX0WfwoFxSV0tybm0edOHczTYCmyQBUV4cvs9N+x3AyVecT6sjj8OWDYK+5k2wEKfFTErpic+ewSU77ghuCt0uIda4ObufeQrHXnbl5r+JkspbDtakug259VPEo3xxcs3R9Q0vS1BTTc2SxcwY8xXzp05n3Bdf8tkHH6JnQppt257WO+9I0w5t6X7ocTRs1RpXcO2aTlIpUOV166XvvOUvmJvtW/rfLlwlIDp+VuO+Qw9g+Qfvr3KWKJBEplryTlkYvjARfjlcUyrCNgk/UOTrw+8ZSq9z/rj5vzurxUo6cZKWy3ZflkBj4Tz+esFFTH3+JWzfUQvr6pwMV9eIhTrzzSQ3TP6Khi22qdXQkSp8JOcrkC2fj4cN482Lr6bYr1FV9LgQNWWTq9ZkEa8Qz6EkgydOJtWsEUVRi7Fw/IYIiL1TtZ5l7O338ca11+DpHom8MUWO2y9PRzbNcT/O4maNuGvKZJV85EVEBFoiz8730nz95N94sV/fiMQeRKp8AsWKiSGtfI8Zo8Exx3HxE48QWnE1a4eGzN5bwXzqQ40B1sL5PHryGUx7911iXlbBmOTuRZI3a0G5oyEgx+riOAQWHXofzElPPyizD9YG6oDI0FmRgDRvTmL+XHRRs9SdX5Qyc+PLNS32uLE/B18fFRoK4McoMFLYlPGuip8CGxXRkp/GM/SCCzjooF406NCWmhkzGX7N1SSzPhlNoygwVQJS5Pt0vnkQh117Vd0X6PkN80zhI+snApskAclf+kN9z6VN04bs3b9/hBWVsuMaDlHPk5dBJjYrm+Hvd9zNzrvvxra79gArSbZoHaR810/cNsi35GFT1X4W0zSVNK/mBwqzrHsuWiZLeuYs5kyexPyZUxj11rt8/f4HFJtx6nXsQv12Ldmm2y7sefABxDq0UJ0htIizYerC11CAKWFo5Gz9osk2wr1ukFsqfOkGikAoXB6RKK726N++Peb82eqX8gqTSsxFirEyhmQhUfXHXw7JPcN6rdFjCWbMn0qfu++m17nnbKCr3XRfK6KpYj0XOB7WnJ8ZfMIfqPpiNPU9l4yoTyky+i/XJ++Ha5qkzDjdzzuXw27rT5lVXKsbcMlgiZqWrZFIVTFo1x44EyZiB46C/kQmhJrikIUCadRgaXkl90+bjpdI4usesUJHslYxz5/suQ7paZO5a68DMefNZrkFyZUSEOkKihJTpWvwc2VDrh79Lg3bbrfqbwWikqajVy9l8L77UDPmh4j7I74SYh+lG6pgZmgaVYZF8QEHc8OLz4Et1fxQiapsFX4HmYAws5Rhp53GwlffUD4Pfm4CUhAoWadDqLYSxPbuzhVPPoJdrwFuTMxlbZLyAsZ/02Nepw/lIXS39NwH/5uPMbOmUmha3QfEMy0annAC/Z54XH1vIQGJwhs4oKerGffJe2TmLcaIxSlyMnx8/1+Y9PVXOGLQbPiUOaFaaxxdI5lLQBK+x5533cM+F51fSEDWabRunSdt0gRkxH338fOnH/GHZ/9GXFjRa0MBKSd1qa74ivwkWE1lK0FADKmyQHJLmD7cAG/JYsKli5g9/nvmT5/GOyPe5rPPRxOPF9GqeQuatmzFTvvvR4+jj8SqrCDjp4nFinGUFrtOmeJlyA4nyiykk6rYG2qBiABdK9BcMukWEpDNagYQFSwpSU38+Eue3Gc/7FAa4L8kIJJQrlA9U4owq96ebMJ2uXwAR1x9OffccCkdu3Sn9xlnbFYxWJeLlUQt0EzSk6Zy68H7kZg+F18ZCoo/j3Qo5K1YCfSoQXUiTsPDD+Xivz2FFsaw7LVNTKteSQ0eyWqTbDLkhycf5h9nnaueVVxQYLKBVUaEmvqnb2hIx8XZtQuD3nufYqOYtOmRWOtkuC53v/Wd4y6ewwM9e7Nw4neKp1GZjWTFVxyaRtYwWNy0Pte/8Sb1Wu9IIrnaljOXgIx98188ffjhFAUiLQqiwhj1NQyE3SBeB1UlRfS64UYOuvgCNCOuCLhbCwQrnani6SNOYN57b5O2siSyUXFL3iYl0CLdIsPG3XUn/vT2e1SZCUGpEZOCmK+RNUNiG7BTlE9A/npWX6b9/WES6UjxMUojfzmqkjY7XnAhJwy+Q5lUFvjSuQQkVcN9p5zMoldfUQm4F1rYuvgmZ1TBUg/ENyV6J1TnTwuwcxAsSUD2ued+9jz/3EICsvVNw+t8x5s0AZny+Uc8eHo/Bo/5Cs0QE6LaLfTrfJcb8EQBS0Xe3RpaThZL7JakSuai59DlUYJk+CGWnJMOISavrauqnY7rk54/l2qRvP1xLP+6fxgTp88gLC+ntGVLylt25JBjj2OvQw4kLIqhmTp6ATK1AZ9q3fpq1fUTmeQcll2kqEPxv3GXc8cxR7Hs3Y+xsqsBm1e7hZhusEwKjr6uEs8qPcZ5n7xFy117YIo/j+1jScdMwba2nGx0FtB82nQu33MP9AVLSXiOqoLmk++YKCSFFjW6AKcCAsOk1Xn9OHvQAMJkGWYgqklrHg955/Q8bNJMw+JESOX0KVy76x5YixdEJly5Q6rrUiBYEI9hHHI0F/e/nrIdO2IYRt2W8q5br4W6mgxLibulLA0CJaX8wIEHMvurr7F8eV/y3d6A0IAgFiPwbYr37M5V/xqOEyvF9oz/LHx5kHKreOKo/2PJ++/heVFynz+SxJkfz5BwoKpzNwZ/MhI7Ht+i3pv/+qgD8Q/SSKRdlsRrGNH3Wj544nHqyyrnBthBoDahnm5j+QYZK2RRRRHDJk7BKCrNGc9u6DVeZkqfQOBWUm/Tsrx42Q1Muec+ZcJapZmYhqd4KbGyelS1bkn7w/+Ps6+6BD9preBl1cGhvlEvSTi6P7zyd5469SxaeAE1ssfxxcgRMoYYNOeaVzqklZkyNM7GIyPc0KDKNtnpkF4cesP1JLdtg67FyAYhsZK1iV5v1Nss/NgmjsAmTUD8JfM5a4edeeDLrzAb18fUN0PVpGh3uKLZoIh2kck5CAlVOg4iqWmC72dxA4f00uk4cxfx49sf8tpfn2LRlDloRTYlzRvTcJvWHHXeZXTarTsZNyBWWhJBNiLchgLXRtj+LWeTuInfgbr/8wo3F0mz5hpaLM0sZPRdD/D+TUNo5GRZthKR+r/dUAyLGs2jWNSdtIAFzVtw74Qf8OOlxNwAX0lhR5XgLWpsLVzCJTvtTMWC2dielAsMFamoaqeR1QXLH2IHCWY3b8KpD91Bt316kbFNTDOpEpC1FWllyxMVfKN3clnGp9ip5oY9emJM/AnDlUX5l6eS1TVsPWRZq+b8efwUhZULMAuVwt/wJjp4qh+BeLpccgnfPvgQManKBlECIs+5xoR4qFOt23S/83r2O/9CbM0kKWUhcWNdbU+cCUPmvvMO9x5+LOVBhtBbCcOlXpBojp/aujH3f/kd8Yr6ERxyS5+TMwFVcZ0iP0AP0tzRdiec2dNzhZEI3pvRA+WTJQW3pbbJYXcNodsf+2IL2VwX2OiGTkAEbiqQIB995iyuPOZYar7/nsYizKKB5QnzxGGBbbDvgOvpec1VlHsx5emVf9VFGGJrPoSfK2N5yg9jGHr+hbiTJlC+OEXClcKqQ8LTcQRxYlokQ+ERVrPIkORT4hYqOL1AgLMxHd01meE5xNq15/aP36Be4/Zbc2gL975aBDZZAqLao57L9fvtxdnX3ETjQ/choW9AQOh6evQry9sqkptsYhSuO8ASOFjoKeKv5mSVsV/gCCZ5Ou88/yIvP/QYelWKkqCCbFmMdvv24PRrLia5Y7uo+6PF1QZJo0atcoIjjoRuFVND/UkBn7qeHuRm9TUh4s2dlq2WkyGZWs49J57MnHc+odjNkLb9yNNlDYclEsnio/Nvc8L55SWc/dxztDmgF4EeIy6JsiweW9AGKv+efv/sczx05hnU89O4oQAP5R2NNpHqtm2bRbZFvQP255a/Pa84U17cywnhijHZ2gnheXO7UBINTVdeR0OP/j2L//lPTCUasYrqrpKQUFKwu+/ODR9+hKG5YMQ2qxFZVy42nRFDWI/sl58zuNdBlGRdvBxUSrZDwqNbbkp3y6JJr/059c3nKAtLMBXnUCr6AYmVZlU1btw0jxx2LHPffVeJfsjcvvIhXMOalMXtS2dSVdaIenUlGBv6OlIeVUUmRZLgLVrAtW064DrLFe9DvFaKdUMpjsWFDyDmmq1acMd335EqSVIUWMo0Vcb+hjzk3fYyWZwpP9J3l6500hOEmZTieol6ZmnWwselyrI56pG/0K3PaYR2tMLmU6OtPQFZ8XwUXi3ANbNkZ07jLyeeydLPviYTWixsXMFVjw3jnYefZN4/XsEMJSVB7YF8gWuZMUVKd6wQcQfxfBtz1x0Y/OG7hULLhnwBNrPv3qQJSDqAf5x/Bo3rtWbPW66hiDXL8NaF2K6egCjDPalOuy6IFN2MaTxy/z18+NpbxNKBUoVwGpXQ9eADOf7i8yhp2ZKqInlLocQoUpVRWzCpCmSca29YsjrmuRrybzI9CnQmX2MtiOTUhbGw8a5BqNQyCnT0GZO5qMuOJBZnKTYN/MBT8ohqyKzhEJnl0PDwjARar4MY8MqLCuvsqaajpqqWWxL4Of+e/vTW+/ypz4kk00vJBJLA64SWgRtLopWXc/HNA+l40L7oleWRD5AXgqnEcdVCuQ75h+qoqBKBJ5K7GT588C7ev/YmknhklPOydF5+2cQqMQjToOVpZ3PKg0OxhO1p1f25b+ON93X/JT8jHZAMV7fbnuTPM1USLc3ifMPJFcndwGBhk/rcMmEMSaNeJCtoStc6Mp5bedzLuJn4yqs8fnwfYkFGcYRyKeSKi1oes7hgxJu02KeXUlTS1iVLXfdbqrtn+gE1hk4y7bNwyUwu3GEPXM8joUGrbIoiJ608tIRvOCtWxI0j3qb17j3I6L5KULKGrjojG/JQzeI5czilRUu2kUQpjFTwhBtabfhKStkT1Tnd4pxP36J1l30ILTGvjK5KRAoioFHh8HEwApOUKMThc+XvjqFJsoirbhuEXlnBsgULuXKnnWmcrlEdR1Hvcy2bufEimu69H9fc/yDZpsVUhy5lmKQCl7JE2RantFgYKb89ApssAZFLToU+X9/zAGNGvc0fn34e29wIECy1UZMVSlHl8Cyx19PJiqeCGJAh+MYQO+tjSUemOoR41Kb3TA/B3+uZDFZVNct+HMfwB4YxZuRHpHSD5dKaLyrhoONO5JhTTsSsLMUsLSJp5Ts7uYktD6daZaKTTUp0/JJm/PYHW/jk5huByM05GqeOQBrcAN3T+OJPd/Dyzf2Vd0VOlGfFCBKISY1KKORvPoEop8nWVzZIoUYDAqbGLYw9enD7cy9j1CvND7bNN1DrcOVSnXVrasikUwoNaRgm1r89N+xYDN2UNz1i7kdVzzAHw6jtBsRX3SnPy5AY9SkD9z5AdVrkjRZwlvQ15Xm5KhUxSMqzSNpc8OZbbL9Hz42EjV+HYG2Gp1Q5aZ4461zmP/UMxXh4mgUiPCBzuybgLI1FMZsD776HA885E0vaXuLinJ9lFU8kQgfJ/E51NffsvhuLJ07F8jyVoMjG2fYDJdThGjaTOu7CM6PewysR0rnCLG41FaE8GjgQiFNVGr8kKeYQXLf7rpSOHU860JkSi3N0/4Ece8nF6IaY00bRXpdkvtZDUCWbIa4WvcO65/OXfpew6LG/EXpLcUSy34vQA3Km/D1thdSUNuWOGT+RTSYoWrkDtvaGZ60vcXP9QDR7aTllRXlRxL1IR3NDasZ+waVHHcB2c30WWQZl2RAvzLIkabDfoLs57OzzVCdZYPUCG45g5JtrJArXvaEisEkTEIGVLP7gE26/7Fz+/NlXYG14GEIqtynI1yOLxB1a8TWEyyGYDCkngxc4pMQ7QU+RcFzmfD6Gvw25myUTZ5KqqaHKz1DcpD69/+8P7N77WOySMsqaNCeUaoEd6drKxCsvX6Glu6GG75b5vSsnIELqi9U43HXKqUx55VUaSLdNYZxXIhWoRRXibiSv7MctvNBBPBEEdhTqBnMb1GPgo3+hda/9cC1Bv29oMETdfDYrdzDXH2Y/ICvdqTk/02+bjjRPpVa5eVeqwvn1VyHdTOyeu3PdGyPQYklF3N0qZFs3wJCo8n3cn2dw/2UXMvXz0ZQvqqJYCkRKyQqFUy/fqyfXvPwafnExRi4BWflSZEy4YuQaOHx49wOMuPpyVbEX88rI0FOjTCr4us7ceuXc8c2PJBpW4FmGkpmNCCAb4Obq+leKQa50kbyAdx9/kI//+TIHHHkM2++9L8Wt2+BaMSJv8Q14KM8sUX4UKlVIzYzZXLx9J1pk00gFX0QmIsvPlQ5To9UJp/GHvz6IpYn4zYaFhW3Au98oX52fMwVubixeyr0nn8C8Ee9SHPjoeoJxjW3Kl6YwNVfpkV773fdUtGkXcYMKsd0oz2hz/ZFNm4D4HubCJZzWtRNPffUNNGqyweIoN6o2HI44rsuEY6hGiGNJdu4R+iIt56MvWsy4UV/wr0efIDvrZzIzq1iUrqG4Q0sOO+MEmnXbiXiThjRo2gLdKlKGYjHFBFH1lxy+XDRQQzW5bZiyzwYLU+GL60AEVEVWofIiNYO373+Id668lPqui+8FVBsGth9hrpSbtm4QBj6BGWdeUYKTbh9Agy5dCaX6GItRWr8+TSqbKv+DQLXTBZdb6LOtt0ctstmGz1vXDuCLO/+M5mdW+WpP04lLkhGE1Jga85IlXPvGqzTZowemeJQQYq2N6b7eLnYL+yIX0uIkqfskUjUM6bEP6R/GYYcBWdNmQaN6DH5/BMm27UG3cjK5q244BeCYwqK4ehk3dupGOH0Kcd3A9x0ltStFpeLQZI5lsu2F53Dm4DuUf4v8TwzatqYOyMqjR4GbQl2pPwp0SboQ0mmQaUs6Q2rbv6H39rnM3g8DDC/kw6ef4c2zzsAKBW4KZa4A9CKdOqVWqUdiBGe99Rpt9juAhOeBueGJ8ZvzW5dPQPwan0Fnn8nUV56mVDNYRow9j+/D7wdfyfXNu1BEBrd9Rwb98BWhESPxX5L9zTkOhWtf/xHYpAmI7weEgce13Xen35BbaX3gIev/Dlf7xqWZFEWGhuVkcJYs4pt33ue9l18nnLeMhROmM8NdyA6778Zexx9DxTZtKO+wDfUbNCJmiTK/2EeLWpCorEQJjMyy4UqcDYG7RNu73MK0we+o8ANbWgTyCYinh2iuwx2n9WXhK8OpyEpXQxIQHTvXwtN1DVEtCYpL8Tu244bhz2E2a0lSoChy5BolInClxmSeWhTpGhSO9RGBLKSDJVzWpD0tli/Hyckl579aQJ0xPBwDZpRVcvFfHmGHow/BMTSKQktV2Au489/4IEIXV7OUSFzMdxhy4L4s+OZbqjyNtof05qzbbqWifUt8kXkPNYxQZJVX1VVW/SsnxvA7b+OzWwcqnoAow+l+1AGRrnh1cYLiPffg+hdexoyJ4WD0+mzNioRKSCaHrYmgWVFRYwXCWIK0EQzh1ZQm67Ibcv911zH1Lw9QL1NDGg9bMqOc048yodRCGh/3e05/4lESsWKsHPD6N46+reJj+QTEzdTw808TMVwRfgjQS+I0b7UDy7UUgxLtWJpYxg3vf0Kjrl2wQwNfjxLSwlGIwK9FYJMmILJOu4bHi+deSrxBOUffNGDVXZGyDc5dumhNm4Ltle29/E+4G9Je9YjncIlK7F1BTkJ8SzDXIbbnYzgOzuxZjHrnbaaP/IJZc+Ywfsoksr7Hzt17stv++1LWriXNdtyWho2bYpiiFRTt2CIFlBykSmmgSiclwp2q4pf0PcLIWyF//FeKR2EM/kcEREJTTMKSAkAJQsXBL+yKozDJcBJfitD3WT5tBjf9vg/Lx0/G1nQcQ8fSdWKlxZQ3bsCuPbpTufcedD1gf2Kllcp1Ujn+rnh1omptXip2VfBWYWD+rxFIBxqZ+bM4Z5tOtPcCgqBaPafQD9AsE8eHpZZGq0MP4A833UKL7TqpeUyGu3Q+olyysFD/lucQ6ZXJvB9iaiHvPPwgI156iUv696fprl1xTPGUl2w7D7rNvwm//Jpi/3kGX7zxL2aP+YZ6lY158/4/oU+aosxta2JxuvU9mRNvvRW0Miwzepd+kQnZOp+fxEDGcSRuHeUaudVSYQIkPhtvAypiMAHOsuVcc/QxBJ99QX0cUnZI0kH9tSyRxN+mLZePeIVY48bElSagjJ+NwD39LYO7znwmWjFESy5ihdhq1hKCfxYT36ni9Mo2nHnvtfQ683z1Psr+TPZfdQF+HohUd6Dj6Tq2skUodLzqytDatAmIyLXpHt8++CQj336Ty154dhVgSFaJj0bOqjJNlIlkjypJ5aZ++XeBORkBqSCDZmto2WVkpsxm9Av/ZPHk6Uz+fgKTpk/CM0N67NOTtnv0pGGLVnTssgtFjZuIDmdkA67ndMC3ICnSujLIfvU6livreqUIplYvWcUKu+NVwyXcvzCC+NjZnLyPpa3Y3LpagOP7FJETOlgpYa/zz38LuUCpvutuQHbhAn769mtSCxZSvXAJvuNiFSUoriyjw25dqeiwTSSzI/JjhTVwgzx9L5XGNA2Iiexr5Di/tjlFmtnKp0VydnGn9+G7117g8etupOdRR7HHEYfTvFsXvHgs6qKsqsq7Qe6j8KW/PQK+6/H1w4/y5uXXoTnLycZLWOg57HDS/3HibbdRUa/BRunM/PY72Ew+GUJK3AO8kK+fHE6Pk47CMOqglYIkHREZN5oLCnNvnRlgmzgB8fF1jVkffMJ9l1/KnZ+Pinga+SRASOF5I79Qp0oETgiIhx626xJm08yZNIkf3h1J9aSpTB8zlknfT8ItjdOpV0/ad96Boh3asWPX3Shp1JhsqBHXDAKpTIrvhugFysqjqmd1IVevM+Nio1zIUrXeu9hz5mD7jtqbyQJfOFaKQITlw/VD4oYZYa0lYQ5ElScSXZd/GoGYfIlDerQ7KuyRNt4okjlMSORBKH8X6IGDKUmJ5NbyZ35MPRtP5i1ZAQMPv7CL3SAPKNBNBNorlXeZ0TWp0StX2DUcuYqorD1BGOJ5ot4TEMvqVMfiBHZAkRNg+B5KUKBQpNogz269fGmo4ZgWhlPNQ2f2o7FpE2/Vju17H0iLLp1VlUtfBSMmvyoVsMJR2wgozqtohmqiGupSbQXEZU2qY4fMBa7hY/omToMGJO3iOnaFW+/lbOIExMHHJjt/Dn27dOWRiROIxWKilamSgoWhTywMldqCyCMuGvsTYz//koUzf+bLT0YxY/JP1GtSj/bdu1K5TVta7dyZdnvsQb2KBjlDP3lFQgzZGOSUrsJc9pufg4Toq6AphUVl478FQgBMVdGv1bYUZZbhKmx2IQFZ/UHI2C3KGQ2u3iDKj9sq2fEqQnq0AKhGYeHYKBFwg1BVxeMC9gmgxsoqcrLMMb5q0MaUy7xA6sSDINSlAFJo9W2IhyPO5kq7Qf6XUyL01eT/60fMieC0eRsmU+C+hk7CM8hItwpX8f4EViL/zMoJhaNORkB8WwQQJuqBZZ5P1hBX7wROoCtltJifpSZeKIGvj4cn75mdy90cgcaL6qJd994NQSPXxLKUZGMcfvPN7HvVpevj9gvfsR4isEkTEHyXrG5hBA7XdNuVY26/lR49euCns8yYMJllX33DzCmTee/N15k/eyb123Sk6bbbUa9dK3bZb1+279aVWFEpXqBjWjae42P5NRBPKKWrIPCV4JUkGXlsqiWuQzkOh5Izze/U1EJTODZmBBw3MmH8640D0P0aAmUiVngOqz8DCUlGlH5ySDW1n8ohS9S41iDp5uRmcuErbG833kiOh6Yit7q4eLqg4m3loK54PALp0aMNrC2mhIGURCIybOFY/xGI+Hk5jp7i8EnSsObfEXcW5QMrnxUvp8DH0Q1iYkqpaIgBWUMguhq2ZJSFR7f+H9x6+kaFpNMhFoDt+GRs8GWjbCQUL84zshj5uTL/m4KEKBy1jkDk7yJcEPAteV80nNXk4Wv9pRvgA1KAzlguRa7JNkcdzW49e2yAXyl85W+JwKZNQAKXrGbhBVnGP/sMT/e7AbOihFmL59O2bTsadN6WkvoN6HnwIXTcbXdIJiP8tKGpSqJUuDYeye23hLfwmUIEChEoRKAQgUIEChEoRKAQgU0ZgbyaVwHtsimfwqq/vUkTkDQ1JLwYjq4TZFKE1SmmzZtDqx07IgJYpWECPxDtbo10JqRE2ns5cz/B4UaqPoWjEIFCBAoRKESgEIFCBAoRKESgEIFCBDaXCGzSBMQhwA40HB3MUCOrofwNxFBIjsDOeZhKEqJw7YYiAK4spFhIQDaXoVa4zkIEChEoRKAQgUIEChEoRKAQgUIEhOodMnr0aLQw35/KRUWZocm/r8C75rww8uZL6yF6kWBPiKMHJDy5GCEO6srOo0aDhIhg5USx5DIiP9PouvI+zoUEZD08iMJXFCJQiEAhAoUIFCJQiEAhAoUIFCLwqxGInGAIcomBEvrImxxHOUJtjl/vgIRCzFMihviBT9bPENcNrKyHlnUJllUTul6kNLKOxKNNwS+uLddzc7jGPAG5Ng96fZy7Jcay8Lx/fWQUnvf6eGtWcqCvxddtDuOyLl7jprim//ZY1/bu1IXrrIvXuLZrWj3WmyqOm8N1bonXWNj7bNz1evUxFJRZBDELP54gtE1CT0e3LGWoa4naw0oyzFHzYM0Jya8nIFlIx0SAMEup68C8+Vzf7zzGvD6C+j7Us2NK3nZtP7ByuDaFNOjaFFBWf5ybwzUqlZfaJZq12Pr891MjacvaHZtDLFUTrrY3Vrsw/MfZtY3lpnje0mz8f/beA16vosygt8RDAAAgAElEQVQf/86c8rZb00MSCKEHiICABRCkg2tZRVcEsYC6rogFpCtgxRURUFZ/q6KA6K4grBUVQRAkIkVKhFBCAun9trecMjP//zPnvLel3Pe99+13hk9IcnPOlO8z55znO08rNzdMM8i7HliWK2/aMM2AZSPOsR7yHf2AlyLvemA3ep5jfRvrMcex5rQNATHfwh1+jcrF0sjb6D4jENiODtDNODYGBYiuNqzt68GJnzkPH774EqBrapTRFkr7KZFKRWmZddKonbQdEpDN8JDq7Ufh0cdxxbvei9l9VIggQIgQMt7ZJRo+BocvV6GZoJ6nby+3IFszzLEewfdx7fmyRNIMWDbDHOsh71Z9duohb/PslPXa2OnFY73P6yHf7SrFYyy5EebZiFiONadtyF7tz4/iNM/l7el6yLtcLJthjuZbuON9Vw15jz7o7k9ExMIN6XeOhLKxnnOo/ffGNXf9HPas+QiTFpRl6VpY4yYg/WtX49IT3wq25ElMSzEEgdQnolRoi+oQRB/V8o6O61FrvBg3UurrohnmGD2E5WFf6vp3dB3x2nLT3zcDltFLt7ZYlrsnaYa1xzKqnVNOq/0ch+LCSp1nPZ6d5pB3+Vg2orzr8TxvS0DGflfWA7vR8xxrX9ZjjmPNafsEpLbv79b9FtYWx+iQq1ytovbfwtaV99i6z2jppCEhwBGA6d89O0CS2wgkwwADdjn7U7jg2q8iTNnlWUBC6SvBHNh+iI3/fBpXnHQkMr0+unwg1FRD1lhNK1WlMNcZBAwCBgGDgEHAIGAQMAgYBAwC9ULASyYg9jsYX7/nT/C6k0gMc+TeXkzIoAtWIJRSXGDl/ffihveehXTPZtheCFezHSIg5do76gWBGdcgYBAwCBgEDAIGAYOAQcAgYBCoFQLMSqJgFSAW7o2vPvAPqI7UoI1rey5ZgwQk9JXKvvgMLjzhWMxcswl2PGNyw6DgpHIDmmq1YDOOQcAgYBAwCBgEDAIGAYOAQcAgUD8EFFy0wcfmJKAOPRpX33MPfEuBUaas7cSEDBIQkc2pr7zlFASLF8MNQ/hC6kxL5FNryEf9BGpGNggYBAwCBgGDgEHAIGAQMAg0MgIeTyJFBf4YQ68rsNd5n8fHrrgIYcbdbkzIIAH5803fU/ed80kIO4BLpcnLDkFtZFjM3AwCBgGDgEHAIGAQMAgYBAwCBoFaIFDo7MZVLz4FTJ8Hl4oX6iwhQ8kOBgnIRfvvrzqffRE+83WRQ2P1qIV4zBgGAYOAQcAgYBAwCBgEDAIGgdZCILBcsJOPxZd+9RsEnMMelb91kIBcaCVUpxCgnFcej1LtmmYQMAgYBAwCBgGDgEHAIGAQMAgYBMpBwALHmq5O/NerLyHf1okks0Zk0x0kIFcxrgKmkJYMHpdghoCUg7O51iBgEDAIGAQMAgYBg4BBwCBgECBnKw7krAROv+Mn2O/Uf4VrWSPKrg0SkCuj2oKmGQQMAgYBg4BBwCBgEDAIGAQMAgaBcSPgwEJPQoHtuTcuX/IM2pVtCMi40TQ3GgQMAgYBg4BBwCBgEDAIGAQMAjtFwIaFfldguWL4r74eTE10GAJi9oxBwCBgEDAIGAQMAgYBg4BBwCBQHQQo35XvAGuUhW8PbEHGNQSkOkibXg0CBgGDgEHAIGAQMAgYBAwCBgFdxBwWsFFZuKZnA9KZKcYCYvaFQcAgYBAwCBgEDAIGAYOAQcAgUB0EOCyETGATd/HN3nVIprsNAakO1KZXg4BBwCBgEDAIGAQMAgYBg4BBwBAQswcMAgYBg4BBwCBgEDAIGAQMAgaBmiFgCEjNoDYDGQQMAgYBg4BBwCBgEDAIGAQMAoaAmD1gEDAIGAQMAgYBg4BBwCBgEDAI1AwBQ0BqBrUZyCBgEDAIGAQMAgYBg4BBwCBgEDAExOwBg4BBwCBgEDAIGAQMAgYBg4BBoGYIGAJSM6jNQAYBg4BBwCBgEDAIGAQMAgYBg0BLERCqaRJywJZRKmEBBgvKSNkgYBAwCBgEDAIGAYOAQcAgMCkRIE148BcDeAOoxi1FQFxNOgCutxeHzwGp/6wMDZmUj5xZtEHAIGAQMAgYBAwCBoHJiQDTx/HUGGxJurBEwAEnUo7r2lqKgCjOwBSwIQnkHI72ggU3tOsKsBncIGAQMAgYBAwCBgGDgEHAIFAvBAYSDqZ6eaSkDy/2FKrXXIrjthQByRPXUDbed9O3seCUk5AIHeTdIvurN9RmfIOAQcAgYBAwCBgEDAIGAYNAbRHo2OLhiycdD75iOQJywTIWkMoKgHFyvErh2P+8CnNOOhEdWQ5LNYCjW2WXWZPexkLN0LqaiMEMYhAwCBgEykZgrPc3dTjWO3zbPkrpdfhUR46wvfHG6rHcOY51fdlAbueGic65EnMwfRgEykUgb+Xw9Xf+KzrXrgMEPSlj7eRyRyj/+paygFiwETCFnBX9osUlhHHBKn9bAGqsN7ka+wM2nnHNPQYBg4BBwCAwMQQq8f7etg+KsCynUTTmsA/JqG+GVn/G+M6QS/XO2jZzrMF3qRLYloOiudYgUAkEJApwwJBQDBZZP1T9TSAtRUC0kBhDqJQORifqYVVCcpOwj7Fw0/t3EuJilmwQMAgYBBodgbHe3/TuHkv9GKuPcjEYPSZxjyhhzI7bWJRn9Bxr8V0aC5dSsC0XO3O9QWCiCNC+dLiNUEmtuzFDQCYK6aj7WXSgQqcmOg0vA0L9gzEPWio8kebvrgQDSPMv0qzAIGAQMAi0IALF9/f2PJAZGzo80odI8UkS/Xx426aPUSdOxet36OU8rL/hY44YZNTYxb6KfcsdzK3Yx+jvVHGKg+uqwrfffBtb8IGZBEtKCUsfOhD9iNLxjnUEUX1QWsoCEnMN7T5Ev5iuB1JMQjbWa6P6YDfTCHIMuBohh3Qz4WnmahAwCBgEaoWAVi3oO7gddsBYlC1ykGDEDGQoXWc0y+I3YKiPkWf/xet3nOR+yB4xeswiDqI4dsw4imPR9XoJ8fxHz614/+jv1NB3KZpV3EtFYR/r2zgc24oObDozCEwAAY9RWAJgKaZ/F4aATABNc2tNEUjBRo8dIh1GZvMsLyFOpKYzNIM1KgLF08xM6CBrSaSFhGAKJj9Eo0rMzKvZEODgmjDoX/rPQivvlooKjtE7m+t/Azi30JHOoNCfQx4CITiU5SBIuej38vAgYCcTyAobWb+A0AKsZAKhAjLptFbsHceBSDkaJtuO4iwdL0QYhNoNOp/LIQwCCM8DCwRSloM2x4ELCVHIo911kaK/5wVCPwcXCi4sDECAM1pN1MhNZHBdjINUqGhdSq9LjlKi6L6CBSQYh8M4AiVhyeGOXgycgJhAk3LkyXFYNNPouRPpM+7JE4DX3DqJEGgpC8gkklvNl+rCRo6HyEh66dugkytTZb7mYmjKAYsnpFmbQ3Cg3Ve6EBIf9SFvysWZSRsEGgABG45WxgUXkeUiVoK1qwURDx4V5s0yB70KyFk2UnPm4LA3HYXDjj4Gey/aH8oiIsKRaEvDTSYAuwOJTAqcCAZnyPsBOOewbUtbFtxRHhz0TA/30lJSQgoBJhWkHyD08kBYQCGX1SQEUmHt8lVY8uijuOeuX2LDqtWYLQpIqQDpMEBSqIg8KAWmqQf0+4M8G+jnHAxCR3sOtZDeKwroYxaybkL/K1Gs4a1oXRmv2EZblaYKgaQAXCViUjTens19BoHJhYAhIJNL3uNerQuOvCXhKoYeK4F9P3IG7Cld2zXxjzVI8QOwPfeA7X0oxrpurPHG8++lzlGf0o1yHxjPeNW+p55zJKWFWiYv4a9bj3/+9HbY0h8zALXamJj+DQKtgkA/EQLLgcMdBIEHbqXQC4GedAJzDzsIp571Aczac2/Y7Z2YOm9XtHe0R0GoPDoUIC5RzBdZJBFceiODJ9XIkHFS9oc3O3IsH2rEFIpN+0PRwVXkxhXFhJAXOousNKHQRCMfhOjfuB69a1aj0LsV9/3sZ3j07nuQ2NyLOU4KVugjkAES6STyfgGJMBg5CQ6kpAscdyTO/fXPoVQSfCyfqXFuAsuy9Lv/u6cei1cfWoyOUGnrTP0968e5IHObQaDGCBgCUmPAm3W4JLldWXSaxLA2k8bXH3sS3fP3GFcurFKV4VKvqwampY/N4o8pQdG4ecFKX0/l0GRUmCdWNuj3Phlgy0N/xbdPeiu6gwGTRa1yUJueJjkCbjKNNaGPwpw5OOljH8FuRxyKGXPmYdfd9kaobNik96sAjKyO2k9IILBdWIqD66BJQFkx34hfYz4jy0PU6Eke+lv0M3tUiiphjeIf+p5iwCtlpIzSfypyv4zJCRcWFFeQ9DOyrfuS/LvgkyuXRYn1I5er/p71WLHsBfQvexV/uf0OvPzHP2KG58MVIyeRTwBTvQSck0/GuXf/H2ztc1YdSqCtO4zhmlOOweoHFmOqHxGQBimxMMmfCLP8ZkDAEJBmkFIDzJH8gFMiBc/OI48kzn9+CWbsvmDw9L8Bpmim0OAICCnw8uJHcOtRR+kYEHfQd7rBJ26mZxCoMQLFMmHFVLUed+BIBc4UZMoG8gH6XAebMmkcfMrJOOK092O3Rfthym67gHEOzlqz/hXRDRaG4IUQq5etwCtPPYAHfvUbPPPbP2CGAEIZYDflInny0fiP3/wKXCURn4NUTII0B320ol3DGL55yvHY8qcHkBChdi21JP20cQ+jKgaE6cggMEEEDAGZIICT5fYRBIQlcf5SQ0Ami+wrtU5NQB5+BLe+yRCQSmFq+mlNBHwL+vRe15RgDAmpEHIHeSeh4zf2P/PdeN3JJ2H/E46D35ZBylew3CgoXBfvG51Tt0VgKma2ogB3y7YhGAMPFDDQj8f/8iCWLn4ID992O6YdtB++9Is7ACtR8WJghoC0yGYyy6g7AoaA1F0EzTEBQ0CaQ06NPEtDQBpZOmZujYQAubwyWMhTMLXDkVUKbYsW4shzPoRjz3gfrPYu7T5Fbk3kYeQRYaEUm9rFqWX5R8TIGLkCR7EWHMGwYuoKIVywQh5r16zEzPl7aEuQM7GkV9tsC0NAGulJMXNpZgQMAWlm6dVw7oaA1BDsFh3KEJAWFaxZVuURiNPpbm1LYvohB+L4z1yEN5xyMjxmg0sLthPHVugEDxEJKcZ8UywGhXlUWO+u/Bon0iO5b+q4FaIilJ6XnJ4YLCEQ8BAu5QyWLkKXw64wEIaATERw5l6DwBAChoCY3VASAn0uwxxfoZ8DvVYSFz3/DKbttsdgDEgp7/jRXrGKUSYkKopFFToZeAO4DUQhjTRT+hPlmnfqntSdkriMSC5DJ3/luhjrGgFRSCh9qq04G01Jwq/QRURAli9+BLeYGJAKIWq6aQ0ELAjmAKwAm9LICgbftrF1r93xnqu+hDee9FZY7amaL7X4iiEVP/pz9JYv/pwCrjkkLP1jMr0MK1QY1xwZXu5QUpIOKoIYu4nR/VE2LAuBit5MVpxZq/g9IYuOfhUzILSHMnXVHIxhAxoCUk/0zdithIAhIK0kzSquJWczTA8VtrpAL0/i8ueexPTdKAh9KBej9j3eSSPXgOGNk98AZdayI8WYMp7UuwVUTEpna4mS2itOhbXqOys5qABE84gCU8ubFFOU5jJmMroDt+aLMhaQmkNuBmwCBOiAgVLYkttVj2thfdLB3u9+Lz573X8iaGtDKDjaKZahxo10fx0Mr4OtycIiRqTJUsrRGa0EJ9cnCUvZOv7EEkSioo/B8P9r6kGMg16tPKrpQWYbciVj2mLBADdOqxt/LHxua2zowKVRXMsMAanxRjTDtSwChoC0rGgruzDPYugWChspAQtL4PLnnsVUTUDGYSCIicqALUDKdRoWklQrqtK28vFA4BdAx3CBBXhUcRdRYGclWnT2F6Wm3Fkbui662qEP+rBbKM0jucSV1OL7OBOwhYWQTlcTDO0l3VzZi0wWrMriaXprDQS0rk3PKedY1p7GBbfdggNOfru2WNIrkSwF4LXPahWSbYKMFlJBhQJewtF2U4fIBWV86t2IdS8sg92TBe8ZwMZ1y7Dq5RXo3bQZ/Ru3YMuWTfB8D1Q53HVdJDNpdM2cjo5p3Zg2Zzbmzd8dPDUFYWcG9qzpmDZ/LtraZwHcQj5OC5ySMip6y7meB2FU72YISL0lYMZvFQQMAWkVSVZ5HQWLYYpQyCZtKD+B99/2XXROnxG5YBUL8Y0xh+KZPVXIpUYfuJmvPQiqaxqg7NiUX+WFjNF9ASGc3j48+r93YGYgIBWd7VWmWbF/gRA775E+tsRV6MNNuoe0GdQw9zQuFVh8wjjWzDg5g2sHiRCWtJFzE2jbZwHmH33cWLdW/N+NBaTikJoOWwABekI9Dqyb3oUrf/17TDn4dUhZIi6gF781Iz+nmjZ6P+vign4I6QUYeP5p9K1cib/e9Uvcf9ddSGd9/c62VYg2N4lQRbZaEQqdChgyHCyNRLOn11/RSs6p5gjjEKHEAJEc4l+Oi0IigT0PPxwnnXkGunbbDd37Hgg+pR0q6cTHN6WevFQPKkNAqoet6XlyIWAIyOSSd4VXO76PYrEo3sYEx1eX/hPJ3faGE6U0qXuT0oPo8/GpmTMwz/fgN0w+9+FYlxsAQp5uNnxSCpSPXc/8IM655Uc1x9pYQGoOuRmwARGgVx1lryKbRuTmpLChLY3TfnoHjjj1FIDnwVltYz7ojRJCQNs4BCACoS3AfPkyPHX7T3HLdf+JGT3eKDTLfw+VK44sA2bsvic+dPXVSL/uILhz9oCv3bYYXF8hSJGVOrIpU5V1m2IJyx2kzOsNASkTMHO5QWAHCBgCYrbGBBAwBGQC4JV568QICD3oAbkxIMCuZ3wQZ9eLgJg6IGXK3VzeaghobyudZDeKr/ZshsyxR+Gzv/gNkuk2gBcQRYTUsGkGIhBSdq18DnxLH6465V+QXbYC6VwWaQ74FAMyolWfgPTZFtqkDRsW+mWA9L774fM3fQ/WwfticzKJbpXS5INcxaDiKu9VTmZiCEgN96UZqqURMASkpcVb7cWNj4AUZ7UxYeGrS5cgOX8fuMUKU9We8hj9Fy0g582YjnmBhzgkss6zouFbg4CYLFgNsJXMFOqKQJGAUOBHyBiybWl8c+kSFGbORZLsItwHWG2TRNCceoI8upmPn3/2Yjz+3VuRUlm4FH8WE6Vwm8QX1ScgZCuiJLuKSR33RrGCWdvCxkQC37jtp2g//iiwTDdyuiZ5iJS2LU3suzTW5jAEZCyEzL8bBEpDwBCQ0nAyV20XgYm96JuBgPijVP/6bYTWICCmEnr9dpAZuXEQIAuIDq8g68c+++CSvz2KMJXWMRehHcKuYPKLUlZNcynkcrj3K1/DX771DUwNPRQCUv4jNzHfBtxwdOxa9QkI4UT5SaSOgWGwldAV4kEFGplCT7eD/1r8FLDr3vAdCUdbeSf2XRoLL0NAxkLI/LtBoDQEDAEpDSdzVUUQGPlhaEgCIkKI/izOmzkF83yJxiEgExSAzstPaTJDzDnrw/jIzT+cYIfl3065B5b/7RHcfOQboSwJmzSLGjfBmY43op1IioSwqYgbh8XIIYZDUrriiqUdqPHidjrcSOUx1I/iSAWSAoT1T+LfFaVHjeMV6HdXe9sTOlEVaje2D9KftQdMPH7xz258HXVCmZ6KuRdIQaT/ol6GWvXV2caQB2X4JiWazuq3uhzzTngzzrvj91COBSaA0A1qT0Ao1W5uAB+dPw/Te3Jg0oEjc4OA1ctAXdwTEf0oxsxEf9G1CG0LWS5w8Jnvw5nf/TFgOwi4gCMo7TiVh48KNVal0QTAcO0px2Prnx5AUobwGLmDFdOaVWXUkjqlSJiAKTg8yqI4wBkSVNNq+PNWrFxZUo+NeZHPoyKcyVgWUfWuxvFbaEzUGmdWhoA0jiwmwUyaiYB0Y56vWoqAUKUVIiC7nHU2PnLzD2q+30gBXVF3AsK18kfqb6BT70QBrJHbOAXpk3rd2m1QmYzqwulWVPCKK4+h0SfgxbxD/eQdRG72VOtBAf6waF/thz8sRIDuD5HQxENTPSbhUFY3UhCKiZ2or0lOQPpcG/u981/w/ttuh8+idOTSCcF1iHrtmt4TfgH/MXs2Zm/pjauLj475qN18Sh3J1ZaiAH0WQ9vhR+Kyu+5EfmYnbGXBkRySqsKX2lm51w0jID1/egCJRiMgRD6YgiUiopsOR8pzdF2ucpffCNdToUr9rqGka1TEU6EuB1uNgEUzzsEQkGaUWtPO2RCQuolO12uJCMjs938YH71lclpAJOegjxbRDqqDOe/09+KAN7xeB+hT8ckorXTdpFS1gaWMzE1UVE43IUHpsIUQ8H0fhXwB2YEBZLNZ/au/twd9mzaiv7cfgech9Hyovn7Igo+kIvWYqlZ7Opja5RaUIPsaVcZmum6Fwy3wMIRFdjel4DKmq30HwodjWwhDSvK6bQ2hFoR+G5mS4qfrawDI2xZmHfF6fPK+P6GXWeiUDqRVewKiC45LiauPPx65xX9FSvhQTXCQHHAHSRlokpHlQObNx+LSX/0fCql2HVdIBQ+rlri3gQkI7a6Q6shQyRbmYI9TT8Tup54c78X4KWuAmirjfeFFrzGl3zUkhnQoceeVX0J7z2ZdFNO05kDAEJDmkFOLzNIQkLoJMiYg0BaQD+Ojk9QFCyxyKyL1lwjIm777Q7zlw2chz6OSk+SGRAWZW7UVl1b8RBf/TrVppBCagOnaMVTzjbCi36VCEIbw0gxChLAY1wRCFvoQ5jzk+/qxZf1GYOMWsFBC5D2seWUlVi17Ho8vXoytr6xCm2XDdehUWiAlQ6SonyCMiuwNU4uGF9xsVRnoguCR/oSAW0jO3xWXPfEocu3tSDEXIYvT4dYSAFLWFeD1bcLHXv96dK9Yh24vW8sZjGssqk/lCMooRg59CsKx8OarrsBxF1wK2FZUPX1cPZdwk/YBA6499QQ0mgWEZk9ulo4CBlgCb7niEhx5xRUx5Y8QaWY1fbhMyU067YW4cN8DMGXFS/C0c61pzYCAISDNIKWWmaMhIHUTJSmNlkQy5Jj6wQ/g32+6aYypbO98urzZjzbxq5Bj+WN/xY+POAaMh7DqEQPCoE9G6ROVsy2ccMN3cPxHPghpu3G1+dHOSOWtuWGvLlaAG2uCg0738bNKOpaUcWE5Ef1ZV5Qjd7X4GtJkpILvRullGbmxUbFMZkWnz5TeNZ/H6leXYeWLL8HbuBkvP7UEj/zuLojNG9Dhh+gMFdKKwVMSBepHAomQ+ouqb1ONioIldVamVmqKEmPbDi5e/BCcQw9DcgDY2lZAd63T8BLGFADPJNSGTbj2/Euw+n9+jNlwwCgg3Qa6Q4YBRq6LHAlyb9Lh4dSoUGpcsb0Owol2YRTUn2DA6nQS1957L5yF+wKuG5lB9GM9BhUpkuGxriuukXxKGcOP3voWvHTfA3B1gd0ouqnebpx0iJJUQNYCLJnEUV+6GMdfenksruKzXTXntJrtAsqOxiSHr3K4fMG+SK9aSd6epjUJAoaANImgWmOahoDUTY4xAckIF9PeexrOufW2nU+lVIV1J72MJiABJFY/cj9+cMTJSKtQKzy1bnQqmIiDrLOWjeNvuAFv/tjZYJwIiIx1leb/MNca11LGoxNq2lZMkAAYPC8Hb6Afz9z3ANY+swS/v/1nsNeswu4eh5AF9DlKW6MoZicpuHYnoT3Uak38/4HMHccei8/8/ndQzIXkIVxe2xgQwpQ8rmhURrECCvjbr36On3/1ashnn0dXGEQFAAV0EododkxLQ9LvmoDUXzaBzSC4DSvTDuamwGUx9kgNuR/uYAORxY+aLHEdxWxbfq4HKghhSRXVI2kAAiIY0KGAzTaQCV0c/pWLccIlV0ZSK5VgNcGDFkDBCRl8nsdVu+4DvnZllCXNtKZAwBCQphBTq0zSEJC6STI+2KdawYkDFmLh0UdW/WM0mBUpPll0ZBK5Da/g6TvuhOQKvA6n2cMJSM52cNz11xsCUuNNGUoBxRl8UmQ52TiIlIRA4GPpIw/j0dvvxP0/vAlTpUTKD6DsiIQ4kvJukcNFazU6oIft4n23/QSZ096KOQNJoK32ayS9Tavg5FrEGAJt/crh4f/9KR747x+j7+FH0aVz0IboS0h05ahCR+TKEyV+qr/mxygeiWKRFNEiin+gAOWijWTnmA7PuFUK+iOcB4WMrX9FW0wpPVTvmpEEJIFDv3whTrr0qqq/86u3ou33bAhIrRGv7HiGgFQWT9PbThEwBKReG4QUBFcxFEix4AztcVXjYS74FZ9aMZaieOBmSyqz5iPPJDxSPIt5WSs+8o47HE5A8o6LY6+7zhCQGuJPQ1EgPClvXIVDSqtWYDnynMNnIdTK1fjZF76GR35yC/ZQPmwB9HMXCdmCBISscgzY1NaFrzzxCJKzdwXSNa6EPmoP6KxYIaWpBkLpwRIBljz5FO79/o+x+te/R/v6zfBToT75d0WU2lo2gHWK3PVo7oEVZUZyhYWErK41Se9XNmRhobimqsWdlPisjiYgr/3iBTj58i+1lPWDoDAEpMQN0aCXGQLSoIJpzWkZAlIvuRIBcTQBUTowUeq6F8OyIm0zsYnnzx8kIHHfvh0gRUqNdquh09Pan5jSAW4xG75v2TjqOzfixHM+CHAnikAntrRN8MpwcBQkJ79j8jnh+tKqO2zFvvl2qIMidBG26Hy39Dbc64JIJ6eJ00k3j/z3SWsj1wz947hbJhW4xiPW6gYXGv+AXFbi03KCo2Qc9O1Ku7tFNUQi/31qtDcpQIdiEXKWxMonHsH/e9tpmLl6vU4aQAHxxUD1OnjwlQ54GVdqMkbgKQfrpnTgW0/cD2fuPuCkOHMWpRcdljWAlN1qFtsbtFySJSHysQKoEKAHhFYIpfJ45E9/xFM//jGe//vjUOs2oitUsCmzWixJZjFInTy+dkcAACAASURBVCUqfqxAlSmipq+Kt28FPD1HIE1YUaNMd1RGkZJNBJFfVNWaI6P9O7j2OMNZ1QYsoWN6x1JMVZaT26ONY644H8de/rWRcTBjhsSEEJxcHzkEpfMt851TwjS3vSQq5KGJL8lwrCEFuQUS/qKAyxbsg+TqlTqZgmnNgYAhIM0hpxaZZeMTECVChLoQYaPVARmOnXnDVuqBOPDMM7DPaw4Ec22dNYYpC2wUARlUkrQyrlBgFl579ocRZNLa9z1RqcnsqB8FbEUet33g40gFHjIevba9skZ1HFdfn0omYTuOPmF30mm0T+1CqqMddioJWDZYwoaTScFt60Bq2ix0zp0DtKUwEAY6AD2VSGvFjgI9qaijrv1BRQZ1utPySNGYC6CYDxXC7t2Cqw49Et7ql+AEwwpJNojbz5jrGOOCWE3X+PW6Cv1Jhmv/8CDsgw+GTKSQCqKaetT0kinwNo5XmOjYE7lfhBKWH2DtY4/hpzfciPzqZXj+sScw23bQ7gs4KtTxFKQMF3/R80J8gFzqiEjWwQtzIktumnujA4EobspLWNj/mCPwmre8C5xzBEGUX3lHdUAsK7IY5Rwbr3nPv8Junx4JqwZpewe8AfzzZ7fDyfUhHSqE20xyZHIUSnqhmANHcfz8W19DsHLlEFlvGmlN3okaAjJ5ZV+HlTc+AZHFSuizpmCe10iV0A0BqeSG1f7u9JEmZYjqUigJqaJTPm0dGKZMF5EnCwG5V2xxLXx9/WrkO6cgRY7yTtUqDURLlgo5lcO5bTOxWyGP6ZBYU+aQsccdFYrWrvpJEdVHIIcm7W7DWVQZnuwRtqUtPCIUyFNF5VQChxz5RrzhzNOxy8ID0HHga+AlEjoEOcIrRqsKwa00vwIU2lYsx38c+gZM6duERBDVG9EWtgaIO5joviwSEKqtoiyuXYcGHAcf//73sOc734UgkYnO12Mrkw6yjeMaJjr2RO7PBh4cIrOxbYPlByB7evGLG7+DFx96GBueexro70ObANIkM7J6xalhKfCeSIk5rp6IBHZ8b5GAkNstPdOwOOhwjZpdtH7v4HapIlrouw4uffrv4PscqN3sqI9qNy/M40t7HYj2V5bp54AyXA1Rb/0yHDEFxqnWCYOlkuhBHtIFnPLOZqq9JNP/ThAwBMRsjxoi0BwERA7kIguIR5XQG8XaYAhINTaqr4NWh7AlhXq4e8voZMSkdPe0M3x71Xp4bZ1I+B7gpqoxtaE+qQ5H0ItPTdsVHX6/dmNz6Us7gZbnIlbgI8cRKsIYVUiJWsAlckkBh7IeEVmRHCnJsQUW0ocdhEtu+i6Sey2CtIiwkOpc+RZ7asHTimoBPzr3Arz8/RuRDpl2J4xkU3s3vkqvtEhAItob7b68I5EObMw9+US87/s3wGmfhrAtCWY5sCNzU/2bzGmXHlJrJWOw4Wo3JJKIBx+u7+GVx/+BW7/6DWSfX4b+FSsxRQApKRHyEIFNSQYa5f1afzgrOQN9qMCGnmn6ux8Tj+I4Y9EJcrf7/PP/hLf7vkhAIFWLTZcHLt1jHyTWvoS8RXWDivSjWNBlpM0ssITm4pSym1yxIo9Bs6cquZeq2ZchINVE1/Q9CoHGJyBCCsj+AXx65lTM9QS8yOmhzpLcnno3IgfL4PzoyhJcZ+u8nsYZfvj5WhFljWz8vaM/Dy9MSKf9od2GK19dAzGzDSEbQALt1V2QksjKHlzcsRum5fNIkUvWBAti0O3achEzLFojHXJqJZiMOgogWhVSnQqQDzgQugIJD5DcRh9T+NxfHsXMQw+EciPaVulGyiwj042wtELubt6EC+fNRcaXsEVUb6ERAp8rsW4iwZJFyjvhnwFDn61gp9PI90mcftuPcOApx4N3dYOTPxadDmstk0aP74sJTCXmU0ofcdkLbcSgaXBW0IkElK/AeELPUVj0/EgURBbwPNz5jRvw2I9vRXrDBti+p+NG9L1EXeJ+hpP+Ec/kMLtk8e1X+V1Xysob/xqNC+MIKDheJ3wg626szMegjRUas8VN4htPPwe+YD6k5YOziR16lIKaLwr43F57oPvVNWgTCeRjV9OiwW/0l5jW4DMbOYtc/mwkBH3/Ihcz0xofAUNAGl9GLTTDxicgfkHCz2/ChdMWYKrMav/+ivu2V1iipLT0cYvs1ehSDnIyhG28qyuMctSdVo6sNK7cvBIsPQWeU5sYkFzYj892zcR0L4+M4PAa4OTffv1huPD+h+C4VK/D0T7n1WqUOUtKiS/suTeSK19GoJJgKEwaf2/fTWJzJoMr/ud/MevwwxF00Xl07P5WNBUR+JRUgGxZVXCHG69sSXax6qvjrBQ8uNk8Nj71DK684LNQazYivbUHqUKApPJBbrDFMx8RW7pkHPPiDLN5aZc0zYJMqwYCvsNxyXMrkF4wj44gdPKLarcw9HDpgv3QsWpF5DpW77O/ai94kvdvCMgk3wC1XX7jExD4CoV8Hz561AnatT9w8w1gAdm5lCho2vZtrf5NEQL28yvgBv21Fe0kGc0QkCFBb2nrxnUrV4J12Ai4A6Ig1WpFAvKV17wGWPpPCJmERdEhk0RB6WA2shZDDx35dqTx6R/8CHOPPQp+Wxds5YDRyS8VpyfvLCV0FfpGaYMEhDHt0hoihAM66MkhSKaR8QLIdVtw3y9/jduu+TxS2Ry6PA+ZALACollEqaJcaSERkdhSQl8T0QBEvFFwrvQ8DAGpNKKmv9EIGAJi9kQNEWh8AkIfyMiNKfInpQw0DX0KE8dLS1vpnOhubiPOn7kHOgeyNZTr5BnKEJAhWW/NdOGaV16B3Z2oGQH54kGLwJ57FkxQTZmCjj+YDE2TizhDNP2eRAobMwm86T8+gnddeD4GEklI14HNHaRDymFa9JlvIHS0g/4w9kAPk87JDeQ4ufsBST8A+vqx9pkl+OF112P1Q39AUgik8gWkKfMauE7PqtMxN0TN8QbCt8JTMQSkwoCa7rZBwBAQsylqiEDjE5A4FRACN055qdX6Rj9mZXB9R8/ZEZvxlfQuCP3WK9hWw426w6EMARmCZnV7B7796iokOl2EzEFkg6tOK1pArjxoEayYgLgotGBd9B3gx7hOD02JAui/HivALNhQysamlIUpey7EJ274T2QOfy38ZHtUXb46ohh3r+RSQ3U5IptGlESAQtjJdY9SO+v6D8zXFUOohgj9vC8M0fP8S3jpnj/jJ9d8C1M3vazT+FISAl3rY7KYwMaN+vhvNARk/NiZO0tDwBCQ0nAyV1UEgSYgIBVZZx06kUJXF09kPVw4YyoyuVwdJtH6Q+pDWzuKAbFSU1Bw6DS6yk0BjRgDsrktha+vXoVkRwZKJaqSGZaIhw625gy+Evj8QYch88zzlCcKvsXghCYGgHafZ1NGWwdsynRMf8NhOPfqr8LZdR58x0YAG7bt6DIOUQnLME4+QPUeyLkpTrrQaIxl2GNVJKBbXl2OTc8vxW9u/B6evedPmCkZHIvBVQIq9GHp5ARR6lmhi/ARKaZMdxJM0dob/zipym+Tkrs3BKRkqMyF40TAEJBxAmduGw8ChoCMB7WS7jEEpCSYJnqRISBDCG5Jt+GaVavgdCYRchdVScYrqfJ8XLk9lLjwoAOQfvZFnWSBzsilSbagBZK3gJRgSJONxLKQ4xxy2hTMOeoovOMTn8D01xwAZFJQzIaggpNUGkJEMSOkqFPqUreKFqyJPnd0P5GQTUIgbdsIcgFsofDyEw/ilSefxK+vuxHWmnWYKkQUAxPvC8pYTM8spZImC1Jky250i3Yl0Jp4H4aATBxD08POETAExOyQGiJgCEjVwC4SkIECLpo1HemsiQGpBtaGgOjSD7qtnDId33l5BRJtNkJuV8cFi9IeU5gAGTryAS7Zb3dkVq7RKWuhbO3UYxrg6Jg1pYu3+XZcaVySrBx4sOBOm4b5hx6CfU88Fq9/378Bne0ISJHP+0jZCV1fRMeNNHoT5FpK8S0cinH4jEVWncDD+tUr8eLixfjbr3+Lp357N2b6EqmChzZuQUofPgMCip8xRrOSpGwISEkwmYsmgIAhIBMAz9xaLgKGgJSLWMnXGwJSMlQTudAQkCECkn7XO3Huz+5AkgcQnD4l5NJT4aYipdH2Q6x47Gn815vfiGl+gKxFFUAcOMLk/CfEtaeRbhQbQS5HgiJEtE3DI9erpIWCJ6AsCwEYFhywCHMOPRyHvOPtmHP00fASLhJW42TO2tEuIrpZrFVDlEuXQaS6KNLSho2QlkC16rI9ePbRh7Hk74/gwdt+DueF5Zgi/cF6IxXepS3ZnSEgLSnWhlqUISANJY5Wn0wTEBCdpUVBMFJwKFSSHEsa+2RQu8hLiTwHMlkPF8+YhpSJAanKw1QfAqKQDftwcfuu6A6ysKWC4hM7xh1Ww04rqVSIkH4x6lZRZACDTZmJWGRjoMxLLoUPMwcbbQZ7t13wubvvw6w5c0D5qgf7mwDq2m8fCo6UYDrwg8Z1QLUIMbAJF590LNoeeWYCI5hbiwhExf4s+FxBTG3Da088BrNefyyOPu3dQGcnpJOAYAIWJ9tKFDSu90ccPq6Vf6oyqNlA42XcKqb+JberUApsevUlPHr7Hdj0jyV44M5foNux0EEOfDmyADFYIe09Bo8zJCU5cEmo4h6cpB5bhoCY90W1ETAEpNoIm/6HIdD4BERQokfFwbRGpjX7uORwYwtSMQ+CMdgDIS6bPhVuwZwMV0NidSEglH60MIBPT9kF7bIfLm1JWRlrAxELregPFv1ikLrStgDjVAdd56TWLYsksu3tWPhv78IHv/wFtHXP0MonsyqU/UpQGiTKsUpBH9HEFBPwZYA7P38ZVn/jRmRDrxpinZR9RoUjma6W7TOFdpnARkuibe8FOOnfTsO8g1+H+Ue+CWhrR+AwkDPX8NxaASNyEhVqbbQjmkECQuSVAQM8AKP4F+lB5vux9L6/YOkf78eDv/wtMus2oJ2sREEBjEn4FuCKKG6EiDjlQZyMzRCQySj12q7ZEJDa4j3JR2t8AoKcD7gWhM11is/o/K9xW3SSSR9Kok4W7JzA5xbMQ8f6tY076SaeWV0IiAL6/H58un0XzBEFTJEKvWUGXxfjNqIK2QyMKovHERSxjgabFH/bgSek5gF5UtySDnY5ZBFm7bUH9jr+eJxwytvA2rvgWRyJqOY2RQdriU64+ja50FCBOjLDBEITLTu7Gfed/2X8/qc3IS09MBPyUZGnJy4fpN8dUfIAhYJFaW2jv5MIem2FQsrFYaf+Cw459jjMPv5kdM+dC+G6yCqFZBDAdSjhb2wFqcjMKtsJ7XH6j7JhcdroElBOtGWlEpBKYvnzS/Db//5vrPnzX5B74SVMFxKuJCKukOMhknTfJGyGgExCodd4yYaA1BjwyT1c4xMQXwJOoYCX//og2gsFBK6CKmpvDSi8otLnhiF85kCEHDf929vBcsYCUg1x1YuAbBD9uPqkd8B1FOyQ6iC4ZS2vuE/oZNiyLDjcguU6OmhZEeGmn2UySHZ0YP5e+2D/gxdhxvy5yHRNhWAumGvrQHBfhbBtcrQnlxX6fJCBUIHHqXLLmtSoi7VSSGRa5cHWrcOzf7wXPzz/c2jb0q/d/OlUmmi2aZVBgDJEBcQ54yxR5JIV0dKIUHKdNYrBTSTheQECh4PPmIa3fuJjmHPwIsw95BgglQBSLgS5MTXgUQ2tRvMjKaFUtHcYj6JjqAYiNUUWRiXhBnmsf+El/PR712PNfQ/BfXUNbJGHQx+FSdgMAZmEQq/xkg0BqTHgk3u4xicgEAL+wAA+OXsKZucpyWd0OthMjXOuY0JMqzwCdSEg8TKKbiXjWdVwAlK8vxyLha7HMZqIx4EfRSscFZmjxLgRjaAAYVJto8oL9C9OyCCEALfIL98H50l9FG3R0bT0EAz0YcM/nsErv/k9fnnjd8BlMHT63FyP4HhE1Pj3DHsVkjikbWPBEa/HcZ/4ODKLDsCUPfcCuK1d+ChDFYmVaS8v+oOg6iOQurwgh6XICqdNt3Vvw/d29IxRzRkfS//6EG77+rXof+wv6N5aQNoP4GcYlKdgySjYn9aDFi2HaQhI3bdmy0/AEJCWF3EjLbAZCEiIIJvDubO6sUteQtIXtAmr7cblxRpJ+C0xl3oSkEYHUIRRhEBRp6R0sFr/lEq79vhSwuYMPBQQ/X3Yumo5rL5erHzkCdx9083Y8vIKWH4OaUoda0l4tkSmYIh0o8rds21IoWAxW1cu7+lM4oOf/QwWHHsM2vZbCHdKR+TuB1fX4NAJDuiXHVleyDqRaECrCZ03BRSAL3zwgRwKQYif33gjHr3tf2AvX4VpYR59CaraDkwpREm3WnGXGgLSqE9e68zLEJDWkWUTrKR5CMgnZnZhrqcgKSC9ySwg0UYwR8bVeCAMARlCVZ+ChyGkH8ChrEk8B1EowBvoB5cC1sZe2FJA9mex7pXlePQP9+LZx59A76o1sAu+jiGBDHTgORlXKO8DMRYK/o04v6lbXY09XKk+bVD8B2UMDHUaYDJ0kFLucRceHEzdby/8+xWXofvARWBz58JLUWYtpQsIumAgS23RvbUca1yl5r+zfqKMbORkSC6Pjq407wgPz959D759wScw9eVNmBME2OoECEJyV6vFrGo7hiEgtcV7Mo5mCMhklHrd1tx8BEQ1KQEp+nHXTdQtOrAhIEOCJSVt89r1WP3yCqxfvRY9a1Zg2XNLsfy55xAOZNG3NYuECJGRAk4+B+lnkXFdcM+HIwQSga+dcugEOQqEZzrugM6TLUqG1aIny63yaFDtl+IbnYK8KWGzrrBORg6KL1FAgWSbaYOfTOLot70N7/j0p4DObmDqNCCZgIqznTUSASmmlCYSHPHgyBE3jFPGqYEctix7EeeedBJ26c+iu5AzBKRCmzoMPVy6YD90rFqhU3Kbc7QKAdug3RgC0qCCac1pNT4BUVIg7BvAeTO7Mc9X2ru3kbNgteY+adxV1YWAqKguTagsJLKAoKLVTplHrsX4DaWglARTQVzDIdrgAaN0o0wr/RRMrKM3KEqZkz88g/4jJFwqk0O1cuiX42C0//xwRbL4b/Q7/QqCACII0L+5B8teeBFL/3AfFt91F7x1r6JL+XClApcctvCiInpxYTnS+1IBkKJyII27NSY4s2q/ZcrcLxNczfZuj2zJHP2WRHLudFzwxS+h8y1nAKkkPMdC1gLaeajrzlCKBYv+oP/HYksJUdQ461YV5ldKlzpGhOrwUBzTQB6P//7P+MmHPgxXbIUlA7R70dypEW2ROrCfZNt8SUGMBaSUHWGumQgChoBMBD1zb5kIND4BkSKE6M8aAlKmZCfL5fUiIFIEOtOQoxg2M4U2OT5FjPQn4iKUcVef6sZWhnTRkT3OzxpYQJ6KApLKJ6AtEtqH3wJCm6wWIRKDqlaJ0i8eKWvfLYXNCMEdKm8oIQs5BFs34+W//hU3f/nrEC+tRGco0OZl4UDA50DWATItWwak9QlIVNCQ6/iP0OHIewG4y+BM6caiY47BmV/4PLDrvkAiiYIdWcUSOhtX0cWJ/lBtnErYy1JBavOc0oH2eX8zrn77eyDvexiK+9qVUKfupbiXwcxizRclYghICXvBXDIhBAwBmRB85ubyEDAEpDy8zNWNhkA9CAipLoUwj2+d/SHskQU8i05WyztRdeJ6DdzicF0XiVQbkum0/tU5pQudu8zC1N3mom3mdKAtCVgpIKQUqwnA5cgFPpBIaSuITf+XIVxeXirgEe4U+lDYhy5zzqjwoaOZEcUIWKHUcSQrlj6HS057O+Zs6scsISGVrw0vrdmqrVjXH7jiDHSoDxWwVErXHAnB4TEWpYTuTCK92+4456qrsMub3wyVaNPWN2lZ8KHQ1gBps4rZ6Oi5DBlZ6jiULODPt/wId3z8M5glqY5OCFdRpqyIeDQf/QAMAWnNN00jrcoQkEaSRsvPxRCQlhdxiy+wHgSEDlPDfD/Onj0T+/fm4TGu3ahKasVaB7H2N3iAzChFqgVBqhFncCSHRZWfLbJHKBSobkJnJ6z2NmRmzUBbdzfe8e/nYPYRRwFOCjLTDu6UmUM1ngO5VNHsA4TR+HGxTyI2rrR0IDNV5qZ5sFwByx64F9eefibm9hVgK3KKbMU2OQgIyV4b2eKUvpSyd3iqAVtLHcgRUZ45DR3z5uC0T5yL+W97BwI7ATud1sKvZ8wIpZummjg6hwK5JgYMORfwVICNd/8R3zrzDLTlc3CDKI00PSXNWD/TEJBWfM801poMAWksebT4bAwBqZuAGbT/fmDb4GGoXRxq3VJh5B/dS+4V5KZQ3iF+rae73fHqQUBI0Sl4ffj0jFmYmc3DkRSvUdqJ9g7V2uE1HYZdRE4j1KL4jVhZjDNSBVzBzkzF9JOOxznfvRa8axp8y0VaR0rZcdGH0sQ0eBo+fBksSp0QzYAqrIPK8sBiPtYueQqXvuXd2HX9ah0W4HOJJJ00lzZcQ11FRCtr2ZpMkVfaJieNdjnStyyOd67YvLMuYAkbruRIhnlMoyr3MXiEeWm7aeLTGRynuOfiHwz9NYpD0l56tAsshTxlRps+E3sdfChO/+KVcBfuiWwyAyd04LIQgUUB8Bwuafl0c5m8uNxVRcUyR901+DxJPHr/3bj1pHdjZhBgS0JipmchX6bFstw5VeN6Q0CqgarpczgChoCY/VBDBAwBqSHYI4bS9RgA5B0Lec6QDMt0n6nAxAfcJNrCHFxR0CeIzag81ouA5MJ+fLZrJqZ7eWQEh1cHpw7aMQFs9KdcOPNm4sq774XaZT4SbgDFnOqcStMm4SGEyOOBm36Guz/5SXT6CgUeIkG++BXYl7XugqxQHrOQlALe1G6cftv/oFcfqQ81nZK4gs0NFFKeBYpx+8P116Dw0MNQYqQ1qSEz55G1jGJGqHI550iEFroOOgDHfeoTWPSutyPbNgUZgk6Qy1CUgYt+1bMFYQH3Xv1N3HPVl5GRno7bkqVaLOs58VFjGwLSQMJo0akYAtKigm3MZRkCUi+5kK+1zxUCzjH1uDfhDZ/9TM2mUqzjaAdJDDz3D/zx0s8jI4JmrO+oT2aFncaVm1fCSk1BwQGS1UZSAY1AQCTnyFlSFxXsUMDuZ34Yp3/7+0CbQsgsnTmr4o2CPpjEAPOR7Pdw2d4HoG3deoSMUr5SXqUmpCAU6wCgQ1rYsPs8fPGll+EGoxhHpU/xLQWfMppB4tHvfQe//dTnkA6CKMA7PpyInJ8aq9F7q2gNofkpXY8DGLA47P3m40MXXoM93nkietKWTsxA1qV6B6qLgkCOFfDNk96CxAMPYcARcJvQ2msISGM9C604G0NAWlGqDbsmQ0DqJRoLHAVbwg0tTP/A6fj492+u3VTiFLAFm+GVv92LHx15KlLky9+EuuNkJiDk6kKBwzqIGAw9U7tw3fNrEHRH9awrTUC0OxYREAXkLSDlS1xy8GHIPLtEB+GTNcZuQu96soD4zEJKMQzstiu+/MLzCEalVa70o2EjgCNd+LAQrlqOT732UMzY2qOzm9nE8bTLU+MRkCjtrgQjEwcD+hwgIaAtqNp1jLnY491vxVnfuQ6sfTrguHUnIDJQCByGZ++8CzeffiamiDyUaDxsx/oAGAIyFkLm3yeKgCEgE0XQ3F8GAs1AQAKI/jzOmzkV8/ywZeqA0IPuWwIJwTDjrA/gQzf/qAy5TfTS6OPrSImXFz+Inxx5AjiTEE3oljCZCQiFCzvkCkNZuRiwNZPAN19ZD2tKWlcQqfShvd40cepeyRl4qHDRooPRsXQJJNUVYZE1pjmbC98KkZg9F194/gUgQQlnh7UKu2AprsAki+CUCvf94P/hnnPPQ1oGOh5sesgwEBOQxoKUHKqiiG+ChGwcgS5eSRU2AOUC0gcyuy/EJ+//HRLz5umdqBhdX2EQS91olPkqVFD5Afz7gYuw68o1iKqbNFczBKS55NWMszUEpBml1rRzbgICIj2IPh/nzZiOeYHXUgSE3K8ofHnXMz6Is2+pJQGJNqyQAi8vfgS3HnWUTrdKheearU1mAjJaVpvTnfjG6pVIdCXiiiHVVfiklLhq0cFwnn0aUiWgmFe76OkKblSK70grG1vtEG0z5uCSlS/DKjel8QTmQwkGcvl+/Oe/vhPpex9GXuXhOUDai9ydiq0hY0JGrVuTDSgIOMgetB+uuf8vQFsbpBUT4qGsBhNArNxbBaQiP7sQ337Pv6H3F7/SM2y2ZghIs0ms+eZrCEjzyayJZ9z4BERJD6EhIFXZY5qAPPwIbn2TISBlAdwgMSCGgJQltR1e3AgERFIhyA2r8eXjT8Uuz76IvOVBSTYYE0KTbwYCQqUyFQ90IPrWdAIfufuPWHDEkZAW2eSiTGq1NoSQfUZQrRwV4HeXXoYnr/5WbDeszP6pVS+GgNQK6ck7jiEgk1f2dVj59glIav4+cHRuwzpMadSQ0lhAqiYEQ0DGCa0hIBo4YwEZ5/7Z3m2hAkKBzb0bcMXJp2KXp5chy7LgEqBwlEaNCRm9FA4bOTtESgA57uCE//ffOO4D74ewSbWpDwGhlFxSF+sMcPcll+Ef37geSjVfFLohIBV83kxX20XAEBCzMWqIwPYIyD+Rmr83HHLHGaySVsMpjSYgwofo9+IYkKCFXLA4Am6BqQDzzvwQzrnlppqDbAjIOCE3BGSIgBx4MJznjAvWOHfS4G1ZCKQFB/MENtv9+K/3nY2Nv/4N2oWCK0L9KqYMWaQ2U02SYt0LnR5YZ84aVkhmopMp435dHyUmSHReRVmvehwJzmzkeRqf/MPdmP/6w8BdJzJ81MECQq5XOnewlLj+3ach+8vf6ZQJzdYMAWk2iTXffA0BaT6ZNfGMt0NAnluK5O57gPKzRGXq6tukUJADA/jkjE7M81XLEJDoMNAGUyF2OetsfOTmH9QcaCIgyxc/d/2oUgAAIABJREFUgltMDEh52BsCovESQuCLrznExICUt3vGvJpiQqQQeOnBB3DD2R9B4tVX0elI5CUDk1JbF9IK8MHh6WKRTFtJZB3S2FHgORUxDUm/Zwy2VFEiApbE2oV74dqHH0Kyrb06NWnGRLJ4QYiCUEhuzeL8Aw9E9/rVEMVc5CX3Uf8LDQGpvwxafQaGgLS6hBtqfYaA1E0cDUJATAzIOHaAISCGgIxj25R6iyYgSqEfITIywG+vuQ6/v/576Nq0QVtEPB6gNwnMzlIGtCHaUelUwaXMlyI7rJj4BBalaWboc1yoGbviq489CDZjGlyyz8Spv0vps+LXhMBmO8CKH/4YfzznXAy4PtyRNR8rPmQ1OjQEpBqomj6HI2AIiNkPNURgJAHZlLTx1aVLkdhtQcNZQM6b2YU5HlUbqHkMY3XkERMQcg/Y5awP46M3/7A64+ykV2MBGSfkhoBo4EwMyDj3T6m3hUBOF9gIdK2NpY8txtWnn43pqzZjJinVaQG74MGVQa3jugdXMOAwpAOOJHfRJwUKiRQWXvxxnHnFFUj5VKXQ0i5j9SAgROSoMZ/Ksvfi/D33wqwNPdhqKY1nszVDQJpNYs03X0NAmk9mTTxjQ0DqJrwGISDGAjKOHWAIiCEg49g25dxCqjPV19AVuxlDEIZwAgd+Btjavx6P3/sn3PEfn4OzuRfdSsCRAew61PEJGeBZLta0Z3DGNV/F0R84HXnlYipSgCW0exZX9bGAFAmIKORwy/s/hBV33Q6qX+OGNpSJASlpO4ahh0sX7IeOVSsgKICn+TK1l7ROc1GEgCEgZieUhEAU8AdkbQ560boq+n34SVPx78Wf0Yml3mR8ZHor8jemtj7h4GvPPoP2BXvDomtHXVfSxCp8URgKCG8LPte+G6arvM7eXt3qBhVewA6685iN0A7REXDM+OAZ+OiPbqnNwMNGaYwg9JHSpAJtxQBbpiL/8uGuJYPfPxaVNaNKCf0JB9e+ugn+1A64wgfsKscuKcALcvhs11x0+f1IixDeGJuSfOU9G8gElJOnOt/xetQB+fxrDgF/bilSwtPV0dkoP6DR+or2xKETcQVd9ZtavXWaeqfhLffBLyrWVEsv7O1B78qX8fRfH8Kd370Ja1asQBdXSEEhMTCAFHeRAFkobGRlQRfg42SSUEoXDix+CUguuqYOyYNKZtCfFZCWFpibQFYQmeDIZRxs8Tx4yRQOeN3rcdZ5n8TM1+wPZ9Ys2DxRl7wlxYSNxL90gH7ow3dc+GGItpyHH3z0LCz51S8xLWBgYYgg3n/l4j6R66PXg64fj1AXZcQ2RTt1QP9Omu8m8eWnlwB77QHGBCwtweq20A9w4V4L0L56FSzhIGQjg/e3eXa5rTePJSnxcbS7mrHmSnVRbdzeDQFpXNk01MwcOiHT3xGGvJvEps40PChwFp026ZzxJX7Zix+0XCqF7/71QcyYPR9QArCr/4IbC9RQAn5/H06btTu6VADf8lqCgAg7CbAAbmhhr/e8A1+66daxoKj4vzdGIcKRX12q7E1NxlUPRldPJmWjqOPSPmdKYWsbx7Vr1yHfNgXpggKSVaaomoD04dNT5mCKP4COgE6rd/6skOqRt4H2kP5E5Scr77FfDwJy1aKDoJ57ARnpk2q7zStndL3p0BYgryL6RYp/I8QCNysBYYGEsoA8j74FCWFBBQH6N29EmMuib8tabFm/EauWvoTl/1yK5U8+hv6tGxEWfIRBoK9lQuhK7Iwq21sWBNXrcGww20IqncJuBxyOhYccgt0PWIiOGdORmTYDXdNnwOnqhHIcpPx++LYFyV04sBDnuqr4u2qnHcYHFXRCTzvQFhyhJWFvXYfr33YaNvztUbgSutCqYELbPoqHHLWaaJT8i+lDQ6If0UHayPfUmFnvmcIlLzwDb8+FSNcoTX5B+rhq3p7oXrMSvs54NvI9N/owRXCBBBFXZaEAiTxX+lk3rTkQMASkOeRU91mmEVXu7QiBNYk2XPT0P9C1554TmldCFpCzbWRgawUp2QiFQLRxRiEbFuDZCo5wt3lxT2jRdbrZDaOMMaT8FFyONqfKSvN21tkYMSDRuqNcPgy9LtcZM+mUMNQKBY9ObONGigPhNvR3DpWcgm8uW4LCjGmwlITDxvyUT0zqUqEHAzhv9t7o2NKDaaGFTUlvp312+e3IWR46hYC0QvCg8k7otSYgdHBxwWv3x8ALzyNByp3O6jZIDzUe7qhluk4brFweSSbgWyGY2PYkeGLCKf/uZiMgxRXS82GTEksaNcHuDN+DCllOSXGZJgVkbdLqOZ1LkUwEyUshGKaJ01NDSrriDMyytHnEViEU5zr7IFlA0qKgXcL0E0uWBFm0NsYmFLv27zFaO2XhCsM8kgEF5Yd44X/uxJ2fuxTZnnXgkiGpLH0SXzzYKH+XTOwOEg/VQSF5+RZD1lLIWkWvhajv4e+5kaNF77sBJ41rn/gbOvZcqOVZ7decHjQf4Nx9F4GtfxWKNg4f+UBTvTCyZhabLTmUdMASCVhWDsorIDX6FGJiUJq7q4iAISBVBLeVus7AxQbXx2yf4cVkJ67856OYsfv8eInj/AjIOGAwEFAuA6vJG27nUimggKSyUWAcjqTHg952JZp2Gljg9OF3FEPAqHYwaRDJms+28VywGOadfxGOOvFEeEwiIFeQUR84UnrIj3t444kkFh38WrCUCzqBc6vtmiCBXpnH6j8/jD7yOFAukuHO6wpkkxxt+QHcetY56NiwviqyrgcBeervj8HNZ3WMQsAd2CIiIEWrKimGw1s+wzC3J4vvvPcMTO3rG3T7qQogJXbarASElkcKNSnc9H8LFNtAmbGY5iNJEWp3N/3MDKsBSCJhg6Q+fpb0ET0V9IgUzOLJdnRyHx0CUCyHT+Rk0A1W6n/TCiiLCE3Rglki9BW5jN4RtM+cII/ccy/hto9/HM/9YzFcKdHu0Yw4fCagyG1JM7CRbp0VmcQYnRBERAbpv4EUx1FnvBvzTjtnhMu0jrHYTiu6UIe2xMI3vhFpO4XQislnlSdfCIGlDy+GJ/NIexLhKJ1AxO56xWmQ74Vv20gLgVvPeh/mbNiAfiqyaVpTIGAISFOIqf6TDC0gJVLw7DzyLInzly7BjN0X1CXbSP3RMDMYDwJEQFb87VHcfOSRUPRBI3+3GjcKYiWTPX2ispaN42+4AW/+2Nlg3AVXUvujk5KzszY69qlWSyhn3FB54L6DCxbMQ8eaNVVxI6w1ASGcy8FAyyUEAuHj610z4IW9sGkD1PlAoR4EJF/IItWv0Dc9jUwhgEwSfYjdcnR1QdJYo6AGUvN1jY2q7JpaPS2ljzP6LURxRUU7acQeeGTxkEFkpQ989PzjH/jFl7+El/5yLxK5YMSpfOkjV+9KimXrUMBmB0gHLg7/ykU48ZKrWu577UPBDRg8nscXd9sHfN1K2JU39lZPUJO8Z0NAJvkGKHX5hoCUipS5bkcISCWxfPHfm56ANIOEIwJi44IFu7YUASkbewqcFgGu7po+qQnIo7+5E78+91Ic+J634G1nfQBy4QIkkYzINrFuasQ/LNK3iZ6ThaP+MXlly3scN2yTuED5UIziJsj+zREgRDoIgE2b8dAtt+K5u36Nl554EqnAh63rougIyIZqgwTEBtKhi9d95WKccMmVrUtArDy+uOs+4GtXmhiQhtqJO5+MISBNJKx6TtUQkHqi3xpjGwJSOzkKqltdJCBr1wDD4lgqNYt6WEDKnnsDE5AeJ0TbjHm4+NWXYPHqZlJ79Ff/i/97x1mwuYSrUnAOW4TD/+VkvPG0f4WzYD7yLo1vQUDomDyukytUObapbGFW9wYpJILAB3dc7a6KQAL9Wbx0z6/x99/+Dk/+9rdw+wfgchEZi6g6PItiisbphFy1BQ23gGSCBF73tYtx/EVX6PHqUSOlWgsdtIAYAlItiKvaryEgVYW3dTo3BKR1ZFmvlZD7zMuLHzEWkBoIYDgB6Vy7RmceqnQzBGR8iBZdsGpBQIoua4/fdRduP+0MMCePqR7HVovpiuKek8DMvRfimFP+BXscdwQ633g4ZKoNTFJmqvGtr+nuKj4aSkEJgb7nn8ILf3kQz/3ud3j+gYfA84GONeJMoUBZlnRiiiilcDESq/EJyCU4/qIvGALSdJuztSdsCEhry7diq6NMQfSSTUgHryZT+PIzT6B7jz0Ggz+jGMNGew1XbPmmozIQ0ElrttModHXz/ffh+hPfinToRRHfNW9RhAe5CXsuw1HX34hTz/4ACo6lkw5wZWn/96EWuaM0W7M8CwPOAL4wfyG6165EXJKnosvoTbm4csMr6EjOgtBpj0afmNffGdsKKFVsDy6fNR/d2V70UqalOovTAkfBljpFcv9ue+OyFU/BFUV3p0q/QyPt+plf/B9ufv8HMd3P6jS6TDmw1FAiA7oqR95YHZ04+M3H4bCjj0b7IQdj1sL9gbZOgFOWKgqsVjopAzkeRbE0RGRoRRSMHkYB5NqtqxiIHtWgoMDxKB57aH1DweU73pbDMx7RVbqkSBzgTn8n60P0c6l/cRnVhaCtKPXfpa4VI6hmle3oGVNiJZ2YVhaA0MfGpS9g3dNPYdmD9+OxP/wRcu3mKINUHAvSeA5WpT3GFO5kK4YBO4lTP38xjv785YPf69J6aPyrKAthwbJg+x4uWLgQ05ZRAUPTmgUBQ0CaRVJ1nieZbYXOsW3h1VQSX3/qSUxZsOcQATHko84Sapzhd0RABjiw5cH78e3jT8EU30NQF8/piICQ+hQ6HEdddyNOPOsMwLZjjSlm2oNwkn9FnTXW8YhWhZCyHxfvcwi616zTaU0r3TZ0duNbLz0LNzU1DmAeRUDiDEeVHrec/qjQJAt6cMkue2Nafxb9I1Tgcnqq3LWUncjnStdWKMzZFVc99wSQ7oo16cpbqujV/MLtv8D33/8BdIYePE7iItIwUlVzGRFzSoFrQTAGLn34bQlMW7Q/XnfS8Zh9wOHomD0bM/baG2hvB2OOzs1Kyj5lJyILQcRJIpLBdf7doZyoRD5GPkmU+XDnuI5VP0OAKlTFR18sogqUGYmHISAFlOIQyoId+PA2b8K6FctQWL8aa59cgiV/uBdbX1mFYOtWnU47QQdslG6eFeL5Dw9Gr5z8a9VTREAA30rg1Is/hyMuuzxigZXmuLVa0PbGoWxojMPK+rh80WHoWL0c+aq87eq5yNYd2xCQ1pVtRVdGnyufii0JYGPSxUX/dye65s7Vaf70J5O+JA2QRreiizadTQyB0bqU5Fjz+MP40dn/jg5BTkJVULbGmDEpQUXPEiqmhmldcDIZSEbWDyorFv031JrLAlL073ZEGoIHyK5ZBSsMqnLqr3GcvwsCZsWF1kZrNvU7iyziwEUbXFZAbuUrWvGScqjy/cQ29/jvLiadotP7QiaJzn32gE3uP9RlhSslFtMT53v7Eb5KNSqEzuiUkDy2Ygytg4wwOmWuZgkMAeewJIOjiDIRaffhWUDOtpCYMhW7vuEw7LX/Qux76CGwiZB0TEV7VxfSnd2AmwBSbQCjVOukJCowSdaS4XlUFbGWaAKjto5Oh80An84DKBwjFOBEipiEpYr9kJnF01mpRHYA+YF+hFu2IugfgOwfwOoXl+HFp57C848/jr61q4D+fiQkrT36XlFRUV3WJCZQFHROxKvdH0pQWyQ045d2ve5k0AREE26O/LRupNtSejKDle3rNbVKjEvy0ySXawLCmMTA2tVI+mJ06ZBKjGb6qBIChoBUCdhW65ZTsUArRJsgU72FkCrZiiEFg15zlDHENINAEYFtgh2VhcAqoDOk4M246EaN4SIFwyW9Jz6blaQYKcDSHzQKwg231QGb6cSwyJ20kgnk6FwgXm+loSanIcIxbwGO2E5y23riFuMgHAeZINCn/iFjsOJCo5XGopz+iABojzWyONiAGwwaDcrppqxrdd0KAXiMUuxCW1/IJXJki6g5VdigRs8K2Sx0ul7S1YkJRCxJHzylwCEtCwVB1b458gi0m1OB3J7cBDJdU9HW3YWuGdMwfZfZmDJnFtJTupFOp5HJZJBpy8DNpGHbFhiPvh0hWS4AFPIFeJ4H1l9ANptFT28P8vk8+jdtQO/mrViz/BWEuQK29mxGkM/DURI8FFGa3DBEyrLgEKlTIfyY59D0i6FQ5GYZ/ZneBzR2VNWcvmK0euIoxd/p583WiHRQ7SfK40XvgT6bIxnXzGm2tWx3voPvuf+PvfMAl6uq3v7vtGm3peemkkKH0BRBlBYVFWmCiCIiKFWq9C6dQAIivXygFCkC0osIClIEklAChJ4QIKTfPuX0j7XPzM2dSXJLuOGfG85+HoWQmTP7rL3PPutd5X0jMKqAtWIuE1DS99ZrjViTlbiJPgVAZFupXoOin6sJ1UN7xvf/8m23Epbvo1+pZNFfI6IpfXQtVvdpL49t5f9ehaHcaqUa8tLpIUfKmvD6Kj2Xq5LxRjU4d1DVWJW/tbJ7vfJ8ilrVVqN3hYrCr0bz6cTQUs4UuezRfEvZwtKfJTtRymQs1wdUL+/ldX5EeYaOQ64dZdfLn0aJdJeWsPQb7eZTfSbR50vFWLqutVcdBRWTKu3Xr+JZWdn9u9LfK2bUVrv9vtI3tIIvfl3us7ft1p3rlZ41OaKK1ZW9/W7sUwBEIjcqmlf8pyqhWM3eJ91Z1/gzsQViC6weFmgXaC5ORx0pvX3K/h/c6jLO2SqYQ6WTuTr60X1hjqtgaVbJJSv31Kq07YqC2N3ZYyvCdGXXFB+iaKWv4llZJQvSxUX7ELb9Uub5utznlzLSSnx5KQlDkfhhFbwX+xQA0aThTdKjgno1SMWptpXYVvFXYgvEFihZoMTlU/qzqoGPzRNbILZAbIHYArEFvsYWyKNjCDmL7ynGylXxXuxTAMTEVMI/rYaPlzTQpCNOqPiMr4di69f4WYhvPbbAKrHA8mg+V8kPxReNLdDXLdAVq5nIqHc6eoFRrsvf6OtGjucfW2D1sIBo3mhBQJXvkPZDRXnd20mQPgVApOktr4UsHjaMQ2/5O0GR4m9pDafqElk9Vi+eRWyB2AKxBWILxBb42ligEoBU5he/NoaIbzS2QJ+3gEua0HD412FHY70/g2YDxYLam6NPARBP1/HNkNzQgVz+xkxIFsFGqTA0poHtzb0RXyu2QGyB2AKxBWILdNMClcG/VVG00c2pxB+LLRBb4MtZwBNRzwJTtv8x2TffIK8FpJdql365axe/3acASKgJGWyguMjdAf3oLyThpaHOPonAxIder+yM+CKxBWILxBaILRBboLsWWKZES6i24/dxd80Xfy62wOpkgdaUj2cEJBZnSToerhYoEqjeHH0KgAj9rnTmm+iq+KpNyNQ7jvis6829EV8rtkBsgdgCsQViC3TPAnECpHt2ij8VW6APWED0Y1KBrrRVIlJsaXroXQTSpwCIJ0qtgQjNFPU/etkYfWBPxFP8Glqg9MibaFhKLC+goAVq95uhrmRxXAIMJaUXjRJ//tKuKPlbGXKQaCQoz6XaWEVN++gbIdH1ezIcqRENwBJhPxETqwgIlComS9eUmcuB5or4VzG40FkMoaQDZBab4eRgzFRkPG1CxE7C2eEVpQUjeyy/O8xQVosKW3urYl3sK3x9QhMu9+z0xIh96LORfJvsOZECk5UTBeloPSVAJFYQO4iQXfRPyV/L3/vK4pVrrTRFRL05FP0HjVZDGiB7ZpC8GQnuyR6R9ZTfLq19T/dz6ZdL9O8WkoGXO426D+WZExXt6kDmu/R3oj8t/fPK7KukiPKJUKES67bwtM5rHyptWZTIUo2jsk56h5vvbqek/L68a+W+5a4LWiQSWKp4TgemWktXxDyVcCFYgUkCS+0FB0f9t452lH+XuZT0Y0o6PN1d5dL3SmeBiIqqa6oZyjMf7ULZZyIyWjqLZBuJsKLsz65+U84iiW2W6itWdt90dk8d10fuqSKU2v7b8gzJ02UXbS9bS6wtayL7L9BDzCA6byqv0V2bxp+LLbA8C8h+kqcq0sbq+rlZGSv2KQCyMjcYfye2QF+3QOTogagZy/8SQaRybRcPCHGKTEJsLaBggAD1arvkBkV3L+WLJekwyaN2rF6Uv68Spr2iK15yn3qaUNRIRi9/HaW2XOuXe49tFST+juUpZ0DUqQW4LH8snYWoF6MZWMFSgOGZhbKvpXza2TrEOZSXc0cHolLYzDXSaALG5AUfWEUV9C/pchhiT50WMyDUNdJOLxfOriYbOiFOkBYqlXHXCJVjKeuYKoJQ0dAOtABHD9S+jVSKI4BQcgI7WlpW2jV09Zl0AFkFsiN17u6OTKgVv6Ep4CdwR+3/4gUq17871xUwLc64a0ROtvxZ5m960b9nxd+W3yj+iOmL/rQ8c5HYhOn77Q5l8ZNd/mzOSJMIbNB0PN2i1qtEYuV7tEMxcvu1S0BDHq2gGMdc+q3uWEKeM5STK89ztZ8o2jK6SrMJKU+CGTIURMHRTAqGhqa5ZFwDsz0kEq1CCUBEf5LViUBNd4evQg6BaLAruJG3RFK+CGZDXZ2NhhLIFGVzonJtUYGXygm/BJM7d9VlTWWdJYCgwIjI1ffqkF0draei/S6C5Y4/ITZVILd45tfI8VQEKhEharQGat2VqvuXPLN69f7ii8UW6J4FYgDSPTvFn4ot8H9mAeX0hBJpDpUjJ7TTnq+TM+WVL06QTkoiY4FDVRCofxdnXxy5kmOSJlQOWUEcQUvD9C2CDtzeRuCpF2Epg7IyUVtDT0IoSCZyuFqtyCkr4Y6UTF45asWXZULHCkI0L4ooL/8VuhSASJRPXcG0yHshmi6wKyBSNJZva/ihhyX3HvgRKJO4aNEO0afKfyWpgy0+jCE2iX7ry0YSNTOgzrNo1jVs3cHqmY/1f7bPevzD0pMnzp4eKnp0wZuOoRFaCRW6d0wNw/dJBiFJPyQ0gyiD7YtzFUWjOzrOAqMLhk6gOVR7Go5mYITdXY1oXQuGzCdy3pRWlFdc//ao+0o4apqOpbSnQsQXdXwB2DqBIW6kRtKVuwFT5qtpFEIXPZSIYahyAdHe7gjnu56DZxhUB2JGXwUVHKP47LQvUkkRvHhdSZWIQyoqvWouIYHMU/6bKV54ZHsBTtEnugYgAvije5ATBhqL6YbS85sKQtK+nEsJWjWbTGiQF7BpyHqL86zhFOej5lR87l2h9ywGHuRzPRkCaOSZV5cNBRgZiD6YrIcXhLSmdPzAJ6OArh/tT7ljZZ7odAvCrrJJGr4u+0YyKKX8aE9m2fVnA8tEdz0FpATcVtbWe7qmgkwCREI9pFUzFSgKdBM7CLETNpnAIGVL7seNul+73lZdTyz+RGyBr9ACMQD5Co0d/1RsgZWxgAIdKpps0pwwMUePYtjmWzBk/Fj6Dx6M7wbM+/wTGubM5uN/PcMwJ8TzWlQZgZSiiPPgGzrNyRTZAQNZa8stqZuwNiNGjMD3fRYuXIjz/lw+nD4NZ/Yshkrc2bV7zGidtyBIJsgGmnpJZkgocBABBGhNRg5A6c+BlqA+1Eg0LUELnRX8XpTBUGUK6h4M2mqrGb3p5vSvH05y7bEMGDAATddpbmrCnv05Cz6exdzXZpBuzVHttrZH5uXXKwvLCkkNp6aOBlXKFhVDlDuLPV8xTffRghSh5jLSbkNvXTOLsCQ6bIUmjpmgQQvJ1I9g9DbfIDV6NEOGDkdL6hQWN9L40cc0fzKXWW9Mo9r2qXZcQrXefllpkOxU39CwAp82M8nnAwdgyT7sxmgvC8q7EHhUBz51rk+rXnS8Ve/gsuvfjUvjJST1YZI1DVpTFqPX35BBY8eQrB9G1bB66C9iXQFL5i2gZUkj+qxPmPP2TIIFCxkkBWp2oaLcrGtP0UvoLEym8dMpTM8jLYw00dNT/Ee5Ex04Eco1LRPHcQh1KYUKSRUK1KnchJREhRiBAIoI/HU1C8mSOlaCvJmhoCepaS/BisBQoOfJGmkcu8BAv5W0Y5D0fTTZD6kULqYKBpTmrYeSEfSjLG7BJ+0EmH6uO0vQ/hk9YdCm6zSYFubgIQzeZgtq+g9gUH09NQMHYgU6+aYWmhfMJ7ukgUXvzaLhg1mkAxfLzWO5jgLDnQ0JRjSlU+QT1YRhEk/v2Rw7u7ZYQ86/dC7HQCfA8pyohK1iSpK5MQMT27DIVqWo2/JbDB+zFkNGjaZq4ECyjQtZ1JxlyYcf0fjs09Q2N6F1F6v3yOLxh2MLrDoLxABk1dk2vnJsgZW2gOrrKEbGqiX6aCRoG782PzjhKHbad1+0ZBWhGZV6tJezaC5+QwPXXzyZ96+/gX65HFWuT0E3WDh2FNvt+0v2OPo4tAGDVISw3bMPRdwTkk6BGQ8/wJ3nnQfvfUA/21N11FJ+IWCm4ztSlSlIxNmUGniDrKFTGDyScT/Yge0P+A3DNtiAVFVGvWx1PXJYDLlQh+GYHq3Tp3PZ9j+kRspNKn5DAQ+pQ0ejTTfR1l6bbx14ED856EDo35+CH1LXIcIqAdYm0yMdhrhz5/HAjX/h9ZuuwZrfQFqVwUR10qV8iUzno379ueW99wkztThWoByY9pTNyq6epuMaBpqb52/77svc+x9Y2SutVt+LOjoCpM9CMhSaFvK5lWHQxB3Z+aiD2fT738NNSMw/QSKQ6HkUvfU16QnxKTQs5sE/X8e7t/+d1CezSOCje4FywBTILoIE2S0ttQO48NOP8BNVPbJBTvPINTcyd8Zb/Pee+2l4+knaPp1LjeOSkHIwonIc1S+gRWVjHUe0N3R8AS5C4uRB1kww5FvfZL199mSrffehbtBApNBLD4u1V3Id2d9+5EjmdA3Ldpg9dTr/uOEmFj/5GGZDtAclnl4C1FFsPoK7lb5j2zrrcf7Ul3Ask5SjYSeKz05xvpqkMzpmE4PoL8IwUEGFFjcgt6SBOa+5j/K7AAAgAElEQVROY8azz9AwdSqt77xLreuT9qOMTaj6yXz1QCwvei73tGTYIC59/Q1aamqxwvIMZsqX8juDdN7j6NEjGei0kQgCspkMhz/5CHVbbIlZFA6UrImUTtmmgA4NrWBz10l/5LObr1XZoo6jZB/5b1JOKiV7MsecbrJkyEg2+t6O7H7kUay16ebomqPK1DB01eMhWRexgezU0HfRdZOmBQt49vZbeePue2h++x1qbFvtXekPkQBNxySM/LbojRk7fpvjH3yEfCodnQm9OELf44iRwxja1qZoTV1N9kV0juekfNMXS4Us6TeQDff/FbudeDSDh47BExsmpO8GUg64CXDzeR465BDeu/32smK3XpxufKnYAqvMAjEAWWWmjS8cW2DlLCBOt7yMbNU0CY5pMGD7HTn2trswB9VhqPqF5dcll8ojFk2bzkV770Vi4WJYbzwn/O1e+o9fizCZjF7olZphvmRJQvTARmtp49x99sF59iUyTk6Vbcl3OjpJUt4i732puV5QVc36v/sVh509Ba86RWiaWPKWLPpnK7RC4DHv7alcv8kOFEyHtNQidBi6FtKagGw6zZb77M+vLrkYs6ZWfaKURenMwmKL5jmzuPzXv2PBq/9jsOdgOFGjvrKrDs1Wigubl1BtpMmbPmlxmHra/FIxCT8Qh9Qj1Cxu+flefHLvP1ZuI6xm39I0AzP0sS0dL0yQW2swv570ZzbZbTcC08fSogVf4doEPqFvoBXy3HDWsbx8512stcTGCmzaZC/5kA5NGkyPVKaOMxoWYBrSjt3zEQRRaV5ot/Gvm/7CP6dcSubzeRiBS8YTp08aewNSQXmJjcLlmkYmDPk8aWFuthEHX3ARa39na0jVYAhS6qoloB0MhArL2ksWcdPZ5/DO3+9jQGMjycBVwYVSTb8qlawAQs0brM/kt2ZiaBIhl7bunm3KpeK8GmILzykw541XueO881n83Av0K/gkXA8rjOYi5W6m1Gx1GFJOtqR+AJNnzcVIJpfB5ZJzMQMPzzP5ff0ARjQ24ekhWcPk1OeeZ8BWW5UfM0FAToeMq2NbLg8edDxv/PU6UlISpZqrdQUe1B4q9jeI61+wNBb2q2PDPffm8NMvQBtYQ5hJKiAZ1WJ1MgRgqGZ+l0Q+z8sPP8bfLjif/h/OwsznyZqQ8fSILVjK7MS5F3A5cStOeuK56CDu6jd6uD19z+OoocOpb16kSmHzuuSKov4pebbswMKcMI4jb7yFAd/cUoGpyvVXtg8L2FqSm/c/gHm339plc30Ppxl/PLbAKrdADEBWuYnjH4gt0DMLKJ4dLVQMV01mhsyuP+SMm27GranG0uVlJIX0y/fuS46HU3Bomf0+xx34Oy6//25qh4xUZVim1O1L6L8yqCcAw4iaQo3QQ89mOWPij0hNe1OVR4nfVQy6qpsRxquU1Hgn+7PXE3ez3uZbYyaSqswjZVoYnoQXu4gcdgFAqrQE71Ub7D55Ejv/+jCchEWymO7pCoCoiKum0Wp7pAp5zj7gl+iPP43m2CrqKf6GOF5NiRQXNi2m2szEAKSLbSplIRkhQAgTfP6djbnwvscIBgwkMHVSeFJw0zkA8T38L5xTW+wfunzw339z7W8Opn7uAkzfxdZDqoPeASCl56AtkJIfl3RLM5f+4ne0PvU0dZ6NlAtK6DsdGNhFaK1cWcnGaLCoupbt/nACe510Mn4moT6RDAMsNwQpyerM5y1G9GX/STbC1gwV5W77aCbX7n8I+emvUePbCtTLHvSkxyQoz4H0FgApTdP1UZmrICyw5OXXuezQ32O99xZr2ZIVCmk0dDIVpBFlACSRVAGHjqMEQFzX4IhhA7sFQLI6VHUGQKS/Q/WNGYjwcBCatGy6DkfecjPD19+clGoqF6giNusGAClmVYUIQZNzTfpGCjZXH3QIH/7jAfpJUCIUFinVHKLOhWQJgPzzuSg1ZPQM/HV12nuey9FDR5QBEPl9OZYzfhWLJ27Bhfc+gF1dS2iZZAgU69Uyto8BSFemjv9+NbdADEBW8wWKp/f1s0ASg1bDp9q3mDV0OJPenErN4MFRo6tqHJf0Q+cvRacY+RMBoZxE9qVBXCU+JMYnb+4KJyqQJtsoWqhcIT9k4ZvTuWj77zG8LYdTUa8vv76kuppDn32MoVtsw8CsgV8ljr2UoUTlFmhdhIq7ACAFI802p57Arn88I0qnqDqFHu4HAUJSmtG4mHN32IHgnZkRU06xhGyhaTKptYmaGIB0aVhxkAq6iTNuHBe8/CyZ2nrFEqQYhyTqX2yUXtGFhJ5X9q4pgXbVshDy6fuvc+EPf0z9gkZFNVvjG72SAWmfgx2VqhQ0l2o/5NqjjuedW/7KAKdN1cwbQUQFrbBHMePYMmoEh//7EYaMn0C/nNBYRftOyskkMBC1ZK94VHYYCIOutHDkNZeU7XD9MSfzzu23MSrXqpqkC9JgLLVeHcaXBSDLzE4OBCFlSEQ03Ho+zxVH/Z73/34vg6QkyQuWnwEZNpAps+aiWQlVkvblAUhIlWusMAOiyfmm6eQSCRotjYE/+iFn//UWglQtCQ/8Ipe3IpaQW+oqO1Fk05AqKjnbJMsg/6lBd3nl2ut45sRzSTiNaH6g6J8lvqGa7ksZEPmRXgYgge9zxOBhDGvpkAEJpZzVxB+/Lme88B9q+g2Jcl5q2SSYU37exxmQLo+r+AN9wAIxAOkDixRP8etlgQwGSyyflGuw0zXXseXhv8PyhCo2oqEVSt3l4Y+lteXCiBUxXiVyLoYlny+WFum+YvMpkZWW3nHSEKypGm/JvoCUVttGniv33ovcg/+MQEvRs5J/SAnLyN/+mv2uvooaqskmQ6oUnYs4BZ6q+9dVRLxjS3cFaPJ95s18hRs22YG8KsGKPq2igUKhufmmnP3cv7EztWSUgyhaJ5WZn6UV41JAocBZ2cgh1J2toUPLW9O5evPvkvEjcld5iS8yTC5sa6TWrKIgpT+h2V6C1bEWvfMdWP7LwsYjWaRQlxKsPfnk3vvXiA1skWKuZXL8+y9RP2IDMpYwq0lPgyKmxRIgUql83b4cYcRlKz1FRqDq2DXJPuguH9xzJ7f98mBqNU/RF/esBEtqd4r7Tu3PCEiX9kF7JWDeUSHmNkPnyr32wXni4Sizp3ZbsSFK03H69+OM6dNIDxmNL5kOw8fFVVFxlTkMdcWY1u4cdthupbaqYneG+kzk7rvRfHyDQE1D4+6LL+CVyRfQP5+Peqwq2KBaNlifS7oower4vFfu+lKLeckOrdiKcakqkDSIQSEEN/R45po/8eiZZzLGDim4RZ2PokXE55UekC4BiGdyRDdLsLL6sgAkGboKDErpmwQvQs1kSXWKzfbejQOvvp6srZGqqULXPLVnIrQoTfBL17n4n9qfsxIIVL0tHZNLRUNJtZkeuPzz0b/zxM/3o1o6zcKQZCC5FR1z4tac+M//LjcDouzexeHQ/tfL+VwJgAxvWYTuW+oZkKxsm5Vmv2ceZL0tJ2IKg5zKpGnqrI1O0mh/y5qqKtpiBuQvxRKsyjK+NeLQiW9ijbZADEDW6OWNb64vWkBegFIy0KYlOPH9GQwfvV5Z3Xn0Aiyq8RVvUF7eKiCoSqmWExiU+mI9JFF8qakXtqAUdTGpryp3YWx8kg4894+/8+9fHkho2FEJlgjr6Qb5TBWXvv8h+fqBpAW4SJi32AOw1AuIGm4VWpKsSLEhtf3vfVjwzgtcv/m2ZK2QjC00qiZ1vsfiTBU/u+Muttzlx6qJfYUlV6EfOYWaOC7SfLr8rEupJ+Ave/+GTx+4TZW/5DWDwhfZkdNzDfQza3AMaQYVnZHILL6IfEVW7QJ/eLhKn0R0WqThWlfaD45hcMfeP2XuvWtGE7prWWx3/kVMPPG4yBmvyEblEbYmg8CIBOE8RcsjVL2QCG3QhVR06T4TfqukADU35NKf7YP96P2K+afZ8Ehm6ji1aQGJYuZuRQvgIU3NOnkhUZCouC8ZP8goMK081PLh2LQtauDEDddhbEsWm6Si/ZVHYFGmPxe9+jKZcePK2Nsqf1vKmSyVKYyECFVQXlJBwq6ka9Hzp7RlBAYIE1x0hfa+jAByXp6/n3was6+5HtMvEAQRVIhCANC4/npcOHMmCc0hQBRXKm5EqFjltwVhqVvtwODQ7n1HwEzp5xSBfeleZO7KfQ/hkUvO5fmzzsX0A3RfI4VGXiiMtYAlQ4cyZdZnaAm9nUyidI32EqwiABkpPSBaSM4wOe2556nbetkekEoA8vpfrlU0zappXAvQvviuo+lU/eiHnHzXvZDuoqwvXNrUL+eABFLU09v+yErgpfPn9/ZjjuXDq64hZ7oMdVJkdZ/M9jtw/L8ewTUSqlm945CyuYQXEgprgqxMZTSoGPxRfR1elP3q+KhIsvDI/kMY17yIVt0kFXiKxrrfT3bmsIfuI+Wllu2fU2eL3KuPGSQi0gYFQFLcsd9v+exvf10hkXlffAfGc/56WCAGIF+PdY7vsg9ZQCnf6gHNXzhsZ3/2IQMGjyr3gRX2iGrVlX8v+YxSqYE0kivPoNxhCSigexa+aaia73QgjDGRo51Q4cBybzJHoJy4RXM+YMo6m5DQCpGeRRhpj6TXHseZr02ntbqOGuXLLAeAtM8pUgOvbCeWF/FnM1/hxgnfQTM9qlwRnzPJhB4fDejHVR/Mwqqr7RSAqJ5VYZFRzseyTnFp2cX5k/8tnP4q5227JUNtiSLqLEimuWzJAjLJFDkzIOOYBInIuRTHtt0r7GT/qCi7H+kfKIfb1chKF35ocPdPf8GnD97Th3bfiqf6Wcrguo8/IRCK3aLifNmnbaFaFofcJZF1QHcJjDQkkwoYVwIWZbfAxdFNZtx3H7fttzfDCz0DII5oJTgeQUpmZKjMivxUlQOe5WFWlgGGLgUn4P/9Ym8WPfyw0o+QtWszU3xv0iS2Pu4Y6opgYUWgV3xcATzCIZV0A9VPYhTl8STPIDo8ChhIP4kVsbipPEuxNyT0fLLCBlVo5YxvbEPN+7MRZqQS+JAnt7krABIGiqQiqeTKI+DbMQOTEi9ZMJF6rAWYR7mYpSMCLFlNxyjkOXfPfbCffpwBjteuySMtXF81AJEzYfHw4Zzx0QwG27XotVFAYUVrIWeRBAmkNFUlO5T+kdxpoMrlIo30zgFI3s5z6re/xcjXZrI4ESjtj7rvTuSEJx/DNhMKIJWN0KZgWEpkUUgZJCtd/veyNhK8EFHNCMwp1sF29Bdw2IB+DMm2YvgJDN2hUdc48I47Gb/3XkgJbiXgzMuZq0gCAgq6AHyTatdV5/b1Bx7I3L/dpiiW4xFboC9ZIAYgfWm14rl+LSwgDYci6NX4RaP52QvnMKjfsPJIripXCBV9qSWCfPkC/icfYQytp2nQQOoCY5mgn4+NYSfJJjyqljRA0wIYNZamZDUJPDIVmQPBGpLSd/MtnFs/Fq3QoGqwSxmQqvXW5tTXXyWfSCsxssBwiyVXS5eoGZ+6XAEKBfCEZrdY516i3cyHLH7vVW7Y+RdkTVepsec1k0Tok9jp+5z8+JMrTD5EzlyIZue4/5zzGDJyFN/+1a/Q6vp16rA0L1nMcWOGMaZNasIDGmvTXPD4k2R0j5Zqi37NKXLVLqZt42jVpL6xqWrc72wsnP0BAz+bS2tGHM8k6SBBPp0j7Wa467TTeO/pJ9eIfTtv5FAu/3gWKTL4hpTDldvF94SxzebDyddx/9kXoNl51vn5z/jFTTdip0WXonwbRxF0aT63yH3yMSdOWJt1WrRuZ0Akq3XT4cfR+PJLOJrN4FHj2e/0U6jabFMlVhkWM1rlxnfJYfLU2Wfz4vnnktANwkDH+OY3Oenpf+Kla6hdwXJLQ7kMz20m2ZjluWtu5OUHHiaxMKuY6mrXG8OeRx/CwF1+oBxE3Uwpat4IWXSs1Yr02XOay+LnX2DSxF2o9/LtVKzyyZauAIho/QjAyucU0MOvERXCCHQI25gV0ua7GIkk1YFwKCkxofahigbl+dY0JBOVWNLCAePGMqG1hazuUesbOLr/lQOQxakERz72T4bvsAPVsqFWwPYnNyLrkTcM0lJmms9HB5bgFQlGGEnaqiKNdqEx72xkhVRj1jtM3uw7YDcqNrb6jbfgsGuvENVX7Irkkyfn7Xe+RUbLKAASGhG8a8cXigK4gDvzQ1K2jW/4eB3KwMIg4NwdJoJfoNoW9r08TYbJKVOnUj9hMzQc9KK+fOmakumT5y0o5DGCPNmZn/H/Tj0Oo6aWcN4CGl5+sce6TWvEoRTfRJ+2QAxA+vTyxZNfEy0gBRc5PaDBsPjjgo8Z3G94ec9HMQOiqmCaC1xx3AnM+es11G60OSe+8h8ydg3UlXtRqgQp0Gkx8vxjt32Y/a+Hqfr+Tzj5vocix6SSsapUbuW2cd6QsZBfHNH3Fkuwqtddm1NefZUgmVHvfcdwEbLQjsN2czwz6TKenTKZqrYWvGKJliiwyxCgsTilsU7e4FPTU83hQkiZDkI2PPpI9vjT5Svsa1YZDd/nD5tvzAZvfcISfDY59Vh2uWBSpwDEtT2OHd6f4Q0FXC0gHQa06ilqwgJNFgxwalhitjHUg4X9BnPRvA8gFVH/rmict+22JJ9/geZESK2TpFmHwLSpdky8hKf6adaEYe24Hcf8+ymqChYkvWVJBgourW3z+OOYjUjZbYjVPq0fxNUz38Ov6a+yBB1HlDmKAEiirY0j1xnB6AW5HgGQG3fbnSVPPIYRBLiGST6R4ZgX/kPdZluQXE5mT5y+vJFixs0388ChB5H0DSW0t9dfrmLDX/2CauEDrl4+04Hrusrpvevog/j4vsdJNjXRloiUrCXrIX3kejJBtTWIA267ibpddlKRbJUY6wBAVNeMDbbSL8xy4cSd0V58XgEC1Vwtop1dAJBWcayzrZy6xdYMXLKY0JDSNx1HE1X6gMH1Y9jjuKNYa89dcYQ+uCIBpRJSvhBF+Pi6juHAv6+7ieePPY6ckWO4l6FFz3YPgBRZsHqjBKt1k004c/rr1DZr5Ac0kSYKKFSO9mzStP9y0aFHo8+eS5BtUYxnWsrCGrUev5o8mZHbfhe9qgsIkvMIEjZn77YHVY+/QKjZhKFBiyHng6/+veNoHjyMCz57h5RWjab5yu4dMxaFQJj3cly4/U4E06ap0qmgqKFSPJxU1llYyWq9NI2JPG1hgj++/x6DR44BIw9auvyWXY+CZRI4Odypr/LH732ftT2bRqEVCTQSoaeAZDxiC/QlC8QApC+tVjzXr4UF5HVmG1EJ1rkL5tC/rn6ZEixbc0m6FlnT48xRo+g3dz5zqqu4fnEbhhWiVfR0qHYPKYmxA04etxZVCxfAOptx5szpWMvRNhCfOSHsPX6Ws4aOQW9dTKIYYMzpOqn1N+SM11/BsdIqYhga0mhbDkAcv8CNhx/DzLvvpsbNYUrna4fhJGCgH5ILpBhKKDeFKtNSmhKbn3ICu587CX0FbF/igNj5HCf0G8rAMI8e6LQNG8JkKWdJmQTSNxKGy3zf9RzO2HAzUh+9086I07FPVITPhH2szXShahDnzPsEPV3hDHS4B5nHOdt8B23q/9ACE1/zyuiK15QNKzYavtfP2P/ee0iFDmGYWLa03oXGz+Zw/BbrMqrFQzN13q7pzz2fzkPxp1ZEktUekwyIZpFoaeGI9UYpANJieKTSdZzavACrkx4Qsf3lP90L+8H7KSjlaGhIJtnv9lvZYs+fL1/PxXFpS1i8evWfeeqY4/DDAGfYOCa//TrZugRVXnJZnQ/fJdAs9MbFXLjrLrj/e7nU1rTc5dW1NE0mfP/c0/jRsadAwiyzValUCgkKhPDCww/x5J57q4xG0kliaDYN63euAyLYKiwUOGHMcAY2NuFXqHv7WLiGR2K98Rxz1/1Ub7QxCZWNCXFFbb4DKFJgXjKeDXn+MHYMdblFWH4aVy/QOHgwf5r9GbpqsIkyCqVRqQPSUwDy0EHHM+Ov16NLZ36o4WsWv33o7wz9yS5U5aXPrECaVLmNA5dQNwjyrTx57oW8dMmUiHWvSK1dKjSzjZDWtMFWv96fX07+M4VMWu0HJX4pgKK0COrGDfI6zP3v09z0/R+TktKmTkbbkAGcO38eadeikAhIVWoHeT4FU+PKjb5B6/uvY3lC49x5FKLJSnD6OzMZNGY8GFJYVn7fQhWddHVaLJfLv/99Cv95nuogQGIBmhs1qfvLyFmuKadPfB9rqgViALKmrmx8X33WAj0FIGeMHEn/zxcwp6qK6xvaMKXrtzMAMnY0VQsXwrqrFoC0BXn0xU289d8XmDf3U/SKPhOhxXzu5HMYlGskr2SzpZe2BwAkl+PkfvX099qEo4jW+sFc/NHHqnFVrh0BkPJMkOPanLXx5iQ/XApAypwqCYAHFm2GC9XdAyDnfue78MqLaL6Jr38dAIhLGFrLABBxsfIfzuKkCeswbptvse6OP2HCj37C6G9urrRrojKVpShE3KwkLjYW/sezOX7jtRmTlSxdTwDInjQ89jDNRpqUp7Fo3BCufuk5Uv2HoQvqrlh/O3TxA40Hjjqc966/SdE7D/r+Dznq4ftwEgGJILlM2Z9qlrddbvjVvsx55H6STlSKVSHgvXQbmdKHoNOgWZz01BMM227bsnm0w/BiFm/hrFlcttFmJPQ8SSdBoDs0r/flAEhSdRI4OCmTxv79OP2hh6ndYgsC3cRSTFNL29JLAAQ34NRvbUXi7elofgpds2kcMpg/zeocgJR0QHoKQESI8M2/ShO+o7IwOU3njI/exlxrbapdHd9yl2G9U1kzz+HFK67g7uNPpJ+UnRX1O6IemuL+0jV8XUN6J7Y98jB+NOlC3GQNSV+ytbIXlzb8S6+XtMxYhWZOmvBNqmZ92A0AMp+0a3YNQD54HcvtGoC0JiyO+Oc/Gb39jqqfrpLtL5TnR5EtODx+zgW8cMHFDHI9lV1xQ10ByohYIB6xBfqOBWIA0nfWKp7p18QCPQUgZ44cRf95kgGp4brFLZ0CkNAJOXnsaDILFqxyAFJQdcuR0ylOl+CijqPNdjmidiAbua2KMlhxyvQQgJwyeCR1hSZpB6V12GCVASGTWCEAcX2XMzfctNcBSPjyi+iSAfkaAxCXgJZZ73Pm+huz12UXs/2Rx6uGcNkBpmr5Ly9lUY59oKQv+eD++7l5358x0DG7BUBKpALX7r4H2QWfs8GhhzNy3XFstuEm2ANrSYZmRJVaAcRbA5eaZpeLJ25N4c03CfwU6x75e/a5fAomNq6RWoboORt4JOZ+wh/X25xqu0X89E6HorHWoc5PsWDzDbjo5RfRrKUR7XaSKoViwG5u4fjha9HfbSLjReA3v+6XAyC+pnKKyvjCCjb0O9ty/GOP4iRrVCbEFeX6ir6vgu9z32ln8sGUSbhYkkOhcfAg/vTxXHRJf64gA+J6BkfUD2RlAIgooWd8j4Kh0ZZKctHCBfjJJElp8haEVxlA8CH36Xucvd6mjHBsWhV171IwIaVQKrkhmh+h5GQDFldZHHD5FaQHj6B1/mK8xgbamlvJtrWRa21DLzSQy7aRL7TQOPVNss3N3QMgjkE+KWVaS6m71Re9qLzqqo22pPWD17oFQHzLZLuTTmPiOacTaCZmpeiKEvHU8WUvNmX57YbrM2JxC2nfUeyGSocnHrEF+pgFYgDSxxYsnu6ab4GVASAD5s9nTlUN13YHgIxbi8z8+ascgKiyLyHjKZY7CKlUx6G32fxmUD/GBwU0T0owpJSi+xmQQi7H8UNHUGs3K7YjyYD8+Z3uAJDNSH44s70Eq+OcpBqtPQNSM5hzPp/TZQnWed/dluClF772AATb47NFH3DB+E34+ZQr2O6oQ1VvRkT1vCw3tFQEGaJv4wdcdcBvabjnDhJBzwDIpfvsQdpMcehtf1f7TLQQhaEqrfobxDMtBz1uGPLZXY9z7W92pyrwCIIqNj37dH5y1qkk7Sz5ZJp0ZXN9mOPpm27g+YNPkKYVJDnW2RASiUWZgGH5FO+mElw1dxaZ/gPbv1IJQELX58ihoxianUfCtWgyPZx11mNyJzogXZZgSX9Y8YcELwnL11lvTKV6vY0x3JB8yiFdxksnmi4ar/3tHp7ab1/VT6DrfpQBkRKsVQhApNk8Z+mkxq3F6W98qCiFbUsjKUiuUmiwkOeFR+/k6Z8fQirwaasAICaa6skRgg7FDCibwjLxHVFjcTGSGoGrYeqGIpcIRYDVF7DikzM0asIETpDrJQDyTVq7mQFJagaLhgznvLenk6oehJ6sqFd0XRxhVHNFMNLimVuu4v5jT2VwwVbnppTzxSO2QF+zQAxA+tqKxfNd4y3QJQCRZm3dxXIs8pbH6SNHIQDk00wN1yxuUcIElQ2/odBUah6hAyePHUtmweerHIAIn6cSC9MjMcKIKHPp0Fty/HpoDWPtKFodquyBRWB4bHHaSex2zkUr7AFRgUbX5cbzzyNte3z67DO0ffohF7//GaSsSKF7OSVYduByzvqbkfnwHTWfyjKaMgDSzRKsGIBEayokUY2ffsSZ667PPlMuY4ejjypbb2m+VqrpRaP7nihi2zQ98RhX7vpLTBxqvO4poZcyIFfttgd+/yR/uPkubOmNr+T6LWqz+IFDMjQImpo4+7vbU/3eu9jSR6Sl2eKcE9n5jLNI2Rq5lDDClfcyuZ7N45dezFunnE9ByoK6ACAGSVqTNiNseKMqw2WzPqJuSP0Kzy3f9Thm6GgGt84j6SVoshyctb9cBkRKkaJMgIhiovpsDnjyQYZ/74dkXA0nIaQRS3s6pAukgMZH/3iE+/b+aaQ7KgBk8CAumz0XY4U9IA6up3PE0HpGNjX0SAfkgYOP4/VbrqHODWizTGo32ZgTpk5FE00UaapfjgKP74Xcfd5JvDlpCnUiltrF20DXNaxAZ15NgoaBA9LnZ34AACAASURBVKgtyHULikwgCHz1T6vgEGg+jYbFum6eVBcXjXpA5pNeUQZEAJ4lGZAtigDEJFDkxiseEpvJGTq7XHkZ3zzoUJJmRFoua6gU3CsaqJx8jrO+9W3S77wZ0TtHya54xBboUxYQqmohzVhoJZnctIDqVF3ZRpa9PVXOhLNjkrc+tbDxZPuuBdYUANJGDiEATYTSEC5NyOVRulbH4pi6DBuJACEedg8BiLycm0OHfl7INYcdydtPPsrV733cewAkzoC0P0TlTejL7wHpCoBIaYqU1IR65BxrjoMz+wMm77oHwYezcQ2fGt/slhL6UgCyO/6AFH+4SQCIRrJS80GIFCxJshRINjdx1a8PYMHT/0b3XcUepPtJNjnxSHa76CLM0MQ1vWVKk8R5fPvhh7nzp/tR5ee6cCWlq8TElj4WX+etfv24+ZPZJGtWzKTmZnOcVD+aqtwSMkGCrOF86RKsSAFDyHfF1hqLrCQnPfckg7fahqQX4pk+ZiXQAl686lr+e/QReKrHpzslWF8egNS4ATnDUAKQp818W2mzCACRUelU29K0f+XlPP2Hk0iFwi7VdeQ/m0yz7sG/4cBLJhN6Br6hEYQhokju+R6apEBEONTTuHH/X+I89XSnL4/uA5BvFEuwugYgsl7SuD5g4FgOn/FvqgaPVjevssdyi0a5JaS89dPHH+WqvfdmQE6a+OMSrL77xv/6zlx6NIWNcpGVigBIsjYGIF/f7RDf+epggVULQDROHjumdzIgr72Mncioxs7lsWC5ttSZG0iJdNYIqa5wJ/K5Ar8fVMv4vEabIQJgHkYPMiCyVlIskXF9/nrEsbz90INMlgbSOAPS69u4NwCIF4r+hY+BR8L1aX3zTf78qwPhvfdVA22UfeoZALl695/i9U+sEIBI3FmxR3/8CTft8yuWvPICSUKylvQu6yQ8nRE/3YXf3X03jpUgsZzG9QAXydYdsdFmDJv7Gb7w7XYyBHRLRqEhkWKt/Q/k6OuuimrDljM8z6Nt/nzOHzWedNIhYQuBgkvLl2TBUj1XqgtE+hQsGkeO4LqpL2PXVatyReXel2mTSBVPyE2H/I7FN/+FnCZsXI5iwbps9mciqwFf6BJ1HBELVgRAfj9kCKOae6iEXsyApL9ofrfRsFNVXPz5XOhXrUBIVEJVbjTp/1/82lTO224iAz0Hy+2cXUrOn09qaznu0UcZ/+1vq/IsqyOEVDaQ7iUdMx8wafMNsaWPrJPRfQDS/QyIlKpK1naAX8Wokw7mZ+dNIbR0QhFW9IR+sByACJb3aOP0Lb5F3VvvKwX4GIP0+rEXX3CVW0DDNUIWGBaXtS6mxooByCo3efwDsQU6s8CqBSC9WIL12ssUrDSpQFs+DW9ok33jHeyPZxEKf30FADEbPa45+gASrqZoXQPdRushABGH1goDbjz8KN598CEuFRas3gIgcQakdzMgQkmke3hz3uO1O+/k9imXMTwrlfkeraYASUjTuwAEPyRvaCya+RYXfXdrBrQVqHENBRBs3UcLAxITJnDqSy/Tlk5TLYpxFZo40h0RBCY3nnQCs6+6lowt/F0rHiL5IM7z7IF1TH5lBv3HjF6WsriojC6ZnA+nTuOObbbDTdhYBQEHHo0bfNkSLJH30SlYSRZkLH4xeQoT9/0Vbtok1E0SUhtZ4dz7OZcjv7EhY9/9kGZdmvHtDiVYnQOQwwcPYXRLDwHIQcfx+q3XKDV5mVMuNDl39ixSo+txNE3pAi0jYu6IenuOq/bfn4b7HiTjdg4GnS8cm9p99uToW++Ient0r1yTQ/1EgK+bhIuaOHfcMIy2ztd31QAQqYYPaBUGNauK06e/Rc3aI7FNXdGfL6ME3wZLql2ePe0M3rxoSpRdjpMgsWPRxywQaBquHjJfN7ki30S1UVV2B0tLsDRUsrPEOBHv9T620vF0+4wFVi0A6Y0MiEFiw3U447XpeIbogGjYpkuyoqSjdfqbnD5xGwa3tiFBvKCCRccXhb6kSU0uUjgULv6e9ICoMh7bI7RMbjnkaP73r7u5/p1PYwCyCnZ6dzIgUtbSMmsOJ26+Eb/eb3/G7r8fhheQsAO0vIsz+1UeuuMuZk2boVTvNenC0SINCvk/6TmuCnsGQK7bdQ+MugQH3H4XSdeUJpCyoTJkeWGC8jj/BzuSefZ/5Ayh24V0KH0POm3Jas6b+l+CCRuTyemQKY82S7N8oAVYuSwn/vLXaE8+QpUdqPKYnCnECWksYSGSKLSlUe07zKiu5rDb72LrnSZiJpJlbE5qTjYEBuT0PC+ceh4vTp4UUcMWX6xdKaG7hFgtNgevP4yN5zWzyDDUuzlhWXiuRyA6NoFGc+1gtjn5OPb6w7EYhqUcWfmfsrrSz9AUU4Tq91akDv2pKTjoQUTDu6h+GJd9NAdDVEiLfQklA0vZZMo2yeptHD5qJGMWtmFqAfMSOn987iUGb74FRsfMTwgFzSaVt8imdJ763WFMu+3/YXqqG4tA1zjmsYep/t5OJAOLMOGLjGNFCgQKCZ9C8yIu2PsAeOZJan0dS4T9DMXISyqQrJdGU9LE/cY3ufDBR6ga0E9R/crvKA2UDkPZQAv432038q8DjyCUDv9eyYCsuARL7krO+YIJNUGIHWjYeoBnGCoYs/0Vf+LHBx2AZyUxVaqpfELSc64H8P7057h1650wDRutQgtmFRwD8SVjC/SqBXIZGJTTeGnUEO5672OsVGr5JVjnRUeVatzsuuqyV+cYXyy2wNfKAn0BgKQ2EADyKo6ZIhFIGjUi7uw4Zr37ASdtvy1jW/OkXHnZin6z+D2RB1DtVOGZLtWuTUEPVbOl4Xe/CT0CINCWhHsPPpJ3H7qbSbPn9h4AiZvQ25ezewAEWmbN5vSN1qO/niaRb1HgIm1Yqtm3WbGVaio7YCra0PI3ycoAkOt33Z0wyHHoPx4kSFZjVUT1laPuaLSaPi0vPcefdvwJVY6jynBKWhBtusH4g/bnF1dehWVlsCobDwJwhOrUtzFzBc455ADm/ftFhixppdb30PGUA28bJo0ELBkxgpOvv5FxE7+PaUpxj/Q/LZ1YpEIOrYZPOO8TTttgSwa2NhIGQXuzcVcARJjDyBY4dP1RDFjcQkEzFOOcq0OiKsWSQUMYvukETpwymaphIzA1C6NYcqWi6UXUJ8+c/EHAy4xb/sY9B/+OlO9ihCls3WZx/35c8cnn6GkdTSsXIvSFQNk1yVo2Vx6wP/nbnsTWCiwZWseU6dNI148g0THrWQIgjkFjQuOxfffnvXvuVgBEhpRH9f/OdznqqcfwktWqVK5d16O4E2XbqIxFPovhuzx25+3c/+drSc2ZRzKXxU2a5A2TYGg96+/xE446+1ySqSpCU1fniwIgFWkVScxBluu23on5r79Exu7cw+mNDEi0GzRaEwbNSZMhuQJpX8CVTsuAOo5+6hlGrr8empEU4jVJZ5UNJVUYhiz6YAZXbLg1WljAiB2zr5WfsCbcrJRnEyYZeuRB/PayP5HURFlz6Z21Z0DOMJJhSlEqivhNxLoQj9gCsQV63wKrFoB8+RIsecEn1x3PGdOmYWeqVQ+IZ7jLNLX6HniNi5n17tvkVL12BDxKAETisPnZ73D/0SdQJ8wxis++pwDEoyVp8/eDj2LmPx/jsnc/iQFI729J5a8uVUJfQRN6GAGQszcYzxBXR5IJxQC7cv6qPSl5il4dZVS0JeeyBxmQ0j66fo/dee/JRzn20ScYvu1ELKvCUxOaVU0jGzikC3nO3Xl3eGEqCT+HrXpOJPIc0jh4AJdNf4PmYcOp7eioyw9Jj7JR6hQIMByf+e/O5LLTT+WzD2ZSnZfeFhOvqoYf/3o/fnn8HwgSokAh/QYBhoqwL32rhn6Aq2voWoHXr76WR48/A98pKNa2EntdlwBE6IsLeX4/fi223mYiu/7pCsU4FyZN0nU1VJGhkEDdY5UAPrmPjuCsCEA8zQe3gNaS5bBR6zDOzuMFHiYJcobDElNnyuxPseoHYVUAEKF+lRKKPC5VBZun7/8H786cyQEHH0rViNGEZgV3UwAF3SHl6bSZAddt+V1apk9TJUZFM1NIVHPSfx8nsdWWJD0D0yxfT4eQhEqYitq4CAqaWJ5PdtE8Fs//jMA0qKkbyOAho1T2QOQ05Aoq41PM/EhjfsdzqKAFJBZ+wqTRm9NIMzVfAQuWlOnJs9BmZjj4gb9x29/uYf6Mtxmy9niOuPJSBg4foYRbI8Au6anyh7oNqPJcZv/vWW7ZbmdC3Y0ByCo49+JLrloLyLk0p7qWaz96H3fIAJIqBNPhrCyxYB1SlQkH2AFVnk0gafO4BmvVrkx89a+tBVZvAKKR03X00SM5940ZFGprVcmDvABF9qtsSNOxpuGFUhAh0cxyZ8IPNXJvvsSFW23DQFtXNfk9AiASEHn+eTTN49FLr+Gxl//L1R/FNLyr4sHpDgCRGt2GObM5c8NxDLdFhyKKf5deJ+J8lsqtVPZKfMIOk+1JBqT0tat234XGRx4lud1ETnrwMaitqMESdiND9EaE/tfknf89ww0/2JV+XpsSv+zvJcmpvRswbMfvc+gTDxAaGXX59rr7UkWONAoXJyyVAJ7vognNbWCqrI5m6CqTZ+i6Et0UQBFRGZWviAATV9iX3n2PU775DQY6NnYo6ulLP9oVAPFCl9Bu48SRa7PRzntw8I2i6t4hUl6q5SqK8onzXZbYkQos5Zg76M2tPHr19bx87nmkHZusoZHwpSPBVYJ6h//rP4z8zrcxrUrbhkpVXPWTKP2NQJVaioiePOnL0MIGkNcd0nZILtvMWQNHUo2wji0FIIGRpGqjjTjx+Sdxk/2wEpWNKlKqFZXriWMu547kmITaIGoZiSi/Fd1zewalBDmKyLc4sfZASN7jkh13oO31qeiuGwlYdjJ6IwMi1YIpDxz6ceDrzzJywoYEbh7dTCkRyKgKsBiw0QVolZ+dbfhU52zunTyJ2WdfQla18ccjtkDfsoCh6UwdMogHP5lLIP1PSoBzOQDkwt8fGto3/AVPcwhDg4TQMMQjtkBsgV63QJcAJARHc5VoWdb0ECX03hciDFVzuBe0ctbQtTBbGtuFzeSGbcvirHdm4I1fl2pboyHZwgDqlmuLEmVqdLh0GB7Mf+cFrt9ke8WEIaJ1SoiwGzogck0nn+eU/kPo72VVD2Z2eD2T3v8Y0olYB6SXd2V3AUjT7E85Y8PxDHektbxnoycApOQ8Xrn7Hsx/8hECN+DYRx5mwE67kAiFZlZKo8QhjdzbQPaWpimxvUu++z38l/+DsHIlpBFDgQSNFjPg2EsvZuThx+BIo7ZkPkwHo4NeRsdryb+rfgrppShmOOR3Kve5uMiW1OcrtjhoNgz6NbRw/U++x9yp0xSoSVQYq3X99blw5kwSmkNAQtHpdhxBIBmQHEePGcsWP9yNA2/9i/rrZZqVS1+K2qxU44AqJxOs4goHv4P7ysuc9oOdGJSPQv+l4KJ8Rpz9bx98KFtf/SfShpRgiV0NkfQj1SGT0NEOHe1RNmcBWPITiYA5Lz7FrdvuSkA5i5VpWGR1j5+ffgGbnHIquh6SMzwM3VD0wVRkRErXL+2HTm1QLPrzZT2klstxFOJ7474HeeTXB2L5BbKqQKtzoZfeACAZDBosEUvUOPi1aYzcaJP29VvuGoqmkilsYdHc0naSQjLHhZt+i+SM93AMHz3uAenZgRN/+iu3gK1bpAJXlbkWQoNsOs1uD9zBdjvsqs7G0JCzaTkApHnOJ+FvN92QbzRlVWShc56Ir/y+4h+MLbDGWKA7AMTWXJJfAoCk589HW3czzpw5HUv4TyuaHFWpwwoAiPK1Qp1hu+7GwXfdCVoKNx0sU1vd5YIUAcgNm2yvGjBN1RTbfQBi53Kc3G8I/f2cSty21g/l4g8+hkxCOXWxEGGXK9DtD3QfgHzGGZIB+QoAiDidV/10DxY/9hi6H5DZ6tuc+OzTBKZOoBtRs7EosHccDrzy+D+48+f7MsJxaDAlkm6o7IMrTczJJGfe+w8yO24LRlo1ileKcXfbaKUPBlEplACRjOerKPsNB/2Wj+66W5VHuRLNr4i6dxeAHDVmLN/44a789rZbOp2W9MII0FL9BAJ2dMgJCcRrb3HWjt9jpFOg2V32rS6PelO6mrNeep66jTaN5A1VN6g0pVfYtgvDCLBp06Am38r5W34bZ+bbZUEN9XXdwsdV9N6/ueoqRh2wj2Itw0rSakBNj41f8QVJk0iwwhQhRh9vUQN/GL8uw/JZIUzD8hPLgKLKn+wtALLEFOpxXQGQURtv2g5AlneLrfjUiIcmAE4T0UIb+5/Pcs5eu1PruZi+yHzGI7bA6m0BIZpIBVEfedZMsHjUWCa/8T9q0/2V7pCw4S23BMvNe+ETD97Jf/Y/kgFBC14Jbce7fvVe8Xh2fc4CqxaABJw8bgzdBiB+C2cNHYPV1qhYV0pDXI+GdIoznvsPAyZsSU7TySzTvduF6XsBgJzafyh1XhZL02geMoRLPpyjMiCCqVRJS0etA8ncfBE5Pnv9Tan68N1eUUKXOzxnm+8QvvwiemDiKzHFPrflupzw6gZAZMKSbbjyp7uRe+hfOLpLXktyyEN3M2LnH2CSxlAdyxWFKQWP5qTDn7/7IzIvvsISy456CiQjEGrKIV5UneLoB+5g3LbfJ5+oVs2+8ltGURyvS2NVfsCBXEISEAWqGtu4/ZDDmPHQP+jnROVCkpWp5FBtXnc9Ln73HawuMiDdBSBhGOBrWrFQJ6TKdpl97wNce+jvqS4040lDeUVRg0qYiL+rp0h9YxNOfOZpnFQGT9dJqUxIRdSiK8O4AXnD5tUrr+KFY08na7jolYUUmlzTIxNCY8pirymXs9khv6TNylDnJqWp5ksN+TlVvhTaGG99wAnb70y/xs8V0GwzoJ+TwK3IynwVAGT0hM06vS8HBytIUHDASfnUtS1m0lpb4jZ8TsEIVAN7DEG+1NaIv/wVWEBOOnmEW02LhXX9ufy1N7BGDlUyN0bogOozW04GxPfcUNKnN118AS9ePom1WqNoSdwL8hWsWvwTXysLrG4A5Mwha5HMNpUJmUu5jDTmOv0Gcclz/4GxYwgTEYf3CstAKlexFwDIaQPrqXXaFABpGjKYyR9FNLwrAiBO6PHH9TbpdQDCKy+i+TEAaZr91WRASgDkqj1+gv3wMwpIiI5IauMNOWH68+h6v+g9VhGkt30bafV+9Y57ufvQ31KfzyuhwtJ+kYbovKnRkjL58SFHstPZZ+GmqtSeNs0eOtzF/e7ZnhLsY9E8Lttzb5rfmInhe5ih5BNEZ31ZxNq87rpc/O67vQhA5Jd8DDcPCxu49cRTeefBB0g5eYV9pO3cDMrrwEqxRVGXb0yGrDVxO4649S7sQfXS8UGimwBEwJsM3Skw++/3cM0hh1DtuRh+qGzfcUj5haPrVAUaec3DTlhsut/P+eWUSyFZA+moP2dlhyoPa27mzVtu5W8nn0StbeOjK7auNj1Q/WxeF7mELjMgXqh6Z67aaMVChFKC1TED0hUAwXdwpATOdUk0zuf8rSfSPPdjBjiyezQcpZoeR4NXdl/E3/uqLKDhaxaf1tZwyJ23ssWPfxQJGatAkVCEl8+jnQXL8d3QCgzyhSx/OuVUmq/9K4bUx/qOSusW2+3amw6jBreOo2M74ld1s/HvxBboexYQ5hx5MX+SNJgy5zNSQ+vL/Cgp5ZAXpnDHB0GWM0avw9B585hTVctljfNIk5FwQtmN27qmSlJst5Xzx6xLYv58vI024+wZrxXZeoofL77EhM5TiLfNthZOGLcW/RqahPSmfcj8XNNQpS6FugyHnHAcGx51PLawEJlJ1ZRrFDUeFBNSRPZZNifRQwimvcjkrb+jIngSGWmT5kwfvnnKKWx/wXlKtbnyFJE/yzSdXI4T64cyqK0Nw9Rp6z+USZ/OQbOM9mbhSgW4wM9x1sabMfDdD1QlilvRISzV9qITIVJ12f71TPrkA8L0UnEkuQNdUcguHWdN3BHz2WfJJ6DKSarm3TVxDPvZrvzinnup8U1sZaPynh5hPWv6bBaXjNuAEaGDMPWUj67fAZ4w1oYBXvUwzmqYQ7Kkvl3cl34xoyF/lP9dtdceND34KLrmoQUGlh7ys3vuZMyeP8dUUf/yOdoEVDk6rtvGWdtvxZDpM2lTLegRXpH0f+m+HHSGb7wBv7n5BpIbr4+XqsX0pRZfZCOk70MqkXxCU1rSS3scTCehgE8gvRYyyVwD/73mOh7505UYDUtIuMKMFTEcRS74sm/L3Lprc9a7b5Hxk7jFUh1ly6IdBLb4ThsnjhrPhF1+ym9vukndgGLYlYb49mdVHkQfV/OwWrL8e8qf+e8NNxEsWYweeGp+kbaXifRGlA+5L+GZ0nC1gJY09P/CqT7+5lsxNlgPS8T7Al813Utdk1/8UYnEa9J9I/tEKXw7ZHI5XrjsCh69YBJJ18MNfUXfvTwvIVL/UCox5C1xrA3S64xh3wtPY/wPfwHJhGIRC1VPjU2k6y7QRa4XwQe5hip58yMihLzhk3YLtM18l+sPP4yPX32dGkXJ5pN0DFU+GrnyRV2aTh7gpsGDOe/zj0hrVbh6dBZ3bFwPfY2CHjBli63IzJhGq9I3qnCsNF1py7hBhoPefJmRG2+s7liytnL2ICxnKuMW9Sgt1GGgZ9Pw9DNcdvBvqPqsQZF2JHypmZe5L0tZvCaeQfE9rU4WWPbcUkx8MsXiOz/lW9haQGhGPZ5Savph1QAO+383seVuO6tgoXqfyhlSAhEdbrEdgLhhEMrDobk+oevx19uv4anjzmLznIeje2Q7HODR70c86+0jBuer086J57IaW8DWRbPXY4GhcfPMd6F+RORVlIa87yXklZC6jlaOXWcCNQsXsziT4drP3wMvvYwgm/LIffGc2jh17Y0wmpagrb0x5738QlSAXgo9KM9O/AJF6wNteY6dsAE1i+eXPc/COZ9R7DMiqCZPe0j1OhOY8NOd2ewnP2TwehuAmQZdKIgEzSzja4BhYv/vOU75URQFMQOdbNIlY+vscPxJ/ODc0yO6m+WdIzLfXI4jxtRT7zoqihkMGMq5774PKlJdoliq/L7PcVt8k+oPP8IxTKwgX+Y8JEODFssnI3X7/YZy4btvQap66QwUAik/zM7bYXuMaa/SaPlUOQIf10wAMm7vn3HAbbeikJblLZv+Dk1a537A6RtvxYDQJpCUeg/eAeJAFqyQjNA3Vw3hPNnLsodklEBf6TEo7tfrfi5N6E+iBQGepqMZJvnxGzD5hZciOfJK4gNBEEJBZPpMu+0vPHDYsehh5+3yupFi2LbfZqejj2Ts9tvjZ6rxNA3ftJR4nvRxKAdUnh0vwE2K8+3D/EU8cd3/Y9q9d5KbNZt+ro8pzFKiGVJ5/lRWio1Zm0veekOEIcBylvZbdLSDk+UP667HBj/ahUP+erPUpEXPrqEThq1o4sR+Np/XHn+Ctx/7N59PnYHXsEiBBUcXuNFhHy/v/VwxpxqVHTBx6waz+Z67MvGPp1FVPxRHB89KkAyi9lFh9pX1CETmMSiw4MX/cfeZ5/H5tOkYgRcBnuLj2ZVbkAmFW090hnSarID6Tb/FDvv9gs322xfSqehMk+ddAhVCCKB6vwQlyjq7ap3JZ3n77w/y2k138OnUabhaXrX160IYALT0kD4qO2QUl37wJgS1qBoyyy3HUSJo8kUA6OxtdsB8422arRzpjg3i0m8kmplyeGo1HPPCk/T/IhiEboJlqqPaNgU3Bhiugylq0f97iTsnXcrHT/2bKt+mRfOiVpzS6MqQq/H7Lp5aH7ZAxbMjAqJF/FEE/lLaqRMYBgVTZ8GQOo698a+su9MPlY+TEt2PTkY7APHCUO13zQ8IfF9RZs1+6SWu+cNx5D94j6EtWUw/JCm+hjp8ol63cr+jggWnD9s9nnpsgVVlAU8TtV4VCsMaWq8YeSJKz2hIrMsKDQq6TiACVAsWkfAC8qItMLZeGh2WKY4QeluJlXm6S/Lz+SpyGRhpnBGDMEJfRWTVtYs/E2ouvmaQCHX8z+djBuWsRvIxcTzkUFBlFBoM8A1aQom2aiQTKYyaDFYiEekTKLen/PnXDY1ULkdhUUN77FXwRjrUcGr74fWrVlGT0ljq+0dqzlLa4cyfT5Xci5pPEqt+gCpcV3FldfiU/6ZnpNDmzyNj53GEmnQ5L26hE02FOg4pzBFDEJWHstEeXo5OX3tRCxk7pyI9QvUaxdPXvBFWJcgPHEjGl73kEy4Ns6ubtVTGIST4bKEiKqmMbpdyDJ1ZxiuWwbgkcUcNIyXOZFmpbzsCUf/dWdJEbSFPVlXAayTFsw0tMoNH0Kz6LsrXzgqF6tkgZ5kkbQdtwaLlRP7LZ2gJ1ayv0yx7ffhA1tloE0ZtsBGDxq/D0LFr49ToioGoddESFn76Oc3vzOSjN2ewYObbJPMFHF2a3DW1lyXqLclJo2xfLmur0DJxhw0jGZgEmjyf0UZtZ6hSIEYjNf8TnJr+DBy/NpYlSue6En3MZpfQuGAhXksrluurZ0I9CQpERG/l9DLbtPL9XP6BbCISkRQafslUJfUUYyZMYK0tt2TYhAn/v73zgLarqPr4vB4CSBFsKAI2lIgg2EERsYAi9oZdmoqigoioKKIoIArYEbsgKjaWImBBsSugBqQIUWwgAlJDSPLefd/3m3v3y7zJtHPuPe/dm+xZi5WQe87MnD179uz/bmPWfcBW1nMxtHyl+deSq82/F19grv7lr8ztl11lJlpTbWNFp8aNjJSrpXnrWPvWehpjbjhpzDJIscHGZvNttjUb7Li12Xyrrcw9t9zSjK+3nmkNj5o7b7vNXL/kL+a/V15hrvvTZebmi64wU3fcau4YmzJLx9p4gclIwU+AU5WGU23q3puZkda4ZBJp7wAAIABJREFUzTOaGiYc3ZHPw0O2Cp+59kazcPlKs2w1yQcNh834NNRYYG6728bmXjtta7be8ZFmi4dtb0bvsqEZv2GpuW7Jleaaiy82V1z4O/P3qy41Y5MtMzGN2mbMQi6inC2UQoWPq3yWPqsUqEiB1eXWUuyNI8gg/hwzw5OTZuXwhLlm4QKz9fP3NK85/N1moy22tCGvE9ZsmC5kMQNAWp06d2I1GbljyqxcOGpuX77MXHrWWeb8z37O/OH8880mQ8Nm/ZXUjJs2wyMjVhiuymqvaGqoSA59XCmwJlBgxNaY62j3HCvUu5/1YS2DotZWaghxGDJDw9P2UrAReyv5kFm4sn1ASXlKSm+i3BP20BodtSEZ666gEkX7oqvxjqInwywftoEAtro+u5aAm5ZTUQhAND6JKtOu3Y0if+M4ZSVxtbaNz+OEYA0ZMzmN4sUR7YVTdX63Y+KmJfSC+VGOj8N5ql3NX5o1gHiAgVAxG3xgY0+mzcT0lB3LJmRiDbVlVlc16NTuot1vSxTBzj0JhJpYHXYIVWrYjCNJHQs5cxj1AMZtIyjknXsJ7LUP7RGKc2EGhGlHpwnZaVmghRLtr+fw8KQZaQ3b27ih3VSHtqvokJb/lmOn4RmUOi6cIyZ/torKhX929ToekDuGp82C1oi92G7MeuUARm2HieVcz4MGf9I/CefMccUIoTDhecneWTreMutMGluMt0XIEfCLkr7svf8v67uwc8HmuK3gYsyKUW4Shz70b8y6K0fseFyIaIH7UPtm9dkxz7MZe9x+d8uG8vAouQluI/xm5dBCs87QMjPVGrX5FG2ma//BJX78C5cGTxKuZPdOO5yKEDOs7PQ9m099OsyeE6WEbU94DkjMH2sr0lTHXdmaNmNT3GXCBYtDZnRo2HpZ7O3jjG+/nQ3Z8X54d8DEtsBC9l+nsfdvmjBmfGrIJsyzbuuw3zFYAO46YxP6SU4YvshbRofNspERC7aGuY9oeshMWHTQuZzQUFGqQ7oIH/hz4+pFvtWGgVGk2eo4q9rkSDscCh5hjsMt7m5vPyF7gW+xxhsuSpyaMusBZLjUcXLK0vPOsREzYZP9jQU5eIftTfetlqUlYEzWu61fqW41IGJ0DZvmbBmx/orl1mDKZcXLzbBZtsnGZvtnPd3s8oqXmy23286sM8pdQvJOJ/QqQZHVAAjHN68vo1IFkZMrKF84ZV3Sy2662Vzw4/PM3xYvNsuuv84sv/12qwC1BblukDWM8/RzGqIABwwHF0rwcMu7QMxa9rFAttrK/tSQWTGCAm5vAzRjU8MWgNj/dyymQ1Yl594DLksbNtPDU/YirLaXcsRMeyVwplujVtm0kdhWb+jEs3dADbold3fYXd2RJwtXAlK4KAwL4LSt2tJWBtsyw88BQdlsfycKbRuAoMDYO0GmW1aZdUGPPcBnyTuO/xX24KYv63kYXqfjbWmPSX9uG8GTg+doaNhalYmDd5uN2wcEAao6l51NulYavscLwRpurbBK3sQk/XaSExrijfnsdnpo1N6xQdUd6OoDELwiAE+qptoKZB5tS84AmxVhL5prmYmplllhD6xVbZiQG0eRmzZ3WIBOiI6922F4woLz9l0PoFMvTwXr9RBAtc235C2MWWty/HJdvI0o0xa4YDy34LST395q2bGH4HmUQ+Y2MmRGJtvg1wL3kTttsrm9DLBjNFi9UloHMHfOSYK1gLXQGgmw2ulpFe8FZmhohfVezvDkTK5MW+VFDIihgh0yOdoGd4w/hqY7q6UBSGuEPdUGEjy5fLTtARglVGh62kyNtoEO+50H+De79/GITmGkmLY5E64hIXfpH/kvFkNiZJk2ZmIFcgm5Ad1bZsXIiBkeGrb/QWIozixtNsfQkBmfZH5tj03Hh2RBWYeJ7L9NrPDpkN5l5NMtsHKqDTJZU7fxnchmgDi8DHAD/MySQ/AeoWsj02bh1LS5ZXysfTEn4A65M4U06yT12D/55s6X2XLBnVDZmU5Vv5pP2bj2jj1779y5YMws3Ghjs9Fmm5lFO+xgdnj4Dqa1/kIb0b0Qo8gEOWdtmYD/I1fWYwaATLs3/WSobStNrO6dWXvXSL9cKVCFAn41k6Rlzj+IOgOtXk4iPYPS593nclVXchbFbt/niyrRqvB5t097rmcO99h35L6/Ck/0w7OltJbn6nx/6RhCj9hYVeZgFeYCBS63zm4elZ1f53CO6behMWfmLR8YmVcxnWTwQD+l3+3TemZqXp8p/FJ1rBl+j8zfjUVz90YKS8RoW4VX3HXNyQWRTyW8Vby/PZ7qad/Fk9AHlQJBClgDnOvp65I/KwOQGZzScTevcrcErDi6iEoBpUCWAjkroT3nfF3AO4j93/1B/TFyz2cnHQiX8t/JjeF6V2Lj5b676pir0cXRI0vnUEKbNeEZn2dmDp8SxayQADnez/JQzrjdqdaSmo4E7cVOsJk5SoK4d/dIbo6hsat+d+55G43WKTNTALWKVmdmTA8MiA6w6rvrn/1ZudQZeybML+DUWe2fKsrGnKxcjVg1aE1VNbf5aSm+J7cOTxUtqj6kFKhBgVWBzb2SLu1JVAYg7txzsr/Gd+orSoG1jgIlW7paMMXqJAyN0e3+zc0713/u/RA2yL2TGzMIQDIcV7XPNYWB0wE7vfnKbtcz934Bvsx+SBNj5PrM7ffQpHvNp/Ox/rlvyMmx3O/Zxc77Q9uKU0lHzjM5WuZ+rzicPq4UaIQCOblVddD6AKTqDqw6M31eKbC2UKBkV+c0ktx+bOKEy8276pxKtKpuxwyN0USfawLvNsEzVRFgtzyUe79knZrgj6p9Vn2+5Ltyz3hj+nWZbPZNt/TN8JhfpZvHZ70SGr9bvm2C1rk55X7PrZX+rhSYCwrk9kbFOdQHIBUH0seVAkoBpYBSQCmgFFAKKAWUAkoBpYACEOUBpYBSQCmgFFAKKAWUAkoBpYBSYM4ooABkzkitAykFlAJKAaWAUkApoBRQCigFlAIKQJQHlAJKAaWAUkApoBRQCigFlAJKgTmjgAKQOSO1DqQUUAooBZQCSgGlgFJAKaAUUAooAFEeUAooBZQCSgGlgFJAKaAUUAooBeaMAgpA5ozUOpBSQCmgFFAKKAWUAkoBpYBSQCmgAER5QCmgFFAKKAWUAkoBpYBSQCmgFJgzCigAmTNS60BKAaWAUkApoBRQCigFlAJKAaWAAhDlAaWAUkApoBRQCigFlAJKAaWAUmDOKKAAZM5IPTcDrVy50oyMjEQHm5ycNKOjo2Z4eDj4zNTUlOE/nom1VqtlhoaGouPwO32k5kHf/hyYG/3yX6xJv7H5y3s8B3PnnmNMnkl9b27l6EO+lXGZvz8uNJF/kzH5/9S3psalP9Z6bGwsOT3mwzi5tch9o/t7KW2r9Ok/m+Mx/3nWGrpCD96lCW35f36HBvwpTcbgT37L8Urp99ShT47vU3vR5a3Yc/Ld3fCc3zff6dK5lD5VnmPeof3krqE8U6Xf0LPuXpQ+S2RIt+O67wvvCk/KnGJypc7YIhPcvVDSjzsX2UvybyKLSuWZfE/JuN0+IzQVGc//yznYbd+l7+f42O+n5CzkHZdP68r43D4OrWlsneUsjPFWE+cRY9Jv7iwsXavUc/6+lGcZX36rOw40S8mbXp1PdefXxHsKQJqg6jz2+dWvftUK1xizIoSf//znR39fsWKF+eY3v2k3dEjIwDD08dznPje64TmMzjzzTHPnnXcGKSHK4Itf/OJZv9966632vZhwk835yEc+0tz//vdPUhka/Pe//zXnnXde8jnG2mmnncx97nOf2mBg2bJl5ve//725+OKLzeLFi83f/vY3c+211858//j4uLnb3e5m7n3ve5uHPvSh5sEPfrAd8y53ucvMOpQe3PIxt9xyi/ne976X5bTHPOYxZvPNN+8KYPmDfOtb3zJLly7tmcIe+oiJiQnznOc8p3gM+JU5/fa3vzWXXXaZ+fOf/2yuvvpqc80111igJgffOuusY9cB/tl2223Nwx/+cLPNNttY+lRdgxjx4T14FTrx91Tjubvf/e7mCU94gh2/6iHKoXfjjTeac889NzvO4x73OHPf+963mKY55oLvv/GNb/QU3Ppj8n33ute9zJOe9KTgdKDvGWecYelcd/3EmAJvbLDBBuae97ynlQesBUpd3X5z9Av9zvcig3feeWdz8803W76lvfvd7zZ77713T/bxaaedNguI15kntEGu3fWudzX3uMc97J5asGBBMa3g+9tvv93K+6Yb+3zrrbee2VvIgz/+8Y/mL3/5S9NDz/TP9z7kIQ+x8qakIcu+/e1vF9GTb+Mbq8oOmQdjfec734lOSxTjRYsWmYc97GFJI2EJb0GH7bffvoQMRc+wR7773e8a5FGTbb311jPPeMYzggYR5gANYzpPybzE0MI+YixkELJv4cKFSSNMSd/9+owCkH5dmZrz2nDDDa1gl4PL74ZD45///KdViN0mQgbBjHLMRgpZMdgkKGu//vWvrRAJWW4RaPR/xx13BL8CcMTvKOlu+/vf/27ud7/7RefOs7yLkHvhC1+YpBBz/8UvfmEe//jHJ59DweAQ3GOPPYopLrS9/PLLzec//3nz2c9+1gAIchZF5i5Wd/6+1157mf3228/OEYW7ihX8H//4h9lyyy1nrP2xyX/ta18zz3ve83qmdDIOawTIyn1vMUG9B6HDZpttZuCHlKdO6AUtPvnJT5pPfepTBhDLvwudQ3OUdZC+H/CAB5jDDjvM8pSsQ84LmPo2FJwrrrjCHtZifY09z1w5ZP7617/aR9ifVRrzvPLKKy2oTTXGQaF55jOfWaTUlMyBfb7++us3xgey35kzcw816Mth3Y3yAW18PqFP5OBrXvMas/vuu9t1qavgldBSnmE9MWLssMMO9p/gUf4DTKPo98IKioIDyOnV/oV+GFOg1z777GOe8pSnWHoJsIutG/If4NJ0O+aYY8whhxwyQzt45i1veYs58cQTmx56pn/W7Z3vfKc58sgjk2OK4e9DH/qQfR5Zkms77rij+d3vfld7X2PA2HTTTaP8IAD8bW97m3n/+9+fPKcA8cuXL4/2BR3e8Y53mPe+9725zyr+nfVEWcfY1GTDaMWZH/LIspe22moru0/rNKGx66nmu9irj3jEI8yrXvUqK7sxkKCzdHM+1ZlfU+8oAGmKsvPU73bbbWct8THFB+Y9/fTTrVLqNrHUooRhTZCwFf8z2CgcLi94wQvM5z73ueAh85Of/MQeQjEQBIBBObvgggtmdY/CiVKdOhgRYHh5GD/V6ONXv/qVPRRz7fvf/34xAKHfm266yVokP/OZz1g6Ce2qHugS9oNl6dOf/rS1jpW60f/1r39ZoZtrWKjxVvXSissa1RW0ufnK7ygmAIuUq5/D+dRTTzUHH3ywBd20nMLvjy8KHX8CrAC3eKlodRVO+J5D4w9/+EPR5zL22WefbXbdddfi9ZeOGQtLLlbFVGsCgGBgQFGvyvdFROk8BG1yAGTdddftyvIYm4+sPwAVb9aDHvSgKlOv9SzrCZA+8MAD7fvIAzwyyMYqBorU4Dklsc7EZW7QDDCM4QM5EdtDfOd1111nDQ1Nt2OPPdYCEJElyAhkxgknnND00LP6f9e73pVVvNlL0AYD3W233Zb1oDIAFnKMihtvvHGt7wGAMF5Mds4AkEMPNe8/+ugkH6IwA0Bijb4AVr0EINAMPvINmrWIkXgJOQAACRkBoB3nR6/PRQE7/An4QDcjAqSb86nXdOmmPwUg3VCvD99FqCJcY8KEzfPa177WfOxjH5s1ewkbQam9/vrrk4ocfaAgYnkN5U+89a1vNR/5yEeiAIRD9fjjjzcHHXTQrDn0MwARQHbVVVcZQlnweEisf102cJVraALN8IikcnRkrLUdgHDIcZB9+MMfnvF2QJs6yrC7DijUhG9hba4DQBifuW200UbFSjHjY/EmfKyqhVsBSMs0BUDEM8LeZD0vuugiGy5X1UtVRT6wnoRaocDT4IfHPvax5vzzz++ZEaEJAMJchV7MGWUYT84mm2wSzEFTABLmCs4ZDC9Y00tkmXiZXvnKV1rgGrLO5/iv1wAk5V1TAJJbjfDvckYhizDcAvKblEP1Zln9LQUg1WnW12/873//sxYzhECowcDkBfz85z+f9bPE0HNwxDwX7gsoZ+RYuHkM8jvxy4RoxfrhXRRoPwys3wHIJZdcYr0UbBpCdboJ+3BpKYcGBzehQFjKcsrv2g5AvvjFL5p99923KEShyoZlLcTiXLUwAcoDPE/IBx6yUm8MY6IUsp9Qpqs0BSDNARBZBwmDIgSDw7/qGlVZT+Q2RiB4QQDIKaecYkMwetWaAiAyP/gZ+YXHiNw4zhx/LykACa8mdOF8hm4lTc4OADIepTpeMgUgJZQ2Zj48IKGZsbfw9pB/NehNAcigr6A3f8JSUKAQKqGGgCIRdcmSJbOEFR4Q4juJUS21vBx11FFWYZawIckj4aBGQY7Fr2Jd/ve//72atbcfAYiAKDb8Ax/4QGvVRiHJgTTJMxAlgj9TXik3N+Tkk082L3vZy5LVq/oZgIgCkkvATm098iJwZ/shaaLkk3gJv4TWgfFReLC+7rbbbtZbh0L305/+1B7SAhxT71KIgYRDWmn4GnOD5/Gi8PcqAITvBFB9/OMfrzTmIAAQt/JWiWzx+WLPPfeMJslC45wHBNqGQkrl38VyH5sb8+c3/jznnHOiCfG9OEoIG91ll11mZCdWTniW3L5eNQBIKllW9o8vv106iKyP5Qny72KtJaTR38elAET2XukeDNHo6KOPtlEBAoIYm5CsfgrBgl7wKLKJUJsqskN480c/+pHlnaq06jUA6dcQrKreZeEl4XEACN7xkGGqNARLAKOcPe6cZBzJ8UjJo5NOOsm87nWvq3RW9Ep+9LIfBSC9pGYf9MVGkDyQ0HTkIEAhI4FULO1ieSP8qkRJECBDSJL0KdWGOCz5e0yIciARH+8fSv0IQKAFtCE+nxCZWG6MS2toiofEtQhy4OcSCoUeKAgkeUPHmBW+nwEIMcnQqW5MMnSjchdFBEKKC1WPAGisTQjkwJvkYPz4xz+28dESVw0tCRskhI48nhQgRKnlYBZlrGRrc/AC7KmqVaXJocSYVD5iXqW5QIMAQABk8DLfmQPuPt3YS1QIw+MVaqUAhCpahJ66jSR6PBrkd9xwww3RohnyDmCAghE//OEPqyxvpWfFCCSyAqB96aWXVlYqU4PmAAhK0bOf/Wzz0pe+dFY3yLDf/OY3tkoi5wRrmTMyUGiD/VrXA8L6wzs5j3Dqe9/+9rfbtZc9xbwBJHOZhM78UjkgIqMIwyXZu+QM9r85lzcXo9HaAkCQr6URHi6tkFvImS222MKeSfCPz4+lAIS8KNZY1pe+2VdUbiTsEh1I9KgYD0hIKHk/yKS6wKqSYGroYQUgDRF2vrplIxx++OHmuOOOs1PwlSxh1q985Su2HK9rFUJRqFJGDgCDIieCnbE4nKkaQ/M3kFgayRHhoPU38XwBEMrZPv3pT48qOMRfP/WpT7VABHr5h65rpSPs4KyzzrJWd9czRMIuhzoWTv5OP6EcErEyUqL4S1/6UlQR7WcAAj2okHbhhRfW2gbCNyFFnH9DmcBLJPzkD8K/o8ijaPmKD2uIFZsSvwImXYuh+3eSQAGSVcAA5TBRGENNPAE+iHX552c/+5kFSKVWzEEAIIDFL3zhC7XCQ0R+xQ7ZEgDCu+RWUSnNb/AaVmcq4aFwiyU6tH6SEM7B3+smwAyvGzJUeAQ+RTGpGg7YLQB54xvfaBWlEL3YQ1//+tcNeQcpSz08TJgt1Yn89Sv1gPAexT5e/epX1ya5a4CgE+T3Bz7wAVvAItWYP17YVFUn3ifxmrA51ihFjwMOOMC86U1vCg7JHDl7xfvhA3X3jA2drTIP5B5KKe+X8szaAkDkTCqVrbJQrh7D30NhbqUAhGIheFFC+4o1A4iQDxgzrvGe8ALh9uhsCkBqiwZ9sdcUQLhiPSdJCcaMWd2JKaaKlTSU8Gc961mVLJRsBKxbvEdjE+IWpKJTqIk1mWRONqK/ceYLgKSqYCEIyPugsljMeisx4pTs5NBG8Q01DjIUTEJKaKxNLISB3BoUHUBeqPUzAGG+eOFKq0BV2QPQC6UsVrdeDhdCLN7znvfYtXAPHNaQ/+A/9ok0OVQ4vFECiKlmrfizFIAQVkh4Y4xP6IfqcACgmKJC6Bn7oFR5GBQAIh6Mqod/jjdKAIiEtwFARIFw+5XDHp6loljMqs8+D5UPz82x5HfxJpDkDvCVECeq2FW5D6dkrJwHhDWiTC2lYENNvNvsISkfHZP3eC/wltQNwaJfypx3A0D8uYnhJ7ev4QM8sf/5z3+SZEVh/OUvf5m80Jb1hG6uZ9ztlDlhuMCAEaMlxi1kEyV3af7ZgUGPAgYANn4r9Rr1GoD0axI65zgez17LINF9Sqpg4dEEZKQalUjlLrbUc6xbN1EGJbKi6WfUA9I0hee4f7mEkDwLrCExAILQJFEcIQwTEDbC4esLNQEJciC6n8NvCEwAhVijsTL86U9/Cn41AhEBSkwz/dUJwaIPyvBSWjbVEOh4G3L3gNBHDICg3HAoUDJYhExoTJRFAB/hCcwvJvjFEocVDJAW8oDQP7SENsQuowi4MfQyfj8DEOGLOh4Q1xsQojU0A+TiAYk1AbrE7BJ+QclpOfiFTwm5ocllc/Kn0FqeC/GpP64orJSWZM18ACLfRDlZvAGUkI4BEAAQc8OyVWLFHBQAIiW7qx7+sg7deEByAATLM8+Q/IvsSgEQyn1SpajXDX6gfDmeVmlY1lHefRDd7di9ACDMgTDHmKwXOdatB4R+6ibhx2QJtA5ZsX26srfIp2QNUo2zFFCQkhW5MTFOUTLeL00v48Kf3J9BI3og5Knjm9gnAFjOpPkCIP2aAwIAKU3uD613ytNQ6gFJARD6ECMu8jJmyOKM4DnOCQyU6gHpViLq+z2ngISCxJgYwYoSCyPzDPGRIaEm1n3ZHO5E+Q3FDoEnCjoxjliCYxsYK2NMMc15QEQxf/nLX24t7DJmaCy+BUUhFEbgPx8CIEILwA7j0WIxmQgE4shjYVz+eIR8YOkGIIaaHCTEvhOOETos+xmAcPghaLnUsm6LWSfhQ8IH8eBBlxh/i/KBEkfDEgvNubSL0BEOIxfYhUBe6dxRWFlTqaXvV6CTPcSllXgL8ZLgPg81vhtr7yc+8YkiK+YgABBCm/h2WlUAIiCsSQACT2FNBLCmLnGFrx/96EevVkGwlE9SzzEH93I86CQW21707/bRLQBBwcSIhEU+l8yOx4+QVH/9+F48C7l7QNgPlJetUwWMMRg35+mI0Rfew5AnxorYc6LYdqMIStRCTHnnG6hcydpxDwRzixkxiGYgDLp0PmuLBwSgiFGyDj/I2R/zTHcLQFhP9jzyB92N8z11thEhATDuhr97LVfq9KcekDpUG4B3iJPHFZtC0QAFQky4tTmWOMtmZeMCGkJ9sWlI7AV4cBhRGi52KKGoo1yFYrEhaQkAEQVGhG9MoRGlPfb97hKmAMj+++9v49f9uH33fWhEuBSgrqTRF8pO7DZx+SZoildKAInbd78DEJK/Y+EEKRrxrY961KNmcpj8ZxFYHNK4uymkkEuClUOYP11eAJBQ1QyLMx4VwAO/s5aiuJQqy8yBcK0nP/nJQaAqAIRwFRQuwiSIoQ8pEAKyUQowCuQOy0EAIOwL1qtOw9P5hje8IUqHXAiWAEv2sX/3kYTFcMs6eXNy2V/IgyXWbS4CKzU0VPle+ue+D7yoNBQdlO6Up69K/1UACDQDDHGBnzTZC+SvCb3EgOXPw/U8oDSzn+uGYPEexgzOqaqNd7knCIBQp80FABHPCDkpRxxxxGpnrMgvjCec0/AFAIQ7VmIGMZ7lbCm9J6LXAKRfPSDIfArgxOgW4xH4Gf0I+ZEyjJWGYLk5guLh5Qwh1/TQQw+1XsWUvoFni/BivPu00nOqzh5o+h0FIE1TeJ76p1oDFvSYlQRBRpIz8cUkHMYOOgQgoQFUkYkp84SVEKdLGUCSKGNj0hcWfSpKhVoOgDRFyhgA4XuxeOZCibBoA8JKXd7QhyRzlNBUk/hpUUoHBYB0s07wCKAAq2koXl/6xkUNyI7dd1M6B8bDS4KSxD5AuRSBXpqHwRwIn4i59+nniU98ovnBD35g+8Zb9qIXvchOMbanpNzrmgBAStci9ByXleLFjB2ypQBEPGDuGHgg8USJwSS2FgJiKC+OchCL4+/mO2+99VYLTrGA0uAZ9oCA2m769t/NeUCQY8SW+/c0oahCL5QlUZBiOWwovyhk0CuUjwCtm74JnXU777zzisJwQ/StAkAIwcrt1dgYgDqKluBF9UOmRfajmHK3EHxBmCcKaMq4SJ4BlxmWtLUFgJTQIvYM8j11GWipBwTDHIDaXWfW3S0PnzOqsbfwfuAFGfSmAGTQVzAyf6wQWEJioR4I55e85CU2F4H7EkKX6iH8JMEORZyQmtCBQ7w6G+L1r3/9jLcgNC2UAMKiYonV/QRAmD9ChdJ7uao35JkA0koPIGiItet973tfkvsQNFQZC8WA97MHpJst5QKQVD8o/R/84AftoUwTBbWOdUu8HvQBOD7ttNOsxVWsjzHlV8bisCdPKHZw0D8hSIBO/o6yiXcLBTg2X5Q3LGU5K+YgeEC64YduAQhjs46hHDZ+kxw42e/uXF3vGblrWPMBIaWGhirfTbI58lh4iPGoHoXC0uuWu4hQvjvmZfa90DI/sebyPgCGxGyUYPEAut+hAKRNDdYbkPS0pz0t6hEFdKD84vmgAeqkUlKIN+BPwoaJgGANc+dSrwFIvyahd7OPegVAxKgl+1z2kiuj/DNBzieRV+ga8EIThpBuaFTnXQUgdag2AO8HO6zHAAAX7klEQVTA4CQJxuLwYXhiePFaYMH3lSex+nHZIHXJSXwjyTaUC8KmIpyL8qGEmcQ8ILjCuUsjZlnuNwCClQIQl4sBxutDGc9SVyibjtAAKjWlGoIHAAlg8/te0wEIXqkUPaWCGCExWAdR1mjdekQYk0pEVPACmIe8T7JmErdL+M7xxx8fBSD0wb5gn/F39gd5EZRXTXkoASCE6qXamg5AKNgAbbvJAakrrgVokAfAWpGk3lQjL+nLX/7yDD9wody5557bCNjJeUDqfiPyCtmOzARQEe4SA9AKQFYBEAxYFIQJNfh+0003teWA8dRK7gchQXjdY++wFpynyLJcLkivAUi/hmDV5Wve6xUAqToHCSVnX/EfhizK+Q967ofQQQFIVY4YkOdR0CR/gSmHUDX5GgCMAw88cDXXrwAQrFigbQTkzjvvHEz8RdgRJgFIwRPiK1WiSL7iFa+wVpluAEjKmukuTRWLeKwKVhUAQlnYnKXJ3XTE/EpVkxhLQSc8IHiY/NbPAMS3oFbZMryLNZBEyhQAkRAQnrnlllusJ49cHeKkxRLLuO7fS+bB88wBCzQHOId+jF/hD7wYeDPwIPp8L3RAceUWdvhD5kMcPdWwUmEUlHXmZnT2bkyJGBQAUmU/uuv05je/2ZaD7QaA+DyQ4wn5HcUPoEisNR6x0pC8Ej6TZyQHAA8a9wOIp0aMPqUypcqYOQCSo48/ljwPYAdIQS/xcse8RaUApC7fMEdox2WkhCLXaU2GYEl4KWvO2sfkAN/AvVmEXYnxgnc5P/D+hgwYckbiyeWurxwP9RqA9KsHpCpfC8/wHvlZeEBjZ1JpCJbMoZSveY5cQCo5oquxx6QKVhPyqM4+6eYdBSDdUK+P30WgSaw5TOwLOEHUMDTVSHwPCEILgCJKGEIFd/q11167mtDjWSwtKMs8548lygM5J4ShxJSJnAfEdeXnkssltCL3HEsYywGBboRgMa9Uw/ODizxnaXL7IFyNSkephqIgFcb8Q6SfAQhKR8hTltsuovwT957LAfH7Yp35j2RwqmThwSA0ShLK5aCOheKE5kaIHId/zIrLnqFeu+Rz+H3ImgnfCyBiLnjV8IjECjZAC8YlmTRlxRwEACLGDL4/5vGJ8QbJ0ITaparPcECnqjHJvhQjjFgVY7KBS+WOPPJIa2mk7yZCruR7AbHsccZEdgp9CMtBruSUx9yeCv2eAyCMCc2gD3/GQgtFiWLu7BXyCeFZ/j2nHJUCEMJMWDfmUCW8UuZw9tln2/yrOq1JACK8B59huEvlTVKYgOp9rvKLfMMwCE1ifIxhBBmYC9XpNQDpVw+IKO4lOoHLL+wBPCCA2W6T0JElAj5l7UJ8zZiErB988MFmn332sQaQJuVQnf3Ri3cUgPSCin3YBwKNQxnlhSS3mHUWRg8pi2w0qgOdeOKJM5YXrJFUgvD7kk0p6D4EQNg8KM2AmpgVIQdAeI+xCOWSBMnYocSzxNoDDHItVQULJYCwsZT1BEsp35aL15d5QB+S+plb6lAVcCiKufsd/QxA4CkuKUNgV2liDZYk2FASuqtEun27SbH8nT4Iy8LzgBJCNbFLLrlkVq5TTqGhD0A1SmiocdCi3KTCJ+DXJUuW2App4gGR70xdqCgAmjLQPBdT6AYBgHCx1gknnFB094JPZ76bZMu6AETABjk1WJrx0KLQuZeA+nzAWOxlihxgzUdmCZCtws8lzzI2ABVvl/A7+55cOfZRTpEvGcN/JgdA4HvotWjRIpscK/QKjSWyCSWXamV4demfeYf2rysDS5LQ6Z8zCB6q2gAtKG6xi2Fz/TUNQJAthFjiwY3JIubPuYgX3D03+TbykchPjIEXeBirPaHYtNi5u7YAEKoyEtYYo0OKH9iLKd2l1ANCbhRnBp5z7nxBR5Hm8oDMkX1E6XZCtilUkNpTOX7ux98VgPTjqvRwTtyXwS3eVS2PKECEwVCRiM2AwGPzku+QU9z86Uu+iVt+LvSJOQDCO/SFUkb4SqoxR2p+Y7nINb7TL63J+9CMGHS5kyH23dDqqquust6Skka/WA0lbyH0jtAMpVmUKPe5fgYgzBdh3809IDE6SvUQsapLWIKEHcCnrIdvqUKZWLp0qfWOUAZaeDG1L+gTOsfKK1P1iupZMb4QBRIFwH+G31DA4BtarA8uuMTambpBGXAF4Es16ETYF5ch1jmAQ31j2EAxyskDquTN903o++2330w4G14lwkmhPy2Vh4MBArrxnU1YIPF64GnB40eDb5GxhHQ21XIABP7A8orniYZcJoyQstepBk/vtttudu7iCUmFDpYAEMbr9U3opXRtEoAgx6BT7hzD0CZ5YL6CyroQkRCz6EN7CXsOGbGEDmsLAEEXkkuTS3mg9LlSACIXEbLvMRBjiOScZA1DclTWDfBBpbU1zROiAKSUwwb0OWrJo3TlSru5nyfuaxLLJRGXDYKlhlKRWH5zSofbH4KQ0CvmkWr9CEBQPpg7LVXliHhbDpOUhYLf+A9FmIMlRkcBHHvuuacN8RHFRAGIsTkeJOZzaBI6yN85hFGOAHTQlnAQLkBzGwe+G5ZHxSEUAAGaIb6Eb0n0jJWzpGwvYCbGF64V2Fce2E+uVy22n1B6ycPyQzBkvoPgAeknAIKiAM3gHwwG/H9qX/Ms+5Ck6lwoS50jgv7lTiDeh+eOOeaYbIGKOmPJO6UAhHnAo+wd9hhekVT4ioRuQS+MRCkPTmkI1poMQFA+8VDkQJ2cKSHDQUp+0S/yAw8shQFi4UO9BiD9mgPSTwBEziPKblMMiPMrls/DOrL2yAm8JlTG65URqRs50ot3FYD0gop93AeJufvuu28xAEFIsRGowsKdHSK0YBQO6r322suGtIjlueTTOYg++tGP2pCufgQgsSR05kr1ES6s43tjFZYQ8lTKoTwiwiGmqCB0UEpJKKN6U+wwF6sHd13ILew+3Uo9IGecccZM1YyStSp5hthi6BJrTXpAqBjDHTcpbxQ5GSVgF4HOGsQs4Kwr3gXfs8XzhE9IDkfVmOISGsszWJIxIpCMHgKiCkBaNkQulQOCDEMGAhZdAwEAklu2/bsX/PXhfWL1DzvsMPt+L8OiANGbb775zBzgOUI+t99++ypsUunZEgBC7g3J/zTZI3iRTj/99CStBUQRcnfAAQdEvUbsoZKb0AcFgOANrZIDiCUe72kVw2ClRXYehu+5ADgWItxrANKvOSD9BEBkeZAnVL9jfdw8RX+tBcwD7jF2NhWeWZfH6r6nAKQu5QbkPYQL1o/S8qRiJabsJLGHbuUeDiKsxngExDJWQgY2i5QhHTQAglCgKhP5DClFFdoQfoDHIlS1Sg7yU045xVYdk7C2kCINvfA8ATJiYR+lAITLDgGNdZJZ3eRhd93mE4AQZ86BGlP6qVoFCMSilPpm2RdyqVqIL1kjwkTI8XEb71DNjblAo5wCW7JHYs+g7PIdhA3hNQuFlpWGYMGbHGB1rGchXhikEKwQAKFyGbKReOxUYw+SECqlUKsomrm1R8mn4pXIFgwZeIJL88ly/Yd+rwpAxEsE3xA6KqFrsbF5jj2DzI/lT63tAATwSz5llUiCOmvNOxhQkBGxs6TXACTnASFPiIsU67SQHIKGRGbgpUu1fgQg0AqZzj1rgNKYjsGeEl2MsF3CgpsICa2zJt28owCkG+oNwLssMHHkhK6UNFFwCD1B0fQbhzCW4yqWGwQgbuDcwT1fIVgpDwj0I8kYy7skOsfoiEDA+4FVFS+HWEp5j6RSAB10TVmI6Js1wHpI4llMESkFIJTDZK1yY/rfhMAj9IcLr3yLbw6A8DyFAvDy1GnibULh9r1J5ENgOcwp/ST6sa4ydwHW0IG/c7cEZSxjsbeyDrjIATVuY2xyi4jJnasGT1Hi1KdHqQfErQBTFYCwb6kuRilKt5UCEAwWYk3PyQCfnhJiQvIm6+bvB/ZWXQ8I+4Lb6SlVCh1zMo3cDCoL9vLgJ7cCPhLFY++997b5MnUMBqW8WBWASL/QB+sr1toU8JYQXkJSKY/NHgzxbUkOCONQ4j2XK5H6dtaWBGJ/H+fo1UQOCOtMmChADtnSpPdUvg/an3POOdFyxL0GIKmzBl5gTXN7LbQ2vIccpGCD20oBCEUooENd0Md7FMRABvkyoGoOiP99RE8AQtxKeDH+xEjB+d+kjMjtjV79rgCkV5Ts037Y6CSicXCUNJga4RgDDGw0Lpi6/PLLixPbqWBCSEwudKEfAQgHBP9RNpdkyFTomft9Imgl7wPhiWDOgRjWCKssVg4OjpjCRvUTQjdyTQRlVYHPd5LET+6BL+hyAESsNVULH8i3SA4MIRooDm7LXbApz/LdVICjwAAhdBwa0JJDn7UkRl2U29iBdPLJJ9vDzl8DAaRVaZpbq9TvxN9TUtM/+EoBiLsmVQ9g3qViGwnZdQAI9OO/OvwgeTLcl0CstA+eugUgfA8gm6IEufVEgcWqHytKUGd9SS4ld0nWBA8p8jonK+uMJe/kbkKHxm4IlrwHrQl1IzwM+SSyzZ+L7F/kF3mEeI/8dSvNAXGNOHW/mT6QJSTwVmlNABD6FO9plSiCKvP2n0V+A+BiOsBcAhAJL64qC3gP2XfSSScZQgHrAJCqxo8QXxN+Tni6vz+7BSC8T7g151KONtACowVn86A3BSCDvoKZ+bPAVHEiXISWUz5g7uOOO85WQQk13sd1fNBBB2X7kvexYBF2lDtU5wuAhKpg+d9OrX7KHpL0nFNU6rIUApLDgtyb3OVZpR6QunOBD4hFDyU/5wBI3THd96ADFlIfgCCcsUKT2Mw65NaCflAcxQNA2E0qHJHvJoQO6z6WSgmBYm6SOE5ddkqnxqyXjMm8qe+faqJcA/ZJ+OW9VEI7hx+Jq24rBSDdrImAUSx0biv1gHQztryLBxfPay8BiPSNVxKlmvVONXgI4wv7IhaeWPqtrDPAgwIHIpP5NoAQ/5aTlaXjhJ6rC0CkL4xPWJPdUsahcfge7qogZ8v/nlIA0s13yrusFTlbWK+rtKYACF4vckZCTTy1eNsInc0po/SBVR9vc8wrLMUBAI0YF/091GsAkgrBqkJ//1nmjVEI+eu2Ug9IN2PLu8hgCpyE5BBGolRuJH1IFSx/LnwDugU6hnjGUnmOhBkjPwD5vfTI9oJGVfpQAFKFWgP4LEKU+HGshyXCjI1F6VfCtkKhGjAMhyRlVkv6g2QXXnihIf4yZ4GYLwCSCsGSJedbUfo5eHMx43XZBPqQkEb4Vi4GfG0GIFhhKWhAfguAItWgqavgxay20gc8D2DBJU7ooIBCfkdpBIjy7yjfMbDAO3jLAEm5xngALbxZ8FhsT9EnlbvgD7cpAKkfguXubUKfSLBONdaKA59wNORAN1Wx4MMjjjjCglTxGKAcEqvv8lyOf+r83i0Agee4mwbDTeoM4LsAHpQZ9ctEr60AhCpGAJDU5Y7QjDOWIhfCG7F1ho8AhJzHMYVVZCDVASmk4J/DvQYgVcN9S3l4TQYggEf2EnfesEa0FADhdwqTEA6pAKSUg/S5OaeAMDFWa5TWVOUlJsehSgIvuQOhRn8ogCXJm2IJZtySQ7WfAQi0QEBwkRneCUIxEIiSoFlnYaEJhw1rQhw7CjUW7hLr59oKQOA/6M4FToSqAB4lvK3OGrjAA0EO7ckLQEnwBTtjH3vssfZyupQnkffgEyyuIRDvzxMekjCgmHeGbwSU4i0htEzC4hSA9AaAACyxTrJuqbh81pOEVzwyWCHrNtZ5m222mbkHhn4JDaRaoPB43b5z79XNAZF+UZ4pyQ69+JP/j+0H9hP8ivWdfeHybUkOSO5bSn7vBw+IeE9RGE899dRk6WdohHwrAbjQHc8dRUtyij/WdUIZfeNWrwGIekDiXBnzgAjggHbkOJbc3YahDOMy+6vknCnZK3P9jHpA5pri8zQeMaBUwUlVWWBqxCEShywVF0LTZZMQIyylQWOfxKbg4jPGLQlZ6HcAIkICQY+Fm+o1HCypEqCp5eZAlthPynwC6mgltJoLAMINyFyi5wu3+QzBEnpCc/4jmZyQwdzhm9t20BzQwbri4YD/fSCIokVICYnwqUbCNMpVag+57yOEKZdM+eCUB4TnjjrqKAuAxIqpAKQ3AIT1oHQsezoX1ocCR1irnwyb4zH3d9aZnAS5CZk9hgEC72fTrVsAAh9yBrD38OLQYqBNZBxnwB577DED6tc2DwgWbrymyE7WPEYv9jVnJvdPlTZ4iapaufMYeYScoRiK2xSAlFLa2CsImgjBkhmwt7iUlPC7XIEC1pNQeCnwMYggRAFIOe8N9JMcroccckjy1l+EH5WPiIeOuX4lhAW3Ogob/5+KWz/66KOLL9UCzZMwnNp4bDosSLmqKMyJJGoSxlKNb6a0MDehl25gsVBiLSX2FsBGmJlYAeV3P9xH+uffqWQB2KNC0KJFi4pAh/sdgDViTkvD4Koyr8T9A0B8lz3jMn5TYzNX1hmQhXUn1qAjvIJ1leQ9Ch0wL+YrPMQcXV7mHUmI5k+sSBz43LWx66672qEkDtvnB0ox77777lkFlQOBnKsqrnFKSBKGlfJQMnf2B9Yx6ZvnscbDQ0016MCFaX4VLBQpwFaTfCDfRFgo3x4ChcyBuOlYY/7777+/BQ2hJvuWcD4S7Qm/y8kM+AZPMX/mQktDfZF3Qj6JeLzoA+8WYTdNN6kalgrZIWePMyNFL0A/OWKEjeVAGx51KgFusMEGtkv4lhj2ufheaMtawSdVGqCBIgHI+RQdqPhHUjB8FuMF9ghyocR7yv6G10sbtJc8JimaEnqX+ZFb4lcnvOGGG6ycTXl16e/QQw81nOepsDB4KxcWW/pd/nPQlhLslNR2G3uIvCn4qelGvg0VFmNJ6Jw/qUYoIgas2NkAn7CGclFurmgNa7F48WKbH5cL226aNnX6VwBSh2oD+A5CFAU/VrqNTcwGJ1cDRk4p4zANhw8HdcrKy+Yhrhllu6QhuFA0YkJcFE4s1CnFlLEQyiglHOqpxmbHNY01shSASH8CMPgTizfubcaj8gtCXfIEoCcHL25yxsINS/gF70G/OuX0sP5zUNVRfkrWgrmRN4S11Be21CuHbk2OzfjQKBfmgpIggEPydOAhDgKUDqx7kniOssgByTqg7HPIowQyhoQIpsJf6JNqOrkQOcBAyIMSo7tYlGU/5fiV/oUu4oEjDrypBl054Khm5B/88EIVoFVnjnwjBze86O8V1p8DOLZuzJ21RfkMlRV35wOfsL4kg6aaGF2IuydMps7+BTCfeeaZMzIH+YDCXxJ2U4eG7jsYS3LfRxGFHL1YF0JRSfDO0YB1IK9Q7kji/1k79mrTjXm6e6Z0PM4QeEuMGP57wnOsmYDjmEzkfMVQklPOmaucwSXzFNAALTEK0mJrwXcgu/xLLt2zPDSmnHOc44Qf0mLfCW/JniuZf+kzMgeiBGQO8q7wUdOGEOaA8Y3QWp/G8Aq8XOK1gBdjZwhj8B3oDyS0584aaABNuHen5NlSes/VcwpA5orSfTBOSjC4v6WUMPmMXj3jkqWXfYpgzoGK0udiy+e+n5p/7LeSb44dCvx77vu6ZbsQz3RLs5I5lY7hW+34f/dwDPXjr5lLx9R6lB6spXP3ed+fe8m61xmrhP4xZavqfq0zVuy7Y7yeWpcq+6uUltJnlb5z9BQFqylQnxvfX9cS2VLl+0PfV+X9bviodF3rjOHyQopmpXMQi3cO0NVZL96J7ZXStcg9V/qdVWmd23O5eVUdL3Xeh+RQ6fgl9JG+fO996htKx+8VHXrVD/OmItzQtH+S92oE7UcpoBRQCigFlAJKAaWAUkApoBRQCnQooABEWUEpoBRQCigFlAJKAaWAUkApoBSYMwooAJkzUutASgGlgFJAKaAUUAooBZQCSgGlgAIQ5QGlgFJAKaAUUAooBZQCSgGlgFJgziigAGTOSK0DKQWUAkoBpYBSQCmgFFAKKAWUAgpAlAeUAkoBpYBSQCmgFFAKKAWUAkqBOaOAApA5I7UOpBRQCigFlAJKAaWAUkApoBRQCigAUR5QCigFlAJKAaWAUkApoBRQCigF5owCCkDmjNQ6kFJAKaAUUAooBZQCSgGlgFJAKaAARHlAKaAUUAooBZQCSgGlgFJAKaAUmDMKTE1NmYsuusj8H5MLrENlMHG7AAAAAElFTkSuQmCC');

-- --------------------------------------------------------

--
-- Table structure for table `tbl_chart_classification`
--

CREATE TABLE `tbl_chart_classification` (
  `chart_class_id` int(11) NOT NULL,
  `chart_class_name` varchar(50) NOT NULL,
  `chart_class_code` varchar(10) NOT NULL,
  `user_id` int(11) NOT NULL,
  `is_preset` int(1) NOT NULL,
  `date_added` datetime NOT NULL DEFAULT CURRENT_TIMESTAMP,
  `date_last_modified` datetime NOT NULL DEFAULT CURRENT_TIMESTAMP ON UPDATE CURRENT_TIMESTAMP
) ENGINE=InnoDB DEFAULT CHARSET=latin1;

--
-- Dumping data for table `tbl_chart_classification`
--

INSERT INTO `tbl_chart_classification` (`chart_class_id`, `chart_class_name`, `chart_class_code`, `user_id`, `is_preset`, `date_added`, `date_last_modified`) VALUES
(1, 'Revenue', 'REV', 0, 1, '2024-01-15 09:06:35', '2024-01-15 09:06:35'),
(2, 'Current Asset', 'CA', 0, 1, '2024-01-15 09:06:35', '2024-01-15 09:06:35'),
(3, 'Non Current Asset', 'NCA', 0, 1, '2024-01-15 09:06:35', '2024-01-15 09:06:35'),
(4, 'Cost & Expenses', 'CE', 0, 1, '2024-01-15 09:06:35', '2024-01-15 09:06:35'),
(5, 'Expenses', 'EXP', 0, 1, '2024-01-15 09:06:35', '2024-03-01 13:00:20'),
(6, 'Current Liabilities', 'CL', 0, 1, '2024-01-15 09:06:35', '2024-01-15 09:06:35'),
(7, 'Equity', 'EQ', 0, 1, '2024-01-15 09:06:35', '2024-01-15 09:06:35'),
(8, 'Non Current Liabilities', 'NCL', 0, 1, '2024-02-25 06:54:15', '2024-02-25 06:54:15'),
(9, 'Cost and Expenses', 'CAE', 0, 1, '2024-02-25 07:02:07', '2024-02-25 07:02:07');

-- --------------------------------------------------------

--
-- Table structure for table `tbl_chart_of_accounts`
--

CREATE TABLE `tbl_chart_of_accounts` (
  `chart_id` int(11) NOT NULL,
  `chart_name` varchar(50) NOT NULL,
  `chart_code` varchar(10) NOT NULL,
  `chart_type` varchar(1) NOT NULL,
  `main_chart_id` int(11) NOT NULL,
  `chart_class_id` int(11) NOT NULL,
  `user_id` int(11) NOT NULL,
  `is_preset` int(1) NOT NULL,
  `date_added` datetime NOT NULL DEFAULT CURRENT_TIMESTAMP,
  `date_last_modified` datetime NOT NULL DEFAULT CURRENT_TIMESTAMP ON UPDATE CURRENT_TIMESTAMP,
  `branch_id` int(11) NOT NULL
) ENGINE=InnoDB DEFAULT CHARSET=latin1;

--
-- Dumping data for table `tbl_chart_of_accounts`
--

INSERT INTO `tbl_chart_of_accounts` (`chart_id`, `chart_name`, `chart_code`, `chart_type`, `main_chart_id`, `chart_class_id`, `user_id`, `is_preset`, `date_added`, `date_last_modified`, `branch_id`) VALUES
(1, 'Accounts Payable', '', 'M', 0, 6, 0, 1, '2024-01-15 09:06:38', '2024-01-15 09:06:38', 0),
(2, 'Accounts Receivable', '', 'M', 0, 2, 0, 1, '2024-01-15 09:06:38', '2024-01-15 09:06:38', 0),
(3, 'Cash in Bank', '1-0100', 'M', 0, 2, 3, 1, '2024-01-15 09:06:38', '2024-02-18 07:02:19', 0),
(4, 'Interest Income', '', 'M', 0, 2, 0, 1, '2024-01-15 09:06:38', '2024-01-15 09:06:38', 0),
(5, 'Loans Receivable', '', 'M', 0, 2, 0, 1, '2024-01-15 09:06:38', '2024-01-15 09:06:38', 0),
(6, 'Penalty Income', '', 'M', 0, 2, 0, 1, '2024-01-15 09:06:38', '2024-01-15 09:06:38', 0),
(7, 'Petty Cash Fund', '', 'M', 0, 2, 0, 1, '2024-01-15 09:06:38', '2024-01-15 09:06:38', 0),
(8, 'Prepaid Rent', '', 'M', 0, 2, 0, 1, '2024-01-15 09:06:38', '2024-01-15 09:06:38', 0),
(9, 'Revolving Fund', '', 'M', 0, 2, 0, 1, '2024-01-15 09:06:38', '2024-01-15 09:06:38', 0),
(10, 'Inventory of Items', '', 'M', 0, 2, 0, 1, '2024-01-15 09:06:38', '2024-01-15 09:06:38', 0),
(11, 'Sales', '40100', 'M', 0, 1, 0, 1, '2024-01-15 09:06:38', '2024-01-15 09:06:38', 0),
(12, 'Cost of Goods Sold', '', 'M', 0, 4, 0, 1, '2024-01-15 09:06:38', '2024-01-15 09:06:38', 0),
(13, 'Retained Earnings', '', 'M', 0, 7, 0, 1, '2024-01-15 09:06:38', '2024-01-15 09:06:38', 0),
(14, 'Head Office - BDO - 004998016253', '1-0101', 'S', 3, 0, 3, 0, '2024-02-18 07:04:07', '2024-02-18 07:04:07', 0),
(15, 'Input Tax', '', 'M', 0, 3, 0, 1, '2024-02-25 06:54:15', '2024-02-25 06:54:15', 0),
(16, 'Output Tax', '', 'M', 0, 0, 0, 1, '2024-02-25 06:54:15', '2024-02-25 06:54:15', 0),
(17, 'Cash on Hand', '', 'M', 0, 2, 0, 1, '2024-02-25 06:54:15', '2024-02-25 06:54:15', 0),
(18, 'Gasoline Expenses', '6-0034', 'M', 0, 5, 3, 0, '2024-03-01 12:58:22', '2024-03-01 12:59:42', 0),
(19, 'Fuel and Oil expense', '6-1033', 'M', 0, 5, 3, 0, '2024-03-01 13:01:04', '2024-03-01 13:01:04', 0),
(20, 'Allowances', '6-1032', 'M', 0, 5, 3, 0, '2024-03-01 13:01:34', '2024-03-01 13:01:34', 0);

-- --------------------------------------------------------

--
-- Table structure for table `tbl_consolidations`
--

CREATE TABLE `tbl_consolidations` (
  `consolidation_id` int(11) NOT NULL,
  `reference_number` varchar(75) NOT NULL,
  `branch_id` int(11) NOT NULL,
  `request_ids` text NOT NULL,
  `consolidation_date` date NOT NULL,
  `remarks` varchar(255) NOT NULL,
  `status` varchar(1) NOT NULL DEFAULT 'S',
  `encoded_by` int(11) NOT NULL,
  `po_id` int(11) NOT NULL,
  `date_added` datetime NOT NULL DEFAULT CURRENT_TIMESTAMP,
  `date_last_modified` datetime NOT NULL DEFAULT CURRENT_TIMESTAMP ON UPDATE CURRENT_TIMESTAMP,
  `po_status` varchar(1) NOT NULL DEFAULT 'S' COMMENT 'S = Saved; F = Finished'
) ENGINE=InnoDB DEFAULT CHARSET=latin1;

--
-- Dumping data for table `tbl_consolidations`
--

INSERT INTO `tbl_consolidations` (`consolidation_id`, `reference_number`, `branch_id`, `request_ids`, `consolidation_date`, `remarks`, `status`, `encoded_by`, `po_id`, `date_added`, `date_last_modified`, `po_status`) VALUES
(1, 'RSC-2-000001', 2, '1,2,3,4,5,6,7,8,9,10', '2024-04-04', '', 'S', 2, 0, '2024-04-04 12:50:16', '2024-04-04 12:50:16', 'S');

-- --------------------------------------------------------

--
-- Table structure for table `tbl_customers`
--

CREATE TABLE `tbl_customers` (
  `customer_id` int(11) NOT NULL,
  `customer_code` varchar(100) NOT NULL,
  `customer_name` varchar(100) NOT NULL,
  `customer_type` varchar(3) NOT NULL,
  `customer_address` varchar(255) NOT NULL,
  `customer_tin` varchar(30) NOT NULL,
  `customer_contact_number` varchar(15) NOT NULL,
  `remarks` varchar(255) NOT NULL,
  `suki_card_number` varchar(15) NOT NULL,
  `date_added` datetime NOT NULL DEFAULT CURRENT_TIMESTAMP,
  `date_last_modified` datetime NOT NULL DEFAULT CURRENT_TIMESTAMP ON UPDATE CURRENT_TIMESTAMP,
  `customer_category_id` int(11) NOT NULL,
  `customer_reference_id` int(11) NOT NULL,
  `branch_id` int(11) NOT NULL,
  `customer_location_id` int(11) NOT NULL,
  `segment_id` int(11) NOT NULL,
  `dsp_id` int(11) NOT NULL
) ENGINE=InnoDB DEFAULT CHARSET=latin1;

--
-- Dumping data for table `tbl_customers`
--

INSERT INTO `tbl_customers` (`customer_id`, `customer_code`, `customer_name`, `customer_type`, `customer_address`, `customer_tin`, `customer_contact_number`, `remarks`, `suki_card_number`, `date_added`, `date_last_modified`, `customer_category_id`, `customer_reference_id`, `branch_id`, `customer_location_id`, `segment_id`, `dsp_id`) VALUES
(1, '', 'SAN-REY ERSI DISTRIBUTION INC. - ILOILO', '', 'ILOILO CITY', '123-456-789', '09091231233', 'TEST', '', '2024-04-03 10:19:08', '2024-04-03 10:19:08', 2, 3, 2, 0, 0, 0),
(2, '1001', 'SAN-REY ERSI DISTRIBUTION INC. - BACOLOD', '', 'BACOLOD CITY', '123-456-789', '451-1233', '', '', '2024-04-03 10:22:26', '2024-04-03 10:22:26', 2, 5, 2, 0, 0, 0),
(3, '1001', 'SARAH MEATSHOP', '', 'ILOILO CITY', '123-456-789', '09091231233', 'TEST', '', '2024-04-03 10:54:59', '2024-04-03 10:54:59', 5, 0, 2, 2, 0, 28),
(4, '1002', 'GEORGE MANUKAN', '', 'ILOILO CITY', '123-456-789', '09091231233', '', '', '2024-04-03 10:55:39', '2024-04-03 10:55:39', 5, 0, 2, 1, 0, 28),
(5, '', 'E & S MEAT CORPORATION - BORACAY', '', 'BORACAY', '123-456-789', '09091231233', '', '', '2024-04-03 10:58:28', '2024-04-03 10:58:28', 2, 4, 2, 0, 0, 0),
(6, '', 'ERSI MEAT PRODUCTS - SUPER', '', 'ERSI SUPER', '123-456-789', '09091231233', '', '', '2024-04-03 10:58:52', '2024-04-03 10:58:52', 2, 7, 2, 0, 0, 0),
(7, '', 'ERSI MEAT PRODUCTS - ROXAS', '', 'ROXAS CITY', '123-456-789', '09091231233', '', '', '2024-04-03 10:59:08', '2024-04-03 10:59:08', 2, 8, 2, 0, 0, 0),
(8, '', 'E & S MEAT CORPORATION - HEAD OFFICE', '', 'ILOILO CITY', '123-456-789', '09091231233', '', '', '2024-04-03 11:01:14', '2024-04-03 11:01:14', 2, 2, 2, 0, 0, 0),
(9, '', 'REYNALDO  FERMALAN', '', 'ILOILO CITY', '123-456-789', '09091231233', '', '', '2024-04-03 11:34:54', '2024-04-03 11:34:54', 3, 28, 2, 0, 0, 0),
(10, '1011', 'WILBERT  VIDAD', '', 'BACOLOD CITY', '123-456-789', '09091231233', '', '', '2024-04-03 13:36:20', '2024-04-03 13:36:20', 3, 26, 5, 0, 0, 0),
(11, '1010', 'BUTCHOCK FROZEN FOODS', '', 'LIBERTAD MARKET', '123-456-789', '09091231233', '', '', '2024-04-03 13:37:44', '2024-04-03 13:37:44', 5, 0, 5, 2, 0, 26),
(12, '1012', 'RANDY', '', 'LIBERTAD MARKET', '123-456-789', '09091231233', '', '', '2024-04-03 13:38:20', '2024-04-03 13:38:20', 5, 0, 5, 2, 0, 26),
(13, '1011', 'ERSI MEAT IMPORT INC.', '', 'ILOILO CITY', '123-456-789', '09091231233', '', '', '2024-04-04 12:25:55', '2024-04-04 12:25:55', 2, 6, 2, 0, 0, 0);

-- --------------------------------------------------------

--
-- Table structure for table `tbl_customer_branches`
--

CREATE TABLE `tbl_customer_branches` (
  `customer_branch_id` int(11) NOT NULL,
  `customer_id` int(11) NOT NULL,
  `branch_id` int(11) NOT NULL,
  `price_group_id` int(11) NOT NULL,
  `visibility_status` int(1) NOT NULL,
  `date_added` datetime NOT NULL DEFAULT CURRENT_TIMESTAMP,
  `date_last_modified` datetime NOT NULL DEFAULT CURRENT_TIMESTAMP ON UPDATE CURRENT_TIMESTAMP
) ENGINE=InnoDB DEFAULT CHARSET=latin1;

--
-- Dumping data for table `tbl_customer_branches`
--

INSERT INTO `tbl_customer_branches` (`customer_branch_id`, `customer_id`, `branch_id`, `price_group_id`, `visibility_status`, `date_added`, `date_last_modified`) VALUES
(1, 1, 2, 0, 1, '2024-04-03 10:19:08', '2024-04-03 10:19:08'),
(2, 2, 2, 0, 1, '2024-04-03 10:22:26', '2024-04-03 10:22:26'),
(3, 3, 2, 0, 1, '2024-04-03 10:54:59', '2024-04-03 10:54:59'),
(4, 4, 2, 0, 1, '2024-04-03 10:55:39', '2024-04-03 10:55:39'),
(5, 5, 2, 0, 1, '2024-04-03 10:58:28', '2024-04-03 10:58:28'),
(6, 6, 2, 0, 1, '2024-04-03 10:58:52', '2024-04-03 10:58:52'),
(7, 7, 2, 0, 1, '2024-04-03 10:59:08', '2024-04-03 10:59:08'),
(8, 8, 2, 0, 0, '2024-04-03 11:01:14', '2024-04-03 11:16:04'),
(9, 8, 5, 0, 1, '2024-04-03 11:16:04', '2024-04-03 11:16:04'),
(10, 9, 2, 0, 1, '2024-04-03 11:34:54', '2024-04-03 11:34:54'),
(11, 10, 5, 0, 1, '2024-04-03 13:36:20', '2024-04-03 13:36:20'),
(12, 11, 5, 0, 1, '2024-04-03 13:37:44', '2024-04-03 13:37:44'),
(13, 12, 5, 0, 1, '2024-04-03 13:38:20', '2024-04-03 13:38:20'),
(14, 13, 2, 0, 1, '2024-04-04 12:25:55', '2024-04-04 12:25:55');

-- --------------------------------------------------------

--
-- Table structure for table `tbl_customer_categories`
--

CREATE TABLE `tbl_customer_categories` (
  `customer_category_id` int(11) NOT NULL,
  `customer_category` varchar(75) NOT NULL,
  `is_preset` int(1) NOT NULL,
  `date_added` datetime NOT NULL DEFAULT CURRENT_TIMESTAMP,
  `date_last_modified` datetime NOT NULL DEFAULT CURRENT_TIMESTAMP ON UPDATE CURRENT_TIMESTAMP
) ENGINE=InnoDB DEFAULT CHARSET=latin1;

--
-- Dumping data for table `tbl_customer_categories`
--

INSERT INTO `tbl_customer_categories` (`customer_category_id`, `customer_category`, `is_preset`, `date_added`, `date_last_modified`) VALUES
(1, 'WALK-IN', 1, '2024-01-16 09:34:31', '2024-03-10 06:58:37'),
(2, 'BRANCHES', 1, '2024-01-16 09:34:31', '2024-03-10 06:58:32'),
(3, 'DSP', 1, '2024-01-16 09:34:31', '2024-01-16 09:34:31'),
(4, 'HRI', 1, '2024-01-16 09:34:31', '2024-01-16 09:34:31'),
(5, 'DSP CUSTOMER', 1, '2024-02-04 08:13:01', '2024-03-10 06:57:29'),
(6, 'TRADE CUSTOMERS', 0, '2024-01-16 10:12:50', '2024-03-10 06:57:33');

-- --------------------------------------------------------

--
-- Table structure for table `tbl_customer_discount`
--

CREATE TABLE `tbl_customer_discount` (
  `customer_discount_id` int(11) NOT NULL,
  `customer_id` int(11) NOT NULL,
  `discount_id` int(11) NOT NULL,
  `visibility_status` int(1) NOT NULL,
  `date_added` datetime NOT NULL DEFAULT CURRENT_TIMESTAMP,
  `date_last_modified` datetime NOT NULL DEFAULT CURRENT_TIMESTAMP ON UPDATE CURRENT_TIMESTAMP
) ENGINE=InnoDB DEFAULT CHARSET=latin1;

--
-- Dumping data for table `tbl_customer_discount`
--

INSERT INTO `tbl_customer_discount` (`customer_discount_id`, `customer_id`, `discount_id`, `visibility_status`, `date_added`, `date_last_modified`) VALUES
(1, 11, 3, 1, '2024-04-03 13:48:49', '2024-04-03 13:48:49'),
(2, 11, 4, 1, '2024-04-03 13:48:49', '2024-04-03 13:48:49'),
(3, 11, 5, 1, '2024-04-03 13:48:49', '2024-04-03 13:48:49');

-- --------------------------------------------------------

--
-- Table structure for table `tbl_customer_locations`
--

CREATE TABLE `tbl_customer_locations` (
  `customer_location_id` int(11) NOT NULL,
  `customer_location` varchar(100) NOT NULL,
  `date_added` datetime NOT NULL DEFAULT CURRENT_TIMESTAMP,
  `date_last_modified` datetime NOT NULL DEFAULT CURRENT_TIMESTAMP ON UPDATE CURRENT_TIMESTAMP
) ENGINE=InnoDB DEFAULT CHARSET=latin1;

--
-- Dumping data for table `tbl_customer_locations`
--

INSERT INTO `tbl_customer_locations` (`customer_location_id`, `customer_location`, `date_added`, `date_last_modified`) VALUES
(1, 'OUT OF TOWN', '2024-01-20 07:49:36', '2024-01-25 08:24:59'),
(2, 'CITY', '2024-01-20 07:49:53', '2024-02-18 08:28:43');

-- --------------------------------------------------------

--
-- Table structure for table `tbl_customer_payment`
--

CREATE TABLE `tbl_customer_payment` (
  `cp_id` int(11) NOT NULL,
  `reference_number` varchar(50) NOT NULL,
  `customer_id` int(11) NOT NULL,
  `payment_type` varchar(1) NOT NULL COMMENT 'C = Cash; H = Check',
  `payment_option_id` int(11) NOT NULL,
  `payment_date` date NOT NULL,
  `remarks` varchar(255) NOT NULL,
  `status` varchar(1) NOT NULL COMMENT 'S = Saved; F = Finished',
  `deposit_status` int(1) NOT NULL COMMENT '1 = Deposited',
  `check_number` varchar(30) NOT NULL,
  `check_date` date NOT NULL,
  `check_bank` varchar(50) NOT NULL DEFAULT '',
  `encoded_by` int(11) NOT NULL,
  `sales_summary_id` int(11) NOT NULL,
  `sales_date` date NOT NULL,
  `date_added` datetime NOT NULL DEFAULT CURRENT_TIMESTAMP,
  `date_last_modified` datetime NOT NULL DEFAULT CURRENT_TIMESTAMP ON UPDATE CURRENT_TIMESTAMP,
  `branch_id` int(11) NOT NULL,
  `dsp_id` int(11) NOT NULL,
  `payment_option` varchar(1) NOT NULL,
  `is_partial` varchar(1) NOT NULL COMMENT 'Y = Yes; N = No',
  `is_partial_payment` varchar(1) NOT NULL
) ENGINE=InnoDB DEFAULT CHARSET=latin1;

-- --------------------------------------------------------

--
-- Table structure for table `tbl_customer_payment_details`
--

CREATE TABLE `tbl_customer_payment_details` (
  `cpd_id` int(11) NOT NULL,
  `cp_id` int(11) NOT NULL,
  `ref_id` int(11) NOT NULL,
  `amount` decimal(12,2) NOT NULL,
  `type` varchar(2) NOT NULL COMMENT 'DR = sales ; BB = beginning balance'
) ENGINE=InnoDB DEFAULT CHARSET=latin1;

-- --------------------------------------------------------

--
-- Table structure for table `tbl_daily_production`
--

CREATE TABLE `tbl_daily_production` (
  `daily_production_id` int(11) NOT NULL,
  `reference_number` varchar(50) COLLATE utf8mb4_unicode_ci NOT NULL DEFAULT '0',
  `branch_id` int(11) NOT NULL DEFAULT '0',
  `warehouse_id` int(11) NOT NULL DEFAULT '0',
  `encoded_by` int(11) NOT NULL DEFAULT '0',
  `production_date` date NOT NULL DEFAULT '0000-00-00',
  `remarks` varchar(255) COLLATE utf8mb4_unicode_ci NOT NULL DEFAULT '',
  `status` varchar(1) COLLATE utf8mb4_unicode_ci NOT NULL DEFAULT 'S',
  `date_added` datetime NOT NULL DEFAULT CURRENT_TIMESTAMP,
  `date_modified` datetime NOT NULL DEFAULT CURRENT_TIMESTAMP,
  `date_last_modified` datetime NOT NULL DEFAULT CURRENT_TIMESTAMP ON UPDATE CURRENT_TIMESTAMP
) ENGINE=InnoDB DEFAULT CHARSET=utf8mb4 COLLATE=utf8mb4_unicode_ci;

--
-- Dumping data for table `tbl_daily_production`
--

INSERT INTO `tbl_daily_production` (`daily_production_id`, `reference_number`, `branch_id`, `warehouse_id`, `encoded_by`, `production_date`, `remarks`, `status`, `date_added`, `date_modified`, `date_last_modified`) VALUES
(3, 'DPR-8-000001', 8, 20, 33, '2024-04-04', '', 'F', '2024-04-04 23:54:35', '2024-04-04 15:54:35', '2024-04-04 16:48:31');

--
-- Triggers `tbl_daily_production`
--
DELIMITER $$
CREATE TRIGGER `delete_daily_production` AFTER DELETE ON `tbl_daily_production` FOR EACH ROW BEGIN 
	DELETE FROM tbl_daily_production_details WHERE daily_production_id = OLD.daily_production_id;
	DELETE FROM tbl_daily_production_items WHERE daily_production_id = OLD.daily_production_id;
 END
$$
DELIMITER ;

-- --------------------------------------------------------

--
-- Table structure for table `tbl_daily_production_details`
--

CREATE TABLE `tbl_daily_production_details` (
  `daily_production_detail_id` int(11) NOT NULL,
  `daily_production_id` int(11) NOT NULL DEFAULT '0',
  `product_id` int(11) NOT NULL DEFAULT '0',
  `transaction_id` int(11) NOT NULL DEFAULT '0',
  `sku_id` int(11) NOT NULL DEFAULT '0',
  `packaging_id` int(11) NOT NULL DEFAULT '0',
  `quantity` decimal(12,5) NOT NULL DEFAULT '0.00000',
  `actual_qty` decimal(12,5) NOT NULL DEFAULT '0.00000',
  `actual_kg` decimal(12,5) NOT NULL DEFAULT '0.00000',
  `weight_loss` decimal(12,5) NOT NULL DEFAULT '0.00000',
  `cost` decimal(12,5) NOT NULL DEFAULT '0.00000',
  `price` decimal(12,5) NOT NULL DEFAULT '0.00000',
  `status` varchar(1) COLLATE utf8mb4_unicode_ci NOT NULL DEFAULT 'S',
  `date_added` datetime NOT NULL DEFAULT CURRENT_TIMESTAMP,
  `date_last_modified` datetime NOT NULL DEFAULT CURRENT_TIMESTAMP ON UPDATE CURRENT_TIMESTAMP
) ENGINE=InnoDB DEFAULT CHARSET=utf8mb4 COLLATE=utf8mb4_unicode_ci;

--
-- Dumping data for table `tbl_daily_production_details`
--

INSERT INTO `tbl_daily_production_details` (`daily_production_detail_id`, `daily_production_id`, `product_id`, `transaction_id`, `sku_id`, `packaging_id`, `quantity`, `actual_qty`, `actual_kg`, `weight_loss`, `cost`, `price`, `status`, `date_added`, `date_last_modified`) VALUES
(4, 3, 1, 0, 23, 17, '50.00000', '50.00000', '50.00000', '0.00000', '105.00000', '0.00000', 'F', '2024-04-04 15:56:05', '2024-04-04 16:48:31');

--
-- Triggers `tbl_daily_production_details`
--
DELIMITER $$
CREATE TRIGGER `add_daily_production_detail` AFTER INSERT ON `tbl_daily_production_details` FOR EACH ROW INSERT INTO tbl_product_transactions (sku_id,product_id,packaging_id,quantity,actual_qty,header_id,detail_id,module,`type`,`served_transaction_id`,cost,price,served_qty) VALUES (NEW.sku_id,NEW.product_id,NEW.packaging_id,NEW.quantity,NEW.actual_qty,NEW.daily_production_id,NEW.daily_production_detail_id,'DPR','OUT',0, NEW.cost, NEW.price, NEW.quantity)
$$
DELIMITER ;
DELIMITER $$
CREATE TRIGGER `delete_daily_production_detail` AFTER DELETE ON `tbl_daily_production_details` FOR EACH ROW BEGIN 
	DELETE FROM tbl_product_transactions WHERE header_id = OLD.daily_production_id AND detail_id = OLD.daily_production_detail_id AND module = 'DPR' AND type='OUT';
 END
$$
DELIMITER ;

-- --------------------------------------------------------

--
-- Table structure for table `tbl_daily_production_items`
--

CREATE TABLE `tbl_daily_production_items` (
  `production_item_id` int(11) NOT NULL,
  `daily_production_id` int(11) NOT NULL DEFAULT '0',
  `warehouse_id` int(11) NOT NULL DEFAULT '0',
  `product_id` int(11) NOT NULL DEFAULT '0',
  `packaging_id` int(11) NOT NULL DEFAULT '0',
  `sku_id` int(11) NOT NULL DEFAULT '0',
  `quantity` decimal(12,5) NOT NULL DEFAULT '0.00000',
  `actual_qty` decimal(12,5) NOT NULL DEFAULT '0.00000',
  `actual_kg` decimal(12,5) NOT NULL DEFAULT '0.00000',
  `cost` decimal(12,5) NOT NULL DEFAULT '0.00000'
) ENGINE=InnoDB DEFAULT CHARSET=utf8mb4 COLLATE=utf8mb4_unicode_ci;

--
-- Dumping data for table `tbl_daily_production_items`
--

INSERT INTO `tbl_daily_production_items` (`production_item_id`, `daily_production_id`, `warehouse_id`, `product_id`, `packaging_id`, `sku_id`, `quantity`, `actual_qty`, `actual_kg`, `cost`) VALUES
(12, 3, 20, 23, 17, 162, '24.00000', '24.00000', '24.00000', '107.14286'),
(13, 3, 20, 22, 17, 163, '25.00000', '25.00000', '25.00000', '107.14286');

--
-- Triggers `tbl_daily_production_items`
--
DELIMITER $$
CREATE TRIGGER `add_daily_production_item` AFTER INSERT ON `tbl_daily_production_items` FOR EACH ROW INSERT INTO tbl_product_transactions (sku_id,product_id,packaging_id,quantity,actual_qty,header_id,detail_id,module,`type`,`served_transaction_id`,cost,price) VALUES (NEW.sku_id,NEW.product_id,NEW.packaging_id,NEW.quantity,NEW.actual_qty,NEW.daily_production_id,NEW.production_item_id,'DPR','IN',0, NEW.cost, 0)
$$
DELIMITER ;
DELIMITER $$
CREATE TRIGGER `delete_daily_production_item` AFTER DELETE ON `tbl_daily_production_items` FOR EACH ROW BEGIN 
	DELETE FROM tbl_product_transactions WHERE header_id = OLD.daily_production_id AND detail_id = OLD.production_item_id AND module = 'DPR' AND type='IN';
 END
$$
DELIMITER ;

-- --------------------------------------------------------

--
-- Table structure for table `tbl_discount`
--

CREATE TABLE `tbl_discount` (
  `discount_id` int(11) NOT NULL,
  `discount_name` varchar(220) NOT NULL,
  `amount` decimal(12,5) NOT NULL,
  `date_added` datetime NOT NULL DEFAULT CURRENT_TIMESTAMP,
  `date_last_modified` datetime NOT NULL DEFAULT CURRENT_TIMESTAMP ON UPDATE CURRENT_TIMESTAMP
) ENGINE=InnoDB DEFAULT CHARSET=latin1;

--
-- Dumping data for table `tbl_discount`
--

INSERT INTO `tbl_discount` (`discount_id`, `discount_name`, `amount`, `date_added`, `date_last_modified`) VALUES
(1, 'LESS 5 PHP', '5.00000', '2024-02-25 10:08:08', '2024-02-25 10:09:01'),
(2, 'LESS 10 PHP', '10.00000', '2024-02-25 10:09:09', '2024-02-25 10:09:09'),
(3, 'LESS 1 PHP', '1.00000', '2024-03-01 15:48:14', '2024-03-01 15:48:32'),
(4, 'LESS 2 PHP', '2.00000', '2024-03-01 15:48:23', '2024-03-01 15:48:37'),
(5, 'LESS 3 PHP', '3.00000', '2024-03-01 15:48:46', '2024-03-01 15:48:46'),
(6, 'LESS 4 PHP', '4.00000', '2024-03-01 15:48:54', '2024-03-01 15:48:54');

-- --------------------------------------------------------

--
-- Table structure for table `tbl_discounts`
--

CREATE TABLE `tbl_discounts` (
  `discount_id` int(11) NOT NULL,
  `discount_name` varchar(75) NOT NULL,
  `status` varchar(1) NOT NULL,
  `description` varchar(255) NOT NULL,
  `coverage_type` varchar(1) NOT NULL,
  `discount_type` varchar(1) NOT NULL,
  `discount_percent` decimal(12,2) NOT NULL,
  `discount_start` datetime NOT NULL,
  `discount_end` datetime NOT NULL,
  `is_percentage` int(1) NOT NULL,
  `discount_amount` decimal(12,2) NOT NULL,
  `date_added` datetime NOT NULL DEFAULT CURRENT_TIMESTAMP,
  `date_last_modified` datetime NOT NULL DEFAULT CURRENT_TIMESTAMP ON UPDATE CURRENT_TIMESTAMP
) ENGINE=InnoDB DEFAULT CHARSET=latin1;

-- --------------------------------------------------------

--
-- Table structure for table `tbl_employee`
--

CREATE TABLE `tbl_employee` (
  `employee_id` int(11) NOT NULL,
  `employee_firstname` varchar(50) NOT NULL,
  `employee_middlename` varchar(50) NOT NULL,
  `employee_lastname` varchar(50) NOT NULL,
  `employee_address` varchar(255) NOT NULL,
  `contact_number` varchar(30) NOT NULL,
  `date_added` datetime NOT NULL DEFAULT CURRENT_TIMESTAMP,
  `date_last_modified` datetime NOT NULL DEFAULT CURRENT_TIMESTAMP ON UPDATE CURRENT_TIMESTAMP,
  `employee_class_id` int(11) NOT NULL,
  `branch_id` int(11) NOT NULL,
  `user_id` int(11) NOT NULL,
  `warehouse_id` int(11) NOT NULL
) ENGINE=InnoDB DEFAULT CHARSET=latin1;

--
-- Dumping data for table `tbl_employee`
--

INSERT INTO `tbl_employee` (`employee_id`, `employee_firstname`, `employee_middlename`, `employee_lastname`, `employee_address`, `contact_number`, `date_added`, `date_last_modified`, `employee_class_id`, `branch_id`, `user_id`, `warehouse_id`) VALUES
(1, 'Jeffred', ' ', 'Lim', 'Bacolod City', '9274018956', '2024-01-15 09:10:41', '2024-02-29 14:04:41', 4, 2, 4, 0),
(2, 'BERNARDO JR', 'SANTILLAN', 'ROMERO', 'DHPRR2 BLOCK 24 LOT 4 PHASE 1, PAVIA, ILOILO ', '09190870829', '2024-01-15 10:18:17', '2024-03-19 01:55:58', 2, 2, 2, 0),
(3, 'WILBERT', ' ', 'VIDAD', 'BACOLOD CITY', '123456789', '2024-01-16 07:09:54', '2024-03-21 12:00:43', 1, 5, 16, 5),
(4, 'LENIE (OLD DATA)', ' ', 'FUNDAL', 'BACOLOD CITY', '987654321', '2024-01-16 07:10:39', '2024-03-18 14:28:19', 1, 5, 0, 0),
(6, 'CHRISTIAN JOMAR', '.', 'SALAVANTE', 'GRANDVILLE 1 BRGY. MANSILINGAN, BACOLOD CITY', '09072468246', '2024-01-17 10:23:00', '2024-03-21 12:09:42', 2, 2, 3, 0),
(7, 'KAYE', ' ', 'JACILDO', '1ASDFGHJKL', '12345690', '2024-01-17 10:43:14', '2024-02-02 02:23:55', 2, 2, 5, 0),
(9, 'KEM WILFARE', ' ', 'NABOR', 'TAMBORONG, SAN LORENZO, GUIMARAS', '9678140648', '2024-01-17 12:33:45', '2024-01-17 12:33:45', 1, 3, 0, 0),
(10, 'christian  dsp', '', 'dsp', 'bacolod', '123456789', '2024-01-25 08:22:54', '2024-04-03 07:17:52', 3, 2, 10, 16),
(11, 'DSP CHRISTIAN BACOLOD', ' ', ' ', 'BACOLOD', '123480987654', '2024-02-04 11:50:17', '2024-02-25 09:21:37', 1, 5, 10, 0),
(12, 'REYNALDO', '', 'FERMALAN', 'TAGBAK, ILOILO CITY', '09091231233', '2024-03-09 04:21:00', '2024-03-09 04:21:00', 1, 2, 19, 0),
(13, 'Christian', '', 'Salavante', 'Bacolod City', '09091231233', '2024-03-11 13:49:45', '2024-03-11 14:55:57', 2, 5, 3, 0),
(14, 'Mark Dale', '', 'Ramos', 'bacolod city', '09091231233', '2024-03-11 15:02:54', '2024-03-11 15:02:54', 4, 5, 0, 0),
(15, 'LENIE', '', 'FUNDAL', 'BACOLOD CITY', '09091231233', '2024-03-17 13:27:22', '2024-03-21 11:40:00', 1, 5, 20, 16),
(16, 'GAILMHAR', '', 'GUTIERREZ', 'Molo, Iloilo City', '09338790961', '2024-03-19 01:28:35', '2024-03-19 01:58:23', 6, 2, 21, 0),
(17, 'REYMUND', '', 'ANTIQUENA', 'Cabugao Sur, Sta. Barbara', '09093265488', '2024-03-19 01:42:43', '2024-03-19 01:53:05', 1, 2, 22, 0),
(18, 'JONALD', '', 'FRANCISCO', 'AGANAN PAVIA', '09517827133', '2024-03-19 01:44:28', '2024-03-19 02:02:36', 1, 3, 23, 0),
(19, 'MARK PAUL', '', 'CERRADA', 'DON FRANCISCO VILLAGE JARO ILOILO CITY', '09853013554', '2024-03-19 01:45:26', '2024-03-19 02:02:43', 1, 3, 24, 0),
(20, 'CHARLYN', '', 'CIA', 'BALUD II ZARRAGA ILOILO', '09662381627', '2024-03-19 03:27:51', '2024-03-19 03:36:06', 7, 2, 26, 0),
(21, 'KENEBEK', '', 'TIPLES', 'BRGY LAGUBANG BAROTAC NUEVO', '09770693222', '2024-03-19 03:29:10', '2024-03-19 03:36:30', 7, 2, 27, 0),
(22, 'MARY QUEEN', '', 'PARREO', 'BAROTAC NUEVO', '09077044385', '2024-03-19 03:33:23', '2024-03-19 03:44:39', 8, 2, 25, 0),
(23, 'SHERYL', '', 'SINOBEN', 'STA BARBARA ILOILO', '09209755970', '2024-03-19 03:46:22', '2024-03-19 03:48:19', 9, 2, 28, 0),
(24, 'CRISTINE CLOUIE', '', 'BUFETE', 'LAPAYON LEGANES ILOILO', '09338690257', '2024-03-19 03:47:02', '2024-03-19 03:48:32', 10, 2, 29, 0),
(25, 'KEVIN', '', 'DELA CRUZ', 'ROXAS CITY', '09091231233', '2024-03-24 06:13:02', '2024-03-24 06:13:02', 1, 8, 30, 13),
(26, 'WILBERT', '', 'VIDAD', 'BACOLOD CITY', '09091231233', '2024-04-03 10:09:19', '2024-04-03 10:09:19', 1, 5, 16, 5),
(27, 'LENIE', '', 'FUNDAL', 'BACOLOD CITY', '09091231233', '2024-04-03 10:09:51', '2024-04-03 10:09:51', 1, 5, 20, 5),
(28, 'REYNALDO', '', 'FERMALAN', 'ILOILO CITY', '09091231233', '2024-04-03 10:10:30', '2024-04-03 10:10:30', 1, 2, 19, 16),
(29, 'BERNARDO', 'SANTILLAN', 'ROMERO JR.', 'DHPRR2 Block 24 Lot 4 Phase 1, Brgy. Jibao an, Pavia, Iloilo', '09190870829', '2024-04-03 10:16:49', '2024-04-03 10:20:36', 2, 2, 2, 0),
(30, 'REYNALD', '', 'PALMARES', 'ROXAS CITY', '09091231233', '2024-04-03 11:08:01', '2024-04-03 11:09:35', 1, 8, 31, 13),
(31, 'RAQUEL', 'SIOCO', 'ALEGORO', 'ILOILO CITY', '0909123133', '2024-04-03 11:55:52', '2024-04-03 14:56:04', 4, 2, 32, 20),
(32, 'REYNALDO', '', 'FERMALAN', 'TAGBAK, ILOILO CITY', '09091231233', '2024-04-04 14:12:19', '2024-04-04 14:12:19', 1, 2, 19, 16),
(33, 'ROXANNE', '', 'AMONGO', 'ROXAS CITY', '09091231233', '2024-04-04 15:35:22', '2024-04-04 15:35:22', 11, 8, 33, 20);

-- --------------------------------------------------------

--
-- Table structure for table `tbl_employee_classification`
--

CREATE TABLE `tbl_employee_classification` (
  `employee_class_id` int(11) NOT NULL,
  `employee_class_name` varchar(100) NOT NULL,
  `date_added` datetime NOT NULL DEFAULT CURRENT_TIMESTAMP,
  `date_last_modified` datetime NOT NULL DEFAULT CURRENT_TIMESTAMP ON UPDATE CURRENT_TIMESTAMP,
  `is_preset` int(1) NOT NULL
) ENGINE=InnoDB DEFAULT CHARSET=latin1;

--
-- Dumping data for table `tbl_employee_classification`
--

INSERT INTO `tbl_employee_classification` (`employee_class_id`, `employee_class_name`, `date_added`, `date_last_modified`, `is_preset`) VALUES
(1, 'DSP', '2024-01-16 09:43:47', '2024-02-02 02:16:24', 1),
(2, 'Administrator/Executive', '2024-01-30 03:48:44', '2024-02-02 02:17:11', 1),
(3, 'Supervisor', '2024-01-30 03:48:45', '2024-02-02 02:17:14', 1),
(4, 'Checker', '2024-02-29 14:00:44', '2024-02-29 14:00:53', 1),
(6, 'Human Resource Department', '2024-03-19 01:27:08', '2024-03-19 01:27:08', 0),
(7, 'Accounts Receivable Department', '2024-03-19 01:58:46', '2024-03-19 02:03:16', 0),
(8, 'Accounts Payable Department', '2024-03-19 02:02:57', '2024-03-19 02:02:57', 0),
(9, 'Finance Department', '2024-03-19 03:43:46', '2024-03-19 03:43:46', 0),
(10, 'Treasury Department', '2024-03-19 03:44:08', '2024-03-19 03:44:08', 0),
(11, 'Cashier', '2024-03-21 11:40:43', '2024-03-21 11:40:43', 1);

-- --------------------------------------------------------

--
-- Table structure for table `tbl_expenses`
--

CREATE TABLE `tbl_expenses` (
  `expense_id` int(11) NOT NULL,
  `reference_number` varchar(50) NOT NULL,
  `chart_id` int(11) NOT NULL,
  `branch_id` int(11) NOT NULL,
  `expense_date` date NOT NULL,
  `status` varchar(1) NOT NULL,
  `employee_id` int(11) NOT NULL,
  `sales_summary_id` int(11) NOT NULL,
  `date_added` datetime NOT NULL DEFAULT CURRENT_TIMESTAMP,
  `date_last_modified` datetime NOT NULL DEFAULT CURRENT_TIMESTAMP ON UPDATE CURRENT_TIMESTAMP
) ENGINE=InnoDB DEFAULT CHARSET=latin1;

-- --------------------------------------------------------

--
-- Table structure for table `tbl_expenses_details`
--

CREATE TABLE `tbl_expenses_details` (
  `expense_detail_id` int(11) NOT NULL,
  `expense_id` int(11) NOT NULL,
  `description` varchar(250) NOT NULL,
  `amount` decimal(12,5) NOT NULL,
  `date_added` datetime NOT NULL DEFAULT CURRENT_TIMESTAMP,
  `date_last_modified` datetime NOT NULL DEFAULT CURRENT_TIMESTAMP ON UPDATE CURRENT_TIMESTAMP
) ENGINE=InnoDB DEFAULT CHARSET=latin1;

-- --------------------------------------------------------

--
-- Table structure for table `tbl_general_parameters`
--

CREATE TABLE `tbl_general_parameters` (
  `general_parameter_id` int(11) NOT NULL,
  `general_parameter_name` varchar(75) NOT NULL,
  `general_parameter_code` varchar(75) NOT NULL,
  `date_added` datetime NOT NULL DEFAULT CURRENT_TIMESTAMP,
  `date_last_modified` datetime NOT NULL DEFAULT CURRENT_TIMESTAMP ON UPDATE CURRENT_TIMESTAMP
) ENGINE=InnoDB DEFAULT CHARSET=latin1;

-- --------------------------------------------------------

--
-- Table structure for table `tbl_general_parameter_values`
--

CREATE TABLE `tbl_general_parameter_values` (
  `general_parameter_value_id` int(11) NOT NULL,
  `general_parameter_id` int(11) NOT NULL,
  `branch_id` int(11) NOT NULL,
  `value` varchar(100) NOT NULL,
  `date_added` datetime NOT NULL DEFAULT CURRENT_TIMESTAMP,
  `date_last_modified` datetime NOT NULL DEFAULT CURRENT_TIMESTAMP ON UPDATE CURRENT_TIMESTAMP
) ENGINE=InnoDB DEFAULT CHARSET=latin1;

-- --------------------------------------------------------

--
-- Table structure for table `tbl_inventory_adjustments`
--

CREATE TABLE `tbl_inventory_adjustments` (
  `adjustment_id` int(11) NOT NULL,
  `branch_id` int(11) NOT NULL,
  `warehouse_id` int(11) NOT NULL,
  `reference_number` varchar(75) NOT NULL,
  `remarks` varchar(255) NOT NULL,
  `status` varchar(1) NOT NULL,
  `encoded_by` int(11) NOT NULL,
  `adjustment_date` datetime NOT NULL,
  `date_added` datetime NOT NULL DEFAULT CURRENT_TIMESTAMP,
  `date_last_modified` datetime NOT NULL DEFAULT CURRENT_TIMESTAMP ON UPDATE CURRENT_TIMESTAMP
) ENGINE=InnoDB DEFAULT CHARSET=latin1;

--
-- Triggers `tbl_inventory_adjustments`
--
DELIMITER $$
CREATE TRIGGER `delete_adjustment` AFTER DELETE ON `tbl_inventory_adjustments` FOR EACH ROW DELETE FROM tbl_inventory_adjustment_details WHERE adjustment_id = OLD.adjustment_id
$$
DELIMITER ;
DELIMITER $$
CREATE TRIGGER `finish_adjustment` AFTER UPDATE ON `tbl_inventory_adjustments` FOR EACH ROW BEGIN 
	UPDATE tbl_product_transactions SET status = IF (NEW.status = 'F', 1, 0),branch_id = IF (NEW.status = 'F', NEW.branch_id, 0), warehouse_id = IF (NEW.status = 'F', NEW.warehouse_id, 0) WHERE header_id = NEW.adjustment_id AND module = 'IA';
 END
$$
DELIMITER ;

-- --------------------------------------------------------

--
-- Table structure for table `tbl_inventory_adjustment_details`
--

CREATE TABLE `tbl_inventory_adjustment_details` (
  `adjustment_detail_id` int(11) NOT NULL,
  `adjustment_id` int(11) NOT NULL,
  `product_id` int(11) NOT NULL,
  `quantity` decimal(12,2) NOT NULL,
  `cost` decimal(12,2) NOT NULL,
  `price` decimal(12,2) NOT NULL,
  `date_added` datetime NOT NULL DEFAULT CURRENT_TIMESTAMP,
  `date_last_modified` datetime NOT NULL DEFAULT CURRENT_TIMESTAMP ON UPDATE CURRENT_TIMESTAMP
) ENGINE=InnoDB DEFAULT CHARSET=latin1;

--
-- Triggers `tbl_inventory_adjustment_details`
--
DELIMITER $$
CREATE TRIGGER `add_adjustment_detail` AFTER INSERT ON `tbl_inventory_adjustment_details` FOR EACH ROW INSERT INTO tbl_product_transactions (product_id,quantity,cost,price,header_id,detail_id,module,type) VALUES (NEW.product_id,ABS(NEW.quantity),NEW.cost,NEW.price,NEW.adjustment_id,NEW.adjustment_detail_id,'IA',IF(NEW.quantity > 0,'IN','OUT'))
$$
DELIMITER ;
DELIMITER $$
CREATE TRIGGER `delete_adjustment_detail` AFTER DELETE ON `tbl_inventory_adjustment_details` FOR EACH ROW DELETE FROM tbl_product_transactions WHERE header_id = OLD.adjustment_id AND detail_id = OLD.adjustment_detail_id AND module = 'IA'
$$
DELIMITER ;

-- --------------------------------------------------------

--
-- Table structure for table `tbl_item_prices`
--

CREATE TABLE `tbl_item_prices` (
  `item_prices_id` int(11) NOT NULL,
  `price_group_id` int(11) NOT NULL,
  `branch_id` int(11) NOT NULL,
  `product_id` int(11) NOT NULL,
  `price` decimal(12,5) NOT NULL,
  `date_added` datetime NOT NULL DEFAULT CURRENT_TIMESTAMP,
  `date_last_modified` datetime NOT NULL DEFAULT CURRENT_TIMESTAMP ON UPDATE CURRENT_TIMESTAMP
) ENGINE=InnoDB DEFAULT CHARSET=latin1;

-- --------------------------------------------------------

--
-- Table structure for table `tbl_journals`
--

CREATE TABLE `tbl_journals` (
  `journal_id` int(11) NOT NULL,
  `journal_name` varchar(50) NOT NULL,
  `journal_code` varchar(10) NOT NULL,
  `is_preset` int(1) NOT NULL,
  `date_added` datetime NOT NULL DEFAULT CURRENT_TIMESTAMP,
  `date_last_modified` datetime NOT NULL DEFAULT CURRENT_TIMESTAMP ON UPDATE CURRENT_TIMESTAMP
) ENGINE=InnoDB DEFAULT CHARSET=latin1;

--
-- Dumping data for table `tbl_journals`
--

INSERT INTO `tbl_journals` (`journal_id`, `journal_name`, `journal_code`, `is_preset`, `date_added`, `date_last_modified`) VALUES
(1, 'Beginning Balance', 'BBJ', 1, '2024-01-15 09:06:38', '2024-01-15 09:06:38'),
(2, 'Cash/Check Disbursement Journal', 'CDJ', 1, '2024-01-15 09:06:38', '2024-01-15 09:06:38'),
(3, 'Collection Receipts Journal', 'CRJ', 1, '2024-01-15 09:06:38', '2024-01-15 09:06:38'),
(4, 'Credit Card Journal', 'CCJ', 1, '2024-01-15 09:06:38', '2024-01-15 09:06:38'),
(5, 'Deposit Journal', 'DJ', 1, '2024-01-15 09:06:38', '2024-01-15 09:06:38'),
(6, 'General Journal', 'GJ', 1, '2024-01-15 09:06:38', '2024-01-15 09:06:38'),
(7, 'Sales Journal', 'SJ', 1, '2024-01-15 09:06:38', '2024-01-15 09:06:38');

-- --------------------------------------------------------

--
-- Table structure for table `tbl_journal_entries`
--

CREATE TABLE `tbl_journal_entries` (
  `journal_entry_id` int(11) NOT NULL,
  `reference_number` varchar(50) NOT NULL,
  `branch_id` int(11) NOT NULL,
  `cross_reference` varchar(50) NOT NULL,
  `journal_id` int(11) NOT NULL,
  `remarks` varchar(250) NOT NULL,
  `journal_date` date NOT NULL,
  `status` varchar(1) NOT NULL,
  `is_manual` varchar(1) NOT NULL,
  `user_id` int(11) NOT NULL,
  `date_added` datetime NOT NULL DEFAULT CURRENT_TIMESTAMP,
  `date_last_modified` datetime NOT NULL DEFAULT CURRENT_TIMESTAMP ON UPDATE CURRENT_TIMESTAMP
) ENGINE=InnoDB DEFAULT CHARSET=latin1;

-- --------------------------------------------------------

--
-- Table structure for table `tbl_journal_entry_details`
--

CREATE TABLE `tbl_journal_entry_details` (
  `journal_entry_detail_id` int(11) NOT NULL,
  `journal_entry_id` int(11) NOT NULL,
  `chart_id` int(11) NOT NULL,
  `description` varchar(250) NOT NULL,
  `debit` decimal(12,4) NOT NULL,
  `credit` decimal(12,4) NOT NULL,
  `date_added` datetime NOT NULL DEFAULT CURRENT_TIMESTAMP,
  `date_last_modified` datetime NOT NULL DEFAULT CURRENT_TIMESTAMP ON UPDATE CURRENT_TIMESTAMP
) ENGINE=InnoDB DEFAULT CHARSET=latin1;

-- --------------------------------------------------------

--
-- Table structure for table `tbl_notifications`
--

CREATE TABLE `tbl_notifications` (
  `notification_id` int(11) NOT NULL,
  `title` varchar(75) NOT NULL,
  `content` text NOT NULL,
  `sender_id` int(11) NOT NULL COMMENT 'user_id only',
  `receiver_id` int(11) NOT NULL COMMENT 'user_id only',
  `notification_url` varchar(30) NOT NULL COMMENT 'NOTIFICATION URL',
  `status` varchar(1) NOT NULL COMMENT 'U = UNREAD, R = READ',
  `date_added` datetime NOT NULL DEFAULT CURRENT_TIMESTAMP,
  `date_last_modified` datetime NOT NULL DEFAULT CURRENT_TIMESTAMP ON UPDATE CURRENT_TIMESTAMP
) ENGINE=InnoDB DEFAULT CHARSET=latin1;

--
-- Dumping data for table `tbl_notifications`
--

INSERT INTO `tbl_notifications` (`notification_id`, `title`, `content`, `sender_id`, `receiver_id`, `notification_url`, `status`, `date_added`, `date_last_modified`) VALUES
(1, 'Allocation', 'New request from branch (ERSI MEAT PRODUCTS - ROXAS) REF #: AL-8-000001', 3, 3, 'requisition', 'U', '2024-04-04 12:36:33', '2024-04-04 12:36:33'),
(2, 'Allocation', 'New request from branch () REF #: AL-2-000004', 19, 3, 'requisition', 'U', '2024-04-04 12:48:42', '2024-04-04 12:48:42'),
(3, 'Allocation', 'New request from branch () REF #: AL-2-000004', 19, 10, 'requisition', 'U', '2024-04-04 12:48:42', '2024-04-04 12:48:42'),
(4, 'PO Branch Request', 'New request from branch (SAN-REY ERSI DISTRIBUTION INC. - BACOLOD STORAGE) PO REF #: PO-5-000001', 3, 3, 'po-branch', 'U', '2024-04-04 13:22:25', '2024-04-04 13:22:25'),
(5, 'PO Branch Request', 'New request from branch (SAN-REY ERSI DISTRIBUTION INC. - BACOLOD STORAGE) PO REF #: PO-5-000001', 3, 10, 'po-branch', 'U', '2024-04-04 13:22:25', '2024-04-04 13:22:25'),
(6, 'PO Branch Request', 'New request from branch (CEBU - 3G LOGISTICS AND COLD STORAGE - CEBU) PO REF #: PO-8-000001', 3, 3, 'po-branch', 'U', '2024-04-04 14:25:40', '2024-04-04 14:25:40'),
(7, 'PO Branch Request', 'New request from branch (CEBU - 3G LOGISTICS AND COLD STORAGE - CEBU) PO REF #: PO-8-000001', 3, 10, 'po-branch', 'U', '2024-04-04 14:25:40', '2024-04-04 14:25:40');

-- --------------------------------------------------------

--
-- Table structure for table `tbl_packaging`
--

CREATE TABLE `tbl_packaging` (
  `packaging_id` int(11) NOT NULL,
  `packaging_name` varchar(75) NOT NULL,
  `product_category_id` int(11) NOT NULL,
  `actual_qty` decimal(11,2) NOT NULL,
  `fixed_status` int(1) NOT NULL COMMENT '0 = Not Fixed ; 1 = Fixed',
  `date_added` datetime NOT NULL DEFAULT CURRENT_TIMESTAMP,
  `date_last_modified` datetime NOT NULL DEFAULT CURRENT_TIMESTAMP ON UPDATE CURRENT_TIMESTAMP,
  `actual_kg` decimal(12,5) NOT NULL
) ENGINE=InnoDB DEFAULT CHARSET=latin1;

--
-- Dumping data for table `tbl_packaging`
--

INSERT INTO `tbl_packaging` (`packaging_id`, `packaging_name`, `product_category_id`, `actual_qty`, `fixed_status`, `date_added`, `date_last_modified`, `actual_kg`) VALUES
(15, 'PACKS (1.14kg)', 3, '1.00', 0, '2024-02-29 14:00:39', '2024-02-29 14:00:39', '1.14000'),
(16, 'PACKS (1.2kg)', 3, '1.00', 0, '2024-02-29 15:37:51', '2024-02-29 15:37:51', '1.20000'),
(17, 'KILOS', 1, '1.00', 0, '2024-02-29 15:39:53', '2024-02-29 15:39:53', '1.00000'),
(18, 'PACKS (250g)', 2, '1.00', 0, '2024-02-29 15:40:25', '2024-02-29 15:40:25', '0.25000'),
(19, 'PACKS (200g)', 2, '1.00', 0, '2024-03-13 10:29:03', '2024-03-13 10:29:03', '0.20000'),
(20, 'PACKS (1kg)', 2, '1.00', 0, '2024-03-15 12:09:33', '2024-03-15 12:09:33', '1.00000'),
(21, 'PACKS (1.15kg)', 3, '1.00', 0, '2024-03-15 12:11:36', '2024-03-15 12:13:50', '1.15000'),
(22, 'PACKS (400g)', 2, '1.00', 0, '2024-03-23 02:31:14', '2024-03-23 02:31:14', '0.40000');

-- --------------------------------------------------------

--
-- Table structure for table `tbl_payment_option`
--

CREATE TABLE `tbl_payment_option` (
  `payment_option_id` int(11) NOT NULL,
  `payment_option` varchar(100) NOT NULL,
  `date_added` datetime NOT NULL DEFAULT CURRENT_TIMESTAMP,
  `date_last_modified` datetime NOT NULL DEFAULT CURRENT_TIMESTAMP ON UPDATE CURRENT_TIMESTAMP
) ENGINE=InnoDB DEFAULT CHARSET=latin1;

-- --------------------------------------------------------

--
-- Table structure for table `tbl_price_group`
--

CREATE TABLE `tbl_price_group` (
  `price_group_id` int(11) NOT NULL,
  `price_group_name` varchar(75) NOT NULL,
  `date_added` datetime NOT NULL DEFAULT CURRENT_TIMESTAMP,
  `date_last_modified` datetime NOT NULL DEFAULT CURRENT_TIMESTAMP ON UPDATE CURRENT_TIMESTAMP
) ENGINE=InnoDB DEFAULT CHARSET=latin1;

--
-- Dumping data for table `tbl_price_group`
--

INSERT INTO `tbl_price_group` (`price_group_id`, `price_group_name`, `date_added`, `date_last_modified`) VALUES
(2, 'wholesale prices', '2024-04-03 15:09:21', '2024-04-03 15:09:21');

-- --------------------------------------------------------

--
-- Table structure for table `tbl_price_notice`
--

CREATE TABLE `tbl_price_notice` (
  `price_id` int(11) NOT NULL,
  `reference_number` varchar(75) NOT NULL,
  `effective_date` date NOT NULL,
  `effective_status` int(1) NOT NULL,
  `remarks` varchar(255) NOT NULL,
  `status` varchar(1) NOT NULL,
  `date_added` datetime NOT NULL DEFAULT CURRENT_TIMESTAMP,
  `date_last_modified` datetime NOT NULL DEFAULT CURRENT_TIMESTAMP ON UPDATE CURRENT_TIMESTAMP
) ENGINE=InnoDB DEFAULT CHARSET=latin1;

-- --------------------------------------------------------

--
-- Table structure for table `tbl_price_notice_details`
--

CREATE TABLE `tbl_price_notice_details` (
  `price_detail_id` int(11) NOT NULL,
  `price_id` int(11) NOT NULL,
  `product_id` int(11) NOT NULL,
  `old_price` decimal(12,2) NOT NULL,
  `price` decimal(12,2) NOT NULL,
  `date_added` datetime NOT NULL DEFAULT CURRENT_TIMESTAMP,
  `date_last_modified` datetime NOT NULL DEFAULT CURRENT_TIMESTAMP ON UPDATE CURRENT_TIMESTAMP
) ENGINE=InnoDB DEFAULT CHARSET=latin1;

-- --------------------------------------------------------

--
-- Table structure for table `tbl_products`
--

CREATE TABLE `tbl_products` (
  `product_id` int(11) NOT NULL,
  `product_code` varchar(100) NOT NULL,
  `product_barcode` varchar(50) NOT NULL,
  `product_name` varchar(75) NOT NULL,
  `product_price` decimal(11,2) NOT NULL,
  `product_cost` decimal(12,5) NOT NULL,
  `product_img` text NOT NULL,
  `product_category_id` int(11) NOT NULL,
  `is_package` int(1) NOT NULL,
  `remarks` varchar(255) NOT NULL,
  `date_added` datetime NOT NULL DEFAULT CURRENT_TIMESTAMP,
  `date_last_modified` datetime NOT NULL DEFAULT CURRENT_TIMESTAMP ON UPDATE CURRENT_TIMESTAMP,
  `product_brand_id` int(11) NOT NULL,
  `packaging_id` int(11) NOT NULL
) ENGINE=InnoDB DEFAULT CHARSET=latin1;

--
-- Dumping data for table `tbl_products`
--

INSERT INTO `tbl_products` (`product_id`, `product_code`, `product_barcode`, `product_name`, `product_price`, `product_cost`, `product_img`, `product_category_id`, `is_package`, `remarks`, `date_added`, `date_last_modified`, `product_brand_id`, `packaging_id`) VALUES
(1, 'PJB', '', 'PORK JOWL', '0.00', '0.00000', '', 1, 1, '', '2024-01-16 10:38:09', '2024-03-15 12:08:28', 1, 17),
(2, 'PMR', '', 'PORK MASK', '0.00', '0.00000', '', 1, 1, '', '2024-01-16 10:38:37', '2024-03-15 12:08:34', 2, 17),
(3, 'CLQT', '', 'CHICKEN LEG QUARTER', '0.00', '0.00000', '', 1, 1, '', '2024-01-17 04:44:26', '2024-03-15 15:05:48', 4, 17),
(4, 'CSM', '', 'CHICKEN SKIN ', '0.00', '0.00000', '', 1, 1, '', '2024-01-17 04:44:48', '2024-03-15 12:08:44', 5, 17),
(5, 'CWI', '', 'CHICKEN WINGS', '0.00', '0.00000', '', 1, 1, '', '2024-01-17 04:45:14', '2024-03-15 12:08:49', 6, 17),
(6, 'BKS', '', 'FF Bossing Hotdogs Kingsize - 1kg', '0.00', '0.00000', '', 3, 1, '', '2024-01-17 04:46:59', '2024-03-15 12:08:56', 3, 15),
(7, 'SB250g', '', 'SQUIDBALL - 250g', '0.00', '0.00000', '', 2, 1, '', '2024-01-17 04:49:52', '2024-03-15 12:09:03', 7, 18),
(8, 'HC1kg', '', 'HUNGARIAN CHEESY - 1kg', '0.00', '0.00000', '', 2, 1, '', '2024-01-17 04:51:23', '2024-03-15 12:09:46', 8, 20),
(9, 'HP1kg', '', 'HUNGARIAN PLAIN - 1kg', '0.00', '0.00000', '', 2, 1, '', '2024-01-17 04:51:56', '2024-03-15 12:09:52', 8, 20),
(10, 'BCD', '', 'FF Boss CheesedogKingsize17pcs', '0.00', '0.00000', '', 3, 1, '', '2024-01-25 03:00:39', '2024-03-15 12:12:06', 3, 16),
(11, 'CS200g', '', 'CRABSTICK - 200G ', '0.00', '0.00000', '', 2, 1, '', '2024-02-10 06:02:24', '2024-03-15 12:13:20', 8, 19),
(12, 'PLP', '', 'PORK LIVER', '0.00', '0.00000', '', 1, 1, '', '2024-02-10 14:05:01', '2024-03-15 12:13:33', 13, 17),
(13, 'CF', '', 'FF Boss Chicken Franks King 14+1', '0.00', '0.00000', '', 3, 1, '', '2024-03-12 03:38:30', '2024-03-15 15:10:37', 3, 21),
(14, 'PKS', '', 'FF Pinoy Hotdogs Kingsize 15+2', '0.00', '0.00000', '', 3, 1, '', '2024-03-12 03:39:10', '2024-03-12 03:39:10', 3, 0),
(15, 'BB210g', '', 'Frabelle Foods Bossing Baon Burger 210g (6 pcs)', '0.00', '0.00000', '', 3, 1, '', '2024-03-12 04:10:56', '2024-03-12 04:10:56', 3, 0),
(16, 'CB220g', '', 'FF Boss Special Corned Beef 220g', '0.00', '0.00000', '', 3, 1, '', '2024-03-12 04:11:30', '2024-03-12 04:11:30', 3, 0),
(17, 'CD250gEC', '', 'FF Bossing CD Extra Cheese 250g', '0.00', '0.00000', '', 3, 1, '', '2024-03-12 04:12:33', '2024-03-12 04:12:33', 3, 0),
(18, 'PHBISOA', '', 'PORK HAMLEG BISO', '0.00', '0.00000', '', 1, 1, '', '2024-03-12 04:15:03', '2024-03-12 04:15:03', 12, 0),
(19, 'PFEP', '', 'PORK FLOWER FATS', '0.00', '0.00000', '', 1, 1, '', '2024-03-12 04:15:47', '2024-03-12 04:15:47', 10, 0),
(20, 'K250g', '', 'KIKIAM', '0.00', '0.00000', '', 2, 1, '', '2024-03-12 04:17:59', '2024-03-12 04:17:59', 14, 0),
(21, 'CD200g', '', 'FF Bossing Cheesedogs 200g', '0.00', '0.00000', '', 3, 1, '', '2024-03-12 04:19:01', '2024-03-12 04:19:01', 3, 0),
(22, 'PJSLICE', '', 'PORK JOWL SLICE', '0.00', '0.00000', '', 1, 1, '', '2024-04-04 15:59:23', '2024-04-04 15:59:23', 0, 17),
(23, 'PJSLAB', '', 'PORK JOWL SLAB', '0.00', '0.00000', '', 1, 1, '', '2024-04-04 16:02:19', '2024-04-04 16:02:19', 0, 17),
(24, 'PJCUBES', '', 'PORK JOWL CUBE', '0.00', '0.00000', '', 1, 1, '', '2024-04-04 16:02:46', '2024-04-04 16:02:46', 0, 17);

-- --------------------------------------------------------

--
-- Table structure for table `tbl_product_brand`
--

CREATE TABLE `tbl_product_brand` (
  `product_brand_id` int(11) NOT NULL,
  `product_brand_name` varchar(100) NOT NULL,
  `date_added` datetime NOT NULL DEFAULT CURRENT_TIMESTAMP,
  `date_last_modified` datetime NOT NULL DEFAULT CURRENT_TIMESTAMP ON UPDATE CURRENT_TIMESTAMP
) ENGINE=InnoDB DEFAULT CHARSET=latin1;

--
-- Dumping data for table `tbl_product_brand`
--

INSERT INTO `tbl_product_brand` (`product_brand_id`, `product_brand_name`, `date_added`, `date_last_modified`) VALUES
(1, 'BERNARD', '2024-01-17 10:34:03', '2024-01-17 10:34:03'),
(2, 'RIEXACH', '2024-01-17 10:34:53', '2024-01-17 10:34:53'),
(3, 'FRABELLE', '2024-01-17 10:35:00', '2024-01-17 10:35:00'),
(4, 'TYSON', '2024-01-17 10:36:27', '2024-01-17 10:36:27'),
(5, 'MILNE', '2024-01-17 10:36:33', '2024-01-17 10:36:33'),
(6, 'INGHAM\'S', '2024-01-17 10:36:44', '2024-02-14 07:59:36'),
(7, 'SEASON', '2024-01-17 10:37:47', '2024-01-17 10:37:47'),
(8, 'MAESTRO', '2024-01-17 10:37:54', '2024-01-17 10:37:54'),
(9, 'JUIA', '2024-03-12 03:31:46', '2024-03-12 03:31:46'),
(10, 'EL POZO', '2024-03-12 03:31:53', '2024-03-12 03:31:53'),
(11, 'SVEAKOTT', '2024-03-12 03:32:04', '2024-03-12 03:32:04'),
(12, 'AURORA', '2024-03-12 03:32:18', '2024-03-12 03:32:18'),
(13, 'PAMPLONA', '2024-03-12 04:13:43', '2024-03-12 04:13:43'),
(14, 'KIMSEA', '2024-03-12 04:17:42', '2024-03-12 04:17:42'),
(15, 'HOGPIT', '2024-03-13 06:49:13', '2024-03-13 06:49:13');

-- --------------------------------------------------------

--
-- Table structure for table `tbl_product_categories`
--

CREATE TABLE `tbl_product_categories` (
  `product_category_id` int(11) NOT NULL,
  `product_category` varchar(75) NOT NULL,
  `date_added` datetime NOT NULL DEFAULT CURRENT_TIMESTAMP,
  `date_last_modified` datetime NOT NULL DEFAULT CURRENT_TIMESTAMP ON UPDATE CURRENT_TIMESTAMP,
  `fixed_status` int(1) NOT NULL
) ENGINE=InnoDB DEFAULT CHARSET=latin1;

--
-- Dumping data for table `tbl_product_categories`
--

INSERT INTO `tbl_product_categories` (`product_category_id`, `product_category`, `date_added`, `date_last_modified`, `fixed_status`) VALUES
(1, 'RAW MEATS', '2024-01-16 10:35:02', '2024-01-16 10:36:29', 0),
(2, 'PROCESSED', '2024-01-16 10:36:15', '2024-02-10 08:15:25', 1),
(3, 'FRABELLE', '2024-02-14 15:22:02', '2024-02-29 14:43:02', 1);

-- --------------------------------------------------------

--
-- Table structure for table `tbl_product_prices`
--

CREATE TABLE `tbl_product_prices` (
  `prod_price_id` int(11) NOT NULL,
  `product_id` int(11) NOT NULL,
  `rr_id` int(11) NOT NULL,
  `sku_id` int(11) NOT NULL,
  `cost` decimal(12,2) NOT NULL,
  `price1` decimal(12,2) NOT NULL,
  `price2` decimal(12,2) NOT NULL,
  `price3` decimal(12,2) NOT NULL,
  `customer_type` varchar(1) NOT NULL COMMENT 'H = HRI; A = DSP; B = Branches; W = Walkin; O = Others;',
  `customer_category_id` int(11) NOT NULL,
  `customer_reference_id` int(11) NOT NULL,
  `branch_id` int(11) NOT NULL,
  `packaging_id` int(11) NOT NULL,
  `executive_id` int(11) NOT NULL,
  `date_added` datetime NOT NULL DEFAULT CURRENT_TIMESTAMP,
  `date_last_modified` datetime NOT NULL DEFAULT CURRENT_TIMESTAMP ON UPDATE CURRENT_TIMESTAMP
) ENGINE=InnoDB DEFAULT CHARSET=latin1;

--
-- Dumping data for table `tbl_product_prices`
--

INSERT INTO `tbl_product_prices` (`prod_price_id`, `product_id`, `rr_id`, `sku_id`, `cost`, `price1`, `price2`, `price3`, `customer_type`, `customer_category_id`, `customer_reference_id`, `branch_id`, `packaging_id`, `executive_id`, `date_added`, `date_last_modified`) VALUES
(1, 1, 1, 21, '100.00', '11200.00', '110.00', '115.00', '', 2, 2, 2, 17, 0, '2024-04-04 13:18:23', '2024-04-05 15:49:28'),
(2, 2, 1, 41, '100.00', '105.00', '110.00', '115.00', '', 2, 2, 2, 17, 0, '2024-04-04 13:18:23', '2024-04-04 13:18:23'),
(3, 3, 1, 62, '100.00', '125.00', '110.00', '115.00', '', 2, 2, 2, 17, 0, '2024-04-04 13:18:23', '2024-04-05 15:49:32'),
(4, 6, 1, 82, '100.00', '105.00', '110.00', '115.00', '', 2, 2, 2, 15, 0, '2024-04-04 13:18:23', '2024-04-04 13:18:23'),
(5, 7, 1, 102, '100.00', '105.00', '112.00', '115.00', '', 2, 2, 2, 18, 0, '2024-04-04 13:18:23', '2024-04-05 15:49:37'),
(6, 11, 1, 122, '100.00', '105.00', '110.00', '115.00', '', 2, 2, 2, 19, 0, '2024-04-04 13:18:23', '2024-04-04 13:18:23'),
(7, 13, 1, 142, '100.00', '105.00', '110.00', '115.00', '', 2, 2, 2, 21, 0, '2024-04-04 13:18:23', '2024-04-04 13:18:23'),
(8, 1, 1, 21, '100.00', '105.00', '110.00', '115.00', '', 2, 6, 2, 17, 0, '2024-04-04 13:20:41', '2024-04-04 13:20:41'),
(9, 2, 1, 41, '100.00', '105.00', '110.00', '115.00', '', 2, 6, 2, 17, 0, '2024-04-04 13:20:41', '2024-04-04 13:20:41'),
(10, 3, 1, 62, '100.00', '105.00', '110.00', '115.00', '', 2, 6, 2, 17, 0, '2024-04-04 13:20:41', '2024-04-04 13:20:41'),
(11, 6, 1, 82, '100.00', '105.00', '110.00', '115.00', '', 2, 6, 2, 15, 0, '2024-04-04 13:20:41', '2024-04-04 13:20:41'),
(12, 7, 1, 102, '100.00', '105.00', '110.00', '115.00', '', 2, 6, 2, 18, 0, '2024-04-04 13:20:41', '2024-04-04 13:20:41'),
(13, 11, 1, 122, '100.00', '105.00', '110.00', '115.00', '', 2, 6, 2, 19, 0, '2024-04-04 13:20:41', '2024-04-04 13:20:41'),
(14, 13, 1, 142, '100.00', '105.00', '110.00', '115.00', '', 2, 6, 2, 21, 0, '2024-04-04 13:20:41', '2024-04-04 13:20:41'),
(15, 1, 1, 21, '100.00', '105.00', '110.00', '115.00', '', 2, 6, 2, 17, 0, '2024-04-04 13:21:06', '2024-04-04 13:21:06'),
(16, 2, 1, 41, '100.00', '105.00', '110.00', '115.00', '', 2, 6, 2, 17, 0, '2024-04-04 13:21:06', '2024-04-04 13:21:06'),
(17, 3, 1, 62, '100.00', '105.00', '110.00', '115.00', '', 2, 6, 2, 17, 0, '2024-04-04 13:21:06', '2024-04-04 13:21:06'),
(18, 6, 1, 82, '100.00', '105.00', '110.00', '115.00', '', 2, 6, 2, 15, 0, '2024-04-04 13:21:06', '2024-04-04 13:21:06'),
(19, 7, 1, 102, '100.00', '105.00', '110.00', '115.00', '', 2, 6, 2, 18, 0, '2024-04-04 13:21:06', '2024-04-04 13:21:06'),
(20, 11, 1, 122, '100.00', '105.00', '110.00', '115.00', '', 2, 6, 2, 19, 0, '2024-04-04 13:21:06', '2024-04-04 13:21:06'),
(21, 13, 1, 142, '100.00', '105.00', '110.00', '115.00', '', 2, 6, 2, 21, 0, '2024-04-04 13:21:06', '2024-04-04 13:21:06'),
(22, 1, 1, 21, '100.00', '105.00', '110.00', '115.00', '', 2, 7, 2, 17, 0, '2024-04-04 13:22:33', '2024-04-04 13:22:33'),
(23, 2, 1, 41, '100.00', '105.00', '110.00', '115.00', '', 2, 7, 2, 17, 0, '2024-04-04 13:22:33', '2024-04-04 13:22:33'),
(24, 3, 1, 62, '100.00', '105.00', '110.00', '115.00', '', 2, 7, 2, 17, 0, '2024-04-04 13:22:33', '2024-04-04 13:22:33'),
(25, 6, 1, 82, '100.00', '105.00', '110.00', '115.00', '', 2, 7, 2, 15, 0, '2024-04-04 13:22:33', '2024-04-04 13:22:33'),
(26, 7, 1, 102, '100.00', '105.00', '110.00', '115.00', '', 2, 7, 2, 18, 0, '2024-04-04 13:22:33', '2024-04-04 13:22:33'),
(27, 11, 1, 122, '100.00', '105.00', '110.00', '115.00', '', 2, 7, 2, 19, 0, '2024-04-04 13:22:33', '2024-04-04 13:22:33'),
(28, 13, 1, 142, '100.00', '105.00', '110.00', '115.00', '', 2, 7, 2, 21, 0, '2024-04-04 13:22:33', '2024-04-04 13:22:33'),
(29, 1, 1, 21, '100.00', '105.00', '0.00', '0.00', '', 2, 2, 2, 17, 3, '2024-04-04 13:31:01', '2024-04-04 13:31:01'),
(30, 2, 1, 41, '100.00', '105.00', '0.00', '0.00', '', 2, 2, 2, 17, 3, '2024-04-04 13:31:01', '2024-04-04 13:31:01'),
(31, 3, 1, 62, '100.00', '105.00', '0.00', '0.00', '', 2, 2, 2, 17, 3, '2024-04-04 13:31:01', '2024-04-04 13:31:01'),
(32, 6, 1, 82, '100.00', '105.00', '0.00', '0.00', '', 2, 2, 2, 15, 3, '2024-04-04 13:31:01', '2024-04-04 13:31:01'),
(33, 7, 1, 102, '100.00', '105.00', '0.00', '0.00', '', 2, 2, 2, 18, 3, '2024-04-04 13:31:01', '2024-04-04 13:31:01'),
(34, 11, 1, 122, '100.00', '105.00', '0.00', '0.00', '', 2, 2, 2, 19, 3, '2024-04-04 13:31:01', '2024-04-04 13:31:01'),
(35, 13, 1, 142, '100.00', '105.00', '0.00', '0.00', '', 2, 2, 2, 21, 3, '2024-04-04 13:31:01', '2024-04-04 13:31:01'),
(36, 1, 1, 21, '100.00', '105.00', '0.00', '0.00', '', 2, 2, 2, 17, 3, '2024-04-04 13:31:22', '2024-04-04 13:31:22'),
(37, 2, 1, 41, '100.00', '105.00', '0.00', '0.00', '', 2, 2, 2, 17, 3, '2024-04-04 13:31:22', '2024-04-04 13:31:22'),
(38, 3, 1, 62, '100.00', '105.00', '0.00', '0.00', '', 2, 2, 2, 17, 3, '2024-04-04 13:31:22', '2024-04-04 13:31:22'),
(39, 6, 1, 82, '100.00', '105.00', '0.00', '0.00', '', 2, 2, 2, 15, 3, '2024-04-04 13:31:22', '2024-04-04 13:31:22'),
(40, 7, 1, 102, '100.00', '105.00', '0.00', '0.00', '', 2, 2, 2, 18, 3, '2024-04-04 13:31:22', '2024-04-04 13:31:22'),
(41, 11, 1, 122, '100.00', '105.00', '0.00', '0.00', '', 2, 2, 2, 19, 3, '2024-04-04 13:31:22', '2024-04-04 13:31:22'),
(42, 13, 1, 142, '100.00', '105.00', '0.00', '0.00', '', 2, 2, 2, 21, 3, '2024-04-04 13:31:22', '2024-04-04 13:31:22'),
(43, 1, 2, 21, '105.00', '110.00', '115.00', '120.00', '', 0, 0, 5, 17, 0, '2024-04-04 13:33:10', '2024-04-04 13:33:10'),
(44, 2, 2, 42, '105.00', '110.00', '115.00', '120.00', '', 0, 0, 5, 17, 0, '2024-04-04 13:33:10', '2024-04-04 13:33:10'),
(45, 3, 2, 62, '105.00', '110.00', '115.00', '120.00', '', 0, 0, 5, 17, 0, '2024-04-04 13:33:10', '2024-04-04 13:33:10'),
(46, 6, 2, 82, '105.00', '110.00', '115.00', '120.00', '', 0, 0, 5, 15, 0, '2024-04-04 13:33:10', '2024-04-04 13:33:10'),
(47, 7, 2, 102, '105.00', '110.00', '115.00', '120.00', '', 0, 0, 5, 18, 0, '2024-04-04 13:33:10', '2024-04-04 13:33:10'),
(48, 11, 2, 122, '105.00', '110.00', '115.00', '120.00', '', 0, 0, 5, 19, 0, '2024-04-04 13:33:10', '2024-04-04 13:33:10'),
(49, 13, 2, 142, '105.00', '110.00', '115.00', '120.00', '', 0, 0, 5, 21, 0, '2024-04-04 13:33:10', '2024-04-04 13:33:10'),
(50, 1, 2, 21, '105.00', '110.00', '115.00', '120.00', '', 2, 10, 5, 17, 0, '2024-04-04 13:33:55', '2024-04-04 13:33:55'),
(51, 2, 2, 42, '105.00', '110.00', '115.00', '120.00', '', 2, 10, 5, 17, 0, '2024-04-04 13:33:55', '2024-04-04 13:33:55'),
(52, 3, 2, 62, '105.00', '110.00', '115.00', '120.00', '', 2, 10, 5, 17, 0, '2024-04-04 13:33:55', '2024-04-04 13:33:55'),
(53, 6, 2, 82, '105.00', '110.00', '115.00', '120.00', '', 2, 10, 5, 15, 0, '2024-04-04 13:33:55', '2024-04-04 13:33:55'),
(54, 7, 2, 102, '105.00', '110.00', '115.00', '120.00', '', 2, 10, 5, 18, 0, '2024-04-04 13:33:55', '2024-04-04 13:33:55'),
(55, 11, 2, 122, '105.00', '110.00', '115.00', '120.00', '', 2, 10, 5, 19, 0, '2024-04-04 13:33:55', '2024-04-04 13:33:55'),
(56, 13, 2, 142, '105.00', '110.00', '115.00', '120.00', '', 2, 10, 5, 21, 0, '2024-04-04 13:33:55', '2024-04-04 13:33:55'),
(57, 1, 2, 21, '105.00', '110.00', '115.00', '120.00', '', 2, 10, 5, 17, 0, '2024-04-04 13:38:06', '2024-04-04 13:38:06'),
(58, 2, 2, 42, '105.00', '110.00', '115.00', '120.00', '', 2, 10, 5, 17, 0, '2024-04-04 13:38:06', '2024-04-04 13:38:06'),
(59, 3, 2, 62, '105.00', '110.00', '115.00', '120.00', '', 2, 10, 5, 17, 0, '2024-04-04 13:38:06', '2024-04-04 13:38:06'),
(60, 6, 2, 82, '105.00', '110.00', '115.00', '120.00', '', 2, 10, 5, 15, 0, '2024-04-04 13:38:06', '2024-04-04 13:38:06'),
(61, 7, 2, 102, '105.00', '110.00', '115.00', '120.00', '', 2, 10, 5, 18, 0, '2024-04-04 13:38:06', '2024-04-04 13:38:06'),
(62, 11, 2, 122, '105.00', '110.00', '115.00', '120.00', '', 2, 10, 5, 19, 0, '2024-04-04 13:38:06', '2024-04-04 13:38:06'),
(63, 13, 2, 142, '105.00', '110.00', '115.00', '120.00', '', 2, 10, 5, 21, 0, '2024-04-04 13:38:06', '2024-04-04 13:38:06'),
(64, 1, 2, 21, '105.00', '110.00', '115.00', '120.00', '', 3, 10, 5, 17, 0, '2024-04-04 14:02:16', '2024-04-04 14:02:16'),
(65, 2, 2, 42, '105.00', '110.00', '115.00', '120.00', '', 3, 10, 5, 17, 0, '2024-04-04 14:02:16', '2024-04-04 14:02:16'),
(66, 3, 2, 62, '105.00', '110.00', '115.00', '120.00', '', 3, 10, 5, 17, 0, '2024-04-04 14:02:16', '2024-04-04 14:02:16'),
(67, 6, 2, 82, '105.00', '110.00', '115.00', '120.00', '', 3, 10, 5, 15, 0, '2024-04-04 14:02:16', '2024-04-04 14:02:16'),
(68, 7, 2, 102, '105.00', '110.00', '115.00', '120.00', '', 3, 10, 5, 18, 0, '2024-04-04 14:02:16', '2024-04-04 14:02:16'),
(69, 11, 2, 122, '105.00', '110.00', '115.00', '120.00', '', 3, 10, 5, 19, 0, '2024-04-04 14:02:16', '2024-04-04 14:02:16'),
(70, 13, 2, 142, '105.00', '110.00', '115.00', '120.00', '', 3, 10, 5, 21, 0, '2024-04-04 14:02:16', '2024-04-04 14:02:16'),
(71, 1, 1, 21, '100.00', '105.00', '0.00', '0.00', '', 2, 7, 2, 17, 3, '2024-04-04 14:25:27', '2024-04-04 14:25:27'),
(72, 2, 1, 41, '100.00', '105.00', '0.00', '0.00', '', 2, 7, 2, 17, 3, '2024-04-04 14:25:27', '2024-04-04 14:25:27'),
(73, 3, 1, 62, '100.00', '105.00', '0.00', '0.00', '', 2, 7, 2, 17, 3, '2024-04-04 14:25:27', '2024-04-04 14:25:27'),
(74, 6, 1, 82, '100.00', '105.00', '0.00', '0.00', '', 2, 7, 2, 15, 3, '2024-04-04 14:25:27', '2024-04-04 14:25:27'),
(75, 7, 1, 102, '100.00', '105.00', '0.00', '0.00', '', 2, 7, 2, 18, 3, '2024-04-04 14:25:27', '2024-04-04 14:25:27'),
(76, 11, 1, 122, '100.00', '105.00', '0.00', '0.00', '', 2, 7, 2, 19, 3, '2024-04-04 14:25:27', '2024-04-04 14:25:27'),
(77, 13, 1, 142, '100.00', '105.00', '0.00', '0.00', '', 2, 7, 2, 21, 3, '2024-04-04 14:25:27', '2024-04-04 14:25:27'),
(78, 1, 3, 23, '105.00', '110.00', '115.00', '120.00', '', 1, 0, 8, 17, 0, '2024-04-04 14:40:12', '2024-04-04 14:40:12'),
(79, 2, 3, 43, '105.00', '110.00', '115.00', '120.00', '', 1, 0, 8, 17, 0, '2024-04-04 14:40:12', '2024-04-04 14:40:12'),
(80, 3, 3, 64, '105.00', '110.00', '115.00', '120.00', '', 1, 0, 8, 17, 0, '2024-04-04 14:40:12', '2024-04-04 14:40:12'),
(81, 6, 3, 84, '105.00', '110.00', '115.00', '120.00', '', 1, 0, 8, 15, 0, '2024-04-04 14:40:12', '2024-04-04 14:40:12'),
(82, 7, 3, 104, '105.00', '110.00', '115.00', '120.00', '', 1, 0, 8, 18, 0, '2024-04-04 14:40:12', '2024-04-04 14:40:12'),
(83, 11, 3, 124, '105.00', '110.00', '115.00', '120.00', '', 1, 0, 8, 19, 0, '2024-04-04 14:40:12', '2024-04-04 14:40:12'),
(84, 13, 3, 144, '105.00', '110.00', '115.00', '120.00', '', 1, 0, 8, 21, 0, '2024-04-04 14:40:12', '2024-04-04 14:40:12'),
(85, 1, 2, 21, '105.00', '110.00', '115.00', '120.00', '', 3, 10, 5, 17, 0, '2024-04-04 17:02:39', '2024-04-04 17:02:39'),
(86, 2, 2, 42, '105.00', '110.00', '115.00', '120.00', '', 3, 10, 5, 17, 0, '2024-04-04 17:02:39', '2024-04-04 17:02:39'),
(87, 3, 2, 62, '105.00', '110.00', '115.00', '120.00', '', 3, 10, 5, 17, 0, '2024-04-04 17:02:39', '2024-04-04 17:02:39'),
(88, 6, 2, 82, '105.00', '110.00', '115.00', '120.00', '', 3, 10, 5, 15, 0, '2024-04-04 17:02:39', '2024-04-04 17:02:39'),
(89, 7, 2, 102, '105.00', '110.00', '115.00', '120.00', '', 3, 10, 5, 18, 0, '2024-04-04 17:02:40', '2024-04-04 17:02:40'),
(90, 11, 2, 122, '105.00', '110.00', '115.00', '120.00', '', 3, 10, 5, 19, 0, '2024-04-04 17:02:40', '2024-04-04 17:02:40'),
(91, 13, 2, 142, '105.00', '110.00', '115.00', '120.00', '', 3, 10, 5, 21, 0, '2024-04-04 17:02:40', '2024-04-04 17:02:40'),
(92, 1, 2, 21, '105.00', '109.00', '115.00', '120.00', '', 3, 10, 5, 17, 0, '2024-04-05 15:45:03', '2024-04-05 15:45:03'),
(93, 2, 2, 42, '105.00', '110.00', '115.00', '120.00', '', 3, 10, 5, 17, 0, '2024-04-05 15:45:03', '2024-04-05 15:45:03'),
(94, 3, 2, 62, '105.00', '109.00', '115.00', '120.00', '', 3, 10, 5, 17, 0, '2024-04-05 15:45:03', '2024-04-05 15:45:03'),
(95, 6, 2, 82, '105.00', '110.00', '115.00', '120.00', '', 3, 10, 5, 15, 0, '2024-04-05 15:45:03', '2024-04-05 15:45:03'),
(96, 7, 2, 102, '105.00', '110.00', '115.00', '120.00', '', 3, 10, 5, 18, 0, '2024-04-05 15:45:03', '2024-04-05 15:45:03'),
(97, 11, 2, 122, '105.00', '110.00', '115.00', '120.00', '', 3, 10, 5, 19, 0, '2024-04-05 15:45:03', '2024-04-05 15:45:03'),
(98, 13, 2, 142, '105.00', '110.00', '115.00', '120.00', '', 3, 10, 5, 21, 0, '2024-04-05 15:45:03', '2024-04-05 15:45:03'),
(99, 1, 2, 21, '105.00', '110.00', '115.00', '120.00', '', 3, 10, 5, 17, 0, '2024-04-05 15:46:12', '2024-04-05 15:46:12'),
(100, 2, 2, 42, '105.00', '121.00', '115.00', '120.00', '', 3, 10, 5, 17, 0, '2024-04-05 15:46:12', '2024-04-05 15:46:12'),
(101, 3, 2, 62, '105.00', '110.00', '115.00', '120.00', '', 3, 10, 5, 17, 0, '2024-04-05 15:46:12', '2024-04-05 15:46:12'),
(102, 6, 2, 82, '105.00', '110.00', '115.00', '120.00', '', 3, 10, 5, 15, 0, '2024-04-05 15:46:12', '2024-04-05 15:46:12'),
(103, 7, 2, 102, '105.00', '110.00', '115.00', '120.00', '', 3, 10, 5, 18, 0, '2024-04-05 15:46:12', '2024-04-05 15:46:12'),
(104, 11, 2, 122, '105.00', '110.00', '115.00', '120.00', '', 3, 10, 5, 19, 0, '2024-04-05 15:46:12', '2024-04-05 15:46:12'),
(105, 13, 2, 142, '105.00', '110.00', '115.00', '120.00', '', 3, 10, 5, 21, 0, '2024-04-05 15:46:12', '2024-04-05 15:46:12'),
(106, 1, 2, 21, '105.00', '122.00', '115.00', '120.00', '', 3, 10, 5, 17, 0, '2024-04-05 15:46:15', '2024-04-05 15:46:15'),
(107, 2, 2, 42, '105.00', '121.00', '115.00', '120.00', '', 3, 10, 5, 17, 0, '2024-04-05 15:46:15', '2024-04-05 15:46:15'),
(108, 3, 2, 62, '105.00', '110.00', '115.00', '120.00', '', 3, 10, 5, 17, 0, '2024-04-05 15:46:15', '2024-04-05 15:46:15'),
(109, 6, 2, 82, '105.00', '110.00', '115.00', '120.00', '', 3, 10, 5, 15, 0, '2024-04-05 15:46:15', '2024-04-05 15:46:15'),
(110, 7, 2, 102, '105.00', '110.00', '115.00', '120.00', '', 3, 10, 5, 18, 0, '2024-04-05 15:46:15', '2024-04-05 15:46:15'),
(111, 11, 2, 122, '105.00', '110.00', '115.00', '120.00', '', 3, 10, 5, 19, 0, '2024-04-05 15:46:15', '2024-04-05 15:46:15'),
(112, 13, 2, 142, '105.00', '110.00', '115.00', '120.00', '', 3, 10, 5, 21, 0, '2024-04-05 15:46:15', '2024-04-05 15:46:15'),
(113, 1, 2, 21, '105.00', '122.00', '115.00', '120.00', '', 3, 10, 5, 17, 0, '2024-04-05 15:46:22', '2024-04-05 15:46:22'),
(114, 2, 2, 42, '105.00', '121.00', '115.00', '120.00', '', 3, 10, 5, 17, 0, '2024-04-05 15:46:22', '2024-04-05 15:46:22'),
(115, 3, 2, 62, '105.00', '110.00', '115.00', '120.00', '', 3, 10, 5, 17, 0, '2024-04-05 15:46:22', '2024-04-05 15:46:22'),
(116, 6, 2, 82, '105.00', '110.00', '115.00', '120.00', '', 3, 10, 5, 15, 0, '2024-04-05 15:46:22', '2024-04-05 15:46:22'),
(117, 7, 2, 102, '105.00', '130.00', '115.00', '120.00', '', 3, 10, 5, 18, 0, '2024-04-05 15:46:22', '2024-04-05 15:46:22'),
(118, 11, 2, 122, '105.00', '110.00', '115.00', '120.00', '', 3, 10, 5, 19, 0, '2024-04-05 15:46:22', '2024-04-05 15:46:22'),
(119, 13, 2, 142, '105.00', '110.00', '115.00', '120.00', '', 3, 10, 5, 21, 0, '2024-04-05 15:46:22', '2024-04-05 15:46:22'),
(120, 1, 2, 21, '105.00', '112.00', '115.00', '120.00', '', 0, 0, 5, 17, 0, '2024-04-05 15:47:19', '2024-04-05 15:47:19'),
(121, 2, 2, 42, '105.00', '130.00', '115.00', '120.00', '', 0, 0, 5, 17, 0, '2024-04-05 15:47:19', '2024-04-05 15:47:19'),
(122, 3, 2, 62, '105.00', '121.00', '115.00', '120.00', '', 0, 0, 5, 17, 0, '2024-04-05 15:47:19', '2024-04-05 15:47:19'),
(123, 6, 2, 82, '105.00', '122.00', '115.00', '120.00', '', 0, 0, 5, 15, 0, '2024-04-05 15:47:19', '2024-04-05 15:47:19'),
(124, 7, 2, 102, '105.00', '110.00', '115.00', '120.00', '', 0, 0, 5, 18, 0, '2024-04-05 15:47:19', '2024-04-05 15:47:19'),
(125, 11, 2, 122, '105.00', '110.00', '115.00', '120.00', '', 0, 0, 5, 19, 0, '2024-04-05 15:47:19', '2024-04-05 15:47:19'),
(126, 13, 2, 142, '105.00', '110.00', '115.00', '120.00', '', 0, 0, 5, 21, 0, '2024-04-05 15:47:19', '2024-04-05 15:47:19'),
(127, 1, 2, 21, '105.00', '110.00', '115.00', '120.00', '', 3, 10, 5, 17, 0, '2024-04-05 15:47:25', '2024-04-05 15:47:25'),
(128, 2, 2, 42, '105.00', '110.00', '115.00', '120.00', '', 3, 10, 5, 17, 0, '2024-04-05 15:47:25', '2024-04-05 15:47:25'),
(129, 3, 2, 62, '105.00', '110.00', '115.00', '120.00', '', 3, 10, 5, 17, 0, '2024-04-05 15:47:25', '2024-04-05 15:47:25'),
(130, 6, 2, 82, '105.00', '110.00', '115.00', '120.00', '', 3, 10, 5, 15, 0, '2024-04-05 15:47:25', '2024-04-05 15:47:25'),
(131, 7, 2, 102, '105.00', '110.00', '115.00', '120.00', '', 3, 10, 5, 18, 0, '2024-04-05 15:47:25', '2024-04-05 15:47:25'),
(132, 11, 2, 122, '105.00', '110.00', '115.00', '120.00', '', 3, 10, 5, 19, 0, '2024-04-05 15:47:25', '2024-04-05 15:47:25'),
(133, 13, 2, 142, '105.00', '110.00', '115.00', '120.00', '', 3, 10, 5, 21, 0, '2024-04-05 15:47:25', '2024-04-05 15:47:25'),
(134, 1, 2, 21, '105.00', '113.00', '115.00', '120.00', '', 3, 10, 5, 17, 0, '2024-04-05 15:47:43', '2024-04-05 15:47:43'),
(135, 2, 2, 42, '105.00', '111.00', '115.00', '120.00', '', 3, 10, 5, 17, 0, '2024-04-05 15:47:43', '2024-04-05 15:47:43'),
(136, 3, 2, 62, '105.00', '110.00', '115.00', '120.00', '', 3, 10, 5, 17, 0, '2024-04-05 15:47:43', '2024-04-05 15:47:43'),
(137, 6, 2, 82, '105.00', '110.00', '115.00', '120.00', '', 3, 10, 5, 15, 0, '2024-04-05 15:47:43', '2024-04-05 15:47:43'),
(138, 7, 2, 102, '105.00', '110.00', '115.00', '120.00', '', 3, 10, 5, 18, 0, '2024-04-05 15:47:44', '2024-04-05 15:47:44'),
(139, 11, 2, 122, '105.00', '110.00', '115.00', '120.00', '', 3, 10, 5, 19, 0, '2024-04-05 15:47:44', '2024-04-05 15:47:44'),
(140, 13, 2, 142, '105.00', '110.00', '115.00', '120.00', '', 3, 10, 5, 21, 0, '2024-04-05 15:47:44', '2024-04-05 15:47:44'),
(141, 1, 2, 21, '105.00', '113.00', '115.00', '120.00', '', 3, 10, 5, 17, 0, '2024-04-05 15:48:24', '2024-04-05 15:48:24'),
(142, 2, 2, 42, '105.00', '114.00', '115.00', '120.00', '', 3, 10, 5, 17, 0, '2024-04-05 15:48:24', '2024-04-05 15:48:24'),
(143, 3, 2, 62, '105.00', '111.00', '115.00', '120.00', '', 3, 10, 5, 17, 0, '2024-04-05 15:48:24', '2024-04-05 15:50:13'),
(144, 6, 2, 82, '105.00', '113.00', '115.00', '120.00', '', 3, 10, 5, 15, 0, '2024-04-05 15:48:24', '2024-04-05 15:48:24'),
(145, 7, 2, 102, '105.00', '110.00', '115.00', '120.00', '', 3, 10, 5, 18, 0, '2024-04-05 15:48:24', '2024-04-05 15:48:24'),
(146, 11, 2, 122, '105.00', '122.00', '115.00', '120.00', '', 3, 10, 5, 19, 0, '2024-04-05 15:48:24', '2024-04-05 15:50:09'),
(147, 13, 2, 142, '105.00', '110.00', '125.00', '120.00', '', 3, 10, 5, 21, 0, '2024-04-05 15:48:24', '2024-04-05 15:50:02');

-- --------------------------------------------------------

--
-- Table structure for table `tbl_product_skus`
--

CREATE TABLE `tbl_product_skus` (
  `sku_id` int(11) NOT NULL,
  `sku_code` varchar(50) NOT NULL,
  `product_id` int(11) NOT NULL,
  `date_manufactured` date NOT NULL,
  `date_expiry` date NOT NULL,
  `lot_no` varchar(50) NOT NULL,
  `date_added` datetime NOT NULL DEFAULT CURRENT_TIMESTAMP,
  `date_last_modified` datetime NOT NULL DEFAULT CURRENT_TIMESTAMP ON UPDATE CURRENT_TIMESTAMP
) ENGINE=InnoDB DEFAULT CHARSET=latin1;

--
-- Dumping data for table `tbl_product_skus`
--

INSERT INTO `tbl_product_skus` (`sku_id`, `sku_code`, `product_id`, `date_manufactured`, `date_expiry`, `lot_no`, `date_added`, `date_last_modified`) VALUES
(21, 'PJ00000001', 1, '2024-04-01', '2024-04-30', '1', '2024-04-04 13:06:05', '2024-04-04 13:06:05'),
(22, 'PJ00000002', 1, '2024-04-01', '2024-04-30', '1', '2024-04-04 13:06:06', '2024-04-04 13:06:06'),
(23, 'PJ00000003', 1, '2024-04-01', '2024-04-30', '1', '2024-04-04 13:06:09', '2024-04-04 13:06:09'),
(24, 'PJ00000004', 1, '2024-04-01', '2024-04-30', '1', '2024-04-04 13:06:11', '2024-04-04 13:06:11'),
(25, 'PJ00000005', 1, '2024-04-01', '2024-04-30', '1', '2024-04-04 13:06:13', '2024-04-04 13:06:13'),
(26, 'PJ00000006', 1, '2024-04-01', '2024-04-30', '1', '2024-04-04 13:06:16', '2024-04-04 13:06:16'),
(27, 'PJ00000007', 1, '2024-04-01', '2024-04-30', '1', '2024-04-04 13:06:21', '2024-04-04 13:06:21'),
(28, 'PJ00000008', 1, '2024-04-01', '2024-04-30', '1', '2024-04-04 13:06:29', '2024-04-04 13:06:29'),
(29, 'PJ00000009', 1, '2024-04-01', '2024-04-30', '1', '2024-04-04 13:06:32', '2024-04-04 13:06:32'),
(30, 'PJ00000010', 1, '2024-04-01', '2024-04-30', '1', '2024-04-04 13:06:35', '2024-04-04 13:06:35'),
(31, 'PJ00000011', 1, '2024-04-01', '2024-04-30', '1', '2024-04-04 13:06:37', '2024-04-04 13:06:37'),
(32, 'PJ00000012', 1, '2024-04-01', '2024-04-30', '1', '2024-04-04 13:06:39', '2024-04-04 13:06:39'),
(33, 'PJ00000013', 1, '2024-04-01', '2024-04-30', '1', '2024-04-04 13:06:47', '2024-04-04 13:06:47'),
(34, 'PJ00000014', 1, '2024-04-01', '2024-04-30', '1', '2024-04-04 13:06:49', '2024-04-04 13:06:49'),
(35, 'PJ00000015', 1, '2024-04-01', '2024-04-30', '1', '2024-04-04 13:06:51', '2024-04-04 13:06:51'),
(36, 'PJ00000016', 1, '2024-04-01', '2024-04-30', '1', '2024-04-04 13:06:53', '2024-04-04 13:06:53'),
(37, 'PJ00000017', 1, '2024-04-01', '2024-04-30', '1', '2024-04-04 13:06:55', '2024-04-04 13:06:55'),
(38, 'PJ00000018', 1, '2024-04-01', '2024-04-30', '1', '2024-04-04 13:06:57', '2024-04-04 13:06:57'),
(39, 'PJ00000019', 1, '2024-04-01', '2024-04-30', '1', '2024-04-04 13:07:00', '2024-04-04 13:07:00'),
(40, 'PJ00000020', 1, '2024-04-01', '2024-04-30', '1', '2024-04-04 13:07:02', '2024-04-04 13:07:02'),
(41, 'PMR00000001', 2, '2024-04-01', '2024-04-30', '1', '2024-04-04 13:07:34', '2024-04-04 13:07:34'),
(42, 'PMR00000002', 2, '2024-04-01', '2024-04-30', '1', '2024-04-04 13:08:15', '2024-04-04 13:08:15'),
(43, 'PMR00000003', 2, '2024-04-01', '2024-04-30', '1', '2024-04-04 13:08:26', '2024-04-04 13:08:26'),
(44, 'PMR00000004', 2, '2024-04-01', '2024-04-30', '1', '2024-04-04 13:08:27', '2024-04-04 13:08:27'),
(45, 'PMR00000005', 2, '2024-04-01', '2024-04-30', '1', '2024-04-04 13:08:30', '2024-04-04 13:08:30'),
(46, 'PMR00000006', 2, '2024-04-01', '2024-04-30', '1', '2024-04-04 13:08:33', '2024-04-04 13:08:33'),
(47, 'PMR00000007', 2, '2024-04-01', '2024-04-30', '1', '2024-04-04 13:08:35', '2024-04-04 13:08:35'),
(48, 'PMR00000008', 2, '2024-04-01', '2024-04-30', '1', '2024-04-04 13:08:37', '2024-04-04 13:08:37'),
(49, 'PMR00000009', 2, '2024-04-01', '2024-04-30', '1', '2024-04-04 13:08:40', '2024-04-04 13:08:40'),
(50, 'PMR00000010', 2, '2024-04-01', '2024-04-30', '1', '2024-04-04 13:08:41', '2024-04-04 13:08:41'),
(51, 'PMR00000011', 2, '2024-04-01', '2024-04-30', '1', '2024-04-04 13:08:44', '2024-04-04 13:08:44'),
(52, 'PMR00000012', 2, '2024-04-01', '2024-04-30', '1', '2024-04-04 13:08:46', '2024-04-04 13:08:46'),
(53, 'PMR00000013', 2, '2024-04-01', '2024-04-30', '1', '2024-04-04 13:08:48', '2024-04-04 13:08:48'),
(54, 'PMR00000014', 2, '2024-04-01', '2024-04-30', '1', '2024-04-04 13:08:51', '2024-04-04 13:08:51'),
(55, 'PMR00000015', 2, '2024-04-01', '2024-04-30', '1', '2024-04-04 13:08:59', '2024-04-04 13:08:59'),
(56, 'PMR00000016', 2, '2024-04-01', '2024-04-30', '1', '2024-04-04 13:09:02', '2024-04-04 13:09:02'),
(57, 'PMR00000017', 2, '2024-04-01', '2024-04-30', '1', '2024-04-04 13:09:04', '2024-04-04 13:09:04'),
(58, 'PMR00000018', 2, '2024-04-01', '2024-04-30', '1', '2024-04-04 13:09:06', '2024-04-04 13:09:06'),
(59, 'PMR00000019', 2, '2024-04-01', '2024-04-30', '1', '2024-04-04 13:09:08', '2024-04-04 13:09:08'),
(60, 'PMR00000020', 2, '2024-04-01', '2024-04-30', '1', '2024-04-04 13:09:10', '2024-04-04 13:09:10'),
(62, 'CLQT00000001', 3, '2024-04-01', '2024-04-30', '1', '2024-04-04 13:09:41', '2024-04-04 13:09:41'),
(63, 'CLQT00000002', 3, '2024-04-01', '2024-04-30', '1', '2024-04-04 13:09:44', '2024-04-04 13:09:44'),
(64, 'CLQT00000003', 3, '2024-04-01', '2024-04-30', '1', '2024-04-04 13:09:46', '2024-04-04 13:09:46'),
(65, 'CLQT00000004', 3, '2024-04-01', '2024-04-30', '1', '2024-04-04 13:09:49', '2024-04-04 13:09:49'),
(66, 'CLQT00000005', 3, '2024-04-01', '2024-04-30', '1', '2024-04-04 13:09:51', '2024-04-04 13:09:51'),
(67, 'CLQT00000006', 3, '2024-04-01', '2024-04-30', '1', '2024-04-04 13:09:53', '2024-04-04 13:09:53'),
(68, 'CLQT00000007', 3, '2024-04-01', '2024-04-30', '1', '2024-04-04 13:09:56', '2024-04-04 13:09:56'),
(69, 'CLQT00000008', 3, '2024-04-01', '2024-04-30', '1', '2024-04-04 13:09:58', '2024-04-04 13:09:58'),
(70, 'CLQT00000009', 3, '2024-04-01', '2024-04-30', '1', '2024-04-04 13:10:00', '2024-04-04 13:10:00'),
(71, 'CLQT00000010', 3, '2024-04-01', '2024-04-30', '1', '2024-04-04 13:10:03', '2024-04-04 13:10:03'),
(72, 'CLQT00000011', 3, '2024-04-01', '2024-04-30', '1', '2024-04-04 13:10:05', '2024-04-04 13:10:05'),
(73, 'CLQT00000012', 3, '2024-04-01', '2024-04-30', '1', '2024-04-04 13:10:07', '2024-04-04 13:10:07'),
(74, 'CLQT00000013', 3, '2024-04-01', '2024-04-30', '1', '2024-04-04 13:10:10', '2024-04-04 13:10:10'),
(75, 'CLQT00000014', 3, '2024-04-01', '2024-04-30', '1', '2024-04-04 13:10:12', '2024-04-04 13:10:12'),
(76, 'CLQT00000015', 3, '2024-04-01', '2024-04-30', '1', '2024-04-04 13:10:25', '2024-04-04 13:10:25'),
(77, 'CLQT00000016', 3, '2024-04-01', '2024-04-30', '1', '2024-04-04 13:10:27', '2024-04-04 13:10:27'),
(78, 'CLQT00000017', 3, '2024-04-01', '2024-04-30', '1', '2024-04-04 13:10:29', '2024-04-04 13:10:29'),
(79, 'CLQT00000018', 3, '2024-04-01', '2024-04-30', '1', '2024-04-04 13:10:33', '2024-04-04 13:10:33'),
(80, 'CLQT00000019', 3, '2024-04-01', '2024-04-30', '1', '2024-04-04 13:10:37', '2024-04-04 13:10:37'),
(81, 'CLQT00000020', 3, '2024-04-01', '2024-04-30', '1', '2024-04-04 13:10:40', '2024-04-04 13:10:40'),
(82, 'BKS00000001', 6, '2024-04-01', '2024-04-30', '1', '2024-04-04 13:10:53', '2024-04-04 13:10:53'),
(83, 'BKS00000002', 6, '2024-04-01', '2024-04-30', '1', '2024-04-04 13:10:55', '2024-04-04 13:10:55'),
(84, 'BKS00000003', 6, '2024-04-01', '2024-04-30', '1', '2024-04-04 13:10:58', '2024-04-04 13:10:58'),
(85, 'BKS00000004', 6, '2024-04-01', '2024-04-30', '1', '2024-04-04 13:11:00', '2024-04-04 13:11:00'),
(86, 'BKS00000005', 6, '2024-04-01', '2024-04-30', '1', '2024-04-04 13:11:03', '2024-04-04 13:11:03'),
(87, 'BKS00000006', 6, '2024-04-01', '2024-04-30', '1', '2024-04-04 13:11:06', '2024-04-04 13:11:06'),
(88, 'BKS00000007', 6, '2024-04-01', '2024-04-30', '1', '2024-04-04 13:11:08', '2024-04-04 13:11:08'),
(89, 'BKS00000008', 6, '2024-04-01', '2024-04-30', '1', '2024-04-04 13:11:10', '2024-04-04 13:11:10'),
(90, 'BKS00000009', 6, '2024-04-01', '2024-04-30', '1', '2024-04-04 13:11:13', '2024-04-04 13:11:13'),
(91, 'BKS00000010', 6, '2024-04-01', '2024-04-30', '1', '2024-04-04 13:11:15', '2024-04-04 13:11:15'),
(92, 'BKS00000011', 6, '2024-04-01', '2024-04-30', '1', '2024-04-04 13:11:17', '2024-04-04 13:11:17'),
(93, 'BKS00000012', 6, '2024-04-01', '2024-04-30', '1', '2024-04-04 13:11:21', '2024-04-04 13:11:21'),
(94, 'BKS00000013', 6, '2024-04-01', '2024-04-30', '1', '2024-04-04 13:11:27', '2024-04-04 13:11:27'),
(95, 'BKS00000014', 6, '2024-04-01', '2024-04-30', '1', '2024-04-04 13:11:29', '2024-04-04 13:11:29'),
(96, 'BKS00000015', 6, '2024-04-01', '2024-04-30', '1', '2024-04-04 13:11:32', '2024-04-04 13:11:32'),
(97, 'BKS00000016', 6, '2024-04-01', '2024-04-30', '1', '2024-04-04 13:11:34', '2024-04-04 13:11:34'),
(98, 'BKS00000017', 6, '2024-04-01', '2024-04-30', '1', '2024-04-04 13:11:35', '2024-04-04 13:11:35'),
(99, 'BKS00000018', 6, '2024-04-01', '2024-04-30', '1', '2024-04-04 13:11:38', '2024-04-04 13:11:38'),
(100, 'BKS00000019', 6, '2024-04-01', '2024-04-30', '1', '2024-04-04 13:11:41', '2024-04-04 13:11:41'),
(101, 'BKS00000020', 6, '2024-04-01', '2024-04-30', '1', '2024-04-04 13:11:44', '2024-04-04 13:11:44'),
(102, 'SB250g00000001', 7, '2024-04-01', '2024-04-30', '1', '2024-04-04 13:11:58', '2024-04-04 13:11:58'),
(103, 'SB250g00000002', 7, '2024-04-01', '2024-04-30', '1', '2024-04-04 13:12:00', '2024-04-04 13:12:00'),
(104, 'SB250g00000003', 7, '2024-04-01', '2024-04-30', '1', '2024-04-04 13:12:03', '2024-04-04 13:12:03'),
(105, 'SB250g00000004', 7, '2024-04-01', '2024-04-30', '1', '2024-04-04 13:12:05', '2024-04-04 13:12:05'),
(106, 'SB250g00000005', 7, '2024-04-01', '2024-04-30', '1', '2024-04-04 13:12:08', '2024-04-04 13:12:08'),
(107, 'SB250g00000006', 7, '2024-04-01', '2024-04-30', '1', '2024-04-04 13:12:11', '2024-04-04 13:12:11'),
(108, 'SB250g00000007', 7, '2024-04-01', '2024-04-30', '1', '2024-04-04 13:12:13', '2024-04-04 13:12:13'),
(109, 'SB250g00000008', 7, '2024-04-01', '2024-04-30', '1', '2024-04-04 13:12:15', '2024-04-04 13:12:15'),
(110, 'SB250g00000009', 7, '2024-04-01', '2024-04-30', '1', '2024-04-04 13:12:18', '2024-04-04 13:12:18'),
(111, 'SB250g00000010', 7, '2024-04-01', '2024-04-30', '1', '2024-04-04 13:12:21', '2024-04-04 13:12:21'),
(112, 'SB250g00000011', 7, '2024-04-01', '2024-04-30', '1', '2024-04-04 13:12:23', '2024-04-04 13:12:23'),
(113, 'SB250g00000012', 7, '2024-04-01', '2024-04-30', '1', '2024-04-04 13:12:28', '2024-04-04 13:12:28'),
(114, 'SB250g00000013', 7, '2024-04-01', '2024-04-30', '1', '2024-04-04 13:12:59', '2024-04-04 13:12:59'),
(115, 'SB250g00000014', 7, '2024-04-01', '2024-04-30', '1', '2024-04-04 13:13:01', '2024-04-04 13:13:01'),
(116, 'SB250g00000015', 7, '2024-04-01', '2024-04-30', '1', '2024-04-04 13:13:10', '2024-04-04 13:13:10'),
(117, 'SB250g00000016', 7, '2024-04-01', '2024-04-30', '1', '2024-04-04 13:13:13', '2024-04-04 13:13:13'),
(118, 'SB250g00000017', 7, '2024-04-01', '2024-04-30', '1', '2024-04-04 13:13:16', '2024-04-04 13:13:16'),
(119, 'SB250g00000018', 7, '2024-04-01', '2024-04-30', '1', '2024-04-04 13:13:19', '2024-04-04 13:13:19'),
(120, 'SB250g00000019', 7, '2024-04-01', '2024-04-30', '1', '2024-04-04 13:13:21', '2024-04-04 13:13:21'),
(121, 'SB250g00000020', 7, '2024-04-01', '2024-04-30', '1', '2024-04-04 13:13:23', '2024-04-04 13:13:23'),
(122, 'CS200g00000001', 11, '2024-04-01', '2024-04-30', '1', '2024-04-04 13:13:37', '2024-04-04 13:13:37'),
(123, 'CS200g00000002', 11, '2024-04-01', '2024-04-30', '1', '2024-04-04 13:13:39', '2024-04-04 13:13:39'),
(124, 'CS200g00000003', 11, '2024-04-01', '2024-04-30', '1', '2024-04-04 13:13:42', '2024-04-04 13:13:42'),
(125, 'CS200g00000004', 11, '2024-04-01', '2024-04-30', '1', '2024-04-04 13:13:45', '2024-04-04 13:13:45'),
(126, 'CS200g00000005', 11, '2024-04-01', '2024-04-30', '1', '2024-04-04 13:13:47', '2024-04-04 13:13:47'),
(127, 'CS200g00000006', 11, '2024-04-01', '2024-04-30', '1', '2024-04-04 13:13:50', '2024-04-04 13:13:50'),
(128, 'CS200g00000007', 11, '2024-04-01', '2024-04-30', '1', '2024-04-04 13:13:51', '2024-04-04 13:13:51'),
(129, 'CS200g00000008', 11, '2024-04-01', '2024-04-30', '1', '2024-04-04 13:13:54', '2024-04-04 13:13:54'),
(130, 'CS200g00000009', 11, '2024-04-01', '2024-04-30', '1', '2024-04-04 13:13:57', '2024-04-04 13:13:57'),
(131, 'CS200g00000010', 11, '2024-04-01', '2024-04-30', '1', '2024-04-04 13:14:00', '2024-04-04 13:14:00'),
(132, 'CS200g00000011', 11, '2024-04-01', '2024-04-30', '1', '2024-04-04 13:14:02', '2024-04-04 13:14:02'),
(133, 'CS200g00000012', 11, '2024-04-01', '2024-04-30', '1', '2024-04-04 13:14:05', '2024-04-04 13:14:05'),
(134, 'CS200g00000013', 11, '2024-04-01', '2024-04-30', '1', '2024-04-04 13:14:08', '2024-04-04 13:14:08'),
(135, 'CS200g00000014', 11, '2024-04-01', '2024-04-30', '1', '2024-04-04 13:14:10', '2024-04-04 13:14:10'),
(136, 'CS200g00000016', 11, '2024-04-01', '2024-04-30', '1', '2024-04-04 13:14:16', '2024-04-04 13:14:16'),
(137, 'CS200g00000017', 11, '2024-04-01', '2024-04-30', '1', '2024-04-04 13:14:18', '2024-04-04 13:14:18'),
(138, 'CS200g00000018', 11, '2024-04-01', '2024-04-30', '1', '2024-04-04 13:14:21', '2024-04-04 13:14:21'),
(139, 'CS200g00000019', 11, '2024-04-01', '2024-04-30', '1', '2024-04-04 13:14:23', '2024-04-04 13:14:23'),
(140, 'CS200g00000020', 11, '2024-04-01', '2024-04-30', '1', '2024-04-04 13:14:25', '2024-04-04 13:14:25'),
(141, 'CS200g00000021', 11, '2024-04-01', '2024-04-30', '1', '2024-04-04 13:14:28', '2024-04-04 13:14:28'),
(142, 'CF00000001', 13, '2024-04-01', '2024-04-30', '1', '2024-04-04 13:14:44', '2024-04-04 13:14:44'),
(143, 'CF00000002', 13, '2024-04-01', '2024-04-30', '1', '2024-04-04 13:14:45', '2024-04-04 13:14:45'),
(144, 'CF00000003', 13, '2024-04-01', '2024-04-30', '1', '2024-04-04 13:14:48', '2024-04-04 13:14:48'),
(145, 'CF00000004', 13, '2024-04-01', '2024-04-30', '1', '2024-04-04 13:14:51', '2024-04-04 13:14:51'),
(146, 'CF00000005', 13, '2024-04-01', '2024-04-30', '1', '2024-04-04 13:14:53', '2024-04-04 13:14:53'),
(147, 'CF00000006', 13, '2024-04-01', '2024-04-30', '1', '2024-04-04 13:14:55', '2024-04-04 13:14:55'),
(148, 'CF00000007', 13, '2024-04-01', '2024-04-30', '1', '2024-04-04 13:14:58', '2024-04-04 13:14:58'),
(149, 'CF00000008', 13, '2024-04-01', '2024-04-30', '1', '2024-04-04 13:15:00', '2024-04-04 13:15:00'),
(150, 'CF00000009', 13, '2024-04-01', '2024-04-30', '1', '2024-04-04 13:15:03', '2024-04-04 13:15:03'),
(151, 'CF00000010', 13, '2024-04-01', '2024-04-30', '1', '2024-04-04 13:15:06', '2024-04-04 13:15:06'),
(152, 'CF00000011', 13, '2024-04-01', '2024-04-30', '1', '2024-04-04 13:15:08', '2024-04-04 13:15:08'),
(153, 'CF00000012', 13, '2024-04-01', '2024-04-30', '1', '2024-04-04 13:15:10', '2024-04-04 13:15:10'),
(154, 'CF00000013', 13, '2024-04-01', '2024-04-30', '1', '2024-04-04 13:15:14', '2024-04-04 13:15:14'),
(155, 'CF00000014', 13, '2024-04-01', '2024-04-30', '1', '2024-04-04 13:15:17', '2024-04-04 13:15:17'),
(156, 'CF00000015', 13, '2024-04-01', '2024-04-30', '1', '2024-04-04 13:15:21', '2024-04-04 13:15:21'),
(157, 'CF00000016', 13, '2024-04-01', '2024-04-30', '1', '2024-04-04 13:15:23', '2024-04-04 13:15:23'),
(158, 'CF00000017', 13, '2024-04-01', '2024-04-30', '1', '2024-04-04 13:15:26', '2024-04-04 13:15:26'),
(159, 'CF00000018', 13, '2024-04-01', '2024-04-30', '1', '2024-04-04 13:15:28', '2024-04-04 13:15:28'),
(160, 'CF00000019', 13, '2024-04-01', '2024-04-30', '1', '2024-04-04 13:15:30', '2024-04-04 13:15:30'),
(161, 'CF00000020', 13, '2024-04-01', '2024-04-30', '1', '2024-04-04 13:15:33', '2024-04-04 13:15:33'),
(162, 'PJSLAB00000001', 23, '2024-04-04', '2024-04-30', '-', '2024-04-04 16:48:31', '2024-04-04 16:48:31'),
(163, 'PJSLICE00000001', 22, '2024-04-04', '2024-04-30', '-', '2024-04-04 16:48:31', '2024-04-04 16:48:31');

-- --------------------------------------------------------

--
-- Table structure for table `tbl_product_transactions`
--

CREATE TABLE `tbl_product_transactions` (
  `transaction_id` int(11) NOT NULL,
  `branch_id` int(11) NOT NULL,
  `warehouse_id` int(11) NOT NULL,
  `sku_id` int(11) NOT NULL,
  `product_id` int(11) NOT NULL,
  `packaging_id` int(11) NOT NULL,
  `quantity` decimal(12,2) NOT NULL,
  `actual_qty` decimal(12,2) NOT NULL,
  `cost` decimal(12,5) NOT NULL,
  `price` decimal(12,2) NOT NULL,
  `header_id` int(11) NOT NULL,
  `detail_id` int(11) NOT NULL,
  `module` varchar(3) NOT NULL COMMENT 'SLS=Sales',
  `type` varchar(3) NOT NULL COMMENT 'IN,OUT',
  `status` int(1) NOT NULL DEFAULT '0' COMMENT '1=Finished;0=Saved',
  `served_status` int(1) NOT NULL DEFAULT '0' COMMENT '1=Served;0=To Serve',
  `served_qty` decimal(12,2) NOT NULL,
  `served_transaction_id` int(11) NOT NULL COMMENT 'source transaction id',
  `date_added` datetime NOT NULL DEFAULT CURRENT_TIMESTAMP,
  `date_last_modified` datetime NOT NULL DEFAULT CURRENT_TIMESTAMP ON UPDATE CURRENT_TIMESTAMP,
  `transaction_date` date NOT NULL
) ENGINE=InnoDB DEFAULT CHARSET=latin1;

--
-- Dumping data for table `tbl_product_transactions`
--

INSERT INTO `tbl_product_transactions` (`transaction_id`, `branch_id`, `warehouse_id`, `sku_id`, `product_id`, `packaging_id`, `quantity`, `actual_qty`, `cost`, `price`, `header_id`, `detail_id`, `module`, `type`, `status`, `served_status`, `served_qty`, `served_transaction_id`, `date_added`, `date_last_modified`, `transaction_date`) VALUES
(21, 2, 16, 21, 1, 17, '50.00', '50.00', '100.00000', '0.00', 1, 21, 'RR', 'IN', 1, 1, '50.00', 0, '2024-04-04 13:06:05', '2024-04-04 13:24:55', '2024-04-04'),
(22, 2, 16, 22, 1, 17, '50.00', '50.00', '100.00000', '0.00', 1, 22, 'RR', 'IN', 1, 1, '50.00', 0, '2024-04-04 13:06:06', '2024-04-04 13:24:55', '2024-04-04'),
(23, 2, 16, 23, 1, 17, '50.00', '50.00', '100.00000', '0.00', 1, 23, 'RR', 'IN', 1, 1, '50.00', 0, '2024-04-04 13:06:09', '2024-04-04 14:30:15', '2024-04-04'),
(24, 2, 16, 24, 1, 17, '50.00', '50.00', '100.00000', '0.00', 1, 24, 'RR', 'IN', 1, 1, '50.00', 0, '2024-04-04 13:06:11', '2024-04-04 14:30:15', '2024-04-04'),
(25, 2, 16, 25, 1, 17, '50.00', '50.00', '100.00000', '0.00', 1, 25, 'RR', 'IN', 1, 0, '0.00', 0, '2024-04-04 13:06:13', '2024-04-04 13:15:48', '2024-04-04'),
(26, 2, 16, 26, 1, 17, '50.00', '50.00', '100.00000', '0.00', 1, 26, 'RR', 'IN', 1, 0, '0.00', 0, '2024-04-04 13:06:16', '2024-04-04 13:15:48', '2024-04-04'),
(27, 2, 16, 27, 1, 17, '50.00', '50.00', '100.00000', '0.00', 1, 27, 'RR', 'IN', 1, 0, '0.00', 0, '2024-04-04 13:06:21', '2024-04-04 13:15:48', '2024-04-04'),
(28, 2, 16, 28, 1, 17, '50.00', '50.00', '100.00000', '0.00', 1, 28, 'RR', 'IN', 1, 0, '0.00', 0, '2024-04-04 13:06:29', '2024-04-04 13:15:48', '2024-04-04'),
(29, 2, 16, 29, 1, 17, '50.00', '50.00', '100.00000', '0.00', 1, 29, 'RR', 'IN', 1, 0, '0.00', 0, '2024-04-04 13:06:32', '2024-04-04 13:15:48', '2024-04-04'),
(30, 2, 16, 30, 1, 17, '50.00', '50.00', '100.00000', '0.00', 1, 30, 'RR', 'IN', 1, 0, '0.00', 0, '2024-04-04 13:06:35', '2024-04-04 13:15:48', '2024-04-04'),
(31, 2, 16, 31, 1, 17, '50.00', '50.00', '100.00000', '0.00', 1, 31, 'RR', 'IN', 1, 0, '0.00', 0, '2024-04-04 13:06:37', '2024-04-04 13:15:48', '2024-04-04'),
(32, 2, 16, 32, 1, 17, '50.00', '50.00', '100.00000', '0.00', 1, 32, 'RR', 'IN', 1, 0, '0.00', 0, '2024-04-04 13:06:39', '2024-04-04 13:15:48', '2024-04-04'),
(33, 2, 16, 33, 1, 17, '50.00', '50.00', '100.00000', '0.00', 1, 33, 'RR', 'IN', 1, 0, '0.00', 0, '2024-04-04 13:06:47', '2024-04-04 13:15:48', '2024-04-04'),
(34, 2, 16, 34, 1, 17, '50.00', '50.00', '100.00000', '0.00', 1, 34, 'RR', 'IN', 1, 0, '0.00', 0, '2024-04-04 13:06:49', '2024-04-04 13:15:48', '2024-04-04'),
(35, 2, 16, 35, 1, 17, '50.00', '50.00', '100.00000', '0.00', 1, 35, 'RR', 'IN', 1, 0, '0.00', 0, '2024-04-04 13:06:51', '2024-04-04 13:15:48', '2024-04-04'),
(36, 2, 16, 36, 1, 17, '50.00', '50.00', '100.00000', '0.00', 1, 36, 'RR', 'IN', 1, 0, '0.00', 0, '2024-04-04 13:06:53', '2024-04-04 13:15:48', '2024-04-04'),
(37, 2, 16, 37, 1, 17, '50.00', '50.00', '100.00000', '0.00', 1, 37, 'RR', 'IN', 1, 0, '0.00', 0, '2024-04-04 13:06:55', '2024-04-04 13:15:48', '2024-04-04'),
(38, 2, 16, 38, 1, 17, '50.00', '50.00', '100.00000', '0.00', 1, 38, 'RR', 'IN', 1, 0, '0.00', 0, '2024-04-04 13:06:57', '2024-04-04 13:15:48', '2024-04-04'),
(39, 2, 16, 39, 1, 17, '50.00', '50.00', '100.00000', '0.00', 1, 39, 'RR', 'IN', 1, 0, '0.00', 0, '2024-04-04 13:07:00', '2024-04-04 13:15:48', '2024-04-04'),
(40, 2, 16, 40, 1, 17, '50.00', '50.00', '100.00000', '0.00', 1, 40, 'RR', 'IN', 1, 0, '0.00', 0, '2024-04-04 13:07:02', '2024-04-04 13:15:48', '2024-04-04'),
(41, 2, 16, 41, 2, 17, '50.00', '50.00', '100.00000', '0.00', 1, 41, 'RR', 'IN', 1, 1, '50.00', 0, '2024-04-04 13:07:34', '2024-04-04 13:24:55', '2024-04-04'),
(42, 2, 16, 42, 2, 17, '50.00', '50.00', '100.00000', '0.00', 1, 42, 'RR', 'IN', 1, 1, '50.00', 0, '2024-04-04 13:08:15', '2024-04-04 13:24:55', '2024-04-04'),
(43, 2, 16, 43, 2, 17, '50.00', '50.00', '100.00000', '0.00', 1, 43, 'RR', 'IN', 1, 1, '50.00', 0, '2024-04-04 13:08:26', '2024-04-04 14:30:15', '2024-04-04'),
(44, 2, 16, 44, 2, 17, '50.00', '50.00', '100.00000', '0.00', 1, 44, 'RR', 'IN', 1, 1, '50.00', 0, '2024-04-04 13:08:27', '2024-04-04 14:30:15', '2024-04-04'),
(45, 2, 16, 45, 2, 17, '50.00', '50.00', '100.00000', '0.00', 1, 45, 'RR', 'IN', 1, 0, '0.00', 0, '2024-04-04 13:08:30', '2024-04-04 13:15:48', '2024-04-04'),
(46, 2, 16, 46, 2, 17, '50.00', '50.00', '100.00000', '0.00', 1, 46, 'RR', 'IN', 1, 0, '0.00', 0, '2024-04-04 13:08:33', '2024-04-04 13:15:48', '2024-04-04'),
(47, 2, 16, 47, 2, 17, '50.00', '50.00', '100.00000', '0.00', 1, 47, 'RR', 'IN', 1, 0, '0.00', 0, '2024-04-04 13:08:35', '2024-04-04 13:15:48', '2024-04-04'),
(48, 2, 16, 48, 2, 17, '50.00', '50.00', '100.00000', '0.00', 1, 48, 'RR', 'IN', 1, 0, '0.00', 0, '2024-04-04 13:08:37', '2024-04-04 13:15:48', '2024-04-04'),
(49, 2, 16, 49, 2, 17, '50.00', '50.00', '100.00000', '0.00', 1, 49, 'RR', 'IN', 1, 0, '0.00', 0, '2024-04-04 13:08:40', '2024-04-04 13:15:48', '2024-04-04'),
(50, 2, 16, 50, 2, 17, '50.00', '50.00', '100.00000', '0.00', 1, 50, 'RR', 'IN', 1, 0, '0.00', 0, '2024-04-04 13:08:41', '2024-04-04 13:15:48', '2024-04-04'),
(51, 2, 16, 51, 2, 17, '50.00', '50.00', '100.00000', '0.00', 1, 51, 'RR', 'IN', 1, 0, '0.00', 0, '2024-04-04 13:08:44', '2024-04-04 13:15:48', '2024-04-04'),
(52, 2, 16, 52, 2, 17, '50.00', '50.00', '100.00000', '0.00', 1, 52, 'RR', 'IN', 1, 0, '0.00', 0, '2024-04-04 13:08:46', '2024-04-04 13:15:48', '2024-04-04'),
(53, 2, 16, 53, 2, 17, '50.00', '50.00', '100.00000', '0.00', 1, 53, 'RR', 'IN', 1, 0, '0.00', 0, '2024-04-04 13:08:48', '2024-04-04 13:15:48', '2024-04-04'),
(54, 2, 16, 54, 2, 17, '50.00', '50.00', '100.00000', '0.00', 1, 54, 'RR', 'IN', 1, 0, '0.00', 0, '2024-04-04 13:08:51', '2024-04-04 13:15:48', '2024-04-04'),
(55, 2, 16, 55, 2, 17, '50.00', '50.00', '100.00000', '0.00', 1, 55, 'RR', 'IN', 1, 0, '0.00', 0, '2024-04-04 13:08:59', '2024-04-04 13:15:48', '2024-04-04'),
(56, 2, 16, 56, 2, 17, '50.00', '50.00', '100.00000', '0.00', 1, 56, 'RR', 'IN', 1, 0, '0.00', 0, '2024-04-04 13:09:02', '2024-04-04 13:15:48', '2024-04-04'),
(57, 2, 16, 57, 2, 17, '50.00', '50.00', '100.00000', '0.00', 1, 57, 'RR', 'IN', 1, 0, '0.00', 0, '2024-04-04 13:09:04', '2024-04-04 13:15:48', '2024-04-04'),
(58, 2, 16, 58, 2, 17, '50.00', '50.00', '100.00000', '0.00', 1, 58, 'RR', 'IN', 1, 0, '0.00', 0, '2024-04-04 13:09:06', '2024-04-04 13:15:48', '2024-04-04'),
(59, 2, 16, 59, 2, 17, '50.00', '50.00', '100.00000', '0.00', 1, 59, 'RR', 'IN', 1, 0, '0.00', 0, '2024-04-04 13:09:08', '2024-04-04 13:15:48', '2024-04-04'),
(60, 2, 16, 60, 2, 17, '50.00', '50.00', '100.00000', '0.00', 1, 60, 'RR', 'IN', 1, 0, '0.00', 0, '2024-04-04 13:09:10', '2024-04-04 13:15:48', '2024-04-04'),
(62, 2, 16, 62, 3, 17, '50.00', '50.00', '100.00000', '0.00', 1, 62, 'RR', 'IN', 1, 1, '50.00', 0, '2024-04-04 13:09:41', '2024-04-04 13:24:55', '2024-04-04'),
(63, 2, 16, 63, 3, 17, '50.00', '50.00', '100.00000', '0.00', 1, 63, 'RR', 'IN', 1, 1, '50.00', 0, '2024-04-04 13:09:44', '2024-04-04 13:24:55', '2024-04-04'),
(64, 2, 16, 64, 3, 17, '50.00', '50.00', '100.00000', '0.00', 1, 64, 'RR', 'IN', 1, 1, '50.00', 0, '2024-04-04 13:09:46', '2024-04-04 14:30:15', '2024-04-04'),
(65, 2, 16, 65, 3, 17, '50.00', '50.00', '100.00000', '0.00', 1, 65, 'RR', 'IN', 1, 1, '50.00', 0, '2024-04-04 13:09:49', '2024-04-04 14:30:15', '2024-04-04'),
(66, 2, 16, 66, 3, 17, '50.00', '50.00', '100.00000', '0.00', 1, 66, 'RR', 'IN', 1, 0, '0.00', 0, '2024-04-04 13:09:51', '2024-04-04 13:15:48', '2024-04-04'),
(67, 2, 16, 67, 3, 17, '50.00', '50.00', '100.00000', '0.00', 1, 67, 'RR', 'IN', 1, 0, '0.00', 0, '2024-04-04 13:09:53', '2024-04-04 13:15:48', '2024-04-04'),
(68, 2, 16, 68, 3, 17, '50.00', '50.00', '100.00000', '0.00', 1, 68, 'RR', 'IN', 1, 0, '0.00', 0, '2024-04-04 13:09:56', '2024-04-04 13:15:48', '2024-04-04'),
(69, 2, 16, 69, 3, 17, '50.00', '50.00', '100.00000', '0.00', 1, 69, 'RR', 'IN', 1, 0, '0.00', 0, '2024-04-04 13:09:58', '2024-04-04 13:15:48', '2024-04-04'),
(70, 2, 16, 70, 3, 17, '50.00', '50.00', '100.00000', '0.00', 1, 70, 'RR', 'IN', 1, 0, '0.00', 0, '2024-04-04 13:10:00', '2024-04-04 13:15:48', '2024-04-04'),
(71, 2, 16, 71, 3, 17, '50.00', '50.00', '100.00000', '0.00', 1, 71, 'RR', 'IN', 1, 0, '0.00', 0, '2024-04-04 13:10:03', '2024-04-04 13:15:48', '2024-04-04'),
(72, 2, 16, 72, 3, 17, '50.00', '50.00', '100.00000', '0.00', 1, 72, 'RR', 'IN', 1, 0, '0.00', 0, '2024-04-04 13:10:05', '2024-04-04 13:15:48', '2024-04-04'),
(73, 2, 16, 73, 3, 17, '50.00', '50.00', '100.00000', '0.00', 1, 73, 'RR', 'IN', 1, 0, '0.00', 0, '2024-04-04 13:10:07', '2024-04-04 13:15:48', '2024-04-04'),
(74, 2, 16, 74, 3, 17, '50.00', '50.00', '100.00000', '0.00', 1, 74, 'RR', 'IN', 1, 0, '0.00', 0, '2024-04-04 13:10:10', '2024-04-04 13:15:48', '2024-04-04'),
(75, 2, 16, 75, 3, 17, '50.00', '50.00', '100.00000', '0.00', 1, 75, 'RR', 'IN', 1, 0, '0.00', 0, '2024-04-04 13:10:12', '2024-04-04 13:15:48', '2024-04-04'),
(76, 2, 16, 76, 3, 17, '50.00', '50.00', '100.00000', '0.00', 1, 76, 'RR', 'IN', 1, 0, '0.00', 0, '2024-04-04 13:10:25', '2024-04-04 13:15:48', '2024-04-04'),
(77, 2, 16, 77, 3, 17, '50.00', '50.00', '100.00000', '0.00', 1, 77, 'RR', 'IN', 1, 0, '0.00', 0, '2024-04-04 13:10:27', '2024-04-04 13:15:48', '2024-04-04'),
(78, 2, 16, 78, 3, 17, '50.00', '50.00', '100.00000', '0.00', 1, 78, 'RR', 'IN', 1, 0, '0.00', 0, '2024-04-04 13:10:29', '2024-04-04 13:15:48', '2024-04-04'),
(79, 2, 16, 79, 3, 17, '50.00', '50.00', '100.00000', '0.00', 1, 79, 'RR', 'IN', 1, 0, '0.00', 0, '2024-04-04 13:10:33', '2024-04-04 13:15:48', '2024-04-04'),
(80, 2, 16, 80, 3, 17, '50.00', '50.00', '100.00000', '0.00', 1, 80, 'RR', 'IN', 1, 0, '0.00', 0, '2024-04-04 13:10:37', '2024-04-04 13:15:48', '2024-04-04'),
(81, 2, 16, 81, 3, 17, '50.00', '50.00', '100.00000', '0.00', 1, 81, 'RR', 'IN', 1, 0, '0.00', 0, '2024-04-04 13:10:40', '2024-04-04 13:15:48', '2024-04-04'),
(82, 2, 16, 82, 6, 15, '50.00', '50.00', '100.00000', '0.00', 1, 82, 'RR', 'IN', 1, 1, '50.00', 0, '2024-04-04 13:10:53', '2024-04-04 13:24:55', '2024-04-04'),
(83, 2, 16, 83, 6, 15, '50.00', '50.00', '100.00000', '0.00', 1, 83, 'RR', 'IN', 1, 1, '50.00', 0, '2024-04-04 13:10:55', '2024-04-04 13:24:55', '2024-04-04'),
(84, 2, 16, 84, 6, 15, '50.00', '50.00', '100.00000', '0.00', 1, 84, 'RR', 'IN', 1, 1, '50.00', 0, '2024-04-04 13:10:58', '2024-04-04 14:30:15', '2024-04-04'),
(85, 2, 16, 85, 6, 15, '50.00', '50.00', '100.00000', '0.00', 1, 85, 'RR', 'IN', 1, 1, '50.00', 0, '2024-04-04 13:11:00', '2024-04-04 14:30:15', '2024-04-04'),
(86, 2, 16, 86, 6, 15, '50.00', '50.00', '100.00000', '0.00', 1, 86, 'RR', 'IN', 1, 0, '0.00', 0, '2024-04-04 13:11:03', '2024-04-04 13:15:48', '2024-04-04'),
(87, 2, 16, 87, 6, 15, '50.00', '50.00', '100.00000', '0.00', 1, 87, 'RR', 'IN', 1, 0, '0.00', 0, '2024-04-04 13:11:06', '2024-04-04 13:15:48', '2024-04-04'),
(88, 2, 16, 88, 6, 15, '50.00', '50.00', '100.00000', '0.00', 1, 88, 'RR', 'IN', 1, 0, '0.00', 0, '2024-04-04 13:11:08', '2024-04-04 13:15:48', '2024-04-04'),
(89, 2, 16, 89, 6, 15, '50.00', '50.00', '100.00000', '0.00', 1, 89, 'RR', 'IN', 1, 0, '0.00', 0, '2024-04-04 13:11:10', '2024-04-04 13:15:48', '2024-04-04'),
(90, 2, 16, 90, 6, 15, '50.00', '50.00', '100.00000', '0.00', 1, 90, 'RR', 'IN', 1, 0, '0.00', 0, '2024-04-04 13:11:13', '2024-04-04 13:15:48', '2024-04-04'),
(91, 2, 16, 91, 6, 15, '50.00', '50.00', '100.00000', '0.00', 1, 91, 'RR', 'IN', 1, 0, '0.00', 0, '2024-04-04 13:11:15', '2024-04-04 13:15:48', '2024-04-04'),
(92, 2, 16, 92, 6, 15, '50.00', '50.00', '100.00000', '0.00', 1, 92, 'RR', 'IN', 1, 0, '0.00', 0, '2024-04-04 13:11:17', '2024-04-04 13:15:48', '2024-04-04'),
(93, 2, 16, 93, 6, 15, '50.00', '50.00', '100.00000', '0.00', 1, 93, 'RR', 'IN', 1, 0, '0.00', 0, '2024-04-04 13:11:21', '2024-04-04 13:15:48', '2024-04-04'),
(94, 2, 16, 94, 6, 15, '50.00', '50.00', '100.00000', '0.00', 1, 94, 'RR', 'IN', 1, 0, '0.00', 0, '2024-04-04 13:11:27', '2024-04-04 13:15:48', '2024-04-04'),
(95, 2, 16, 95, 6, 15, '50.00', '50.00', '100.00000', '0.00', 1, 95, 'RR', 'IN', 1, 0, '0.00', 0, '2024-04-04 13:11:29', '2024-04-04 13:15:48', '2024-04-04'),
(96, 2, 16, 96, 6, 15, '50.00', '50.00', '100.00000', '0.00', 1, 96, 'RR', 'IN', 1, 0, '0.00', 0, '2024-04-04 13:11:32', '2024-04-04 13:15:48', '2024-04-04'),
(97, 2, 16, 97, 6, 15, '50.00', '50.00', '100.00000', '0.00', 1, 97, 'RR', 'IN', 1, 0, '0.00', 0, '2024-04-04 13:11:34', '2024-04-04 13:15:48', '2024-04-04'),
(98, 2, 16, 98, 6, 15, '50.00', '50.00', '100.00000', '0.00', 1, 98, 'RR', 'IN', 1, 0, '0.00', 0, '2024-04-04 13:11:35', '2024-04-04 13:15:48', '2024-04-04'),
(99, 2, 16, 99, 6, 15, '50.00', '50.00', '100.00000', '0.00', 1, 99, 'RR', 'IN', 1, 0, '0.00', 0, '2024-04-04 13:11:38', '2024-04-04 13:15:48', '2024-04-04'),
(100, 2, 16, 100, 6, 15, '50.00', '50.00', '100.00000', '0.00', 1, 100, 'RR', 'IN', 1, 0, '0.00', 0, '2024-04-04 13:11:41', '2024-04-04 13:15:48', '2024-04-04'),
(101, 2, 16, 101, 6, 15, '50.00', '50.00', '100.00000', '0.00', 1, 101, 'RR', 'IN', 1, 0, '0.00', 0, '2024-04-04 13:11:44', '2024-04-04 13:15:48', '2024-04-04'),
(102, 2, 16, 102, 7, 18, '50.00', '50.00', '100.00000', '0.00', 1, 102, 'RR', 'IN', 1, 1, '50.00', 0, '2024-04-04 13:11:58', '2024-04-04 13:24:55', '2024-04-04'),
(103, 2, 16, 103, 7, 18, '50.00', '50.00', '100.00000', '0.00', 1, 103, 'RR', 'IN', 1, 1, '50.00', 0, '2024-04-04 13:12:00', '2024-04-04 13:24:55', '2024-04-04'),
(104, 2, 16, 104, 7, 18, '50.00', '50.00', '100.00000', '0.00', 1, 104, 'RR', 'IN', 1, 1, '50.00', 0, '2024-04-04 13:12:03', '2024-04-04 14:30:15', '2024-04-04'),
(105, 2, 16, 105, 7, 18, '50.00', '50.00', '100.00000', '0.00', 1, 105, 'RR', 'IN', 1, 1, '50.00', 0, '2024-04-04 13:12:05', '2024-04-04 14:30:15', '2024-04-04'),
(106, 2, 16, 106, 7, 18, '50.00', '50.00', '100.00000', '0.00', 1, 106, 'RR', 'IN', 1, 0, '0.00', 0, '2024-04-04 13:12:08', '2024-04-04 13:15:48', '2024-04-04'),
(107, 2, 16, 107, 7, 18, '50.00', '50.00', '100.00000', '0.00', 1, 107, 'RR', 'IN', 1, 0, '0.00', 0, '2024-04-04 13:12:11', '2024-04-04 13:15:48', '2024-04-04'),
(108, 2, 16, 108, 7, 18, '50.00', '50.00', '100.00000', '0.00', 1, 108, 'RR', 'IN', 1, 0, '0.00', 0, '2024-04-04 13:12:13', '2024-04-04 13:15:48', '2024-04-04'),
(109, 2, 16, 109, 7, 18, '50.00', '50.00', '100.00000', '0.00', 1, 109, 'RR', 'IN', 1, 0, '0.00', 0, '2024-04-04 13:12:15', '2024-04-04 13:15:48', '2024-04-04'),
(110, 2, 16, 110, 7, 18, '50.00', '50.00', '100.00000', '0.00', 1, 110, 'RR', 'IN', 1, 0, '0.00', 0, '2024-04-04 13:12:18', '2024-04-04 13:15:48', '2024-04-04'),
(111, 2, 16, 111, 7, 18, '50.00', '50.00', '100.00000', '0.00', 1, 111, 'RR', 'IN', 1, 0, '0.00', 0, '2024-04-04 13:12:21', '2024-04-04 13:15:48', '2024-04-04'),
(112, 2, 16, 112, 7, 18, '50.00', '50.00', '100.00000', '0.00', 1, 112, 'RR', 'IN', 1, 0, '0.00', 0, '2024-04-04 13:12:23', '2024-04-04 13:15:48', '2024-04-04'),
(113, 2, 16, 113, 7, 18, '50.00', '50.00', '100.00000', '0.00', 1, 113, 'RR', 'IN', 1, 0, '0.00', 0, '2024-04-04 13:12:28', '2024-04-04 13:15:48', '2024-04-04'),
(114, 2, 16, 114, 7, 18, '50.00', '50.00', '100.00000', '0.00', 1, 114, 'RR', 'IN', 1, 0, '0.00', 0, '2024-04-04 13:12:59', '2024-04-04 13:15:48', '2024-04-04'),
(115, 2, 16, 115, 7, 18, '50.00', '50.00', '100.00000', '0.00', 1, 115, 'RR', 'IN', 1, 0, '0.00', 0, '2024-04-04 13:13:01', '2024-04-04 13:15:48', '2024-04-04'),
(116, 2, 16, 116, 7, 18, '50.00', '50.00', '100.00000', '0.00', 1, 116, 'RR', 'IN', 1, 0, '0.00', 0, '2024-04-04 13:13:10', '2024-04-04 13:15:48', '2024-04-04'),
(117, 2, 16, 117, 7, 18, '50.00', '50.00', '100.00000', '0.00', 1, 117, 'RR', 'IN', 1, 0, '0.00', 0, '2024-04-04 13:13:13', '2024-04-04 13:15:48', '2024-04-04'),
(118, 2, 16, 118, 7, 18, '50.00', '50.00', '100.00000', '0.00', 1, 118, 'RR', 'IN', 1, 0, '0.00', 0, '2024-04-04 13:13:16', '2024-04-04 13:15:48', '2024-04-04'),
(119, 2, 16, 119, 7, 18, '50.00', '50.00', '100.00000', '0.00', 1, 119, 'RR', 'IN', 1, 0, '0.00', 0, '2024-04-04 13:13:19', '2024-04-04 13:15:48', '2024-04-04'),
(120, 2, 16, 120, 7, 18, '50.00', '50.00', '100.00000', '0.00', 1, 120, 'RR', 'IN', 1, 0, '0.00', 0, '2024-04-04 13:13:21', '2024-04-04 13:15:48', '2024-04-04'),
(121, 2, 16, 121, 7, 18, '50.00', '50.00', '100.00000', '0.00', 1, 121, 'RR', 'IN', 1, 0, '0.00', 0, '2024-04-04 13:13:23', '2024-04-04 13:15:48', '2024-04-04'),
(122, 2, 16, 122, 11, 19, '50.00', '50.00', '100.00000', '0.00', 1, 122, 'RR', 'IN', 1, 1, '50.00', 0, '2024-04-04 13:13:37', '2024-04-04 13:24:55', '2024-04-04'),
(123, 2, 16, 123, 11, 19, '50.00', '50.00', '100.00000', '0.00', 1, 123, 'RR', 'IN', 1, 1, '50.00', 0, '2024-04-04 13:13:39', '2024-04-04 13:24:55', '2024-04-04'),
(124, 2, 16, 124, 11, 19, '50.00', '50.00', '100.00000', '0.00', 1, 124, 'RR', 'IN', 1, 1, '50.00', 0, '2024-04-04 13:13:42', '2024-04-04 14:30:15', '2024-04-04'),
(125, 2, 16, 125, 11, 19, '50.00', '50.00', '100.00000', '0.00', 1, 125, 'RR', 'IN', 1, 1, '50.00', 0, '2024-04-04 13:13:45', '2024-04-04 14:30:15', '2024-04-04'),
(126, 2, 16, 126, 11, 19, '50.00', '50.00', '100.00000', '0.00', 1, 126, 'RR', 'IN', 1, 0, '0.00', 0, '2024-04-04 13:13:47', '2024-04-04 13:15:48', '2024-04-04'),
(127, 2, 16, 127, 11, 19, '50.00', '50.00', '100.00000', '0.00', 1, 127, 'RR', 'IN', 1, 0, '0.00', 0, '2024-04-04 13:13:50', '2024-04-04 13:15:48', '2024-04-04'),
(128, 2, 16, 128, 11, 19, '50.00', '50.00', '100.00000', '0.00', 1, 128, 'RR', 'IN', 1, 0, '0.00', 0, '2024-04-04 13:13:51', '2024-04-04 13:15:48', '2024-04-04'),
(129, 2, 16, 129, 11, 19, '50.00', '50.00', '100.00000', '0.00', 1, 129, 'RR', 'IN', 1, 0, '0.00', 0, '2024-04-04 13:13:54', '2024-04-04 13:15:48', '2024-04-04'),
(130, 2, 16, 130, 11, 19, '50.00', '50.00', '100.00000', '0.00', 1, 130, 'RR', 'IN', 1, 0, '0.00', 0, '2024-04-04 13:13:57', '2024-04-04 13:15:48', '2024-04-04'),
(131, 2, 16, 131, 11, 19, '50.00', '50.00', '100.00000', '0.00', 1, 131, 'RR', 'IN', 1, 0, '0.00', 0, '2024-04-04 13:14:00', '2024-04-04 13:15:48', '2024-04-04'),
(132, 2, 16, 132, 11, 19, '50.00', '50.00', '100.00000', '0.00', 1, 132, 'RR', 'IN', 1, 0, '0.00', 0, '2024-04-04 13:14:02', '2024-04-04 13:15:48', '2024-04-04'),
(133, 2, 16, 133, 11, 19, '50.00', '50.00', '100.00000', '0.00', 1, 133, 'RR', 'IN', 1, 0, '0.00', 0, '2024-04-04 13:14:05', '2024-04-04 13:15:48', '2024-04-04'),
(134, 2, 16, 134, 11, 19, '50.00', '50.00', '100.00000', '0.00', 1, 134, 'RR', 'IN', 1, 0, '0.00', 0, '2024-04-04 13:14:08', '2024-04-04 13:15:48', '2024-04-04'),
(135, 2, 16, 135, 11, 19, '50.00', '50.00', '100.00000', '0.00', 1, 135, 'RR', 'IN', 1, 0, '0.00', 0, '2024-04-04 13:14:10', '2024-04-04 13:15:48', '2024-04-04'),
(136, 2, 16, 136, 11, 19, '50.00', '50.00', '100.00000', '0.00', 1, 136, 'RR', 'IN', 1, 0, '0.00', 0, '2024-04-04 13:14:16', '2024-04-04 13:15:48', '2024-04-04'),
(137, 2, 16, 137, 11, 19, '50.00', '50.00', '100.00000', '0.00', 1, 137, 'RR', 'IN', 1, 0, '0.00', 0, '2024-04-04 13:14:18', '2024-04-04 13:15:48', '2024-04-04'),
(138, 2, 16, 138, 11, 19, '50.00', '50.00', '100.00000', '0.00', 1, 138, 'RR', 'IN', 1, 0, '0.00', 0, '2024-04-04 13:14:21', '2024-04-04 13:15:48', '2024-04-04'),
(139, 2, 16, 139, 11, 19, '50.00', '50.00', '100.00000', '0.00', 1, 139, 'RR', 'IN', 1, 0, '0.00', 0, '2024-04-04 13:14:23', '2024-04-04 13:15:48', '2024-04-04'),
(140, 2, 16, 140, 11, 19, '50.00', '50.00', '100.00000', '0.00', 1, 140, 'RR', 'IN', 1, 0, '0.00', 0, '2024-04-04 13:14:25', '2024-04-04 13:15:48', '2024-04-04'),
(141, 2, 16, 141, 11, 19, '50.00', '50.00', '100.00000', '0.00', 1, 141, 'RR', 'IN', 1, 0, '0.00', 0, '2024-04-04 13:14:28', '2024-04-04 13:15:48', '2024-04-04'),
(142, 2, 16, 142, 13, 21, '50.00', '50.00', '100.00000', '0.00', 1, 142, 'RR', 'IN', 1, 1, '50.00', 0, '2024-04-04 13:14:44', '2024-04-04 13:24:55', '2024-04-04'),
(143, 2, 16, 143, 13, 21, '50.00', '50.00', '100.00000', '0.00', 1, 143, 'RR', 'IN', 1, 1, '50.00', 0, '2024-04-04 13:14:45', '2024-04-04 13:24:55', '2024-04-04'),
(144, 2, 16, 144, 13, 21, '50.00', '50.00', '100.00000', '0.00', 1, 144, 'RR', 'IN', 1, 1, '50.00', 0, '2024-04-04 13:14:48', '2024-04-04 14:30:15', '2024-04-04'),
(145, 2, 16, 145, 13, 21, '50.00', '50.00', '100.00000', '0.00', 1, 145, 'RR', 'IN', 1, 1, '50.00', 0, '2024-04-04 13:14:51', '2024-04-04 14:30:15', '2024-04-04'),
(146, 2, 16, 146, 13, 21, '50.00', '50.00', '100.00000', '0.00', 1, 146, 'RR', 'IN', 1, 0, '0.00', 0, '2024-04-04 13:14:53', '2024-04-04 13:15:48', '2024-04-04'),
(147, 2, 16, 147, 13, 21, '50.00', '50.00', '100.00000', '0.00', 1, 147, 'RR', 'IN', 1, 0, '0.00', 0, '2024-04-04 13:14:55', '2024-04-04 13:15:48', '2024-04-04'),
(148, 2, 16, 148, 13, 21, '50.00', '50.00', '100.00000', '0.00', 1, 148, 'RR', 'IN', 1, 0, '0.00', 0, '2024-04-04 13:14:58', '2024-04-04 13:15:48', '2024-04-04'),
(149, 2, 16, 149, 13, 21, '50.00', '50.00', '100.00000', '0.00', 1, 149, 'RR', 'IN', 1, 0, '0.00', 0, '2024-04-04 13:15:00', '2024-04-04 13:15:48', '2024-04-04'),
(150, 2, 16, 150, 13, 21, '50.00', '50.00', '100.00000', '0.00', 1, 150, 'RR', 'IN', 1, 0, '0.00', 0, '2024-04-04 13:15:03', '2024-04-04 13:15:48', '2024-04-04'),
(151, 2, 16, 151, 13, 21, '50.00', '50.00', '100.00000', '0.00', 1, 151, 'RR', 'IN', 1, 0, '0.00', 0, '2024-04-04 13:15:06', '2024-04-04 13:15:48', '2024-04-04'),
(152, 2, 16, 152, 13, 21, '50.00', '50.00', '100.00000', '0.00', 1, 152, 'RR', 'IN', 1, 0, '0.00', 0, '2024-04-04 13:15:08', '2024-04-04 13:15:48', '2024-04-04'),
(153, 2, 16, 153, 13, 21, '50.00', '50.00', '100.00000', '0.00', 1, 153, 'RR', 'IN', 1, 0, '0.00', 0, '2024-04-04 13:15:10', '2024-04-04 13:15:48', '2024-04-04'),
(154, 2, 16, 154, 13, 21, '50.00', '50.00', '100.00000', '0.00', 1, 154, 'RR', 'IN', 1, 0, '0.00', 0, '2024-04-04 13:15:14', '2024-04-04 13:15:48', '2024-04-04'),
(155, 2, 16, 155, 13, 21, '50.00', '50.00', '100.00000', '0.00', 1, 155, 'RR', 'IN', 1, 0, '0.00', 0, '2024-04-04 13:15:17', '2024-04-04 13:15:48', '2024-04-04'),
(156, 2, 16, 156, 13, 21, '50.00', '50.00', '100.00000', '0.00', 1, 156, 'RR', 'IN', 1, 0, '0.00', 0, '2024-04-04 13:15:21', '2024-04-04 13:15:48', '2024-04-04'),
(157, 2, 16, 157, 13, 21, '50.00', '50.00', '100.00000', '0.00', 1, 157, 'RR', 'IN', 1, 0, '0.00', 0, '2024-04-04 13:15:23', '2024-04-04 13:15:48', '2024-04-04'),
(158, 2, 16, 158, 13, 21, '50.00', '50.00', '100.00000', '0.00', 1, 158, 'RR', 'IN', 1, 0, '0.00', 0, '2024-04-04 13:15:26', '2024-04-04 13:15:48', '2024-04-04'),
(159, 2, 16, 159, 13, 21, '50.00', '50.00', '100.00000', '0.00', 1, 159, 'RR', 'IN', 1, 0, '0.00', 0, '2024-04-04 13:15:28', '2024-04-04 13:15:48', '2024-04-04'),
(160, 2, 16, 160, 13, 21, '50.00', '50.00', '100.00000', '0.00', 1, 160, 'RR', 'IN', 1, 0, '0.00', 0, '2024-04-04 13:15:30', '2024-04-04 13:15:48', '2024-04-04'),
(161, 2, 16, 161, 13, 21, '50.00', '50.00', '100.00000', '0.00', 1, 161, 'RR', 'IN', 1, 0, '0.00', 0, '2024-04-04 13:15:33', '2024-04-04 13:15:48', '2024-04-04'),
(162, 2, 16, 21, 1, 17, '50.00', '50.00', '100.00000', '105.00', 1, 1, 'PUL', 'OUT', 1, 0, '0.00', 21, '2024-04-04 13:23:46', '2024-04-04 13:24:55', '2024-04-04'),
(163, 2, 16, 22, 1, 17, '50.00', '50.00', '100.00000', '105.00', 1, 2, 'PUL', 'OUT', 1, 0, '0.00', 22, '2024-04-04 13:23:49', '2024-04-04 13:24:55', '2024-04-04'),
(164, 2, 16, 41, 2, 17, '50.00', '50.00', '100.00000', '105.00', 1, 3, 'PUL', 'OUT', 1, 0, '0.00', 41, '2024-04-04 13:23:57', '2024-04-04 13:24:55', '2024-04-04'),
(165, 2, 16, 42, 2, 17, '50.00', '50.00', '100.00000', '105.00', 1, 4, 'PUL', 'OUT', 1, 0, '0.00', 42, '2024-04-04 13:23:59', '2024-04-04 13:24:55', '2024-04-04'),
(166, 2, 16, 62, 3, 17, '50.00', '50.00', '100.00000', '105.00', 1, 5, 'PUL', 'OUT', 1, 0, '0.00', 62, '2024-04-04 13:24:08', '2024-04-04 13:24:55', '2024-04-04'),
(167, 2, 16, 63, 3, 17, '50.00', '50.00', '100.00000', '105.00', 1, 6, 'PUL', 'OUT', 1, 0, '0.00', 63, '2024-04-04 13:24:12', '2024-04-04 13:24:55', '2024-04-04'),
(168, 2, 16, 82, 6, 15, '50.00', '50.00', '100.00000', '105.00', 1, 7, 'PUL', 'OUT', 1, 0, '0.00', 82, '2024-04-04 13:24:15', '2024-04-04 13:24:55', '2024-04-04'),
(169, 2, 16, 83, 6, 15, '50.00', '50.00', '100.00000', '105.00', 1, 8, 'PUL', 'OUT', 1, 0, '0.00', 83, '2024-04-04 13:24:18', '2024-04-04 13:24:55', '2024-04-04'),
(170, 2, 16, 102, 7, 18, '50.00', '50.00', '100.00000', '105.00', 1, 9, 'PUL', 'OUT', 1, 0, '0.00', 102, '2024-04-04 13:24:22', '2024-04-04 13:24:55', '2024-04-04'),
(171, 2, 16, 103, 7, 18, '50.00', '50.00', '100.00000', '105.00', 1, 10, 'PUL', 'OUT', 1, 0, '0.00', 103, '2024-04-04 13:24:26', '2024-04-04 13:24:55', '2024-04-04'),
(172, 2, 16, 122, 11, 19, '50.00', '50.00', '100.00000', '105.00', 1, 11, 'PUL', 'OUT', 1, 0, '0.00', 122, '2024-04-04 13:24:34', '2024-04-04 13:24:55', '2024-04-04'),
(173, 2, 16, 123, 11, 19, '50.00', '50.00', '100.00000', '105.00', 1, 12, 'PUL', 'OUT', 1, 0, '0.00', 123, '2024-04-04 13:24:38', '2024-04-04 13:24:55', '2024-04-04'),
(174, 2, 16, 142, 13, 21, '50.00', '50.00', '100.00000', '105.00', 1, 13, 'PUL', 'OUT', 1, 0, '0.00', 142, '2024-04-04 13:24:45', '2024-04-04 13:24:55', '2024-04-04'),
(175, 2, 16, 143, 13, 21, '50.00', '50.00', '100.00000', '105.00', 1, 14, 'PUL', 'OUT', 1, 0, '0.00', 143, '2024-04-04 13:24:47', '2024-04-04 13:24:55', '2024-04-04'),
(190, 5, 5, 21, 1, 17, '50.00', '50.00', '105.00000', '0.00', 2, 162, 'RR', 'IN', 1, 1, '50.00', 0, '2024-04-04 13:28:48', '2024-04-04 14:04:22', '2024-04-04'),
(191, 5, 5, 22, 1, 17, '50.00', '50.00', '105.00000', '0.00', 2, 163, 'RR', 'IN', 1, 1, '50.00', 0, '2024-04-04 13:28:52', '2024-04-04 14:04:22', '2024-04-04'),
(192, 5, 5, 42, 2, 17, '50.00', '50.00', '105.00000', '0.00', 2, 164, 'RR', 'IN', 1, 1, '50.00', 0, '2024-04-04 13:29:10', '2024-04-04 14:04:22', '2024-04-04'),
(193, 5, 5, 41, 2, 17, '50.00', '50.00', '105.00000', '0.00', 2, 165, 'RR', 'IN', 1, 1, '50.00', 0, '2024-04-04 13:30:36', '2024-04-04 14:04:22', '2024-04-04'),
(194, 5, 5, 62, 3, 17, '50.00', '50.00', '105.00000', '0.00', 2, 166, 'RR', 'IN', 1, 1, '50.00', 0, '2024-04-04 13:30:50', '2024-04-04 14:04:22', '2024-04-04'),
(195, 5, 5, 63, 3, 17, '50.00', '50.00', '105.00000', '0.00', 2, 167, 'RR', 'IN', 1, 1, '50.00', 0, '2024-04-04 13:30:53', '2024-04-04 14:04:22', '2024-04-04'),
(196, 5, 5, 82, 6, 15, '50.00', '50.00', '105.00000', '0.00', 2, 168, 'RR', 'IN', 1, 1, '50.00', 0, '2024-04-04 13:31:00', '2024-04-04 14:04:22', '2024-04-04'),
(197, 5, 5, 83, 6, 15, '50.00', '50.00', '105.00000', '0.00', 2, 169, 'RR', 'IN', 1, 1, '50.00', 0, '2024-04-04 13:31:02', '2024-04-04 14:04:22', '2024-04-04'),
(198, 5, 5, 102, 7, 18, '50.00', '50.00', '105.00000', '0.00', 2, 170, 'RR', 'IN', 1, 1, '50.00', 0, '2024-04-04 13:31:09', '2024-04-04 14:04:22', '2024-04-04'),
(199, 5, 5, 103, 7, 18, '50.00', '50.00', '105.00000', '0.00', 2, 171, 'RR', 'IN', 1, 1, '50.00', 0, '2024-04-04 13:31:17', '2024-04-04 14:04:22', '2024-04-04'),
(200, 5, 5, 122, 11, 19, '50.00', '50.00', '105.00000', '0.00', 2, 172, 'RR', 'IN', 1, 1, '50.00', 0, '2024-04-04 13:31:24', '2024-04-04 14:04:22', '2024-04-04'),
(201, 5, 5, 123, 11, 19, '50.00', '50.00', '105.00000', '0.00', 2, 173, 'RR', 'IN', 1, 1, '50.00', 0, '2024-04-04 13:31:27', '2024-04-04 14:04:22', '2024-04-04'),
(202, 5, 5, 142, 13, 21, '50.00', '50.00', '105.00000', '0.00', 2, 174, 'RR', 'IN', 1, 1, '50.00', 0, '2024-04-04 13:31:35', '2024-04-04 14:04:22', '2024-04-04'),
(203, 5, 5, 143, 13, 21, '50.00', '50.00', '105.00000', '0.00', 2, 175, 'RR', 'IN', 1, 1, '50.00', 0, '2024-04-04 13:31:38', '2024-04-04 14:04:22', '2024-04-04'),
(204, 5, 5, 21, 1, 17, '50.00', '50.00', '105.00000', '110.00', 2, 15, 'PUL', 'OUT', 1, 0, '0.00', 190, '2024-04-04 14:03:00', '2024-04-04 14:04:22', '2024-04-04'),
(205, 5, 5, 22, 1, 17, '50.00', '50.00', '105.00000', '110.00', 2, 16, 'PUL', 'OUT', 1, 0, '0.00', 191, '2024-04-04 14:03:07', '2024-04-04 14:04:22', '2024-04-04'),
(206, 5, 5, 41, 2, 17, '50.00', '50.00', '105.00000', '110.00', 2, 17, 'PUL', 'OUT', 1, 0, '0.00', 193, '2024-04-04 14:03:19', '2024-04-04 14:04:22', '2024-04-04'),
(207, 5, 5, 42, 2, 17, '50.00', '50.00', '105.00000', '110.00', 2, 18, 'PUL', 'OUT', 1, 0, '0.00', 192, '2024-04-04 14:03:23', '2024-04-04 14:04:22', '2024-04-04'),
(208, 5, 5, 62, 3, 17, '50.00', '50.00', '105.00000', '110.00', 2, 19, 'PUL', 'OUT', 1, 0, '0.00', 194, '2024-04-04 14:03:29', '2024-04-04 14:04:22', '2024-04-04'),
(209, 5, 5, 63, 3, 17, '50.00', '50.00', '105.00000', '110.00', 2, 20, 'PUL', 'OUT', 1, 0, '0.00', 195, '2024-04-04 14:03:33', '2024-04-04 14:04:22', '2024-04-04'),
(210, 5, 5, 82, 6, 15, '50.00', '50.00', '105.00000', '110.00', 2, 21, 'PUL', 'OUT', 1, 0, '0.00', 196, '2024-04-04 14:03:41', '2024-04-04 14:04:22', '2024-04-04'),
(211, 5, 5, 83, 6, 15, '50.00', '50.00', '105.00000', '110.00', 2, 22, 'PUL', 'OUT', 1, 0, '0.00', 197, '2024-04-04 14:03:44', '2024-04-04 14:04:22', '2024-04-04'),
(212, 5, 5, 102, 7, 18, '50.00', '50.00', '105.00000', '110.00', 2, 23, 'PUL', 'OUT', 1, 0, '0.00', 198, '2024-04-04 14:03:49', '2024-04-04 14:04:22', '2024-04-04'),
(213, 5, 5, 103, 7, 18, '50.00', '50.00', '105.00000', '110.00', 2, 24, 'PUL', 'OUT', 1, 0, '0.00', 199, '2024-04-04 14:03:53', '2024-04-04 14:04:22', '2024-04-04'),
(214, 5, 5, 122, 11, 19, '50.00', '50.00', '105.00000', '110.00', 2, 25, 'PUL', 'OUT', 1, 0, '0.00', 200, '2024-04-04 14:03:59', '2024-04-04 14:04:22', '2024-04-04'),
(215, 5, 5, 123, 11, 19, '50.00', '50.00', '105.00000', '110.00', 2, 26, 'PUL', 'OUT', 1, 0, '0.00', 201, '2024-04-04 14:04:05', '2024-04-04 14:04:22', '2024-04-04'),
(216, 5, 5, 142, 13, 21, '50.00', '50.00', '105.00000', '110.00', 2, 27, 'PUL', 'OUT', 1, 0, '0.00', 202, '2024-04-04 14:04:10', '2024-04-04 14:04:22', '2024-04-04'),
(217, 5, 5, 143, 13, 21, '50.00', '50.00', '105.00000', '110.00', 2, 28, 'PUL', 'OUT', 1, 0, '0.00', 203, '2024-04-04 14:04:14', '2024-04-04 14:04:22', '2024-04-04'),
(218, 2, 16, 23, 1, 17, '50.00', '50.00', '100.00000', '105.00', 3, 29, 'PUL', 'OUT', 1, 0, '0.00', 23, '2024-04-04 14:27:09', '2024-04-04 14:30:15', '2024-04-04'),
(219, 2, 16, 24, 1, 17, '50.00', '50.00', '100.00000', '105.00', 3, 30, 'PUL', 'OUT', 1, 0, '0.00', 24, '2024-04-04 14:27:12', '2024-04-04 14:30:15', '2024-04-04'),
(220, 2, 16, 43, 2, 17, '50.00', '50.00', '100.00000', '105.00', 3, 31, 'PUL', 'OUT', 1, 0, '0.00', 43, '2024-04-04 14:27:25', '2024-04-04 14:30:15', '2024-04-04'),
(221, 2, 16, 44, 2, 17, '50.00', '50.00', '100.00000', '105.00', 3, 32, 'PUL', 'OUT', 1, 0, '0.00', 44, '2024-04-04 14:27:28', '2024-04-04 14:30:15', '2024-04-04'),
(222, 2, 16, 64, 3, 17, '50.00', '50.00', '100.00000', '105.00', 3, 33, 'PUL', 'OUT', 1, 0, '0.00', 64, '2024-04-04 14:29:32', '2024-04-04 14:30:15', '2024-04-04'),
(223, 2, 16, 65, 3, 17, '50.00', '50.00', '100.00000', '105.00', 3, 34, 'PUL', 'OUT', 1, 0, '0.00', 65, '2024-04-04 14:29:35', '2024-04-04 14:30:15', '2024-04-04'),
(224, 2, 16, 84, 6, 15, '50.00', '50.00', '100.00000', '105.00', 3, 35, 'PUL', 'OUT', 1, 0, '0.00', 84, '2024-04-04 14:29:40', '2024-04-04 14:30:15', '2024-04-04'),
(225, 2, 16, 85, 6, 15, '50.00', '50.00', '100.00000', '105.00', 3, 36, 'PUL', 'OUT', 1, 0, '0.00', 85, '2024-04-04 14:29:43', '2024-04-04 14:30:15', '2024-04-04'),
(226, 2, 16, 104, 7, 18, '50.00', '50.00', '100.00000', '105.00', 3, 37, 'PUL', 'OUT', 1, 0, '0.00', 104, '2024-04-04 14:29:48', '2024-04-04 14:30:15', '2024-04-04'),
(227, 2, 16, 105, 7, 18, '50.00', '50.00', '100.00000', '105.00', 3, 38, 'PUL', 'OUT', 1, 0, '0.00', 105, '2024-04-04 14:29:52', '2024-04-04 14:30:15', '2024-04-04'),
(228, 2, 16, 124, 11, 19, '50.00', '50.00', '100.00000', '105.00', 3, 39, 'PUL', 'OUT', 1, 0, '0.00', 124, '2024-04-04 14:29:57', '2024-04-04 14:30:15', '2024-04-04'),
(229, 2, 16, 125, 11, 19, '50.00', '50.00', '100.00000', '105.00', 3, 40, 'PUL', 'OUT', 1, 0, '0.00', 125, '2024-04-04 14:30:01', '2024-04-04 14:30:15', '2024-04-04'),
(230, 2, 16, 144, 13, 21, '50.00', '50.00', '100.00000', '105.00', 3, 41, 'PUL', 'OUT', 1, 0, '0.00', 144, '2024-04-04 14:30:06', '2024-04-04 14:30:15', '2024-04-04'),
(231, 2, 16, 145, 13, 21, '50.00', '50.00', '100.00000', '105.00', 3, 42, 'PUL', 'OUT', 1, 0, '0.00', 145, '2024-04-04 14:30:09', '2024-04-04 14:30:15', '2024-04-04'),
(246, 8, 13, 23, 1, 17, '50.00', '50.00', '105.00000', '0.00', 3, 176, 'RR', 'IN', 1, 1, '50.00', 0, '2024-04-04 14:31:32', '2024-04-04 15:10:17', '2024-04-04'),
(247, 8, 13, 24, 1, 17, '50.00', '50.00', '105.00000', '0.00', 3, 177, 'RR', 'IN', 1, 1, '50.00', 0, '2024-04-04 14:31:37', '2024-04-04 15:10:17', '2024-04-04'),
(248, 8, 13, 43, 2, 17, '50.00', '50.00', '105.00000', '0.00', 3, 178, 'RR', 'IN', 1, 1, '50.00', 0, '2024-04-04 14:31:42', '2024-04-04 15:10:17', '2024-04-04'),
(249, 8, 13, 44, 2, 17, '50.00', '50.00', '105.00000', '0.00', 3, 179, 'RR', 'IN', 1, 1, '50.00', 0, '2024-04-04 14:31:47', '2024-04-04 15:10:17', '2024-04-04'),
(250, 8, 13, 64, 3, 17, '50.00', '50.00', '105.00000', '0.00', 3, 180, 'RR', 'IN', 1, 1, '50.00', 0, '2024-04-04 14:31:51', '2024-04-04 15:10:17', '2024-04-04'),
(251, 8, 13, 65, 3, 17, '50.00', '50.00', '105.00000', '0.00', 3, 181, 'RR', 'IN', 1, 1, '50.00', 0, '2024-04-04 14:31:54', '2024-04-04 15:10:17', '2024-04-04'),
(252, 8, 13, 84, 6, 15, '50.00', '50.00', '105.00000', '0.00', 3, 182, 'RR', 'IN', 1, 1, '50.00', 0, '2024-04-04 14:31:59', '2024-04-04 15:10:17', '2024-04-04'),
(253, 8, 13, 85, 6, 15, '50.00', '50.00', '105.00000', '0.00', 3, 183, 'RR', 'IN', 1, 1, '50.00', 0, '2024-04-04 14:32:04', '2024-04-04 15:10:17', '2024-04-04'),
(254, 8, 13, 104, 7, 18, '50.00', '50.00', '105.00000', '0.00', 3, 184, 'RR', 'IN', 1, 1, '50.00', 0, '2024-04-04 14:32:09', '2024-04-04 15:10:17', '2024-04-04'),
(255, 8, 13, 105, 7, 18, '50.00', '50.00', '105.00000', '0.00', 3, 185, 'RR', 'IN', 1, 1, '50.00', 0, '2024-04-04 14:32:15', '2024-04-04 15:10:17', '2024-04-04'),
(256, 8, 13, 124, 11, 19, '50.00', '50.00', '105.00000', '0.00', 3, 186, 'RR', 'IN', 1, 1, '50.00', 0, '2024-04-04 14:32:19', '2024-04-04 15:10:17', '2024-04-04'),
(257, 8, 13, 125, 11, 19, '50.00', '50.00', '105.00000', '0.00', 3, 187, 'RR', 'IN', 1, 1, '50.00', 0, '2024-04-04 14:32:23', '2024-04-04 15:10:17', '2024-04-04'),
(258, 8, 13, 144, 13, 21, '50.00', '50.00', '105.00000', '0.00', 3, 188, 'RR', 'IN', 1, 1, '50.00', 0, '2024-04-04 14:32:28', '2024-04-04 15:10:17', '2024-04-04'),
(259, 8, 13, 145, 13, 21, '50.00', '50.00', '105.00000', '0.00', 3, 189, 'RR', 'IN', 1, 1, '50.00', 0, '2024-04-04 14:32:32', '2024-04-04 15:10:17', '2024-04-04'),
(261, 8, 13, 23, 1, 17, '50.00', '50.00', '105.00000', '0.00', 1, 2, 'STK', 'OUT', 1, 0, '0.00', 246, '2024-04-04 14:57:00', '2024-04-04 15:10:17', '2024-04-04'),
(262, 8, 13, 43, 2, 17, '50.00', '50.00', '105.00000', '0.00', 1, 3, 'STK', 'OUT', 1, 0, '0.00', 248, '2024-04-04 14:57:29', '2024-04-04 15:10:17', '2024-04-04'),
(263, 8, 13, 64, 3, 17, '50.00', '50.00', '105.00000', '0.00', 1, 4, 'STK', 'OUT', 1, 0, '0.00', 250, '2024-04-04 14:59:45', '2024-04-04 15:10:17', '2024-04-04'),
(265, 8, 13, 24, 1, 17, '50.00', '50.00', '105.00000', '0.00', 1, 6, 'STK', 'OUT', 1, 0, '0.00', 247, '2024-04-04 15:09:06', '2024-04-04 15:10:17', '2024-04-04'),
(266, 8, 13, 44, 2, 17, '50.00', '50.00', '105.00000', '0.00', 1, 7, 'STK', 'OUT', 1, 0, '0.00', 249, '2024-04-04 15:09:14', '2024-04-04 15:10:17', '2024-04-04'),
(267, 8, 13, 65, 3, 17, '50.00', '50.00', '105.00000', '0.00', 1, 8, 'STK', 'OUT', 1, 0, '0.00', 251, '2024-04-04 15:09:31', '2024-04-04 15:10:17', '2024-04-04'),
(268, 8, 13, 84, 6, 15, '50.00', '50.00', '105.00000', '0.00', 1, 9, 'STK', 'OUT', 1, 0, '0.00', 252, '2024-04-04 15:09:38', '2024-04-04 15:10:17', '2024-04-04'),
(269, 8, 13, 85, 6, 15, '50.00', '50.00', '105.00000', '0.00', 1, 10, 'STK', 'OUT', 1, 0, '0.00', 253, '2024-04-04 15:09:41', '2024-04-04 15:10:17', '2024-04-04'),
(270, 8, 13, 104, 7, 18, '50.00', '50.00', '105.00000', '0.00', 1, 11, 'STK', 'OUT', 1, 0, '0.00', 254, '2024-04-04 15:09:46', '2024-04-04 15:10:17', '2024-04-04'),
(271, 8, 13, 105, 7, 18, '50.00', '50.00', '105.00000', '0.00', 1, 12, 'STK', 'OUT', 1, 0, '0.00', 255, '2024-04-04 15:09:50', '2024-04-04 15:10:17', '2024-04-04'),
(272, 8, 13, 124, 11, 19, '50.00', '50.00', '105.00000', '0.00', 1, 13, 'STK', 'OUT', 1, 0, '0.00', 256, '2024-04-04 15:09:53', '2024-04-04 15:10:17', '2024-04-04'),
(273, 8, 13, 125, 11, 19, '50.00', '50.00', '105.00000', '0.00', 1, 14, 'STK', 'OUT', 1, 0, '0.00', 257, '2024-04-04 15:09:56', '2024-04-04 15:10:17', '2024-04-04'),
(274, 8, 13, 144, 13, 21, '50.00', '50.00', '105.00000', '0.00', 1, 15, 'STK', 'OUT', 1, 0, '0.00', 258, '2024-04-04 15:10:00', '2024-04-04 15:10:17', '2024-04-04'),
(275, 8, 13, 145, 13, 21, '50.00', '50.00', '105.00000', '0.00', 1, 16, 'STK', 'OUT', 1, 0, '0.00', 259, '2024-04-04 15:10:03', '2024-04-04 15:10:17', '2024-04-04'),
(277, 8, 20, 23, 1, 17, '50.00', '50.00', '105.00000', '0.00', 1, 2, 'STK', 'IN', 1, 0, '0.00', 0, '2024-04-04 15:18:49', '2024-04-04 15:26:23', '2024-04-04'),
(278, 8, 20, 23, 1, 17, '50.00', '50.00', '105.00000', '0.00', 1, 2, 'STK', 'IN', 1, 0, '0.00', 0, '2024-04-04 15:21:40', '2024-04-04 15:26:23', '2024-04-04'),
(279, 8, 20, 43, 2, 17, '50.00', '50.00', '105.00000', '0.00', 1, 3, 'STK', 'IN', 1, 0, '0.00', 0, '2024-04-04 15:22:20', '2024-04-04 15:26:23', '2024-04-04'),
(280, 8, 20, 84, 6, 15, '50.00', '50.00', '105.00000', '0.00', 1, 9, 'STK', 'IN', 1, 0, '0.00', 0, '2024-04-04 15:23:52', '2024-04-04 15:26:23', '2024-04-04'),
(281, 8, 20, 85, 6, 15, '50.00', '50.00', '105.00000', '0.00', 1, 10, 'STK', 'IN', 1, 0, '0.00', 0, '2024-04-04 15:24:03', '2024-04-04 15:26:23', '2024-04-04'),
(282, 8, 20, 64, 3, 17, '50.00', '50.00', '105.00000', '0.00', 1, 4, 'STK', 'IN', 1, 0, '0.00', 0, '2024-04-04 15:26:14', '2024-04-04 15:26:23', '2024-04-04'),
(283, 8, 20, 65, 3, 17, '50.00', '50.00', '105.00000', '0.00', 1, 8, 'STK', 'IN', 1, 0, '0.00', 0, '2024-04-04 15:26:45', '2024-04-04 15:27:25', '2024-04-04'),
(284, 8, 20, 44, 2, 17, '50.00', '50.00', '105.00000', '0.00', 1, 7, 'STK', 'IN', 1, 0, '0.00', 0, '2024-04-04 15:26:55', '2024-04-04 15:27:21', '2024-04-04'),
(285, 8, 20, 144, 13, 21, '50.00', '50.00', '105.00000', '0.00', 1, 15, 'STK', 'IN', 1, 0, '0.00', 0, '2024-04-04 15:27:47', '2024-04-04 15:28:01', '2024-04-04'),
(286, 8, 20, 145, 13, 21, '50.00', '50.00', '105.00000', '0.00', 1, 16, 'STK', 'IN', 1, 0, '0.00', 0, '2024-04-04 15:27:51', '2024-04-04 15:27:59', '2024-04-04'),
(287, 8, 20, 104, 7, 18, '50.00', '50.00', '105.00000', '0.00', 1, 11, 'STK', 'IN', 1, 0, '0.00', 0, '2024-04-04 15:28:30', '2024-04-04 15:28:43', '2024-04-04'),
(288, 8, 20, 105, 7, 18, '50.00', '50.00', '105.00000', '0.00', 1, 12, 'STK', 'IN', 1, 0, '0.00', 0, '2024-04-04 15:28:34', '2024-04-04 15:28:39', '2024-04-04'),
(289, 8, 20, 124, 11, 19, '50.00', '50.00', '105.00000', '0.00', 1, 13, 'STK', 'IN', 1, 0, '0.00', 0, '2024-04-04 15:29:15', '2024-04-04 15:29:26', '2024-04-04'),
(290, 8, 20, 125, 11, 19, '50.00', '50.00', '105.00000', '0.00', 1, 14, 'STK', 'IN', 1, 0, '0.00', 0, '2024-04-04 15:29:19', '2024-04-04 15:29:24', '2024-04-04'),
(291, 8, 20, 23, 1, 17, '50.00', '50.00', '105.00000', '0.00', 3, 4, 'DPR', 'OUT', 1, 1, '50.00', 0, '2024-04-04 15:56:05', '2024-04-04 16:47:53', '2024-04-04'),
(298, 8, 20, 162, 23, 17, '24.00', '24.00', '107.14286', '0.00', 3, 12, 'DPR', 'IN', 1, 0, '0.00', 0, '2024-04-04 16:41:08', '2024-04-04 16:48:31', '0000-00-00'),
(299, 8, 20, 163, 22, 17, '25.00', '25.00', '107.14286', '0.00', 3, 13, 'DPR', 'IN', 1, 0, '0.00', 0, '2024-04-04 16:41:28', '2024-04-04 16:48:31', '0000-00-00');

-- --------------------------------------------------------

--
-- Table structure for table `tbl_pullout`
--

CREATE TABLE `tbl_pullout` (
  `pullout_id` int(11) NOT NULL,
  `reference_number` varchar(30) NOT NULL,
  `branch_id` int(11) NOT NULL,
  `po_id` int(11) NOT NULL,
  `warehouse_id` int(11) NOT NULL,
  `pullout_date` date NOT NULL,
  `pullout_type` varchar(1) NOT NULL COMMENT 'A = Agent; B = Branch',
  `remarks` varchar(255) NOT NULL,
  `pullout_return_status` varchar(1) NOT NULL DEFAULT 'S' COMMENT 'S = Saved; F = Finished',
  `received_status` varchar(1) NOT NULL DEFAULT 'S' COMMENT 'S = Saved; F = Finished; For Receiving of Requesting Branch',
  `status` varchar(1) NOT NULL DEFAULT 'S' COMMENT 'S = Saved; F = Finished',
  `encoded_by` int(11) NOT NULL,
  `sales_summary_id` int(11) NOT NULL,
  `date_added` datetime NOT NULL DEFAULT CURRENT_TIMESTAMP,
  `date_last_modified` datetime NOT NULL DEFAULT CURRENT_TIMESTAMP ON UPDATE CURRENT_TIMESTAMP
) ENGINE=InnoDB DEFAULT CHARSET=latin1;

--
-- Dumping data for table `tbl_pullout`
--

INSERT INTO `tbl_pullout` (`pullout_id`, `reference_number`, `branch_id`, `po_id`, `warehouse_id`, `pullout_date`, `pullout_type`, `remarks`, `pullout_return_status`, `received_status`, `status`, `encoded_by`, `sales_summary_id`, `date_added`, `date_last_modified`) VALUES
(1, 'PUL-2-000001', 2, 2, 16, '2024-04-04', 'B', '', 'S', 'F', 'F', 32, 0, '2024-04-04 13:23:35', '2024-04-04 13:31:47'),
(2, 'PUL-5-000001', 5, 3, 5, '2024-04-04', 'D', '', 'S', 'S', 'F', 32, 0, '2024-04-04 14:00:40', '2024-04-04 14:04:22'),
(3, 'PUL-2-000002', 2, 4, 16, '2024-04-04', 'B', '', 'S', 'F', 'F', 32, 0, '2024-04-04 14:26:55', '2024-04-04 14:32:41');

--
-- Triggers `tbl_pullout`
--
DELIMITER $$
CREATE TRIGGER `delete_por` AFTER DELETE ON `tbl_pullout` FOR EACH ROW DELETE FROM tbl_pullout_details WHERE pullout_id = OLD.pullout_id
$$
DELIMITER ;
DELIMITER $$
CREATE TRIGGER `finish_por` AFTER UPDATE ON `tbl_pullout` FOR EACH ROW BEGIN 
	UPDATE tbl_product_transactions SET status = IF (NEW.status = 'F', 1, 0),branch_id = IF (NEW.status = 'F', NEW.branch_id, 0), warehouse_id = IF (NEW.status = 'F', NEW.warehouse_id, 0), transaction_date=NEW.pullout_date WHERE header_id = NEW.pullout_id AND module = 'PUL';
	UPDATE tbl_product_transactions AS po, tbl_product_transactions AS pin SET pin.served_status = IF (NEW.status = 'F', 1, 0),pin.served_qty = IF (NEW.status = 'F', po.quantity, 0) WHERE po.served_transaction_id = pin.transaction_id AND po.module = 'PUL' AND po.header_id = NEW.pullout_id;
	UPDATE tbl_purchase_order SET pullout_status = 'F' WHERE po_id = NEW.po_id AND NEW.status = 'F';
 END
$$
DELIMITER ;

-- --------------------------------------------------------

--
-- Table structure for table `tbl_pullout_details`
--

CREATE TABLE `tbl_pullout_details` (
  `pullout_detail_id` int(11) NOT NULL,
  `pullout_id` int(11) NOT NULL,
  `product_id` int(11) NOT NULL,
  `packaging_id` int(11) NOT NULL,
  `po_detail_id` int(11) NOT NULL,
  `sku_id` int(11) NOT NULL,
  `transaction_id` int(11) NOT NULL,
  `quantity` decimal(12,2) NOT NULL,
  `actual_qty` decimal(12,2) NOT NULL,
  `pullout_return_qty` decimal(12,2) NOT NULL,
  `cost` decimal(12,2) NOT NULL,
  `price` decimal(12,2) NOT NULL,
  `date_added` datetime NOT NULL DEFAULT CURRENT_TIMESTAMP,
  `date_last_modified` datetime NOT NULL DEFAULT CURRENT_TIMESTAMP ON UPDATE CURRENT_TIMESTAMP,
  `received_qty` decimal(12,5) NOT NULL,
  `actual_kg` decimal(12,5) NOT NULL
) ENGINE=InnoDB DEFAULT CHARSET=latin1;

--
-- Dumping data for table `tbl_pullout_details`
--

INSERT INTO `tbl_pullout_details` (`pullout_detail_id`, `pullout_id`, `product_id`, `packaging_id`, `po_detail_id`, `sku_id`, `transaction_id`, `quantity`, `actual_qty`, `pullout_return_qty`, `cost`, `price`, `date_added`, `date_last_modified`, `received_qty`, `actual_kg`) VALUES
(1, 1, 1, 17, 8, 21, 21, '50.00', '50.00', '0.00', '100.00', '105.00', '2024-04-04 13:23:46', '2024-04-04 13:28:48', '50.00000', '50.00000'),
(2, 1, 1, 17, 8, 22, 22, '50.00', '50.00', '0.00', '100.00', '105.00', '2024-04-04 13:23:49', '2024-04-04 13:28:52', '50.00000', '50.00000'),
(3, 1, 2, 17, 9, 41, 41, '50.00', '50.00', '0.00', '100.00', '105.00', '2024-04-04 13:23:57', '2024-04-04 13:30:36', '50.00000', '50.00000'),
(4, 1, 2, 17, 9, 42, 42, '50.00', '50.00', '0.00', '100.00', '105.00', '2024-04-04 13:23:59', '2024-04-04 13:29:10', '50.00000', '50.00000'),
(5, 1, 3, 17, 10, 62, 62, '50.00', '50.00', '0.00', '100.00', '105.00', '2024-04-04 13:24:08', '2024-04-04 13:30:50', '50.00000', '50.00000'),
(6, 1, 3, 17, 10, 63, 63, '50.00', '50.00', '0.00', '100.00', '105.00', '2024-04-04 13:24:12', '2024-04-04 13:30:53', '50.00000', '50.00000'),
(7, 1, 6, 15, 11, 82, 82, '50.00', '50.00', '0.00', '100.00', '105.00', '2024-04-04 13:24:15', '2024-04-04 13:31:00', '50.00000', '57.00000'),
(8, 1, 6, 15, 11, 83, 83, '50.00', '50.00', '0.00', '100.00', '105.00', '2024-04-04 13:24:18', '2024-04-04 13:31:02', '50.00000', '57.00000'),
(9, 1, 7, 18, 12, 102, 102, '50.00', '50.00', '0.00', '100.00', '105.00', '2024-04-04 13:24:22', '2024-04-04 13:31:09', '50.00000', '12.50000'),
(10, 1, 7, 18, 12, 103, 103, '50.00', '50.00', '0.00', '100.00', '105.00', '2024-04-04 13:24:26', '2024-04-04 13:31:17', '50.00000', '12.50000'),
(11, 1, 11, 19, 13, 122, 122, '50.00', '50.00', '0.00', '100.00', '105.00', '2024-04-04 13:24:34', '2024-04-04 13:31:24', '50.00000', '10.00000'),
(12, 1, 11, 19, 13, 123, 123, '50.00', '50.00', '0.00', '100.00', '105.00', '2024-04-04 13:24:38', '2024-04-04 13:31:27', '50.00000', '10.00000'),
(13, 1, 13, 21, 14, 142, 142, '50.00', '50.00', '0.00', '100.00', '105.00', '2024-04-04 13:24:45', '2024-04-04 13:31:35', '50.00000', '57.50000'),
(14, 1, 13, 21, 14, 143, 143, '50.00', '50.00', '0.00', '100.00', '105.00', '2024-04-04 13:24:47', '2024-04-04 13:31:38', '50.00000', '57.50000'),
(15, 2, 1, 17, 15, 21, 190, '50.00', '50.00', '0.00', '105.00', '110.00', '2024-04-04 14:03:00', '2024-04-04 14:03:00', '0.00000', '50.00000'),
(16, 2, 1, 17, 15, 22, 191, '50.00', '50.00', '0.00', '105.00', '110.00', '2024-04-04 14:03:07', '2024-04-04 14:03:07', '0.00000', '50.00000'),
(17, 2, 2, 17, 16, 41, 193, '50.00', '50.00', '0.00', '105.00', '110.00', '2024-04-04 14:03:19', '2024-04-04 14:03:19', '0.00000', '50.00000'),
(18, 2, 2, 17, 16, 42, 192, '50.00', '50.00', '0.00', '105.00', '110.00', '2024-04-04 14:03:23', '2024-04-04 14:03:23', '0.00000', '50.00000'),
(19, 2, 3, 17, 17, 62, 194, '50.00', '50.00', '0.00', '105.00', '110.00', '2024-04-04 14:03:29', '2024-04-04 14:03:29', '0.00000', '50.00000'),
(20, 2, 3, 17, 17, 63, 195, '50.00', '50.00', '0.00', '105.00', '110.00', '2024-04-04 14:03:33', '2024-04-04 14:03:33', '0.00000', '50.00000'),
(21, 2, 6, 15, 18, 82, 196, '50.00', '50.00', '0.00', '105.00', '110.00', '2024-04-04 14:03:41', '2024-04-04 14:03:41', '0.00000', '57.00000'),
(22, 2, 6, 15, 18, 83, 197, '50.00', '50.00', '0.00', '105.00', '110.00', '2024-04-04 14:03:44', '2024-04-04 14:03:44', '0.00000', '57.00000'),
(23, 2, 7, 18, 19, 102, 198, '50.00', '50.00', '0.00', '105.00', '110.00', '2024-04-04 14:03:49', '2024-04-04 14:03:49', '0.00000', '12.50000'),
(24, 2, 7, 18, 19, 103, 199, '50.00', '50.00', '0.00', '105.00', '110.00', '2024-04-04 14:03:53', '2024-04-04 14:03:53', '0.00000', '12.50000'),
(25, 2, 11, 19, 20, 122, 200, '50.00', '50.00', '0.00', '105.00', '110.00', '2024-04-04 14:03:59', '2024-04-04 14:03:59', '0.00000', '10.00000'),
(26, 2, 11, 19, 20, 123, 201, '50.00', '50.00', '0.00', '105.00', '110.00', '2024-04-04 14:04:05', '2024-04-04 14:04:05', '0.00000', '10.00000'),
(27, 2, 13, 21, 21, 142, 202, '50.00', '50.00', '0.00', '105.00', '110.00', '2024-04-04 14:04:10', '2024-04-04 14:04:10', '0.00000', '57.50000'),
(28, 2, 13, 21, 21, 143, 203, '50.00', '50.00', '0.00', '105.00', '110.00', '2024-04-04 14:04:14', '2024-04-04 14:04:14', '0.00000', '57.50000'),
(29, 3, 1, 17, 22, 23, 23, '50.00', '50.00', '0.00', '100.00', '105.00', '2024-04-04 14:27:09', '2024-04-04 14:31:32', '50.00000', '50.00000'),
(30, 3, 1, 17, 22, 24, 24, '50.00', '50.00', '0.00', '100.00', '105.00', '2024-04-04 14:27:12', '2024-04-04 14:31:37', '50.00000', '50.00000'),
(31, 3, 2, 17, 23, 43, 43, '50.00', '50.00', '0.00', '100.00', '105.00', '2024-04-04 14:27:25', '2024-04-04 14:31:42', '50.00000', '50.00000'),
(32, 3, 2, 17, 23, 44, 44, '50.00', '50.00', '0.00', '100.00', '105.00', '2024-04-04 14:27:28', '2024-04-04 14:31:47', '50.00000', '50.00000'),
(33, 3, 3, 17, 24, 64, 64, '50.00', '50.00', '0.00', '100.00', '105.00', '2024-04-04 14:29:32', '2024-04-04 14:31:51', '50.00000', '50.00000'),
(34, 3, 3, 17, 24, 65, 65, '50.00', '50.00', '0.00', '100.00', '105.00', '2024-04-04 14:29:35', '2024-04-04 14:31:54', '50.00000', '50.00000'),
(35, 3, 6, 15, 25, 84, 84, '50.00', '50.00', '0.00', '100.00', '105.00', '2024-04-04 14:29:40', '2024-04-04 14:31:59', '50.00000', '57.00000'),
(36, 3, 6, 15, 25, 85, 85, '50.00', '50.00', '0.00', '100.00', '105.00', '2024-04-04 14:29:43', '2024-04-04 14:32:04', '50.00000', '57.00000'),
(37, 3, 7, 18, 26, 104, 104, '50.00', '50.00', '0.00', '100.00', '105.00', '2024-04-04 14:29:48', '2024-04-04 14:32:09', '50.00000', '12.50000'),
(38, 3, 7, 18, 26, 105, 105, '50.00', '50.00', '0.00', '100.00', '105.00', '2024-04-04 14:29:52', '2024-04-04 14:32:15', '50.00000', '12.50000'),
(39, 3, 11, 19, 27, 124, 124, '50.00', '50.00', '0.00', '100.00', '105.00', '2024-04-04 14:29:57', '2024-04-04 14:32:19', '50.00000', '10.00000'),
(40, 3, 11, 19, 27, 125, 125, '50.00', '50.00', '0.00', '100.00', '105.00', '2024-04-04 14:30:01', '2024-04-04 14:32:23', '50.00000', '10.00000'),
(41, 3, 13, 21, 28, 144, 144, '50.00', '50.00', '0.00', '100.00', '105.00', '2024-04-04 14:30:06', '2024-04-04 14:32:28', '50.00000', '57.50000'),
(42, 3, 13, 21, 28, 145, 145, '50.00', '50.00', '0.00', '100.00', '105.00', '2024-04-04 14:30:09', '2024-04-04 14:32:32', '50.00000', '57.50000');

--
-- Triggers `tbl_pullout_details`
--
DELIMITER $$
CREATE TRIGGER `add_por_detail` AFTER INSERT ON `tbl_pullout_details` FOR EACH ROW BEGIN 
	INSERT INTO tbl_product_transactions (sku_id,product_id,packaging_id,quantity,actual_qty,cost,price,header_id,detail_id,module,`type`,`served_transaction_id`) VALUES (NEW.sku_id,NEW.product_id,NEW.packaging_id,NEW.quantity,NEW.actual_qty,NEW.cost,NEW.price,NEW.pullout_id,NEW.pullout_detail_id,'PUL','OUT',NEW.transaction_id);
 END
$$
DELIMITER ;
DELIMITER $$
CREATE TRIGGER `delete_por_detail` AFTER DELETE ON `tbl_pullout_details` FOR EACH ROW BEGIN 
	DELETE FROM tbl_product_transactions WHERE header_id = OLD.pullout_id AND detail_id = OLD.pullout_detail_id AND module = 'PUL';
	DELETE FROM tbl_agent_product_transactions WHERE header_id = OLD.pullout_id AND detail_id = OLD.pullout_detail_id AND module = 'PUL';
 END
$$
DELIMITER ;

-- --------------------------------------------------------

--
-- Table structure for table `tbl_pullout_return`
--

CREATE TABLE `tbl_pullout_return` (
  `pullout_return_id` int(11) NOT NULL,
  `reference_number` varchar(30) NOT NULL,
  `pullout_id` int(11) NOT NULL,
  `branch_id` int(11) NOT NULL,
  `warehouse_id` int(11) NOT NULL,
  `user_id` int(11) NOT NULL,
  `pullout_return_date` date NOT NULL,
  `remarks` varchar(255) NOT NULL,
  `status` varchar(1) NOT NULL DEFAULT 'S' COMMENT 'S = Saved; F = Finished',
  `encoded_by` int(11) NOT NULL,
  `date_added` datetime NOT NULL DEFAULT CURRENT_TIMESTAMP,
  `date_last_modified` datetime NOT NULL DEFAULT CURRENT_TIMESTAMP ON UPDATE CURRENT_TIMESTAMP,
  `deposit_status` varchar(1) NOT NULL DEFAULT 'S' COMMENT 'S = Saved; P = Pending; F = Finished',
  `sales_summary_id` int(11) NOT NULL
) ENGINE=InnoDB DEFAULT CHARSET=latin1;

--
-- Triggers `tbl_pullout_return`
--
DELIMITER $$
CREATE TRIGGER `delete_pullout_return` AFTER DELETE ON `tbl_pullout_return` FOR EACH ROW DELETE FROM tbl_pullout_return_details WHERE pullout_return_id = OLD.pullout_return_id
$$
DELIMITER ;
DELIMITER $$
CREATE TRIGGER `finish_pullout_return` AFTER UPDATE ON `tbl_pullout_return` FOR EACH ROW BEGIN 
	UPDATE tbl_product_transactions SET status = 1,branch_id = NEW.branch_id, warehouse_id = NEW.warehouse_id, transaction_date=NEW.pullout_return_date WHERE header_id = NEW.pullout_return_id AND module = 'RET' AND NEW.status = 'F';
	UPDATE tbl_pullout SET pullout_return_status = 'F' WHERE pullout_id = NEW.pullout_id AND NEW.status = 'F';
 END
$$
DELIMITER ;

-- --------------------------------------------------------

--
-- Table structure for table `tbl_pullout_return_details`
--

CREATE TABLE `tbl_pullout_return_details` (
  `pullout_return_detail_id` int(11) NOT NULL,
  `pullout_return_id` int(11) NOT NULL,
  `product_id` int(11) NOT NULL,
  `pullout_detail_id` int(11) NOT NULL,
  `sku_id` int(11) NOT NULL,
  `quantity` decimal(12,2) NOT NULL,
  `cost` decimal(12,2) NOT NULL,
  `price` decimal(12,2) NOT NULL,
  `date_added` datetime NOT NULL DEFAULT CURRENT_TIMESTAMP,
  `date_last_modified` datetime NOT NULL DEFAULT CURRENT_TIMESTAMP ON UPDATE CURRENT_TIMESTAMP,
  `packaging_id` int(11) NOT NULL,
  `actual_qty` decimal(12,5) NOT NULL,
  `agent_transaction_id` int(11) NOT NULL
) ENGINE=InnoDB DEFAULT CHARSET=latin1;

--
-- Triggers `tbl_pullout_return_details`
--
DELIMITER $$
CREATE TRIGGER `add_pullout_return_detail` AFTER INSERT ON `tbl_pullout_return_details` FOR EACH ROW BEGIN 
	INSERT INTO tbl_product_transactions (sku_id,product_id,packaging_id,quantity,actual_qty,cost,price,header_id,detail_id,module,`type`) VALUES (NEW.sku_id,NEW.product_id,NEW.packaging_id,NEW.quantity,NEW.actual_qty,NEW.cost,NEW.price,NEW.pullout_return_id,NEW.pullout_return_detail_id,'RET','IN');
	INSERT INTO tbl_agent_product_transactions (sku_id,product_id,packaging_id,quantity,actual_qty,cost,price,header_id,detail_id,module,`type`, served_transaction_id) VALUES (NEW.sku_id,NEW.product_id,NEW.packaging_id,NEW.quantity,NEW.actual_qty,NEW.cost,NEW.price,NEW.pullout_return_id,NEW.pullout_return_detail_id,'RET','OUT', NEW.agent_transaction_id);
 END
$$
DELIMITER ;
DELIMITER $$
CREATE TRIGGER `delete_pullout_return_detail` AFTER DELETE ON `tbl_pullout_return_details` FOR EACH ROW BEGIN 
	DELETE FROM tbl_product_transactions WHERE header_id = OLD.pullout_return_id AND detail_id = OLD.pullout_return_detail_id AND module = 'RET';
	DELETE FROM tbl_agent_product_transactions WHERE header_id = OLD.pullout_return_id AND detail_id = OLD.pullout_return_detail_id AND module = 'RET';
 END
$$
DELIMITER ;

-- --------------------------------------------------------

--
-- Table structure for table `tbl_purchase_order`
--

CREATE TABLE `tbl_purchase_order` (
  `po_id` int(11) NOT NULL,
  `branch_id` int(11) NOT NULL,
  `warehouse_id` int(11) NOT NULL,
  `customer_id` int(11) NOT NULL,
  `reference_number` varchar(75) NOT NULL,
  `supplier_id` int(11) NOT NULL,
  `po_terms` int(5) NOT NULL,
  `po_date` date NOT NULL,
  `po_type` varchar(1) NOT NULL COMMENT 'C = Cash; H = Charge',
  `po_category` varchar(1) NOT NULL COMMENT 'S = Supplier; B = Branch; C= Customers; D = DSP',
  `paid_status` int(1) NOT NULL COMMENT '1 = Paid; 0 = Unpaid',
  `po_remarks` varchar(255) NOT NULL,
  `status` varchar(1) NOT NULL DEFAULT 'S' COMMENT 'S = Saved; P = Pending; F = Finished',
  `received_status` varchar(1) NOT NULL DEFAULT 'S' COMMENT 'S = Saved; P = Partial; F = Fully Served',
  `pullout_status` varchar(1) NOT NULL DEFAULT 'S' COMMENT 'S = Saved; P = Partial; F = Fully Served; Status of PO if Already Pullout',
  `encoded_by` int(11) NOT NULL,
  `date_added` datetime NOT NULL DEFAULT CURRENT_TIMESTAMP,
  `date_last_modified` datetime NOT NULL DEFAULT CURRENT_TIMESTAMP ON UPDATE CURRENT_TIMESTAMP,
  `consolidation_id` int(11) NOT NULL,
  `sales_summary_id` int(11) NOT NULL DEFAULT '0'
) ENGINE=InnoDB DEFAULT CHARSET=latin1;

--
-- Dumping data for table `tbl_purchase_order`
--

INSERT INTO `tbl_purchase_order` (`po_id`, `branch_id`, `warehouse_id`, `customer_id`, `reference_number`, `supplier_id`, `po_terms`, `po_date`, `po_type`, `po_category`, `paid_status`, `po_remarks`, `status`, `received_status`, `pullout_status`, `encoded_by`, `date_added`, `date_last_modified`, `consolidation_id`, `sales_summary_id`) VALUES
(1, 2, 16, 0, 'PO-2-000001', 1, 30, '2024-04-04', 'H', 'S', 0, 'TEST', 'F', 'F', 'S', 3, '2024-04-04 20:55:46', '2024-04-04 13:15:48', 0, 0),
(2, 5, 16, 2, 'PO-5-000001', 22, 30, '2024-04-04', 'H', 'B', 0, '', 'F', 'F', 'F', 3, '2024-04-04 21:19:44', '2024-04-04 13:31:47', 0, 0),
(3, 5, 5, 10, 'PO-5-000002', 5, 0, '2024-04-04', 'H', 'D', 0, '', 'F', 'S', 'F', 16, '2024-04-04 21:57:17', '2024-04-04 14:04:22', 0, 0),
(4, 8, 16, 7, 'PO-8-000001', 21, 30, '2024-04-03', 'H', 'B', 0, '', 'F', 'F', 'F', 3, '2024-04-04 22:24:49', '2024-04-04 14:32:41', 0, 0);

--
-- Triggers `tbl_purchase_order`
--
DELIMITER $$
CREATE TRIGGER `delete_po` AFTER DELETE ON `tbl_purchase_order` FOR EACH ROW DELETE FROM tbl_purchase_order_details WHERE po_id = OLD.po_id
$$
DELIMITER ;

-- --------------------------------------------------------

--
-- Table structure for table `tbl_purchase_order_details`
--

CREATE TABLE `tbl_purchase_order_details` (
  `po_detail_id` int(11) NOT NULL,
  `po_id` int(11) NOT NULL,
  `product_id` int(11) NOT NULL,
  `packaging_id` int(11) NOT NULL,
  `request_qty` decimal(12,2) NOT NULL,
  `quantity` decimal(12,2) NOT NULL,
  `actual_qty` decimal(12,2) NOT NULL,
  `received_qty` decimal(12,2) NOT NULL,
  `pullout_qty` decimal(12,2) NOT NULL,
  `cost` decimal(12,2) NOT NULL,
  `date_added` datetime NOT NULL DEFAULT CURRENT_TIMESTAMP,
  `date_last_modified` datetime NOT NULL DEFAULT CURRENT_TIMESTAMP ON UPDATE CURRENT_TIMESTAMP,
  `actual_kg` decimal(12,5) NOT NULL
) ENGINE=InnoDB DEFAULT CHARSET=latin1;

--
-- Dumping data for table `tbl_purchase_order_details`
--

INSERT INTO `tbl_purchase_order_details` (`po_detail_id`, `po_id`, `product_id`, `packaging_id`, `request_qty`, `quantity`, `actual_qty`, `received_qty`, `pullout_qty`, `cost`, `date_added`, `date_last_modified`, `actual_kg`) VALUES
(1, 1, 1, 17, '0.00', '1000.00', '1000.00', '1000.00', '0.00', '100.00', '2024-04-04 12:55:54', '2024-04-04 13:07:02', '1000.00000'),
(2, 1, 2, 17, '0.00', '1000.00', '1000.00', '1000.00', '0.00', '100.00', '2024-04-04 12:55:59', '2024-04-04 13:09:28', '1000.00000'),
(3, 1, 3, 17, '0.00', '1000.00', '1000.00', '1000.00', '0.00', '100.00', '2024-04-04 12:56:04', '2024-04-04 13:10:40', '1000.00000'),
(4, 1, 6, 15, '0.00', '1000.00', '1000.00', '1000.00', '0.00', '100.00', '2024-04-04 12:56:33', '2024-04-04 13:11:44', '1140.00000'),
(5, 1, 7, 18, '0.00', '1000.00', '1000.00', '1000.00', '0.00', '100.00', '2024-04-04 12:56:38', '2024-04-04 13:13:23', '250.00000'),
(6, 1, 11, 19, '0.00', '1000.00', '1000.00', '1000.00', '0.00', '100.00', '2024-04-04 12:56:43', '2024-04-04 13:14:28', '200.00000'),
(7, 1, 13, 21, '0.00', '1000.00', '1000.00', '1000.00', '0.00', '100.00', '2024-04-04 12:56:54', '2024-04-04 13:15:33', '1150.00000'),
(8, 2, 1, 17, '100.00', '100.00', '100.00', '0.00', '100.00', '105.00', '2024-04-04 13:21:41', '2024-04-04 13:28:48', '100.00000'),
(9, 2, 2, 17, '100.00', '100.00', '100.00', '0.00', '100.00', '105.00', '2024-04-04 13:21:45', '2024-04-04 13:29:10', '100.00000'),
(10, 2, 3, 17, '100.00', '100.00', '100.00', '0.00', '100.00', '105.00', '2024-04-04 13:21:49', '2024-04-04 13:30:50', '100.00000'),
(11, 2, 6, 15, '100.00', '100.00', '100.00', '0.00', '100.00', '105.00', '2024-04-04 13:22:00', '2024-04-04 13:31:00', '114.00000'),
(12, 2, 7, 18, '100.00', '100.00', '100.00', '0.00', '100.00', '105.00', '2024-04-04 13:22:04', '2024-04-04 13:31:09', '25.00000'),
(13, 2, 11, 19, '100.00', '100.00', '100.00', '0.00', '100.00', '105.00', '2024-04-04 13:22:11', '2024-04-04 13:31:24', '20.00000'),
(14, 2, 13, 21, '100.00', '100.00', '100.00', '0.00', '100.00', '105.00', '2024-04-04 13:22:15', '2024-04-04 13:31:35', '115.00000'),
(15, 3, 1, 17, '100.00', '100.00', '100.00', '0.00', '100.00', '0.00', '2024-04-04 13:57:25', '2024-04-04 14:03:07', '100.00000'),
(16, 3, 2, 17, '100.00', '100.00', '100.00', '0.00', '100.00', '0.00', '2024-04-04 13:57:38', '2024-04-04 14:03:23', '100.00000'),
(17, 3, 3, 17, '100.00', '100.00', '100.00', '0.00', '100.00', '0.00', '2024-04-04 13:57:54', '2024-04-04 14:03:33', '100.00000'),
(18, 3, 6, 15, '100.00', '100.00', '100.00', '0.00', '100.00', '0.00', '2024-04-04 13:58:04', '2024-04-04 14:03:44', '114.00000'),
(19, 3, 7, 18, '100.00', '100.00', '100.00', '0.00', '100.00', '0.00', '2024-04-04 13:58:10', '2024-04-04 14:03:53', '25.00000'),
(20, 3, 11, 19, '100.00', '100.00', '100.00', '0.00', '100.00', '0.00', '2024-04-04 13:58:33', '2024-04-04 14:04:05', '20.00000'),
(21, 3, 13, 21, '100.00', '100.00', '100.00', '0.00', '100.00', '0.00', '2024-04-04 13:58:42', '2024-04-04 14:04:14', '115.00000'),
(22, 4, 1, 17, '100.00', '100.00', '100.00', '0.00', '100.00', '105.00', '2024-04-04 14:24:53', '2024-04-04 14:31:32', '100.00000'),
(23, 4, 2, 17, '100.00', '100.00', '100.00', '0.00', '100.00', '105.00', '2024-04-04 14:24:57', '2024-04-04 14:31:42', '100.00000'),
(24, 4, 3, 17, '100.00', '100.00', '100.00', '0.00', '100.00', '105.00', '2024-04-04 14:25:01', '2024-04-04 14:31:51', '100.00000'),
(25, 4, 6, 15, '100.00', '100.00', '100.00', '0.00', '100.00', '105.00', '2024-04-04 14:25:05', '2024-04-04 14:31:59', '114.00000'),
(26, 4, 7, 18, '100.00', '100.00', '100.00', '0.00', '100.00', '105.00', '2024-04-04 14:25:10', '2024-04-04 14:32:09', '25.00000'),
(27, 4, 11, 19, '100.00', '100.00', '100.00', '0.00', '100.00', '105.00', '2024-04-04 14:25:16', '2024-04-04 14:32:19', '20.00000'),
(28, 4, 13, 21, '100.00', '100.00', '100.00', '0.00', '100.00', '105.00', '2024-04-04 14:25:20', '2024-04-04 14:32:28', '115.00000');

-- --------------------------------------------------------

--
-- Table structure for table `tbl_receiving`
--

CREATE TABLE `tbl_receiving` (
  `rr_id` int(11) NOT NULL,
  `reference_number` varchar(75) NOT NULL,
  `branch_id` int(11) NOT NULL,
  `warehouse_id` int(11) NOT NULL,
  `po_id` int(11) NOT NULL,
  `pullout_id` int(11) NOT NULL,
  `sales_invoice` varchar(75) NOT NULL,
  `commi` varchar(75) NOT NULL,
  `bai` varchar(75) NOT NULL,
  `truck_plate_number` varchar(75) NOT NULL,
  `origin` varchar(100) NOT NULL,
  `rr_date` date NOT NULL,
  `remarks` varchar(255) NOT NULL,
  `status` varchar(1) NOT NULL DEFAULT 'S',
  `encoded_by` int(11) NOT NULL,
  `journal_id` int(11) NOT NULL,
  `date_added` datetime NOT NULL DEFAULT CURRENT_TIMESTAMP,
  `date_last_modified` datetime NOT NULL DEFAULT CURRENT_TIMESTAMP ON UPDATE CURRENT_TIMESTAMP
) ENGINE=InnoDB DEFAULT CHARSET=latin1;

--
-- Dumping data for table `tbl_receiving`
--

INSERT INTO `tbl_receiving` (`rr_id`, `reference_number`, `branch_id`, `warehouse_id`, `po_id`, `pullout_id`, `sales_invoice`, `commi`, `bai`, `truck_plate_number`, `origin`, `rr_date`, `remarks`, `status`, `encoded_by`, `journal_id`, `date_added`, `date_last_modified`) VALUES
(1, 'RR-2-000001', 2, 16, 1, 0, '1', '1', '1', '1', 'manila', '2024-04-04', '', 'F', 32, 0, '2024-04-04 13:02:09', '2024-04-04 13:15:48'),
(2, 'RR-5-000001', 5, 5, 2, 1, '', '', '', '', '', '2024-04-04', '', 'F', 32, 0, '2024-04-04 13:28:34', '2024-04-04 13:31:47'),
(3, 'RR-8-000001', 8, 13, 4, 3, '', '', '', '', '', '2024-04-04', '', 'F', 32, 0, '2024-04-04 14:31:27', '2024-04-04 14:32:41');

--
-- Triggers `tbl_receiving`
--
DELIMITER $$
CREATE TRIGGER `delete_rr` AFTER DELETE ON `tbl_receiving` FOR EACH ROW DELETE FROM tbl_receiving_details WHERE rr_id = OLD.rr_id
$$
DELIMITER ;
DELIMITER $$
CREATE TRIGGER `finish_rr` AFTER UPDATE ON `tbl_receiving` FOR EACH ROW BEGIN 
	UPDATE tbl_product_transactions SET status = 1,branch_id = NEW.branch_id, warehouse_id = NEW.warehouse_id, transaction_date = NEW.rr_date WHERE header_id = NEW.rr_id AND module = 'RR' AND NEW.status = 'F';
	UPDATE tbl_pullout SET received_status = 'F' WHERE pullout_id = NEW.pullout_id;
 END
$$
DELIMITER ;

-- --------------------------------------------------------

--
-- Table structure for table `tbl_receiving_details`
--

CREATE TABLE `tbl_receiving_details` (
  `rr_detail_id` int(11) NOT NULL,
  `rr_id` int(11) NOT NULL,
  `product_id` int(11) NOT NULL,
  `packaging_id` int(11) NOT NULL,
  `po_detail_id` int(11) NOT NULL,
  `sku_id` int(11) NOT NULL,
  `quantity` decimal(12,2) NOT NULL,
  `actual_qty` decimal(12,2) NOT NULL,
  `cost` decimal(12,2) NOT NULL,
  `price` decimal(12,2) NOT NULL,
  `date_added` datetime NOT NULL DEFAULT CURRENT_TIMESTAMP,
  `date_last_modified` datetime NOT NULL DEFAULT CURRENT_TIMESTAMP ON UPDATE CURRENT_TIMESTAMP,
  `actual_kg` decimal(12,5) NOT NULL
) ENGINE=InnoDB DEFAULT CHARSET=latin1;

--
-- Dumping data for table `tbl_receiving_details`
--

INSERT INTO `tbl_receiving_details` (`rr_detail_id`, `rr_id`, `product_id`, `packaging_id`, `po_detail_id`, `sku_id`, `quantity`, `actual_qty`, `cost`, `price`, `date_added`, `date_last_modified`, `actual_kg`) VALUES
(21, 1, 1, 17, 1, 21, '50.00', '50.00', '100.00', '0.00', '2024-04-04 13:06:05', '2024-04-04 13:06:05', '50.00000'),
(22, 1, 1, 17, 1, 22, '50.00', '50.00', '100.00', '0.00', '2024-04-04 13:06:06', '2024-04-04 13:06:06', '50.00000'),
(23, 1, 1, 17, 1, 23, '50.00', '50.00', '100.00', '0.00', '2024-04-04 13:06:09', '2024-04-04 13:06:09', '50.00000'),
(24, 1, 1, 17, 1, 24, '50.00', '50.00', '100.00', '0.00', '2024-04-04 13:06:11', '2024-04-04 13:06:11', '50.00000'),
(25, 1, 1, 17, 1, 25, '50.00', '50.00', '100.00', '0.00', '2024-04-04 13:06:13', '2024-04-04 13:06:13', '50.00000'),
(26, 1, 1, 17, 1, 26, '50.00', '50.00', '100.00', '0.00', '2024-04-04 13:06:16', '2024-04-04 13:06:16', '50.00000'),
(27, 1, 1, 17, 1, 27, '50.00', '50.00', '100.00', '0.00', '2024-04-04 13:06:21', '2024-04-04 13:06:21', '50.00000'),
(28, 1, 1, 17, 1, 28, '50.00', '50.00', '100.00', '0.00', '2024-04-04 13:06:29', '2024-04-04 13:06:29', '50.00000'),
(29, 1, 1, 17, 1, 29, '50.00', '50.00', '100.00', '0.00', '2024-04-04 13:06:32', '2024-04-04 13:06:32', '50.00000'),
(30, 1, 1, 17, 1, 30, '50.00', '50.00', '100.00', '0.00', '2024-04-04 13:06:35', '2024-04-04 13:06:35', '50.00000'),
(31, 1, 1, 17, 1, 31, '50.00', '50.00', '100.00', '0.00', '2024-04-04 13:06:37', '2024-04-04 13:06:37', '50.00000'),
(32, 1, 1, 17, 1, 32, '50.00', '50.00', '100.00', '0.00', '2024-04-04 13:06:39', '2024-04-04 13:06:39', '50.00000'),
(33, 1, 1, 17, 1, 33, '50.00', '50.00', '100.00', '0.00', '2024-04-04 13:06:47', '2024-04-04 13:06:47', '50.00000'),
(34, 1, 1, 17, 1, 34, '50.00', '50.00', '100.00', '0.00', '2024-04-04 13:06:49', '2024-04-04 13:06:49', '50.00000'),
(35, 1, 1, 17, 1, 35, '50.00', '50.00', '100.00', '0.00', '2024-04-04 13:06:51', '2024-04-04 13:06:51', '50.00000'),
(36, 1, 1, 17, 1, 36, '50.00', '50.00', '100.00', '0.00', '2024-04-04 13:06:53', '2024-04-04 13:06:53', '50.00000'),
(37, 1, 1, 17, 1, 37, '50.00', '50.00', '100.00', '0.00', '2024-04-04 13:06:55', '2024-04-04 13:06:55', '50.00000'),
(38, 1, 1, 17, 1, 38, '50.00', '50.00', '100.00', '0.00', '2024-04-04 13:06:57', '2024-04-04 13:06:57', '50.00000'),
(39, 1, 1, 17, 1, 39, '50.00', '50.00', '100.00', '0.00', '2024-04-04 13:07:00', '2024-04-04 13:07:00', '50.00000'),
(40, 1, 1, 17, 1, 40, '50.00', '50.00', '100.00', '0.00', '2024-04-04 13:07:02', '2024-04-04 13:07:02', '50.00000'),
(41, 1, 2, 17, 2, 41, '50.00', '50.00', '100.00', '0.00', '2024-04-04 13:07:34', '2024-04-04 13:07:34', '50.00000'),
(42, 1, 2, 17, 2, 42, '50.00', '50.00', '100.00', '0.00', '2024-04-04 13:08:15', '2024-04-04 13:08:15', '50.00000'),
(43, 1, 2, 17, 2, 43, '50.00', '50.00', '100.00', '0.00', '2024-04-04 13:08:26', '2024-04-04 13:08:26', '50.00000'),
(44, 1, 2, 17, 2, 44, '50.00', '50.00', '100.00', '0.00', '2024-04-04 13:08:27', '2024-04-04 13:08:27', '50.00000'),
(45, 1, 2, 17, 2, 45, '50.00', '50.00', '100.00', '0.00', '2024-04-04 13:08:30', '2024-04-04 13:08:30', '50.00000'),
(46, 1, 2, 17, 2, 46, '50.00', '50.00', '100.00', '0.00', '2024-04-04 13:08:33', '2024-04-04 13:08:33', '50.00000'),
(47, 1, 2, 17, 2, 47, '50.00', '50.00', '100.00', '0.00', '2024-04-04 13:08:35', '2024-04-04 13:08:35', '50.00000'),
(48, 1, 2, 17, 2, 48, '50.00', '50.00', '100.00', '0.00', '2024-04-04 13:08:37', '2024-04-04 13:08:37', '50.00000'),
(49, 1, 2, 17, 2, 49, '50.00', '50.00', '100.00', '0.00', '2024-04-04 13:08:40', '2024-04-04 13:08:40', '50.00000'),
(50, 1, 2, 17, 2, 50, '50.00', '50.00', '100.00', '0.00', '2024-04-04 13:08:41', '2024-04-04 13:08:41', '50.00000'),
(51, 1, 2, 17, 2, 51, '50.00', '50.00', '100.00', '0.00', '2024-04-04 13:08:44', '2024-04-04 13:08:44', '50.00000'),
(52, 1, 2, 17, 2, 52, '50.00', '50.00', '100.00', '0.00', '2024-04-04 13:08:46', '2024-04-04 13:08:46', '50.00000'),
(53, 1, 2, 17, 2, 53, '50.00', '50.00', '100.00', '0.00', '2024-04-04 13:08:48', '2024-04-04 13:08:48', '50.00000'),
(54, 1, 2, 17, 2, 54, '50.00', '50.00', '100.00', '0.00', '2024-04-04 13:08:51', '2024-04-04 13:08:51', '50.00000'),
(55, 1, 2, 17, 2, 55, '50.00', '50.00', '100.00', '0.00', '2024-04-04 13:08:59', '2024-04-04 13:08:59', '50.00000'),
(56, 1, 2, 17, 2, 56, '50.00', '50.00', '100.00', '0.00', '2024-04-04 13:09:02', '2024-04-04 13:09:02', '50.00000'),
(57, 1, 2, 17, 2, 57, '50.00', '50.00', '100.00', '0.00', '2024-04-04 13:09:04', '2024-04-04 13:09:04', '50.00000'),
(58, 1, 2, 17, 2, 58, '50.00', '50.00', '100.00', '0.00', '2024-04-04 13:09:06', '2024-04-04 13:09:06', '50.00000'),
(59, 1, 2, 17, 2, 59, '50.00', '50.00', '100.00', '0.00', '2024-04-04 13:09:08', '2024-04-04 13:09:08', '50.00000'),
(60, 1, 2, 17, 2, 60, '50.00', '50.00', '100.00', '0.00', '2024-04-04 13:09:10', '2024-04-04 13:09:10', '50.00000'),
(62, 1, 3, 17, 3, 62, '50.00', '50.00', '100.00', '0.00', '2024-04-04 13:09:41', '2024-04-04 13:09:41', '50.00000'),
(63, 1, 3, 17, 3, 63, '50.00', '50.00', '100.00', '0.00', '2024-04-04 13:09:44', '2024-04-04 13:09:44', '50.00000'),
(64, 1, 3, 17, 3, 64, '50.00', '50.00', '100.00', '0.00', '2024-04-04 13:09:46', '2024-04-04 13:09:46', '50.00000'),
(65, 1, 3, 17, 3, 65, '50.00', '50.00', '100.00', '0.00', '2024-04-04 13:09:49', '2024-04-04 13:09:49', '50.00000'),
(66, 1, 3, 17, 3, 66, '50.00', '50.00', '100.00', '0.00', '2024-04-04 13:09:51', '2024-04-04 13:09:51', '50.00000'),
(67, 1, 3, 17, 3, 67, '50.00', '50.00', '100.00', '0.00', '2024-04-04 13:09:53', '2024-04-04 13:09:53', '50.00000'),
(68, 1, 3, 17, 3, 68, '50.00', '50.00', '100.00', '0.00', '2024-04-04 13:09:56', '2024-04-04 13:09:56', '50.00000'),
(69, 1, 3, 17, 3, 69, '50.00', '50.00', '100.00', '0.00', '2024-04-04 13:09:58', '2024-04-04 13:09:58', '50.00000'),
(70, 1, 3, 17, 3, 70, '50.00', '50.00', '100.00', '0.00', '2024-04-04 13:10:00', '2024-04-04 13:10:00', '50.00000'),
(71, 1, 3, 17, 3, 71, '50.00', '50.00', '100.00', '0.00', '2024-04-04 13:10:03', '2024-04-04 13:10:03', '50.00000'),
(72, 1, 3, 17, 3, 72, '50.00', '50.00', '100.00', '0.00', '2024-04-04 13:10:05', '2024-04-04 13:10:05', '50.00000'),
(73, 1, 3, 17, 3, 73, '50.00', '50.00', '100.00', '0.00', '2024-04-04 13:10:07', '2024-04-04 13:10:07', '50.00000'),
(74, 1, 3, 17, 3, 74, '50.00', '50.00', '100.00', '0.00', '2024-04-04 13:10:10', '2024-04-04 13:10:10', '50.00000'),
(75, 1, 3, 17, 3, 75, '50.00', '50.00', '100.00', '0.00', '2024-04-04 13:10:12', '2024-04-04 13:10:12', '50.00000'),
(76, 1, 3, 17, 3, 76, '50.00', '50.00', '100.00', '0.00', '2024-04-04 13:10:25', '2024-04-04 13:10:25', '50.00000'),
(77, 1, 3, 17, 3, 77, '50.00', '50.00', '100.00', '0.00', '2024-04-04 13:10:27', '2024-04-04 13:10:27', '50.00000'),
(78, 1, 3, 17, 3, 78, '50.00', '50.00', '100.00', '0.00', '2024-04-04 13:10:29', '2024-04-04 13:10:29', '50.00000'),
(79, 1, 3, 17, 3, 79, '50.00', '50.00', '100.00', '0.00', '2024-04-04 13:10:33', '2024-04-04 13:10:33', '50.00000'),
(80, 1, 3, 17, 3, 80, '50.00', '50.00', '100.00', '0.00', '2024-04-04 13:10:37', '2024-04-04 13:10:37', '50.00000'),
(81, 1, 3, 17, 3, 81, '50.00', '50.00', '100.00', '0.00', '2024-04-04 13:10:40', '2024-04-04 13:10:40', '50.00000'),
(82, 1, 6, 15, 4, 82, '50.00', '50.00', '100.00', '0.00', '2024-04-04 13:10:53', '2024-04-04 13:10:53', '57.00000'),
(83, 1, 6, 15, 4, 83, '50.00', '50.00', '100.00', '0.00', '2024-04-04 13:10:55', '2024-04-04 13:10:55', '57.00000'),
(84, 1, 6, 15, 4, 84, '50.00', '50.00', '100.00', '0.00', '2024-04-04 13:10:58', '2024-04-04 13:10:58', '57.00000'),
(85, 1, 6, 15, 4, 85, '50.00', '50.00', '100.00', '0.00', '2024-04-04 13:11:00', '2024-04-04 13:11:00', '57.00000'),
(86, 1, 6, 15, 4, 86, '50.00', '50.00', '100.00', '0.00', '2024-04-04 13:11:03', '2024-04-04 13:11:03', '57.00000'),
(87, 1, 6, 15, 4, 87, '50.00', '50.00', '100.00', '0.00', '2024-04-04 13:11:06', '2024-04-04 13:11:06', '57.00000'),
(88, 1, 6, 15, 4, 88, '50.00', '50.00', '100.00', '0.00', '2024-04-04 13:11:08', '2024-04-04 13:11:08', '57.00000'),
(89, 1, 6, 15, 4, 89, '50.00', '50.00', '100.00', '0.00', '2024-04-04 13:11:10', '2024-04-04 13:11:10', '57.00000'),
(90, 1, 6, 15, 4, 90, '50.00', '50.00', '100.00', '0.00', '2024-04-04 13:11:13', '2024-04-04 13:11:13', '57.00000'),
(91, 1, 6, 15, 4, 91, '50.00', '50.00', '100.00', '0.00', '2024-04-04 13:11:15', '2024-04-04 13:11:15', '57.00000'),
(92, 1, 6, 15, 4, 92, '50.00', '50.00', '100.00', '0.00', '2024-04-04 13:11:17', '2024-04-04 13:11:17', '57.00000'),
(93, 1, 6, 15, 4, 93, '50.00', '50.00', '100.00', '0.00', '2024-04-04 13:11:21', '2024-04-04 13:11:21', '57.00000'),
(94, 1, 6, 15, 4, 94, '50.00', '50.00', '100.00', '0.00', '2024-04-04 13:11:27', '2024-04-04 13:11:27', '57.00000'),
(95, 1, 6, 15, 4, 95, '50.00', '50.00', '100.00', '0.00', '2024-04-04 13:11:29', '2024-04-04 13:11:29', '57.00000'),
(96, 1, 6, 15, 4, 96, '50.00', '50.00', '100.00', '0.00', '2024-04-04 13:11:32', '2024-04-04 13:11:32', '57.00000'),
(97, 1, 6, 15, 4, 97, '50.00', '50.00', '100.00', '0.00', '2024-04-04 13:11:34', '2024-04-04 13:11:34', '57.00000'),
(98, 1, 6, 15, 4, 98, '50.00', '50.00', '100.00', '0.00', '2024-04-04 13:11:35', '2024-04-04 13:11:35', '57.00000'),
(99, 1, 6, 15, 4, 99, '50.00', '50.00', '100.00', '0.00', '2024-04-04 13:11:38', '2024-04-04 13:11:38', '57.00000'),
(100, 1, 6, 15, 4, 100, '50.00', '50.00', '100.00', '0.00', '2024-04-04 13:11:41', '2024-04-04 13:11:41', '57.00000'),
(101, 1, 6, 15, 4, 101, '50.00', '50.00', '100.00', '0.00', '2024-04-04 13:11:44', '2024-04-04 13:11:44', '57.00000'),
(102, 1, 7, 18, 5, 102, '50.00', '50.00', '100.00', '0.00', '2024-04-04 13:11:58', '2024-04-04 13:11:58', '12.50000'),
(103, 1, 7, 18, 5, 103, '50.00', '50.00', '100.00', '0.00', '2024-04-04 13:12:00', '2024-04-04 13:12:00', '12.50000'),
(104, 1, 7, 18, 5, 104, '50.00', '50.00', '100.00', '0.00', '2024-04-04 13:12:03', '2024-04-04 13:12:03', '12.50000'),
(105, 1, 7, 18, 5, 105, '50.00', '50.00', '100.00', '0.00', '2024-04-04 13:12:05', '2024-04-04 13:12:05', '12.50000'),
(106, 1, 7, 18, 5, 106, '50.00', '50.00', '100.00', '0.00', '2024-04-04 13:12:08', '2024-04-04 13:12:08', '12.50000'),
(107, 1, 7, 18, 5, 107, '50.00', '50.00', '100.00', '0.00', '2024-04-04 13:12:11', '2024-04-04 13:12:11', '12.50000'),
(108, 1, 7, 18, 5, 108, '50.00', '50.00', '100.00', '0.00', '2024-04-04 13:12:13', '2024-04-04 13:12:13', '12.50000'),
(109, 1, 7, 18, 5, 109, '50.00', '50.00', '100.00', '0.00', '2024-04-04 13:12:15', '2024-04-04 13:12:15', '12.50000'),
(110, 1, 7, 18, 5, 110, '50.00', '50.00', '100.00', '0.00', '2024-04-04 13:12:18', '2024-04-04 13:12:18', '12.50000'),
(111, 1, 7, 18, 5, 111, '50.00', '50.00', '100.00', '0.00', '2024-04-04 13:12:21', '2024-04-04 13:12:21', '12.50000'),
(112, 1, 7, 18, 5, 112, '50.00', '50.00', '100.00', '0.00', '2024-04-04 13:12:23', '2024-04-04 13:12:23', '12.50000'),
(113, 1, 7, 18, 5, 113, '50.00', '50.00', '100.00', '0.00', '2024-04-04 13:12:28', '2024-04-04 13:12:28', '12.50000'),
(114, 1, 7, 18, 5, 114, '50.00', '50.00', '100.00', '0.00', '2024-04-04 13:12:59', '2024-04-04 13:12:59', '12.50000'),
(115, 1, 7, 18, 5, 115, '50.00', '50.00', '100.00', '0.00', '2024-04-04 13:13:01', '2024-04-04 13:13:01', '12.50000'),
(116, 1, 7, 18, 5, 116, '50.00', '50.00', '100.00', '0.00', '2024-04-04 13:13:10', '2024-04-04 13:13:10', '12.50000'),
(117, 1, 7, 18, 5, 117, '50.00', '50.00', '100.00', '0.00', '2024-04-04 13:13:13', '2024-04-04 13:13:13', '12.50000'),
(118, 1, 7, 18, 5, 118, '50.00', '50.00', '100.00', '0.00', '2024-04-04 13:13:16', '2024-04-04 13:13:16', '12.50000'),
(119, 1, 7, 18, 5, 119, '50.00', '50.00', '100.00', '0.00', '2024-04-04 13:13:19', '2024-04-04 13:13:19', '12.50000'),
(120, 1, 7, 18, 5, 120, '50.00', '50.00', '100.00', '0.00', '2024-04-04 13:13:21', '2024-04-04 13:13:21', '12.50000'),
(121, 1, 7, 18, 5, 121, '50.00', '50.00', '100.00', '0.00', '2024-04-04 13:13:23', '2024-04-04 13:13:23', '12.50000'),
(122, 1, 11, 19, 6, 122, '50.00', '50.00', '100.00', '0.00', '2024-04-04 13:13:37', '2024-04-04 13:13:37', '10.00000'),
(123, 1, 11, 19, 6, 123, '50.00', '50.00', '100.00', '0.00', '2024-04-04 13:13:39', '2024-04-04 13:13:39', '10.00000'),
(124, 1, 11, 19, 6, 124, '50.00', '50.00', '100.00', '0.00', '2024-04-04 13:13:42', '2024-04-04 13:13:42', '10.00000'),
(125, 1, 11, 19, 6, 125, '50.00', '50.00', '100.00', '0.00', '2024-04-04 13:13:45', '2024-04-04 13:13:45', '10.00000'),
(126, 1, 11, 19, 6, 126, '50.00', '50.00', '100.00', '0.00', '2024-04-04 13:13:47', '2024-04-04 13:13:47', '10.00000'),
(127, 1, 11, 19, 6, 127, '50.00', '50.00', '100.00', '0.00', '2024-04-04 13:13:50', '2024-04-04 13:13:50', '10.00000'),
(128, 1, 11, 19, 6, 128, '50.00', '50.00', '100.00', '0.00', '2024-04-04 13:13:51', '2024-04-04 13:13:51', '10.00000'),
(129, 1, 11, 19, 6, 129, '50.00', '50.00', '100.00', '0.00', '2024-04-04 13:13:54', '2024-04-04 13:13:54', '10.00000'),
(130, 1, 11, 19, 6, 130, '50.00', '50.00', '100.00', '0.00', '2024-04-04 13:13:57', '2024-04-04 13:13:57', '10.00000'),
(131, 1, 11, 19, 6, 131, '50.00', '50.00', '100.00', '0.00', '2024-04-04 13:14:00', '2024-04-04 13:14:00', '10.00000'),
(132, 1, 11, 19, 6, 132, '50.00', '50.00', '100.00', '0.00', '2024-04-04 13:14:02', '2024-04-04 13:14:02', '10.00000'),
(133, 1, 11, 19, 6, 133, '50.00', '50.00', '100.00', '0.00', '2024-04-04 13:14:05', '2024-04-04 13:14:05', '10.00000'),
(134, 1, 11, 19, 6, 134, '50.00', '50.00', '100.00', '0.00', '2024-04-04 13:14:08', '2024-04-04 13:14:08', '10.00000'),
(135, 1, 11, 19, 6, 135, '50.00', '50.00', '100.00', '0.00', '2024-04-04 13:14:10', '2024-04-04 13:14:10', '10.00000'),
(136, 1, 11, 19, 6, 136, '50.00', '50.00', '100.00', '0.00', '2024-04-04 13:14:16', '2024-04-04 13:14:16', '10.00000'),
(137, 1, 11, 19, 6, 137, '50.00', '50.00', '100.00', '0.00', '2024-04-04 13:14:18', '2024-04-04 13:14:18', '10.00000'),
(138, 1, 11, 19, 6, 138, '50.00', '50.00', '100.00', '0.00', '2024-04-04 13:14:21', '2024-04-04 13:14:21', '10.00000'),
(139, 1, 11, 19, 6, 139, '50.00', '50.00', '100.00', '0.00', '2024-04-04 13:14:23', '2024-04-04 13:14:23', '10.00000'),
(140, 1, 11, 19, 6, 140, '50.00', '50.00', '100.00', '0.00', '2024-04-04 13:14:25', '2024-04-04 13:14:25', '10.00000'),
(141, 1, 11, 19, 6, 141, '50.00', '50.00', '100.00', '0.00', '2024-04-04 13:14:28', '2024-04-04 13:14:28', '10.00000'),
(142, 1, 13, 21, 7, 142, '50.00', '50.00', '100.00', '0.00', '2024-04-04 13:14:44', '2024-04-04 13:14:44', '57.50000'),
(143, 1, 13, 21, 7, 143, '50.00', '50.00', '100.00', '0.00', '2024-04-04 13:14:45', '2024-04-04 13:14:45', '57.50000'),
(144, 1, 13, 21, 7, 144, '50.00', '50.00', '100.00', '0.00', '2024-04-04 13:14:48', '2024-04-04 13:14:48', '57.50000'),
(145, 1, 13, 21, 7, 145, '50.00', '50.00', '100.00', '0.00', '2024-04-04 13:14:51', '2024-04-04 13:14:51', '57.50000'),
(146, 1, 13, 21, 7, 146, '50.00', '50.00', '100.00', '0.00', '2024-04-04 13:14:53', '2024-04-04 13:14:53', '57.50000'),
(147, 1, 13, 21, 7, 147, '50.00', '50.00', '100.00', '0.00', '2024-04-04 13:14:55', '2024-04-04 13:14:55', '57.50000'),
(148, 1, 13, 21, 7, 148, '50.00', '50.00', '100.00', '0.00', '2024-04-04 13:14:58', '2024-04-04 13:14:58', '57.50000'),
(149, 1, 13, 21, 7, 149, '50.00', '50.00', '100.00', '0.00', '2024-04-04 13:15:00', '2024-04-04 13:15:00', '57.50000'),
(150, 1, 13, 21, 7, 150, '50.00', '50.00', '100.00', '0.00', '2024-04-04 13:15:03', '2024-04-04 13:15:03', '57.50000'),
(151, 1, 13, 21, 7, 151, '50.00', '50.00', '100.00', '0.00', '2024-04-04 13:15:06', '2024-04-04 13:15:06', '57.50000'),
(152, 1, 13, 21, 7, 152, '50.00', '50.00', '100.00', '0.00', '2024-04-04 13:15:08', '2024-04-04 13:15:08', '57.50000'),
(153, 1, 13, 21, 7, 153, '50.00', '50.00', '100.00', '0.00', '2024-04-04 13:15:10', '2024-04-04 13:15:10', '57.50000'),
(154, 1, 13, 21, 7, 154, '50.00', '50.00', '100.00', '0.00', '2024-04-04 13:15:14', '2024-04-04 13:15:14', '57.50000'),
(155, 1, 13, 21, 7, 155, '50.00', '50.00', '100.00', '0.00', '2024-04-04 13:15:17', '2024-04-04 13:15:17', '57.50000'),
(156, 1, 13, 21, 7, 156, '50.00', '50.00', '100.00', '0.00', '2024-04-04 13:15:21', '2024-04-04 13:15:21', '57.50000'),
(157, 1, 13, 21, 7, 157, '50.00', '50.00', '100.00', '0.00', '2024-04-04 13:15:23', '2024-04-04 13:15:23', '57.50000'),
(158, 1, 13, 21, 7, 158, '50.00', '50.00', '100.00', '0.00', '2024-04-04 13:15:26', '2024-04-04 13:15:26', '57.50000'),
(159, 1, 13, 21, 7, 159, '50.00', '50.00', '100.00', '0.00', '2024-04-04 13:15:28', '2024-04-04 13:15:28', '57.50000'),
(160, 1, 13, 21, 7, 160, '50.00', '50.00', '100.00', '0.00', '2024-04-04 13:15:30', '2024-04-04 13:15:30', '57.50000'),
(161, 1, 13, 21, 7, 161, '50.00', '50.00', '100.00', '0.00', '2024-04-04 13:15:33', '2024-04-04 13:15:33', '57.50000'),
(162, 2, 1, 17, 8, 21, '50.00', '50.00', '105.00', '0.00', '2024-04-04 13:28:48', '2024-04-04 13:28:48', '50.00000'),
(163, 2, 1, 17, 8, 22, '50.00', '50.00', '105.00', '0.00', '2024-04-04 13:28:52', '2024-04-04 13:28:52', '50.00000'),
(164, 2, 2, 17, 9, 42, '50.00', '50.00', '105.00', '0.00', '2024-04-04 13:29:10', '2024-04-04 13:29:10', '50.00000'),
(165, 2, 2, 17, 9, 41, '50.00', '50.00', '105.00', '0.00', '2024-04-04 13:30:36', '2024-04-04 13:30:36', '50.00000'),
(166, 2, 3, 17, 10, 62, '50.00', '50.00', '105.00', '0.00', '2024-04-04 13:30:50', '2024-04-04 13:30:50', '50.00000'),
(167, 2, 3, 17, 10, 63, '50.00', '50.00', '105.00', '0.00', '2024-04-04 13:30:53', '2024-04-04 13:30:53', '50.00000'),
(168, 2, 6, 15, 11, 82, '50.00', '50.00', '105.00', '0.00', '2024-04-04 13:31:00', '2024-04-04 13:31:00', '57.00000'),
(169, 2, 6, 15, 11, 83, '50.00', '50.00', '105.00', '0.00', '2024-04-04 13:31:02', '2024-04-04 13:31:02', '57.00000'),
(170, 2, 7, 18, 12, 102, '50.00', '50.00', '105.00', '0.00', '2024-04-04 13:31:09', '2024-04-04 13:31:09', '12.50000'),
(171, 2, 7, 18, 12, 103, '50.00', '50.00', '105.00', '0.00', '2024-04-04 13:31:17', '2024-04-04 13:31:17', '12.50000'),
(172, 2, 11, 19, 13, 122, '50.00', '50.00', '105.00', '0.00', '2024-04-04 13:31:24', '2024-04-04 13:31:24', '10.00000'),
(173, 2, 11, 19, 13, 123, '50.00', '50.00', '105.00', '0.00', '2024-04-04 13:31:27', '2024-04-04 13:31:27', '10.00000'),
(174, 2, 13, 21, 14, 142, '50.00', '50.00', '105.00', '0.00', '2024-04-04 13:31:35', '2024-04-04 13:31:35', '57.50000'),
(175, 2, 13, 21, 14, 143, '50.00', '50.00', '105.00', '0.00', '2024-04-04 13:31:38', '2024-04-04 13:31:38', '57.50000'),
(176, 3, 1, 17, 22, 23, '50.00', '50.00', '105.00', '0.00', '2024-04-04 14:31:32', '2024-04-04 14:31:32', '50.00000'),
(177, 3, 1, 17, 22, 24, '50.00', '50.00', '105.00', '0.00', '2024-04-04 14:31:37', '2024-04-04 14:31:37', '50.00000'),
(178, 3, 2, 17, 23, 43, '50.00', '50.00', '105.00', '0.00', '2024-04-04 14:31:42', '2024-04-04 14:31:42', '50.00000'),
(179, 3, 2, 17, 23, 44, '50.00', '50.00', '105.00', '0.00', '2024-04-04 14:31:47', '2024-04-04 14:31:47', '50.00000'),
(180, 3, 3, 17, 24, 64, '50.00', '50.00', '105.00', '0.00', '2024-04-04 14:31:51', '2024-04-04 14:31:51', '50.00000'),
(181, 3, 3, 17, 24, 65, '50.00', '50.00', '105.00', '0.00', '2024-04-04 14:31:54', '2024-04-04 14:31:54', '50.00000'),
(182, 3, 6, 15, 25, 84, '50.00', '50.00', '105.00', '0.00', '2024-04-04 14:31:59', '2024-04-04 14:31:59', '57.00000'),
(183, 3, 6, 15, 25, 85, '50.00', '50.00', '105.00', '0.00', '2024-04-04 14:32:04', '2024-04-04 14:32:04', '57.00000'),
(184, 3, 7, 18, 26, 104, '50.00', '50.00', '105.00', '0.00', '2024-04-04 14:32:09', '2024-04-04 14:32:09', '12.50000'),
(185, 3, 7, 18, 26, 105, '50.00', '50.00', '105.00', '0.00', '2024-04-04 14:32:15', '2024-04-04 14:32:15', '12.50000'),
(186, 3, 11, 19, 27, 124, '50.00', '50.00', '105.00', '0.00', '2024-04-04 14:32:19', '2024-04-04 14:32:19', '10.00000'),
(187, 3, 11, 19, 27, 125, '50.00', '50.00', '105.00', '0.00', '2024-04-04 14:32:23', '2024-04-04 14:32:23', '10.00000'),
(188, 3, 13, 21, 28, 144, '50.00', '50.00', '105.00', '0.00', '2024-04-04 14:32:28', '2024-04-04 14:32:28', '57.50000'),
(189, 3, 13, 21, 28, 145, '50.00', '50.00', '105.00', '0.00', '2024-04-04 14:32:32', '2024-04-04 14:32:32', '57.50000');

--
-- Triggers `tbl_receiving_details`
--
DELIMITER $$
CREATE TRIGGER `add_rr_detail` AFTER INSERT ON `tbl_receiving_details` FOR EACH ROW INSERT INTO tbl_product_transactions (sku_id,product_id,packaging_id,quantity,actual_qty,cost,price,header_id,detail_id,module,`type`) VALUES (NEW.sku_id,NEW.product_id,NEW.packaging_id,NEW.quantity,NEW.actual_qty,NEW.cost,NEW.price,NEW.rr_id,NEW.rr_detail_id,'RR','IN')
$$
DELIMITER ;
DELIMITER $$
CREATE TRIGGER `delete_rr_detail` AFTER DELETE ON `tbl_receiving_details` FOR EACH ROW DELETE FROM tbl_product_transactions WHERE header_id = OLD.rr_id AND detail_id = OLD.rr_detail_id AND module = 'RR'
$$
DELIMITER ;
DELIMITER $$
CREATE TRIGGER `update_rr_detail` AFTER UPDATE ON `tbl_receiving_details` FOR EACH ROW UPDATE tbl_product_transactions SET quantity = NEW.quantity,actual_qty = NEW.actual_qty,cost = NEW.cost,price = NEW.price WHERE header_id = OLD.rr_id AND detail_id = OLD.rr_detail_id AND module = 'RR'
$$
DELIMITER ;

-- --------------------------------------------------------

--
-- Table structure for table `tbl_requisition`
--

CREATE TABLE `tbl_requisition` (
  `request_id` int(11) NOT NULL,
  `reference_number` varchar(75) NOT NULL,
  `source_branch_id` int(11) NOT NULL COMMENT 'Source Branch Requested',
  `branch_id` int(11) NOT NULL COMMENT 'Requesting Branch',
  `customer_id` int(11) NOT NULL,
  `request_date` date NOT NULL,
  `remarks` varchar(255) NOT NULL,
  `status` varchar(1) NOT NULL DEFAULT 'S',
  `po_status` varchar(1) NOT NULL DEFAULT 'S' COMMENT 'S = Saved; P = Partial; F = Fully Served',
  `encoded_by` int(11) NOT NULL,
  `date_added` datetime NOT NULL DEFAULT CURRENT_TIMESTAMP,
  `date_last_modified` datetime NOT NULL DEFAULT CURRENT_TIMESTAMP ON UPDATE CURRENT_TIMESTAMP,
  `agent_id` int(11) NOT NULL,
  `consolidation_id` int(11) NOT NULL
) ENGINE=InnoDB DEFAULT CHARSET=latin1;

--
-- Dumping data for table `tbl_requisition`
--

INSERT INTO `tbl_requisition` (`request_id`, `reference_number`, `source_branch_id`, `branch_id`, `customer_id`, `request_date`, `remarks`, `status`, `po_status`, `encoded_by`, `date_added`, `date_last_modified`, `agent_id`, `consolidation_id`) VALUES
(1, 'AL-2-000001', 2, 2, 8, '2024-04-04', 'HRI', 'A', 'S', 3, '2024-04-04 20:15:38', '2024-04-04 12:50:16', 0, 1),
(2, 'AL-2-000002', 2, 2, 8, '2024-04-04', 'WALK IN', 'A', 'S', 3, '2024-04-04 20:18:13', '2024-04-04 12:50:16', 0, 1),
(3, 'AL-2-000003', 2, 2, 8, '2024-04-04', 'TRADE CUSTOMERS', 'A', 'S', 3, '2024-04-04 20:19:02', '2024-04-04 12:50:16', 0, 1),
(4, 'AL-3-000001', 2, 3, 1, '2024-04-04', 'TEST', 'A', 'S', 3, '2024-04-04 20:20:44', '2024-04-04 12:50:16', 0, 1),
(5, 'AL-4-000001', 2, 4, 5, '2024-04-04', 'TEST', 'A', 'S', 3, '2024-04-04 20:22:17', '2024-04-04 12:50:16', 0, 1),
(6, 'AL-5-000001', 2, 5, 2, '2024-04-04', 'TEST', 'A', 'S', 3, '2024-04-04 20:23:17', '2024-04-04 12:50:16', 0, 1),
(7, 'AL-6-000001', 2, 6, 13, '2024-04-04', 'TEST', 'A', 'S', 3, '2024-04-04 20:26:19', '2024-04-04 12:50:16', 0, 1),
(8, 'AL-7-000001', 2, 7, 6, '2024-04-04', 'TEST', 'A', 'S', 3, '2024-04-04 20:27:31', '2024-04-04 12:50:16', 0, 1),
(9, 'AL-8-000001', 2, 8, 7, '2024-04-04', 'TEST', 'A', 'S', 3, '2024-04-04 20:34:32', '2024-04-04 12:50:16', 0, 1),
(10, 'AL-2-000004', 2, 2, 9, '2024-04-04', '', 'A', 'S', 19, '2024-04-04 20:46:32', '2024-04-04 12:50:16', 0, 1);

--
-- Triggers `tbl_requisition`
--
DELIMITER $$
CREATE TRIGGER `delete_rs` AFTER DELETE ON `tbl_requisition` FOR EACH ROW DELETE FROM tbl_requisition_details WHERE request_id = OLD.request_id
$$
DELIMITER ;

-- --------------------------------------------------------

--
-- Table structure for table `tbl_requisition_details`
--

CREATE TABLE `tbl_requisition_details` (
  `request_detail_id` int(11) NOT NULL,
  `request_id` int(11) NOT NULL,
  `product_id` int(11) NOT NULL,
  `quantity` decimal(12,2) NOT NULL,
  `remain_qty` decimal(12,2) NOT NULL,
  `served_qty` decimal(12,2) NOT NULL,
  `date_added` datetime NOT NULL DEFAULT CURRENT_TIMESTAMP,
  `date_last_modified` datetime NOT NULL DEFAULT CURRENT_TIMESTAMP ON UPDATE CURRENT_TIMESTAMP,
  `packaging_id` int(11) NOT NULL,
  `actual_qty` decimal(12,2) NOT NULL,
  `actual_kg` decimal(12,5) NOT NULL
) ENGINE=InnoDB DEFAULT CHARSET=latin1;

--
-- Dumping data for table `tbl_requisition_details`
--

INSERT INTO `tbl_requisition_details` (`request_detail_id`, `request_id`, `product_id`, `quantity`, `remain_qty`, `served_qty`, `date_added`, `date_last_modified`, `packaging_id`, `actual_qty`, `actual_kg`) VALUES
(1, 1, 1, '100.00', '0.00', '0.00', '2024-04-04 12:15:42', '2024-04-04 12:15:42', 17, '100.00', '100.00000'),
(2, 1, 2, '100.00', '0.00', '0.00', '2024-04-04 12:15:46', '2024-04-04 12:15:46', 17, '100.00', '100.00000'),
(3, 1, 3, '100.00', '0.00', '0.00', '2024-04-04 12:15:49', '2024-04-04 12:15:49', 17, '100.00', '100.00000'),
(4, 1, 6, '100.00', '0.00', '0.00', '2024-04-04 12:15:55', '2024-04-04 12:15:55', 15, '100.00', '114.00000'),
(5, 1, 7, '100.00', '0.00', '0.00', '2024-04-04 12:16:00', '2024-04-04 12:16:00', 18, '100.00', '25.00000'),
(6, 1, 11, '100.00', '0.00', '0.00', '2024-04-04 12:16:05', '2024-04-04 12:16:05', 19, '100.00', '20.00000'),
(7, 1, 13, '100.00', '0.00', '0.00', '2024-04-04 12:16:09', '2024-04-04 12:16:09', 21, '100.00', '115.00000'),
(8, 2, 1, '100.00', '0.00', '0.00', '2024-04-04 12:18:19', '2024-04-04 12:18:19', 17, '100.00', '100.00000'),
(9, 2, 2, '100.00', '0.00', '0.00', '2024-04-04 12:18:22', '2024-04-04 12:18:22', 17, '100.00', '100.00000'),
(10, 2, 3, '100.00', '0.00', '0.00', '2024-04-04 12:18:25', '2024-04-04 12:18:25', 17, '100.00', '100.00000'),
(11, 2, 6, '100.00', '0.00', '0.00', '2024-04-04 12:18:29', '2024-04-04 12:18:29', 15, '100.00', '114.00000'),
(12, 2, 7, '100.00', '0.00', '0.00', '2024-04-04 12:18:33', '2024-04-04 12:18:33', 18, '100.00', '25.00000'),
(13, 2, 11, '100.00', '0.00', '0.00', '2024-04-04 12:18:37', '2024-04-04 12:18:37', 19, '100.00', '20.00000'),
(14, 2, 13, '100.00', '0.00', '0.00', '2024-04-04 12:18:42', '2024-04-04 12:18:42', 21, '100.00', '115.00000'),
(15, 3, 1, '100.00', '0.00', '0.00', '2024-04-04 12:19:08', '2024-04-04 12:19:08', 17, '100.00', '100.00000'),
(16, 3, 2, '100.00', '0.00', '0.00', '2024-04-04 12:19:11', '2024-04-04 12:19:11', 17, '100.00', '100.00000'),
(17, 3, 3, '100.00', '0.00', '0.00', '2024-04-04 12:19:21', '2024-04-04 12:19:21', 17, '100.00', '100.00000'),
(18, 3, 6, '100.00', '0.00', '0.00', '2024-04-04 12:19:26', '2024-04-04 12:19:26', 15, '100.00', '114.00000'),
(19, 3, 7, '100.00', '0.00', '0.00', '2024-04-04 12:19:30', '2024-04-04 12:19:30', 18, '100.00', '25.00000'),
(20, 3, 11, '100.00', '0.00', '0.00', '2024-04-04 12:19:42', '2024-04-04 12:19:42', 19, '100.00', '20.00000'),
(21, 3, 13, '100.00', '0.00', '0.00', '2024-04-04 12:19:46', '2024-04-04 12:19:46', 21, '100.00', '115.00000'),
(22, 4, 1, '100.00', '0.00', '0.00', '2024-04-04 12:20:49', '2024-04-04 12:20:49', 17, '100.00', '100.00000'),
(23, 4, 2, '100.00', '0.00', '0.00', '2024-04-04 12:20:53', '2024-04-04 12:20:53', 17, '100.00', '100.00000'),
(24, 4, 3, '100.00', '0.00', '0.00', '2024-04-04 12:20:56', '2024-04-04 12:20:56', 17, '100.00', '100.00000'),
(25, 4, 6, '100.00', '0.00', '0.00', '2024-04-04 12:21:00', '2024-04-04 12:21:00', 15, '100.00', '114.00000'),
(26, 4, 7, '100.00', '0.00', '0.00', '2024-04-04 12:21:04', '2024-04-04 12:21:04', 18, '100.00', '25.00000'),
(27, 4, 11, '100.00', '0.00', '0.00', '2024-04-04 12:21:10', '2024-04-04 12:21:10', 19, '100.00', '20.00000'),
(28, 4, 13, '100.00', '0.00', '0.00', '2024-04-04 12:21:14', '2024-04-04 12:21:14', 21, '100.00', '115.00000'),
(29, 5, 1, '100.00', '0.00', '0.00', '2024-04-04 12:22:22', '2024-04-04 12:22:22', 17, '100.00', '100.00000'),
(30, 5, 2, '100.00', '0.00', '0.00', '2024-04-04 12:22:25', '2024-04-04 12:22:25', 17, '100.00', '100.00000'),
(31, 5, 3, '100.00', '0.00', '0.00', '2024-04-04 12:22:28', '2024-04-04 12:22:28', 17, '100.00', '100.00000'),
(32, 5, 6, '100.00', '0.00', '0.00', '2024-04-04 12:22:37', '2024-04-04 12:22:37', 15, '100.00', '114.00000'),
(33, 5, 7, '100.00', '0.00', '0.00', '2024-04-04 12:22:48', '2024-04-04 12:22:48', 18, '100.00', '25.00000'),
(34, 5, 11, '100.00', '0.00', '0.00', '2024-04-04 12:22:58', '2024-04-04 12:22:58', 19, '100.00', '20.00000'),
(35, 5, 13, '100.00', '0.00', '0.00', '2024-04-04 12:23:02', '2024-04-04 12:23:02', 21, '100.00', '115.00000'),
(36, 6, 1, '100.00', '0.00', '0.00', '2024-04-04 12:23:21', '2024-04-04 12:23:21', 17, '100.00', '100.00000'),
(37, 6, 2, '100.00', '0.00', '0.00', '2024-04-04 12:23:25', '2024-04-04 12:23:25', 17, '100.00', '100.00000'),
(38, 6, 3, '100.00', '0.00', '0.00', '2024-04-04 12:23:28', '2024-04-04 12:23:28', 17, '100.00', '100.00000'),
(39, 6, 6, '100.00', '0.00', '0.00', '2024-04-04 12:23:34', '2024-04-04 12:23:34', 15, '100.00', '114.00000'),
(41, 6, 7, '100.00', '0.00', '0.00', '2024-04-04 12:24:06', '2024-04-04 12:24:06', 18, '100.00', '25.00000'),
(43, 6, 11, '100.00', '0.00', '0.00', '2024-04-04 12:24:26', '2024-04-04 12:24:26', 19, '100.00', '20.00000'),
(44, 6, 13, '100.00', '0.00', '0.00', '2024-04-04 12:24:39', '2024-04-04 12:24:39', 21, '100.00', '115.00000'),
(45, 7, 1, '100.00', '0.00', '0.00', '2024-04-04 12:26:23', '2024-04-04 12:26:23', 17, '100.00', '100.00000'),
(46, 7, 2, '100.00', '0.00', '0.00', '2024-04-04 12:26:26', '2024-04-04 12:26:26', 17, '100.00', '100.00000'),
(47, 7, 3, '100.00', '0.00', '0.00', '2024-04-04 12:26:30', '2024-04-04 12:26:30', 17, '100.00', '100.00000'),
(48, 7, 6, '100.00', '0.00', '0.00', '2024-04-04 12:26:35', '2024-04-04 12:26:35', 15, '100.00', '114.00000'),
(49, 7, 7, '100.00', '0.00', '0.00', '2024-04-04 12:26:39', '2024-04-04 12:26:39', 18, '100.00', '25.00000'),
(50, 7, 11, '100.00', '0.00', '0.00', '2024-04-04 12:26:43', '2024-04-04 12:26:43', 19, '100.00', '20.00000'),
(51, 7, 13, '100.00', '0.00', '0.00', '2024-04-04 12:26:47', '2024-04-04 12:26:47', 21, '100.00', '115.00000'),
(52, 8, 1, '100.00', '0.00', '0.00', '2024-04-04 12:27:43', '2024-04-04 12:27:43', 17, '100.00', '100.00000'),
(53, 8, 2, '100.00', '0.00', '0.00', '2024-04-04 12:27:46', '2024-04-04 12:27:46', 17, '100.00', '100.00000'),
(54, 8, 3, '100.00', '0.00', '0.00', '2024-04-04 12:27:50', '2024-04-04 12:27:50', 17, '100.00', '100.00000'),
(55, 8, 6, '100.00', '0.00', '0.00', '2024-04-04 12:31:32', '2024-04-04 12:31:32', 15, '100.00', '114.00000'),
(56, 8, 7, '100.00', '0.00', '0.00', '2024-04-04 12:31:36', '2024-04-04 12:31:36', 18, '100.00', '25.00000'),
(57, 8, 11, '100.00', '0.00', '0.00', '2024-04-04 12:31:44', '2024-04-04 12:31:44', 19, '100.00', '20.00000'),
(58, 8, 13, '100.00', '0.00', '0.00', '2024-04-04 12:31:51', '2024-04-04 12:31:51', 21, '100.00', '115.00000'),
(59, 9, 1, '100.00', '0.00', '0.00', '2024-04-04 12:35:23', '2024-04-04 12:35:23', 17, '100.00', '100.00000'),
(60, 9, 2, '100.00', '0.00', '0.00', '2024-04-04 12:35:28', '2024-04-04 12:35:28', 17, '100.00', '100.00000'),
(61, 9, 3, '100.00', '0.00', '0.00', '2024-04-04 12:35:31', '2024-04-04 12:35:31', 17, '100.00', '100.00000'),
(62, 9, 6, '100.00', '0.00', '0.00', '2024-04-04 12:36:04', '2024-04-04 12:36:04', 15, '100.00', '114.00000'),
(63, 9, 7, '100.00', '0.00', '0.00', '2024-04-04 12:36:08', '2024-04-04 12:36:08', 18, '100.00', '25.00000'),
(64, 9, 11, '100.00', '0.00', '0.00', '2024-04-04 12:36:21', '2024-04-04 12:36:21', 19, '100.00', '20.00000'),
(65, 9, 13, '100.00', '0.00', '0.00', '2024-04-04 12:36:28', '2024-04-04 12:36:28', 21, '100.00', '115.00000'),
(66, 10, 1, '100.00', '0.00', '0.00', '2024-04-04 12:46:40', '2024-04-04 12:46:40', 17, '100.00', '100.00000'),
(67, 10, 2, '100.00', '0.00', '0.00', '2024-04-04 12:46:50', '2024-04-04 12:46:50', 17, '100.00', '100.00000'),
(68, 10, 3, '100.00', '0.00', '0.00', '2024-04-04 12:47:17', '2024-04-04 12:47:17', 17, '100.00', '100.00000'),
(69, 10, 6, '100.00', '0.00', '0.00', '2024-04-04 12:47:43', '2024-04-04 12:47:43', 15, '100.00', '114.00000'),
(70, 10, 7, '100.00', '0.00', '0.00', '2024-04-04 12:47:53', '2024-04-04 12:47:53', 18, '100.00', '25.00000'),
(71, 10, 11, '100.00', '0.00', '0.00', '2024-04-04 12:48:15', '2024-04-04 12:48:15', 19, '100.00', '20.00000'),
(72, 10, 13, '100.00', '0.00', '0.00', '2024-04-04 12:48:26', '2024-04-04 12:48:26', 21, '100.00', '115.00000');

-- --------------------------------------------------------

--
-- Table structure for table `tbl_sales`
--

CREATE TABLE `tbl_sales` (
  `sales_id` int(11) NOT NULL,
  `reference_number` varchar(75) NOT NULL,
  `sales_invoice` int(11) NOT NULL,
  `customer_id` int(11) NOT NULL,
  `branch_id` int(11) NOT NULL,
  `customer_type` varchar(1) NOT NULL DEFAULT 'C' COMMENT 'C = Customer; B = Branches; A= Agent',
  `for_pick_up` int(11) NOT NULL DEFAULT '0' COMMENT '1 = Yes; 0 = No',
  `sales_type` varchar(1) NOT NULL COMMENT 'C=Cash;H=Charge',
  `discount_id` int(11) NOT NULL DEFAULT '0' COMMENT 'Manual Discounts',
  `remarks` varchar(255) NOT NULL,
  `terms` int(3) NOT NULL,
  `reward_points` decimal(6,2) NOT NULL,
  `sales_summary_id` int(11) NOT NULL,
  `warehouse_id` int(11) NOT NULL,
  `sales_date` date NOT NULL,
  `paid_status` varchar(1) NOT NULL DEFAULT '0' COMMENT '1 = Paid; 0 = Unpaid',
  `withdrawal_status` int(1) NOT NULL DEFAULT '0' COMMENT '0 = Fully served ; 1 = Pending',
  `pullout_id` int(1) NOT NULL DEFAULT '0' COMMENT '0 = Normal Sales ; 1 = Pullout',
  `status` varchar(1) NOT NULL DEFAULT 'S' COMMENT 'S = Saved; F = Finish',
  `encoded_by` int(11) NOT NULL,
  `date_added` datetime NOT NULL DEFAULT CURRENT_TIMESTAMP,
  `date_last_modified` datetime NOT NULL DEFAULT CURRENT_TIMESTAMP ON UPDATE CURRENT_TIMESTAMP
) ENGINE=InnoDB DEFAULT CHARSET=latin1;

--
-- Dumping data for table `tbl_sales`
--

INSERT INTO `tbl_sales` (`sales_id`, `reference_number`, `sales_invoice`, `customer_id`, `branch_id`, `customer_type`, `for_pick_up`, `sales_type`, `discount_id`, `remarks`, `terms`, `reward_points`, `sales_summary_id`, `warehouse_id`, `sales_date`, `paid_status`, `withdrawal_status`, `pullout_id`, `status`, `encoded_by`, `date_added`, `date_last_modified`) VALUES
(1, 'SLS-2-000001', 0, 2, 2, 'B', 0, 'H', 0, 'Branches Pullout', 0, '0.00', 0, 0, '2024-04-04', '0', 0, 1, 'F', 32, '2024-04-04 13:24:55', '2024-04-04 13:24:55'),
(2, 'SLS-2-000002', 0, 7, 2, 'B', 0, 'H', 0, 'Branches Pullout', 0, '0.00', 0, 0, '2024-04-04', '0', 0, 3, 'F', 32, '2024-04-04 14:30:15', '2024-04-04 14:30:15');

--
-- Triggers `tbl_sales`
--
DELIMITER $$
CREATE TRIGGER `delete_sales` AFTER DELETE ON `tbl_sales` FOR EACH ROW DELETE FROM tbl_sales_details WHERE sales_id = OLD.sales_id
$$
DELIMITER ;
DELIMITER $$
CREATE TRIGGER `finish_sales` AFTER UPDATE ON `tbl_sales` FOR EACH ROW BEGIN 
	UPDATE tbl_product_transactions SET status = IF (NEW.status = 'F', 1, 0), branch_id = NEW.branch_id, warehouse_id = NEW.warehouse_id, transaction_date=NEW.sales_date WHERE header_id = NEW.sales_id AND module = 'SLS';
	UPDATE tbl_product_transactions AS po, tbl_product_transactions AS pin SET pin.served_status = IF (NEW.status = 'F', 1, 0),pin.served_qty = IF (NEW.status = 'F', po.quantity, 0) WHERE po.served_transaction_id = pin.transaction_id AND po.module = 'SLS' AND po.header_id = NEW.sales_id;
 END
$$
DELIMITER ;

-- --------------------------------------------------------

--
-- Table structure for table `tbl_sales_details`
--

CREATE TABLE `tbl_sales_details` (
  `sales_detail_id` int(11) NOT NULL,
  `sales_id` int(11) NOT NULL,
  `product_id` int(11) NOT NULL,
  `discount_id` int(11) NOT NULL DEFAULT '0' COMMENT 'Automatic Discounts',
  `discount` decimal(12,2) NOT NULL,
  `quantity` decimal(12,2) NOT NULL,
  `cost` decimal(12,2) NOT NULL,
  `price` decimal(12,2) NOT NULL,
  `date_added` datetime NOT NULL DEFAULT CURRENT_TIMESTAMP,
  `date_last_modified` datetime NOT NULL DEFAULT CURRENT_TIMESTAMP ON UPDATE CURRENT_TIMESTAMP,
  `sku_id` int(11) NOT NULL,
  `packaging_id` int(11) NOT NULL,
  `actual_qty` decimal(12,5) NOT NULL,
  `actual_kg` decimal(12,5) NOT NULL,
  `transaction_id` int(11) NOT NULL
) ENGINE=InnoDB DEFAULT CHARSET=latin1;

--
-- Dumping data for table `tbl_sales_details`
--

INSERT INTO `tbl_sales_details` (`sales_detail_id`, `sales_id`, `product_id`, `discount_id`, `discount`, `quantity`, `cost`, `price`, `date_added`, `date_last_modified`, `sku_id`, `packaging_id`, `actual_qty`, `actual_kg`, `transaction_id`) VALUES
(1, 1, 1, 0, '0.00', '50.00', '100.00', '105.00', '2024-04-04 13:24:55', '2024-04-04 13:24:55', 21, 17, '50.00000', '50.00000', 0),
(2, 1, 1, 0, '0.00', '50.00', '100.00', '105.00', '2024-04-04 13:24:55', '2024-04-04 13:24:55', 22, 17, '50.00000', '50.00000', 0),
(3, 1, 2, 0, '0.00', '50.00', '100.00', '105.00', '2024-04-04 13:24:55', '2024-04-04 13:24:55', 41, 17, '50.00000', '50.00000', 0),
(4, 1, 2, 0, '0.00', '50.00', '100.00', '105.00', '2024-04-04 13:24:55', '2024-04-04 13:24:55', 42, 17, '50.00000', '50.00000', 0),
(5, 1, 3, 0, '0.00', '50.00', '100.00', '105.00', '2024-04-04 13:24:55', '2024-04-04 13:24:55', 62, 17, '50.00000', '50.00000', 0),
(6, 1, 3, 0, '0.00', '50.00', '100.00', '105.00', '2024-04-04 13:24:55', '2024-04-04 13:24:55', 63, 17, '50.00000', '50.00000', 0),
(7, 1, 6, 0, '0.00', '50.00', '100.00', '105.00', '2024-04-04 13:24:55', '2024-04-04 13:24:55', 82, 15, '50.00000', '57.00000', 0),
(8, 1, 6, 0, '0.00', '50.00', '100.00', '105.00', '2024-04-04 13:24:55', '2024-04-04 13:24:55', 83, 15, '50.00000', '57.00000', 0),
(9, 1, 7, 0, '0.00', '50.00', '100.00', '105.00', '2024-04-04 13:24:55', '2024-04-04 13:24:55', 102, 18, '50.00000', '12.50000', 0),
(10, 1, 7, 0, '0.00', '50.00', '100.00', '105.00', '2024-04-04 13:24:55', '2024-04-04 13:24:55', 103, 18, '50.00000', '12.50000', 0),
(11, 1, 11, 0, '0.00', '50.00', '100.00', '105.00', '2024-04-04 13:24:55', '2024-04-04 13:24:55', 122, 19, '50.00000', '10.00000', 0),
(12, 1, 11, 0, '0.00', '50.00', '100.00', '105.00', '2024-04-04 13:24:55', '2024-04-04 13:24:55', 123, 19, '50.00000', '10.00000', 0),
(13, 1, 13, 0, '0.00', '50.00', '100.00', '105.00', '2024-04-04 13:24:55', '2024-04-04 13:24:55', 142, 21, '50.00000', '57.50000', 0),
(14, 1, 13, 0, '0.00', '50.00', '100.00', '105.00', '2024-04-04 13:24:55', '2024-04-04 13:24:55', 143, 21, '50.00000', '57.50000', 0),
(15, 2, 1, 0, '0.00', '50.00', '100.00', '105.00', '2024-04-04 14:30:15', '2024-04-04 14:30:15', 23, 17, '50.00000', '50.00000', 0),
(16, 2, 1, 0, '0.00', '50.00', '100.00', '105.00', '2024-04-04 14:30:15', '2024-04-04 14:30:15', 24, 17, '50.00000', '50.00000', 0),
(17, 2, 2, 0, '0.00', '50.00', '100.00', '105.00', '2024-04-04 14:30:15', '2024-04-04 14:30:15', 43, 17, '50.00000', '50.00000', 0),
(18, 2, 2, 0, '0.00', '50.00', '100.00', '105.00', '2024-04-04 14:30:15', '2024-04-04 14:30:15', 44, 17, '50.00000', '50.00000', 0),
(19, 2, 3, 0, '0.00', '50.00', '100.00', '105.00', '2024-04-04 14:30:15', '2024-04-04 14:30:15', 64, 17, '50.00000', '50.00000', 0),
(20, 2, 3, 0, '0.00', '50.00', '100.00', '105.00', '2024-04-04 14:30:15', '2024-04-04 14:30:15', 65, 17, '50.00000', '50.00000', 0),
(21, 2, 6, 0, '0.00', '50.00', '100.00', '105.00', '2024-04-04 14:30:15', '2024-04-04 14:30:15', 84, 15, '50.00000', '57.00000', 0),
(22, 2, 6, 0, '0.00', '50.00', '100.00', '105.00', '2024-04-04 14:30:15', '2024-04-04 14:30:15', 85, 15, '50.00000', '57.00000', 0),
(23, 2, 7, 0, '0.00', '50.00', '100.00', '105.00', '2024-04-04 14:30:15', '2024-04-04 14:30:15', 104, 18, '50.00000', '12.50000', 0),
(24, 2, 7, 0, '0.00', '50.00', '100.00', '105.00', '2024-04-04 14:30:15', '2024-04-04 14:30:15', 105, 18, '50.00000', '12.50000', 0),
(25, 2, 11, 0, '0.00', '50.00', '100.00', '105.00', '2024-04-04 14:30:15', '2024-04-04 14:30:15', 124, 19, '50.00000', '10.00000', 0),
(26, 2, 11, 0, '0.00', '50.00', '100.00', '105.00', '2024-04-04 14:30:15', '2024-04-04 14:30:15', 125, 19, '50.00000', '10.00000', 0),
(27, 2, 13, 0, '0.00', '50.00', '100.00', '105.00', '2024-04-04 14:30:15', '2024-04-04 14:30:15', 144, 21, '50.00000', '57.50000', 0),
(28, 2, 13, 0, '0.00', '50.00', '100.00', '105.00', '2024-04-04 14:30:15', '2024-04-04 14:30:15', 145, 21, '50.00000', '57.50000', 0);

--
-- Triggers `tbl_sales_details`
--
DELIMITER $$
CREATE TRIGGER `add_sales_detail` AFTER INSERT ON `tbl_sales_details` FOR EACH ROW INSERT INTO tbl_product_transactions (product_id,quantity,cost,price,header_id,detail_id,module,type, sku_id, packaging_id, actual_qty, served_transaction_id) VALUES (NEW.product_id,NEW.quantity,NEW.cost,NEW.price,NEW.sales_id,NEW.sales_detail_id,'SLS','OUT', NEW.sku_id, NEW.packaging_id, NEW.actual_qty, NEW.transaction_id)
$$
DELIMITER ;
DELIMITER $$
CREATE TRIGGER `delete_sales_detail` AFTER DELETE ON `tbl_sales_details` FOR EACH ROW DELETE FROM tbl_product_transactions WHERE header_id = OLD.sales_id AND detail_id = OLD.sales_detail_id AND module = 'SLS'
$$
DELIMITER ;
DELIMITER $$
CREATE TRIGGER `update_sales_detail` AFTER UPDATE ON `tbl_sales_details` FOR EACH ROW UPDATE tbl_product_transactions SET product_id = NEW.product_id,quantity = NEW.quantity,cost=NEW.cost, price = NEW.price WHERE detail_id = OLD.sales_detail_id AND header_id = OLD.sales_id AND module = 'SLS'
$$
DELIMITER ;

-- --------------------------------------------------------

--
-- Table structure for table `tbl_sales_return`
--

CREATE TABLE `tbl_sales_return` (
  `sales_return_id` int(11) NOT NULL,
  `reference_number` varchar(30) NOT NULL,
  `sales_id` int(11) NOT NULL,
  `sales_reference_number` varchar(30) NOT NULL,
  `return_date` date NOT NULL,
  `status` varchar(1) NOT NULL,
  `encoded_by` int(11) NOT NULL,
  `remarks` varchar(255) NOT NULL,
  `sales_summary_id` int(11) NOT NULL,
  `date_added` datetime NOT NULL DEFAULT CURRENT_TIMESTAMP,
  `date_last_modified` datetime NOT NULL DEFAULT CURRENT_TIMESTAMP ON UPDATE CURRENT_TIMESTAMP,
  `branch_id` int(11) NOT NULL
) ENGINE=InnoDB DEFAULT CHARSET=latin1;

--
-- Triggers `tbl_sales_return`
--
DELIMITER $$
CREATE TRIGGER `delete_sales_return` AFTER DELETE ON `tbl_sales_return` FOR EACH ROW DELETE FROM tbl_sales_return_details WHERE sales_return_id = OLD.sales_return_id
$$
DELIMITER ;
DELIMITER $$
CREATE TRIGGER `finish_sales_return` AFTER UPDATE ON `tbl_sales_return` FOR EACH ROW UPDATE tbl_product_transactions SET status = IF (NEW.status = 'F', 1, 0), transaction_date=NEW.return_date WHERE header_id = NEW.sales_return_id AND module = 'SR'
$$
DELIMITER ;

-- --------------------------------------------------------

--
-- Table structure for table `tbl_sales_return_details`
--

CREATE TABLE `tbl_sales_return_details` (
  `return_detail_id` int(11) NOT NULL,
  `sales_return_id` int(11) NOT NULL,
  `product_id` int(11) NOT NULL,
  `discount_id` int(11) NOT NULL DEFAULT '0' COMMENT 'Automatic Discounts',
  `discount` decimal(12,2) NOT NULL,
  `quantity` decimal(12,2) NOT NULL,
  `quantity_return` decimal(12,2) NOT NULL,
  `cost` decimal(12,2) NOT NULL,
  `price` decimal(12,2) NOT NULL,
  `date_added` datetime NOT NULL DEFAULT CURRENT_TIMESTAMP,
  `date_last_modified` datetime NOT NULL DEFAULT CURRENT_TIMESTAMP ON UPDATE CURRENT_TIMESTAMP
) ENGINE=InnoDB DEFAULT CHARSET=latin1;

--
-- Triggers `tbl_sales_return_details`
--
DELIMITER $$
CREATE TRIGGER `add_sales_return_detail` AFTER INSERT ON `tbl_sales_return_details` FOR EACH ROW INSERT INTO tbl_product_transactions (product_id,quantity,cost,price,header_id,detail_id,module,type) VALUES (NEW.product_id,NEW.quantity,NEW.cost,NEW.price,NEW.sales_return_id,NEW.return_detail_id,'SR','IN')
$$
DELIMITER ;
DELIMITER $$
CREATE TRIGGER `delete_sales_return_detail` AFTER DELETE ON `tbl_sales_return_details` FOR EACH ROW DELETE FROM tbl_product_transactions WHERE header_id = OLD.sales_return_id AND detail_id = OLD.return_detail_id AND module = 'SR'
$$
DELIMITER ;
DELIMITER $$
CREATE TRIGGER `update_sales_return_detail` AFTER UPDATE ON `tbl_sales_return_details` FOR EACH ROW UPDATE tbl_product_transactions SET product_id = NEW.product_id,quantity = NEW.quantity,cost=NEW.cost, price = NEW.price WHERE detail_id = OLD.return_detail_id AND header_id = OLD.sales_return_id AND module = 'SR'
$$
DELIMITER ;

-- --------------------------------------------------------

--
-- Table structure for table `tbl_sales_summary`
--

CREATE TABLE `tbl_sales_summary` (
  `sales_summary_id` int(11) NOT NULL,
  `customer_id` int(11) NOT NULL,
  `sales_summary_date` datetime NOT NULL DEFAULT CURRENT_TIMESTAMP,
  `total_sales` decimal(12,5) NOT NULL,
  `total_expense` decimal(12,5) NOT NULL,
  `total_ar` decimal(12,5) NOT NULL,
  `total_collection` decimal(12,5) NOT NULL,
  `status` varchar(1) NOT NULL,
  `date_added` datetime NOT NULL DEFAULT CURRENT_TIMESTAMP,
  `date_last_modified` datetime NOT NULL DEFAULT CURRENT_TIMESTAMP ON UPDATE CURRENT_TIMESTAMP,
  `short_over` decimal(12,5) NOT NULL,
  `reference_number` varchar(30) NOT NULL,
  `total_partial_payment` decimal(12,5) NOT NULL
) ENGINE=InnoDB DEFAULT CHARSET=latin1;

-- --------------------------------------------------------

--
-- Table structure for table `tbl_segment`
--

CREATE TABLE `tbl_segment` (
  `segment_id` int(11) NOT NULL,
  `segment_name` varchar(100) COLLATE utf8mb4_unicode_ci NOT NULL DEFAULT '0',
  `date_added` datetime NOT NULL DEFAULT CURRENT_TIMESTAMP,
  `date_modified` datetime NOT NULL DEFAULT CURRENT_TIMESTAMP
) ENGINE=InnoDB DEFAULT CHARSET=utf8mb4 COLLATE=utf8mb4_unicode_ci;

-- --------------------------------------------------------

--
-- Table structure for table `tbl_settings`
--

CREATE TABLE `tbl_settings` (
  `settings_id` int(11) NOT NULL,
  `branch_id` int(11) NOT NULL,
  `print_header` text NOT NULL,
  `print_footer` text NOT NULL,
  `encoded_by` int(11) NOT NULL,
  `date_added` datetime NOT NULL DEFAULT CURRENT_TIMESTAMP,
  `date_last_modified` datetime NOT NULL DEFAULT CURRENT_TIMESTAMP ON UPDATE CURRENT_TIMESTAMP
) ENGINE=InnoDB DEFAULT CHARSET=latin1;

--
-- Dumping data for table `tbl_settings`
--

INSERT INTO `tbl_settings` (`settings_id`, `branch_id`, `print_header`, `print_footer`, `encoded_by`, `date_added`, `date_last_modified`) VALUES
(1, 5, 'SAN-REY ERSI DISTRIBUTION INC.\nDOOR 6-7 MV2V BUILD., MAGSAYSAY AVE., \nSINGCANG-AIRPORT, BACOLOD CITY\nCONTACT NO. 0909121233', 'THANK YOU FOR PUCHASING !', 3, '2024-03-11 14:12:08', '2024-03-23 06:49:17');

-- --------------------------------------------------------

--
-- Table structure for table `tbl_stock_alert`
--

CREATE TABLE `tbl_stock_alert` (
  `stock_alert_id` int(11) NOT NULL,
  `branch_id` int(11) NOT NULL,
  `product_id` int(11) NOT NULL,
  `quantity` decimal(12,2) NOT NULL,
  `expiry_days` int(11) NOT NULL DEFAULT '0',
  `price` decimal(12,2) NOT NULL,
  `date_added` datetime NOT NULL DEFAULT CURRENT_TIMESTAMP,
  `date_last_modified` datetime NOT NULL DEFAULT CURRENT_TIMESTAMP ON UPDATE CURRENT_TIMESTAMP
) ENGINE=InnoDB DEFAULT CHARSET=latin1;

--
-- Dumping data for table `tbl_stock_alert`
--

INSERT INTO `tbl_stock_alert` (`stock_alert_id`, `branch_id`, `product_id`, `quantity`, `expiry_days`, `price`, `date_added`, `date_last_modified`) VALUES
(1, 2, 6, '10000.00', 60, '0.00', '2024-03-07 11:51:48', '2024-04-03 12:10:06'),
(2, 2, 1, '2000.00', 60, '0.00', '2024-03-07 11:52:43', '2024-03-21 12:31:42'),
(3, 2, 7, '20000.00', 45, '0.00', '2024-03-08 13:22:19', '2024-03-21 12:33:13'),
(4, 5, 13, '100.00', 0, '0.00', '2024-03-15 13:19:29', '2024-03-17 12:19:36'),
(5, 5, 4, '0.00', 30, '0.00', '2024-03-15 13:21:24', '2024-03-15 13:21:24'),
(6, 5, 5, '0.00', 30, '0.00', '2024-03-15 13:21:29', '2024-03-15 13:21:29'),
(7, 5, 3, '0.00', 30, '0.00', '2024-03-15 13:21:33', '2024-03-15 13:21:33'),
(8, 5, 11, '0.00', 30, '0.00', '2024-03-15 13:21:38', '2024-03-15 13:21:38'),
(9, 5, 6, '0.00', 30, '0.00', '2024-03-15 13:21:48', '2024-03-15 13:21:48'),
(10, 5, 1, '0.00', 30, '0.00', '2024-03-15 13:21:56', '2024-03-15 13:21:56'),
(11, 2, 2, '2000.00', 60, '0.00', '2024-03-21 12:32:50', '2024-03-21 12:32:50'),
(12, 2, 3, '10000.00', 60, '0.00', '2024-03-21 12:33:28', '2024-03-21 12:33:28'),
(13, 2, 11, '10000.00', 60, '0.00', '2024-03-21 12:33:40', '2024-03-21 12:33:40'),
(14, 2, 13, '10000.00', 60, '0.00', '2024-03-21 12:33:56', '2024-03-21 12:33:56');

-- --------------------------------------------------------

--
-- Table structure for table `tbl_stock_transfer`
--

CREATE TABLE `tbl_stock_transfer` (
  `stock_transfer_id` int(11) NOT NULL,
  `reference_number` varchar(30) NOT NULL,
  `branch_id` int(11) NOT NULL,
  `source_warehouse_id` int(11) NOT NULL,
  `destination_warehouse_id` int(11) NOT NULL,
  `transfer_date` date NOT NULL,
  `receive_date` date NOT NULL,
  `remarks` varchar(255) NOT NULL,
  `status` varchar(1) NOT NULL DEFAULT 'S' COMMENT 'S = Saved; F = Finished',
  `encoded_by` int(11) NOT NULL,
  `received_by` int(11) NOT NULL,
  `date_added` datetime NOT NULL DEFAULT CURRENT_TIMESTAMP,
  `date_last_modified` datetime NOT NULL DEFAULT CURRENT_TIMESTAMP ON UPDATE CURRENT_TIMESTAMP
) ENGINE=InnoDB DEFAULT CHARSET=latin1;

--
-- Dumping data for table `tbl_stock_transfer`
--

INSERT INTO `tbl_stock_transfer` (`stock_transfer_id`, `reference_number`, `branch_id`, `source_warehouse_id`, `destination_warehouse_id`, `transfer_date`, `receive_date`, `remarks`, `status`, `encoded_by`, `received_by`, `date_added`, `date_last_modified`) VALUES
(1, 'STK-8-000001', 8, 13, 20, '2024-04-04', '2024-04-04', '', 'R', 32, 32, '2024-04-04 22:33:57', '2024-04-04 15:26:23');

--
-- Triggers `tbl_stock_transfer`
--
DELIMITER $$
CREATE TRIGGER `delete_stock_transfer` AFTER DELETE ON `tbl_stock_transfer` FOR EACH ROW DELETE FROM tbl_stock_transfer_details WHERE stock_transfer_id = OLD.stock_transfer_id
$$
DELIMITER ;

-- --------------------------------------------------------

--
-- Table structure for table `tbl_stock_transfer_details`
--

CREATE TABLE `tbl_stock_transfer_details` (
  `stock_transfer_detail_id` int(11) NOT NULL,
  `stock_transfer_id` int(11) NOT NULL,
  `product_id` int(11) NOT NULL,
  `transaction_id` int(11) NOT NULL,
  `sku_id` int(11) NOT NULL,
  `cost` decimal(12,5) NOT NULL,
  `price` decimal(12,5) NOT NULL,
  `packaging_id` int(11) NOT NULL,
  `quantity` decimal(12,5) NOT NULL,
  `actual_qty` decimal(12,5) NOT NULL,
  `actual_kg` decimal(12,5) NOT NULL,
  `received_qty` decimal(12,5) NOT NULL DEFAULT '0.00000',
  `status` varchar(1) NOT NULL DEFAULT 'S',
  `receive_status` varchar(1) NOT NULL,
  `date_added` datetime NOT NULL DEFAULT CURRENT_TIMESTAMP,
  `date_last_modified` datetime NOT NULL DEFAULT CURRENT_TIMESTAMP ON UPDATE CURRENT_TIMESTAMP
) ENGINE=InnoDB DEFAULT CHARSET=latin1;

--
-- Dumping data for table `tbl_stock_transfer_details`
--

INSERT INTO `tbl_stock_transfer_details` (`stock_transfer_detail_id`, `stock_transfer_id`, `product_id`, `transaction_id`, `sku_id`, `cost`, `price`, `packaging_id`, `quantity`, `actual_qty`, `actual_kg`, `received_qty`, `status`, `receive_status`, `date_added`, `date_last_modified`) VALUES
(2, 1, 1, 246, 23, '105.00000', '0.00000', 17, '50.00000', '50.00000', '50.00000', '50.00000', 'R', 'F', '2024-04-04 14:57:00', '2024-04-04 15:26:23'),
(3, 1, 2, 248, 43, '105.00000', '0.00000', 17, '50.00000', '50.00000', '50.00000', '50.00000', 'R', 'F', '2024-04-04 14:57:29', '2024-04-04 15:26:23'),
(4, 1, 3, 250, 64, '105.00000', '0.00000', 17, '50.00000', '50.00000', '50.00000', '50.00000', 'R', 'F', '2024-04-04 14:59:45', '2024-04-04 15:26:23'),
(6, 1, 1, 247, 24, '105.00000', '0.00000', 17, '50.00000', '50.00000', '50.00000', '50.00000', 'R', 'F', '2024-04-04 15:09:06', '2024-04-04 15:26:23'),
(7, 1, 2, 249, 44, '105.00000', '0.00000', 17, '50.00000', '50.00000', '50.00000', '50.00000', 'R', 'S', '2024-04-04 15:09:14', '2024-04-04 15:26:54'),
(8, 1, 3, 251, 65, '105.00000', '0.00000', 17, '50.00000', '50.00000', '50.00000', '50.00000', 'R', 'S', '2024-04-04 15:09:31', '2024-04-04 15:26:43'),
(9, 1, 6, 252, 84, '105.00000', '0.00000', 15, '50.00000', '50.00000', '57.00000', '50.00000', 'R', 'F', '2024-04-04 15:09:38', '2024-04-04 15:26:23'),
(10, 1, 6, 253, 85, '105.00000', '0.00000', 15, '50.00000', '50.00000', '57.00000', '50.00000', 'R', 'F', '2024-04-04 15:09:41', '2024-04-04 15:26:23'),
(11, 1, 7, 254, 104, '105.00000', '0.00000', 18, '50.00000', '50.00000', '12.50000', '50.00000', 'R', 'S', '2024-04-04 15:09:46', '2024-04-04 15:28:30'),
(12, 1, 7, 255, 105, '105.00000', '0.00000', 18, '50.00000', '50.00000', '12.50000', '50.00000', 'R', 'S', '2024-04-04 15:09:50', '2024-04-04 15:28:33'),
(13, 1, 11, 256, 124, '105.00000', '0.00000', 19, '50.00000', '50.00000', '10.00000', '50.00000', 'R', 'S', '2024-04-04 15:09:53', '2024-04-04 15:29:14'),
(14, 1, 11, 257, 125, '105.00000', '0.00000', 19, '50.00000', '50.00000', '10.00000', '50.00000', 'R', 'S', '2024-04-04 15:09:56', '2024-04-04 15:29:18'),
(15, 1, 13, 258, 144, '105.00000', '0.00000', 21, '50.00000', '50.00000', '57.50000', '50.00000', 'R', 'S', '2024-04-04 15:10:00', '2024-04-04 15:27:46'),
(16, 1, 13, 259, 145, '105.00000', '0.00000', 21, '50.00000', '50.00000', '57.50000', '50.00000', 'R', 'S', '2024-04-04 15:10:03', '2024-04-04 15:27:50');

--
-- Triggers `tbl_stock_transfer_details`
--
DELIMITER $$
CREATE TRIGGER `add_stock_transfer_detail` AFTER INSERT ON `tbl_stock_transfer_details` FOR EACH ROW INSERT INTO tbl_product_transactions (sku_id,product_id,packaging_id,quantity,actual_qty,header_id,detail_id,module,`type`,`served_transaction_id`,cost,price) VALUES (NEW.sku_id,NEW.product_id,NEW.packaging_id,NEW.quantity,NEW.actual_qty,NEW.stock_transfer_id,NEW.stock_transfer_detail_id,'STK','OUT',NEW.transaction_id, NEW.cost, NEW.price)
$$
DELIMITER ;
DELIMITER $$
CREATE TRIGGER `delete_stock_transfer_detail` AFTER DELETE ON `tbl_stock_transfer_details` FOR EACH ROW BEGIN 
	DELETE FROM tbl_product_transactions WHERE header_id = OLD.stock_transfer_id AND detail_id = OLD.stock_transfer_detail_id AND module = 'STK';
 END
$$
DELIMITER ;

-- --------------------------------------------------------

--
-- Table structure for table `tbl_store_sales`
--

CREATE TABLE `tbl_store_sales` (
  `store_sales_id` int(11) NOT NULL,
  `reference_number` varchar(75) NOT NULL,
  `sales_invoice` int(11) NOT NULL,
  `customer_id` int(11) NOT NULL,
  `warehouse_id` int(11) NOT NULL,
  `branch_id` int(11) NOT NULL,
  `for_pick_up` int(11) NOT NULL COMMENT '1 = Yes; 0 = No',
  `sales_type` varchar(1) NOT NULL,
  `remarks` varchar(255) NOT NULL,
  `terms` int(3) NOT NULL,
  `reward_points` decimal(6,2) NOT NULL,
  `consolidated_status` varchar(1) NOT NULL,
  `sales_date` date NOT NULL,
  `paid_status` varchar(1) NOT NULL COMMENT '1 = Paid; 0 = Unpaid',
  `withdrawal_status` int(1) NOT NULL COMMENT '0 = Fully served ; 1 = Pending',
  `status` varchar(1) NOT NULL DEFAULT 'S' COMMENT 'S = Saved; F = Finish',
  `encoded_by` int(11) NOT NULL,
  `date_added` datetime NOT NULL DEFAULT CURRENT_TIMESTAMP,
  `date_last_modified` datetime NOT NULL DEFAULT CURRENT_TIMESTAMP ON UPDATE CURRENT_TIMESTAMP
) ENGINE=InnoDB DEFAULT CHARSET=latin1;

-- --------------------------------------------------------

--
-- Table structure for table `tbl_store_sales_details`
--

CREATE TABLE `tbl_store_sales_details` (
  `store_sales_detail_id` int(11) NOT NULL,
  `store_sales_id` int(11) NOT NULL,
  `sku_id` int(11) NOT NULL,
  `product_id` int(11) NOT NULL,
  `discount_id` int(11) NOT NULL COMMENT 'Automatic Discounts',
  `discount` decimal(12,2) NOT NULL,
  `quantity` decimal(12,2) NOT NULL,
  `actual_qty` decimal(12,2) NOT NULL,
  `actual_kg` decimal(12,2) NOT NULL,
  `packaging_id` int(11) NOT NULL,
  `transaction_id` int(11) NOT NULL,
  `cost` decimal(12,2) NOT NULL,
  `price` decimal(12,2) NOT NULL,
  `status` varchar(1) NOT NULL COMMENT 'S = Saved; F = Finish',
  `date_added` datetime NOT NULL DEFAULT CURRENT_TIMESTAMP,
  `date_last_modified` datetime NOT NULL DEFAULT CURRENT_TIMESTAMP ON UPDATE CURRENT_TIMESTAMP
) ENGINE=InnoDB DEFAULT CHARSET=latin1;

-- --------------------------------------------------------

--
-- Table structure for table `tbl_suppliers`
--

CREATE TABLE `tbl_suppliers` (
  `supplier_id` int(11) NOT NULL,
  `supplier_name` varchar(100) NOT NULL,
  `supplier_address` varchar(255) NOT NULL,
  `contact_number` varchar(15) NOT NULL,
  `remarks` varchar(255) NOT NULL,
  `date_added` datetime NOT NULL DEFAULT CURRENT_TIMESTAMP,
  `date_last_modified` datetime NOT NULL DEFAULT CURRENT_TIMESTAMP ON UPDATE CURRENT_TIMESTAMP,
  `vat_registration` varchar(75) NOT NULL,
  `contact_person` varchar(100) NOT NULL,
  `branch_id` int(11) NOT NULL,
  `supplier_branch_id` int(11) NOT NULL,
  `supplier_category_id` int(11) NOT NULL,
  `supplier_reference_id` int(11) NOT NULL
) ENGINE=InnoDB DEFAULT CHARSET=latin1;

--
-- Dumping data for table `tbl_suppliers`
--

INSERT INTO `tbl_suppliers` (`supplier_id`, `supplier_name`, `supplier_address`, `contact_number`, `remarks`, `date_added`, `date_last_modified`, `vat_registration`, `contact_person`, `branch_id`, `supplier_branch_id`, `supplier_category_id`, `supplier_reference_id`) VALUES
(1, 'AMENICO FOODS CORP.', '1051 NORTHBAY BOULEVARD, SOUTH CITY OF NAVOTAS , THIRD DISTRICT, NCR  (1405)', '9468053889', '', '2024-01-16 09:57:42', '2024-01-17 10:13:48', '010-311-657-000', 'MITCH', 2, 0, 0, 0),
(2, 'ATKINS IMPORT AND EXPORT RESOURCES, INC.', 'CHICAGO ST. MIS 3 BGY. PANTOC MEYCAUAYAN CITY, BULACAN (3020)', '9759833226', '', '2024-01-16 09:59:12', '2024-01-17 10:15:10', '004451260-000', 'ATKINS', 2, 0, 0, 0),
(3, 'EVEREST COLD STORAGE INC', 'SAMBAG JARO ILOILO CITY (5000 )', '333333281', '', '2024-01-16 10:02:11', '2024-01-17 10:16:03', ' 292-443-745-00000', 'MARIBEL', 2, 0, 0, 0),
(4, 'E&S MEAT CORP.', 'ZONE 7, BRGY. SAMBAG, JARO, ILOILO CITY', '123456789', '', '2024-01-17 10:33:59', '2024-01-17 10:33:59', '438-005-388-000', 'OPERATION DEPT.', 4, 0, 0, 0),
(5, 'Frabelle Corporation', '1051 North Bay Boulevard, NBBS Proper, District 1, Navotas City', '02- 89906073', '', '2024-01-17 10:34:59', '2024-01-17 10:34:59', '007-711-253-00000', 'Silvino Devera Jr.', 3, 0, 0, 0),
(6, 'Frabelle Corporation', '1051 North Bay Boulevard, NBBS Proper, District 1, Navotas City', '02- 89906073', '', '2024-01-17 10:36:00', '2024-01-17 10:36:00', '007-711-253-00000', 'Silvino Devera Jr.', 5, 0, 0, 0),
(7, 'SAN-REY ERSI DISTRIBUTION INC., ILOILO', 'ZONE 7, BRGY. SAMBAG, JARO, ILOILO CITY', '123456789', '', '2024-01-17 10:36:47', '2024-01-17 10:36:47', '010-274-796', 'PORTIA / JENNELA', 5, 0, 0, 0),
(8, 'AMENICO FOODS CORP.', '1051 NORTHBAY BOULEVARD, SOUTH CITY OF NAVOTAS , THIRD DISTRICT, NCR  (1405)', '9468053889', '', '2024-01-17 10:38:01', '2024-01-17 10:38:01', '010-311-657-000', 'MITCH', 6, 0, 0, 0),
(9, 'ATKINS IMPORT AND EXPORT RESOURCES, INC.', 'CHICAGO ST. MIS 3 BGY. PANTOC MEYCAUAYAN CITY, BULACAN (3020)', '9759833226', '', '2024-01-17 10:38:49', '2024-01-17 10:38:49', '004451260-000', 'ATKINS', 6, 0, 0, 0),
(10, 'EVEREST COLD STORAGE INC', 'SAMBAG JARO ILOILO CITY (5000 )', '292-443-745-000', '', '2024-01-17 10:39:31', '2024-01-17 10:39:31', '292-443-745-00000', 'MARIBEL', 6, 0, 0, 0),
(11, 'E&S MEAT CORP. - HEAD OFFICE', 'ZONE 7, BRGY. SAMBAG, JARO, ILOILO CITY', '123456789', '', '2024-01-17 10:40:47', '2024-01-17 10:40:47', '438-005-388-000', 'OPERATION', 7, 0, 0, 0),
(12, 'SAN-REY ERSI DISTRIBUTION INC., ILOILO', 'ZONE 7, BRGY. SAMBAG, JARO, ILOILO CITY', '123456789', '', '2024-01-17 10:41:33', '2024-01-17 10:41:33', '010-274-796', 'OPERATION', 7, 0, 0, 0),
(13, 'MARIANING & SONS DEV. CORP.', 'BRGY. BALIUAGAN, ROXAS CITY', '0909 342 8646 ', '', '2024-01-17 10:45:04', '2024-01-17 10:45:04', '000 231 110 015', 'DENSEL IAN INDELIBLE', 8, 0, 0, 0),
(14, 'C & V FROZEN PRODUCTS', 'BRGY. ALEGRE OTON, ILOILO', '123456789', '', '2024-01-17 10:45:44', '2024-01-17 10:45:44', '123-456-678', 'BINGBING ILASIN ', 8, 0, 0, 0),
(15, 'LIM SI SALES CORP.', 'VALERIA EXTENSION, ILOILO CITY', '123456789', '', '2024-01-17 10:46:27', '2024-01-17 10:46:27', '123-456-678', 'N/A', 8, 0, 0, 0),
(16, 'E&S MEAT CORP. - HEAD OFFICE', 'ZONE 7, BRGY. SAMBAG, JARO, ILOILO CITY', '438-005-388-000', '', '2024-01-17 10:47:16', '2024-01-17 10:47:16', '438-005-388-000', 'OPERATION', 8, 0, 0, 0),
(17, 'SAN-REY ERSI DISTRIBUTION INC., ILOILO', 'ZONE 7, BRGY. SAMBAG, JARO, ILOILO CITY', '123456789', '', '2024-01-17 10:47:57', '2024-01-17 10:47:57', '010-274-796', 'OPERATION', 8, 0, 0, 0),
(18, 'SAN-REY ERSI DISTRIBUTION INC. - BACOLOD', 'DOOR 6-7 MV2V BUILD., MAGSAYSAY AVE., BRGY SINGCANG-AIRPORT, BACOLOD CITY', '09272005660', 'SAMPLE', '2024-01-20 06:10:30', '2024-03-21 14:31:50', '123-456-789', 'NIO MONTAO', 2, 0, 2, 5),
(19, 'E & S MEAT - ILOILO', 'JARO, ILOILO', '123456789', '', '2024-01-20 06:50:39', '2024-01-25 03:03:41', '123-456-789', 'JENNELA', 5, 2, 2, 0),
(20, 'SAN-REY ERSI DISTRIBUTION INC. - ILOILO', ' ', ' ', ' ', '2024-01-25 06:04:54', '2024-01-25 06:04:54', ' ', ' ', 8, 0, 2, 3),
(21, 'E & S MEAT CORPORATION - HEAD OFFICE', ' ', ' ', ' ', '2024-01-25 06:08:30', '2024-01-25 06:08:30', ' ', ' ', 8, 0, 2, 2),
(22, 'E & S MEAT CORPORATION - HEAD OFFICE', 'jaro iloilo', '123456789', '', '2024-01-25 07:46:40', '2024-01-25 07:46:40', '123-456-789', 'jennela', 5, 0, 2, 2),
(23, 'E & S MEAT CORPORATION - HEAD OFFICE', 'ILOILO', '1234679', '', '2024-02-11 10:12:52', '2024-02-11 10:12:52', '132-456-789', 'JENNELA', 3, 0, 2, 2),
(24, 'E & S MEAT CORPORATION - HEAD OFFICE', 'ILOILO', '123456789', '', '2024-02-11 10:14:15', '2024-02-11 10:14:15', '123-456-79', 'JENNELA', 4, 0, 2, 2),
(25, 'E & S MEAT CORPORATION - HEAD OFFICE', '', '', '', '2024-02-11 10:18:54', '2024-02-11 10:18:54', '123', 'JENNELA', 7, 0, 2, 2),
(26, 'E & S MEAT CORPORATION - HEAD OFFICE', 'ILOILO CITY', '09091231233', '', '2024-03-13 13:24:08', '2024-03-13 13:24:08', '123-456-789', 'JANNELA', 6, 0, 2, 2),
(27, 'FRABELLE CORPORATION', '1051 North Bay Boulevard, NBBS Proper, District 1, Navotas City', '02- 89906073', '', '2024-04-03 11:12:25', '2024-04-03 11:12:25', '007-711-253-00000', 'Silvino Devera Jr.', 2, 0, 10, 0);

-- --------------------------------------------------------

--
-- Table structure for table `tbl_supplier_categories`
--

CREATE TABLE `tbl_supplier_categories` (
  `supplier_category_id` int(11) NOT NULL,
  `supplier_category` varchar(75) NOT NULL,
  `is_preset` int(1) NOT NULL,
  `date_added` datetime NOT NULL DEFAULT CURRENT_TIMESTAMP,
  `date_last_modified` datetime NOT NULL DEFAULT CURRENT_TIMESTAMP ON UPDATE CURRENT_TIMESTAMP
) ENGINE=InnoDB DEFAULT CHARSET=latin1;

--
-- Dumping data for table `tbl_supplier_categories`
--

INSERT INTO `tbl_supplier_categories` (`supplier_category_id`, `supplier_category`, `is_preset`, `date_added`, `date_last_modified`) VALUES
(2, 'Branches', 1, '2024-01-19 06:15:58', '2024-01-25 03:03:57'),
(10, 'TRADE SUPPLIERS', 0, '2024-01-19 07:16:33', '2024-01-25 03:03:52'),
(11, 'NON-TRADE SUPPLIERS', 0, '2024-01-19 07:16:46', '2024-01-25 03:03:54');

-- --------------------------------------------------------

--
-- Table structure for table `tbl_supplier_payment`
--

CREATE TABLE `tbl_supplier_payment` (
  `sp_id` int(11) NOT NULL,
  `reference_number` varchar(50) NOT NULL,
  `payment_type` varchar(1) NOT NULL COMMENT 'C = Cash; H = Check',
  `bank_id` int(11) NOT NULL,
  `check_number` varchar(30) NOT NULL,
  `check_date` date NOT NULL,
  `supplier_id` int(11) NOT NULL,
  `payment_date` date NOT NULL,
  `remarks` varchar(255) NOT NULL,
  `status` varchar(1) NOT NULL COMMENT 'S = Saved; F = Finished',
  `encoded_by` int(11) NOT NULL,
  `due_status` int(11) NOT NULL COMMENT '0 = Pending; 1 = cleared',
  `date_added` datetime NOT NULL DEFAULT CURRENT_TIMESTAMP,
  `date_last_modified` datetime NOT NULL DEFAULT CURRENT_TIMESTAMP ON UPDATE CURRENT_TIMESTAMP,
  `branch_id` int(11) NOT NULL,
  `po_type` varchar(1) NOT NULL COMMENT 'H = Credit; P = Prepayment'
) ENGINE=InnoDB DEFAULT CHARSET=latin1;

-- --------------------------------------------------------

--
-- Table structure for table `tbl_supplier_payment_details`
--

CREATE TABLE `tbl_supplier_payment_details` (
  `spd_id` int(11) NOT NULL,
  `sp_id` int(11) NOT NULL,
  `ref_id` int(11) NOT NULL,
  `amount` decimal(12,2) NOT NULL,
  `type` varchar(2) NOT NULL COMMENT 'BB, PO'
) ENGINE=InnoDB DEFAULT CHARSET=latin1;

-- --------------------------------------------------------

--
-- Table structure for table `tbl_users`
--

CREATE TABLE `tbl_users` (
  `user_id` int(11) NOT NULL,
  `user_fullname` varchar(100) NOT NULL,
  `employee_id` int(11) NOT NULL,
  `employee_class_id` int(11) NOT NULL DEFAULT '-1',
  `user_category` varchar(2) NOT NULL COMMENT 'A=admin;AP=Accounting Personnel;SA=Sales Agent;WP=Warehouse Personnel;X=superadmin',
  `username` varchar(30) NOT NULL,
  `password` varchar(32) NOT NULL,
  `user_token` varchar(32) NOT NULL,
  `printer_address` varchar(50) NOT NULL,
  `date_added` datetime NOT NULL DEFAULT CURRENT_TIMESTAMP,
  `date_last_modified` datetime NOT NULL DEFAULT CURRENT_TIMESTAMP ON UPDATE CURRENT_TIMESTAMP,
  `supervisor_code` varchar(75) NOT NULL,
  `login_status` int(1) NOT NULL,
  `status` int(1) NOT NULL,
  `admin_code` varchar(75) NOT NULL
) ENGINE=InnoDB DEFAULT CHARSET=latin1;

--
-- Dumping data for table `tbl_users`
--

INSERT INTO `tbl_users` (`user_id`, `user_fullname`, `employee_id`, `employee_class_id`, `user_category`, `username`, `password`, `user_token`, `printer_address`, `date_added`, `date_last_modified`, `supervisor_code`, `login_status`, `status`, `admin_code`) VALUES
(1, 'Juancoder IT Solutions', 0, -2, 'X', 'admin', '4c520f9181010c9fddf4f8e31024e579', 'JkV5djYhjv6w8QvcqmctYSbOMRJb6KWp', '', '2024-01-15 09:03:01', '2024-04-02 13:25:31', '', 1, 0, ''),
(2, 'BERNARDO ROMERO JR', 2, 2, 'A', 'EXECUTIVE-Bernardo', '827ccb0eea8a706c4c34a16891f84e7b', 'ZqVem7Zl8G3jJPwJRJVQS9Fsbwlxjcuf', '', '2024-01-15 10:19:24', '2024-04-03 09:44:17', '', 1, 0, ''),
(3, 'CHRISTIAN JOMAR SALAVANTE', 6, 2, 'A', 'CHRISTIAN', '827ccb0eea8a706c4c34a16891f84e7b', 'nGRHaRo9TVZSuZfpnxXnyh5KuLJ3bg9L', '', '2024-01-17 10:23:53', '2024-04-02 13:00:25', '1234', 1, 0, '1234'),
(4, 'JEFFRED LIM', 1, 4, 'A', 'JEFFRED', '827ccb0eea8a706c4c34a16891f84e7b', 'UUOXwBj9PKuETc4u0JfBmjjcvBKtMiuW', '', '2024-01-17 10:30:56', '2024-04-02 13:24:37', '', 0, 0, ''),
(5, 'KAYE JACILDO', 7, 2, 'A', 'KAYE', '827ccb0eea8a706c4c34a16891f84e7b', 'Rb4TYKMrm39IJrHOjLlkNmBkq4prVegK', '', '2024-01-17 10:43:34', '2024-04-05 15:43:54', '', 1, 0, ''),
(10, 'christiandsp', 0, 3, 'D', 'christiandsp', '827ccb0eea8a706c4c34a16891f84e7b', '90NtrWDeKjeFqooMwpIjTLJsO7aSfVZr', '00:AA:11:BB:22:CC', '2024-01-25 08:14:33', '2024-04-03 11:48:18', '1234', 1, 0, ''),
(11, 'Juancoder IT Solutions', 0, -2, 'X', 'superadmin', '4c520f9181010c9fddf4f8e31024e579', 'wL3pXDwt5uUNxb8dODjq9SnCJ4U7pskU', '00:AA:11:BB:22:CC', '2024-02-10 07:57:37', '2024-04-03 13:56:22', '', 1, 0, ''),
(12, 'ACCOUNT RECEIVABLE - CHRISTIAN SALAVANTE', 0, -1, '', 'ARchristian', '827ccb0eea8a706c4c34a16891f84e7b', '', '', '2024-02-19 10:51:28', '2024-02-19 10:51:28', '', 0, 0, ''),
(13, 'ADMIN - CHRISTIAN SALAVANTE', 0, -1, 'A', 'ADMINchristian', '827ccb0eea8a706c4c34a16891f84e7b', '', '', '2024-02-19 10:52:05', '2024-03-11 13:14:29', '', 0, 0, ''),
(14, 'DEAN ALFRED SANSON', 0, 0, 'A', 'bossdean', '827ccb0eea8a706c4c34a16891f84e7b', 'bVQmrjY5WNoZLEkt9SeHgiFBnkh2ts0A', '', '2024-02-25 06:57:08', '2024-03-23 02:49:25', '', 0, 0, ''),
(15, 'HAZEL MAE R. SANSON', 0, 0, 'A', 'maamapple', '827ccb0eea8a706c4c34a16891f84e7b', '', '', '2024-02-25 06:57:55', '2024-03-13 06:59:19', '', 0, 0, ''),
(16, 'WILBERT VIDAD', 0, 1, 'D', 'wilbert', '827ccb0eea8a706c4c34a16891f84e7b', '7vaOz62VkZ31so42y2ptJ7WgznYU91om', '', '2024-02-26 11:41:24', '2024-04-05 15:43:30', '', 0, 0, ''),
(17, 'ROXAS STORAGE', 0, -1, '', 'ROXAS', '827ccb0eea8a706c4c34a16891f84e7b', '', '', '2024-03-08 13:23:28', '2024-03-08 13:23:28', '', 0, 0, ''),
(18, 'SUPER STORAGE', 0, -1, '', 'SUPER', '827ccb0eea8a706c4c34a16891f84e7b', '', '', '2024-03-08 13:23:52', '2024-03-08 13:23:52', '', 0, 0, ''),
(19, 'REYNALDO FERMALAN', 0, 1, 'D', 'DSP-Reynaldo', '827ccb0eea8a706c4c34a16891f84e7b', '2gsvVKsNu005h0sX0meIhN1n3tXLdgyQ', 'DC:6A:E7:41:74:34', '2024-03-09 04:18:39', '2024-04-04 12:53:53', '', 1, 0, ''),
(20, 'LENIE FUNDAL', 0, 1, '', 'LENIE', '827ccb0eea8a706c4c34a16891f84e7b', 'BJIxZVBbywszYLu4L8gKANll2yFSHWCX', '', '2024-03-17 13:25:14', '2024-03-21 13:28:31', '', 1, 0, ''),
(21, 'GAILMHAR GUTIERREZ', 0, 6, '', 'HR-Gail', '827ccb0eea8a706c4c34a16891f84e7b', 'o2ENPZD9pVOfpqpbo44bTmjqtElrebni', '', '2024-03-19 01:33:11', '2024-03-19 03:37:23', '', 0, 0, ''),
(22, 'REYMUND ANTIQUEA', 0, 1, '', 'DSP-Reymund', '827ccb0eea8a706c4c34a16891f84e7b', '', '', '2024-03-19 01:52:37', '2024-03-19 03:37:54', '', 0, 0, ''),
(23, 'JONALD FRANCISCO', 0, 1, '', 'DSP-Jonald', '827ccb0eea8a706c4c34a16891f84e7b', '', '', '2024-03-19 02:01:30', '2024-03-19 02:02:36', '', 0, 0, ''),
(24, 'MARK PAUL CERRADA', 0, 1, '', 'DSP-Mark Paul', '827ccb0eea8a706c4c34a16891f84e7b', '', '', '2024-03-19 02:02:15', '2024-03-19 02:02:43', '', 0, 0, ''),
(25, 'MARY QUEEN PARREO', 0, 8, '', 'AP-Mary Queen', '827ccb0eea8a706c4c34a16891f84e7b', '', '', '2024-03-19 03:34:43', '2024-03-19 03:45:13', '', 0, 0, ''),
(26, 'CHARLYN CIA', 0, 7, '', 'AR-Charlyn', '827ccb0eea8a706c4c34a16891f84e7b', '', '', '2024-03-19 03:35:15', '2024-03-19 03:36:06', '', 0, 0, ''),
(27, 'KENEBEK TIPLES', 0, 7, '', 'AR-Kenebek', '827ccb0eea8a706c4c34a16891f84e7b', '', '', '2024-03-19 03:35:37', '2024-03-19 03:36:30', '', 0, 0, ''),
(28, 'SHERYL SINOBEN', 0, 9, '', 'FINANCE- Sheryl', '827ccb0eea8a706c4c34a16891f84e7b', '', '', '2024-03-19 03:47:31', '2024-03-19 03:48:19', '', 0, 0, ''),
(29, 'CRISTINE CLOUIE BUFETE', 0, 10, '', 'TREASURY- Clouie', '827ccb0eea8a706c4c34a16891f84e7b', '', '', '2024-03-19 03:47:59', '2024-03-19 03:48:32', '', 0, 0, ''),
(30, 'KEVIN DELA CRUZ', 0, 1, '', 'KEVIN', '827ccb0eea8a706c4c34a16891f84e7b', 'eWlsPvgr0NXJMUHRt8Z3cBEGfZDjF4oA', '', '2024-03-24 06:11:08', '2024-03-24 06:21:31', '', 1, 0, ''),
(31, 'REYNALD PALMARES', 0, 1, '', 'DSP-Reynald', '827ccb0eea8a706c4c34a16891f84e7b', '', '', '2024-04-03 11:09:21', '2024-04-03 11:09:35', '', 0, 0, ''),
(32, 'RAQUEL S. ALEGORO', 0, 4, '', 'CHECKER-Raquel', '827ccb0eea8a706c4c34a16891f84e7b', '1midklHDxUCNCO2RmZJEZ4fGHHEcSdAW', '', '2024-04-03 11:52:48', '2024-04-04 14:42:27', '', 1, 0, ''),
(33, 'CASIER - Roxanne Amongo', 0, 11, '', 'Roxanne', '827ccb0eea8a706c4c34a16891f84e7b', 'aFF9oNFW0tST8S0lsgijclZxINieSB6y', '', '2024-04-04 15:34:00', '2024-04-04 16:18:10', '', 1, 0, '');

-- --------------------------------------------------------

--
-- Table structure for table `tbl_user_privileges`
--

CREATE TABLE `tbl_user_privileges` (
  `privilege_id` int(11) NOT NULL,
  `user_id` int(11) NOT NULL,
  `url` varchar(50) NOT NULL,
  `status` int(1) NOT NULL,
  `date_added` datetime NOT NULL DEFAULT CURRENT_TIMESTAMP,
  `date_last_modified` datetime NOT NULL DEFAULT CURRENT_TIMESTAMP ON UPDATE CURRENT_TIMESTAMP
) ENGINE=InnoDB DEFAULT CHARSET=latin1;

--
-- Dumping data for table `tbl_user_privileges`
--

INSERT INTO `tbl_user_privileges` (`privilege_id`, `user_id`, `url`, `status`, `date_added`, `date_last_modified`) VALUES
(1, 19, 'mobile-verify-qr-code', 1, '2024-04-03 11:34:11', '2024-04-03 11:34:11'),
(2, 19, 'mobile-sales', 1, '2024-04-03 11:34:11', '2024-04-03 11:34:11'),
(3, 19, 'mobile-purchase-order', 1, '2024-04-03 11:34:11', '2024-04-03 11:34:11'),
(4, 19, 'mobile-point-of-sale', 1, '2024-04-03 11:34:11', '2024-04-03 11:34:11'),
(5, 19, 'mobile-inventory', 1, '2024-04-03 11:34:11', '2024-04-03 11:34:11'),
(6, 19, 'mobile-customer-payment', 1, '2024-04-03 11:34:11', '2024-04-03 11:34:11'),
(7, 19, 'mobile-request-items', 1, '2024-04-03 11:34:11', '2024-04-03 11:34:11'),
(8, 32, 'mobile-pullouts-returns', 1, '2024-04-03 11:53:53', '2024-04-04 07:37:32'),
(9, 32, 'mobile-pullouts', 1, '2024-04-03 11:53:53', '2024-04-04 07:37:32'),
(10, 32, 'mobile-receiving-items', 1, '2024-04-03 11:53:53', '2024-04-04 07:37:32'),
(11, 32, 'mobile-receiving-items-branches', 1, '2024-04-03 11:53:53', '2024-04-04 07:37:32'),
(12, 16, 'mobile-verify-qr-code', 1, '2024-04-03 13:34:28', '2024-04-03 13:34:28'),
(13, 16, 'mobile-sales', 1, '2024-04-03 13:34:28', '2024-04-03 13:34:28'),
(14, 16, 'mobile-purchase-order', 1, '2024-04-03 13:34:28', '2024-04-03 13:34:28'),
(15, 16, 'mobile-point-of-sale', 1, '2024-04-03 13:34:28', '2024-04-03 13:34:28'),
(16, 16, 'mobile-inventory', 1, '2024-04-03 13:34:28', '2024-04-03 13:34:28'),
(17, 16, 'mobile-customer-payment', 1, '2024-04-03 13:34:28', '2024-04-03 13:34:28'),
(18, 32, 'mobile-receive-stock-transfer', 1, '2024-04-03 14:22:08', '2024-04-04 07:37:32'),
(19, 32, 'mobile-stock-transfer', 1, '2024-04-03 14:22:08', '2024-04-04 07:37:32'),
(20, 32, 'mobile-inventory-store', 1, '2024-04-03 14:51:33', '2024-04-04 07:37:32'),
(21, 32, 'mobile-inventory', 1, '2024-04-03 14:51:33', '2024-04-04 07:37:32'),
(22, 32, 'mobile-daily-production', 1, '2024-04-04 07:37:32', '2024-04-04 07:37:32'),
(23, 33, 'mobile-inventory-store', 1, '2024-04-04 15:36:19', '2024-04-04 15:54:12'),
(24, 33, 'mobile-sales-store', 1, '2024-04-04 15:36:19', '2024-04-04 15:54:12'),
(25, 33, 'mobile-point-of-sale-store', 1, '2024-04-04 15:36:19', '2024-04-04 15:54:12'),
(26, 33, 'mobile-daily-production', 1, '2024-04-04 15:54:12', '2024-04-04 15:54:12'),
(27, 33, 'mobile-customer-payment', 1, '2024-04-04 15:54:12', '2024-04-04 15:54:12');

-- --------------------------------------------------------

--
-- Table structure for table `tbl_warehouse`
--

CREATE TABLE `tbl_warehouse` (
  `warehouse_id` int(11) NOT NULL,
  `branch_id` int(11) NOT NULL,
  `warehouse_name` varchar(50) NOT NULL,
  `date_added` datetime NOT NULL DEFAULT CURRENT_TIMESTAMP,
  `date_last_modified` datetime NOT NULL DEFAULT CURRENT_TIMESTAMP ON UPDATE CURRENT_TIMESTAMP
) ENGINE=InnoDB DEFAULT CHARSET=latin1;

--
-- Dumping data for table `tbl_warehouse`
--

INSERT INTO `tbl_warehouse` (`warehouse_id`, `branch_id`, `warehouse_name`, `date_added`, `date_last_modified`) VALUES
(1, 2, 'MANILA - ICY POINT COLD STORAGE', '2024-01-15 10:32:13', '2024-01-15 10:32:13'),
(2, 2, 'CEBU - 3G LOGISTIC AND COLD STORAGE INC.', '2024-01-15 10:32:56', '2024-01-15 10:32:56'),
(3, 3, 'EVEREST COLD STORAGE INC.', '2024-01-15 10:34:50', '2024-01-15 10:34:50'),
(4, 4, 'E & S MEAT CORPORATION  - BORACAY STORAGE', '2024-01-16 03:23:46', '2024-01-16 08:42:02'),
(5, 5, 'SAN-REY ERSI DISTRIBUTION INC. - BACOLOD STORAGE', '2024-01-16 03:26:52', '2024-01-16 08:43:07'),
(6, 5, 'SAN-REY ERSI DISTRIBUTION INC. - SIKAT ARAW', '2024-01-16 03:27:17', '2024-01-16 03:27:17'),
(7, 6, 'MANILA - ICY POINT COLD STORAGE - MANILA', '2024-01-16 03:39:56', '2024-01-16 08:43:36'),
(8, 6, 'CEBU - 3G LOGISTICS AND COLD STORAGE - CEBU', '2024-01-16 03:40:20', '2024-01-16 08:43:49'),
(9, 6, 'BACOLOD - SIKAT ARAW', '2024-01-16 03:40:36', '2024-01-16 08:44:14'),
(10, 6, 'ILOILO - EVEREST COLD STORAGE INC. - ILOILO', '2024-01-16 03:40:58', '2024-01-16 08:44:28'),
(11, 6, 'BORACAY - E & S MEAT -BORACAY', '2024-01-16 03:41:14', '2024-01-16 08:45:09'),
(12, 7, 'ERSI MEAT PRODUCT - SUPER STORAGE', '2024-01-16 03:42:47', '2024-01-16 08:46:01'),
(13, 8, 'ERSI MEAT PRODUCTS ROXAS - STORAGE', '2024-01-16 03:43:42', '2024-01-16 03:43:42'),
(14, 8, 'GLACIER PANAY', '2024-01-16 03:43:57', '2024-01-16 03:43:57'),
(15, 2, 'BACOLOD - SIKAT ARAW', '2024-01-16 08:39:12', '2024-01-16 08:39:12'),
(16, 2, 'ILOILO - EVEREST COLD STORAGE INC.', '2024-01-16 08:39:33', '2024-01-16 08:39:33'),
(17, 7, 'ERSI SUPER - STORE 1 FREEZER', '2024-01-16 08:47:03', '2024-01-16 08:55:18'),
(19, 8, 'ERSI ROXAS - STORE 1 FREEZER', '2024-01-16 08:54:34', '2024-01-16 08:54:34'),
(20, 8, 'ERSI ROXAS - STORE 2 FREEZER', '2024-01-16 08:54:51', '2024-01-16 08:54:51');

--
-- Indexes for dumped tables
--

--
-- Indexes for table `tbl_agent_product_transactions`
--
ALTER TABLE `tbl_agent_product_transactions`
  ADD PRIMARY KEY (`agent_transaction_id`);

--
-- Indexes for table `tbl_agent_sales`
--
ALTER TABLE `tbl_agent_sales`
  ADD PRIMARY KEY (`agent_sales_id`);

--
-- Indexes for table `tbl_agent_sales_details`
--
ALTER TABLE `tbl_agent_sales_details`
  ADD PRIMARY KEY (`agent_sales_detail_id`);

--
-- Indexes for table `tbl_assign_branches`
--
ALTER TABLE `tbl_assign_branches`
  ADD PRIMARY KEY (`assign_id`);

--
-- Indexes for table `tbl_barcode_request`
--
ALTER TABLE `tbl_barcode_request`
  ADD PRIMARY KEY (`barcode_request_id`);

--
-- Indexes for table `tbl_beginning_balance`
--
ALTER TABLE `tbl_beginning_balance`
  ADD PRIMARY KEY (`bb_id`);

--
-- Indexes for table `tbl_branch`
--
ALTER TABLE `tbl_branch`
  ADD PRIMARY KEY (`branch_id`);

--
-- Indexes for table `tbl_chart_classification`
--
ALTER TABLE `tbl_chart_classification`
  ADD PRIMARY KEY (`chart_class_id`);

--
-- Indexes for table `tbl_chart_of_accounts`
--
ALTER TABLE `tbl_chart_of_accounts`
  ADD PRIMARY KEY (`chart_id`);

--
-- Indexes for table `tbl_consolidations`
--
ALTER TABLE `tbl_consolidations`
  ADD PRIMARY KEY (`consolidation_id`);

--
-- Indexes for table `tbl_customers`
--
ALTER TABLE `tbl_customers`
  ADD PRIMARY KEY (`customer_id`);

--
-- Indexes for table `tbl_customer_branches`
--
ALTER TABLE `tbl_customer_branches`
  ADD PRIMARY KEY (`customer_branch_id`);

--
-- Indexes for table `tbl_customer_categories`
--
ALTER TABLE `tbl_customer_categories`
  ADD PRIMARY KEY (`customer_category_id`);

--
-- Indexes for table `tbl_customer_discount`
--
ALTER TABLE `tbl_customer_discount`
  ADD PRIMARY KEY (`customer_discount_id`);

--
-- Indexes for table `tbl_customer_locations`
--
ALTER TABLE `tbl_customer_locations`
  ADD PRIMARY KEY (`customer_location_id`);

--
-- Indexes for table `tbl_customer_payment`
--
ALTER TABLE `tbl_customer_payment`
  ADD PRIMARY KEY (`cp_id`);

--
-- Indexes for table `tbl_customer_payment_details`
--
ALTER TABLE `tbl_customer_payment_details`
  ADD PRIMARY KEY (`cpd_id`);

--
-- Indexes for table `tbl_daily_production`
--
ALTER TABLE `tbl_daily_production`
  ADD PRIMARY KEY (`daily_production_id`);

--
-- Indexes for table `tbl_daily_production_details`
--
ALTER TABLE `tbl_daily_production_details`
  ADD PRIMARY KEY (`daily_production_detail_id`);

--
-- Indexes for table `tbl_daily_production_items`
--
ALTER TABLE `tbl_daily_production_items`
  ADD PRIMARY KEY (`production_item_id`);

--
-- Indexes for table `tbl_discount`
--
ALTER TABLE `tbl_discount`
  ADD PRIMARY KEY (`discount_id`);

--
-- Indexes for table `tbl_discounts`
--
ALTER TABLE `tbl_discounts`
  ADD PRIMARY KEY (`discount_id`);

--
-- Indexes for table `tbl_employee`
--
ALTER TABLE `tbl_employee`
  ADD PRIMARY KEY (`employee_id`);

--
-- Indexes for table `tbl_employee_classification`
--
ALTER TABLE `tbl_employee_classification`
  ADD PRIMARY KEY (`employee_class_id`);

--
-- Indexes for table `tbl_expenses`
--
ALTER TABLE `tbl_expenses`
  ADD PRIMARY KEY (`expense_id`);

--
-- Indexes for table `tbl_expenses_details`
--
ALTER TABLE `tbl_expenses_details`
  ADD PRIMARY KEY (`expense_detail_id`);

--
-- Indexes for table `tbl_general_parameters`
--
ALTER TABLE `tbl_general_parameters`
  ADD PRIMARY KEY (`general_parameter_id`);

--
-- Indexes for table `tbl_general_parameter_values`
--
ALTER TABLE `tbl_general_parameter_values`
  ADD PRIMARY KEY (`general_parameter_value_id`);

--
-- Indexes for table `tbl_inventory_adjustments`
--
ALTER TABLE `tbl_inventory_adjustments`
  ADD PRIMARY KEY (`adjustment_id`);

--
-- Indexes for table `tbl_inventory_adjustment_details`
--
ALTER TABLE `tbl_inventory_adjustment_details`
  ADD PRIMARY KEY (`adjustment_detail_id`);

--
-- Indexes for table `tbl_item_prices`
--
ALTER TABLE `tbl_item_prices`
  ADD PRIMARY KEY (`item_prices_id`);

--
-- Indexes for table `tbl_journals`
--
ALTER TABLE `tbl_journals`
  ADD PRIMARY KEY (`journal_id`);

--
-- Indexes for table `tbl_journal_entries`
--
ALTER TABLE `tbl_journal_entries`
  ADD PRIMARY KEY (`journal_entry_id`);

--
-- Indexes for table `tbl_journal_entry_details`
--
ALTER TABLE `tbl_journal_entry_details`
  ADD PRIMARY KEY (`journal_entry_detail_id`);

--
-- Indexes for table `tbl_notifications`
--
ALTER TABLE `tbl_notifications`
  ADD PRIMARY KEY (`notification_id`);

--
-- Indexes for table `tbl_packaging`
--
ALTER TABLE `tbl_packaging`
  ADD PRIMARY KEY (`packaging_id`);

--
-- Indexes for table `tbl_payment_option`
--
ALTER TABLE `tbl_payment_option`
  ADD PRIMARY KEY (`payment_option_id`);

--
-- Indexes for table `tbl_price_group`
--
ALTER TABLE `tbl_price_group`
  ADD PRIMARY KEY (`price_group_id`);

--
-- Indexes for table `tbl_price_notice`
--
ALTER TABLE `tbl_price_notice`
  ADD PRIMARY KEY (`price_id`);

--
-- Indexes for table `tbl_price_notice_details`
--
ALTER TABLE `tbl_price_notice_details`
  ADD PRIMARY KEY (`price_detail_id`);

--
-- Indexes for table `tbl_products`
--
ALTER TABLE `tbl_products`
  ADD PRIMARY KEY (`product_id`);

--
-- Indexes for table `tbl_product_brand`
--
ALTER TABLE `tbl_product_brand`
  ADD PRIMARY KEY (`product_brand_id`);

--
-- Indexes for table `tbl_product_categories`
--
ALTER TABLE `tbl_product_categories`
  ADD PRIMARY KEY (`product_category_id`);

--
-- Indexes for table `tbl_product_prices`
--
ALTER TABLE `tbl_product_prices`
  ADD PRIMARY KEY (`prod_price_id`);

--
-- Indexes for table `tbl_product_skus`
--
ALTER TABLE `tbl_product_skus`
  ADD PRIMARY KEY (`sku_id`);

--
-- Indexes for table `tbl_product_transactions`
--
ALTER TABLE `tbl_product_transactions`
  ADD PRIMARY KEY (`transaction_id`);

--
-- Indexes for table `tbl_pullout`
--
ALTER TABLE `tbl_pullout`
  ADD PRIMARY KEY (`pullout_id`);

--
-- Indexes for table `tbl_pullout_details`
--
ALTER TABLE `tbl_pullout_details`
  ADD PRIMARY KEY (`pullout_detail_id`);

--
-- Indexes for table `tbl_pullout_return`
--
ALTER TABLE `tbl_pullout_return`
  ADD PRIMARY KEY (`pullout_return_id`);

--
-- Indexes for table `tbl_pullout_return_details`
--
ALTER TABLE `tbl_pullout_return_details`
  ADD PRIMARY KEY (`pullout_return_detail_id`);

--
-- Indexes for table `tbl_purchase_order`
--
ALTER TABLE `tbl_purchase_order`
  ADD PRIMARY KEY (`po_id`);

--
-- Indexes for table `tbl_purchase_order_details`
--
ALTER TABLE `tbl_purchase_order_details`
  ADD PRIMARY KEY (`po_detail_id`);

--
-- Indexes for table `tbl_receiving`
--
ALTER TABLE `tbl_receiving`
  ADD PRIMARY KEY (`rr_id`);

--
-- Indexes for table `tbl_receiving_details`
--
ALTER TABLE `tbl_receiving_details`
  ADD PRIMARY KEY (`rr_detail_id`);

--
-- Indexes for table `tbl_requisition`
--
ALTER TABLE `tbl_requisition`
  ADD PRIMARY KEY (`request_id`);

--
-- Indexes for table `tbl_requisition_details`
--
ALTER TABLE `tbl_requisition_details`
  ADD PRIMARY KEY (`request_detail_id`);

--
-- Indexes for table `tbl_sales`
--
ALTER TABLE `tbl_sales`
  ADD PRIMARY KEY (`sales_id`);

--
-- Indexes for table `tbl_sales_details`
--
ALTER TABLE `tbl_sales_details`
  ADD PRIMARY KEY (`sales_detail_id`);

--
-- Indexes for table `tbl_sales_return`
--
ALTER TABLE `tbl_sales_return`
  ADD PRIMARY KEY (`sales_return_id`);

--
-- Indexes for table `tbl_sales_return_details`
--
ALTER TABLE `tbl_sales_return_details`
  ADD PRIMARY KEY (`return_detail_id`);

--
-- Indexes for table `tbl_sales_summary`
--
ALTER TABLE `tbl_sales_summary`
  ADD PRIMARY KEY (`sales_summary_id`);

--
-- Indexes for table `tbl_segment`
--
ALTER TABLE `tbl_segment`
  ADD PRIMARY KEY (`segment_id`);

--
-- Indexes for table `tbl_settings`
--
ALTER TABLE `tbl_settings`
  ADD PRIMARY KEY (`settings_id`);

--
-- Indexes for table `tbl_stock_alert`
--
ALTER TABLE `tbl_stock_alert`
  ADD PRIMARY KEY (`stock_alert_id`);

--
-- Indexes for table `tbl_stock_transfer`
--
ALTER TABLE `tbl_stock_transfer`
  ADD PRIMARY KEY (`stock_transfer_id`);

--
-- Indexes for table `tbl_stock_transfer_details`
--
ALTER TABLE `tbl_stock_transfer_details`
  ADD PRIMARY KEY (`stock_transfer_detail_id`);

--
-- Indexes for table `tbl_store_sales`
--
ALTER TABLE `tbl_store_sales`
  ADD PRIMARY KEY (`store_sales_id`);

--
-- Indexes for table `tbl_store_sales_details`
--
ALTER TABLE `tbl_store_sales_details`
  ADD PRIMARY KEY (`store_sales_detail_id`);

--
-- Indexes for table `tbl_suppliers`
--
ALTER TABLE `tbl_suppliers`
  ADD PRIMARY KEY (`supplier_id`);

--
-- Indexes for table `tbl_supplier_categories`
--
ALTER TABLE `tbl_supplier_categories`
  ADD PRIMARY KEY (`supplier_category_id`);

--
-- Indexes for table `tbl_supplier_payment`
--
ALTER TABLE `tbl_supplier_payment`
  ADD PRIMARY KEY (`sp_id`);

--
-- Indexes for table `tbl_supplier_payment_details`
--
ALTER TABLE `tbl_supplier_payment_details`
  ADD PRIMARY KEY (`spd_id`);

--
-- Indexes for table `tbl_users`
--
ALTER TABLE `tbl_users`
  ADD PRIMARY KEY (`user_id`);

--
-- Indexes for table `tbl_user_privileges`
--
ALTER TABLE `tbl_user_privileges`
  ADD PRIMARY KEY (`privilege_id`);

--
-- Indexes for table `tbl_warehouse`
--
ALTER TABLE `tbl_warehouse`
  ADD PRIMARY KEY (`warehouse_id`);

--
-- AUTO_INCREMENT for dumped tables
--

--
-- AUTO_INCREMENT for table `tbl_agent_product_transactions`
--
ALTER TABLE `tbl_agent_product_transactions`
  MODIFY `agent_transaction_id` int(11) NOT NULL AUTO_INCREMENT, AUTO_INCREMENT=15;

--
-- AUTO_INCREMENT for table `tbl_agent_sales`
--
ALTER TABLE `tbl_agent_sales`
  MODIFY `agent_sales_id` int(11) NOT NULL AUTO_INCREMENT;

--
-- AUTO_INCREMENT for table `tbl_agent_sales_details`
--
ALTER TABLE `tbl_agent_sales_details`
  MODIFY `agent_sales_detail_id` int(11) NOT NULL AUTO_INCREMENT;

--
-- AUTO_INCREMENT for table `tbl_assign_branches`
--
ALTER TABLE `tbl_assign_branches`
  MODIFY `assign_id` int(11) NOT NULL AUTO_INCREMENT, AUTO_INCREMENT=15;

--
-- AUTO_INCREMENT for table `tbl_barcode_request`
--
ALTER TABLE `tbl_barcode_request`
  MODIFY `barcode_request_id` int(11) NOT NULL AUTO_INCREMENT, AUTO_INCREMENT=22;

--
-- AUTO_INCREMENT for table `tbl_beginning_balance`
--
ALTER TABLE `tbl_beginning_balance`
  MODIFY `bb_id` int(11) NOT NULL AUTO_INCREMENT;

--
-- AUTO_INCREMENT for table `tbl_branch`
--
ALTER TABLE `tbl_branch`
  MODIFY `branch_id` int(11) NOT NULL AUTO_INCREMENT, AUTO_INCREMENT=9;

--
-- AUTO_INCREMENT for table `tbl_chart_classification`
--
ALTER TABLE `tbl_chart_classification`
  MODIFY `chart_class_id` int(11) NOT NULL AUTO_INCREMENT, AUTO_INCREMENT=10;

--
-- AUTO_INCREMENT for table `tbl_chart_of_accounts`
--
ALTER TABLE `tbl_chart_of_accounts`
  MODIFY `chart_id` int(11) NOT NULL AUTO_INCREMENT, AUTO_INCREMENT=21;

--
-- AUTO_INCREMENT for table `tbl_consolidations`
--
ALTER TABLE `tbl_consolidations`
  MODIFY `consolidation_id` int(11) NOT NULL AUTO_INCREMENT, AUTO_INCREMENT=2;

--
-- AUTO_INCREMENT for table `tbl_customers`
--
ALTER TABLE `tbl_customers`
  MODIFY `customer_id` int(11) NOT NULL AUTO_INCREMENT, AUTO_INCREMENT=14;

--
-- AUTO_INCREMENT for table `tbl_customer_branches`
--
ALTER TABLE `tbl_customer_branches`
  MODIFY `customer_branch_id` int(11) NOT NULL AUTO_INCREMENT, AUTO_INCREMENT=15;

--
-- AUTO_INCREMENT for table `tbl_customer_categories`
--
ALTER TABLE `tbl_customer_categories`
  MODIFY `customer_category_id` int(11) NOT NULL AUTO_INCREMENT, AUTO_INCREMENT=7;

--
-- AUTO_INCREMENT for table `tbl_customer_discount`
--
ALTER TABLE `tbl_customer_discount`
  MODIFY `customer_discount_id` int(11) NOT NULL AUTO_INCREMENT, AUTO_INCREMENT=4;

--
-- AUTO_INCREMENT for table `tbl_customer_locations`
--
ALTER TABLE `tbl_customer_locations`
  MODIFY `customer_location_id` int(11) NOT NULL AUTO_INCREMENT, AUTO_INCREMENT=3;

--
-- AUTO_INCREMENT for table `tbl_customer_payment`
--
ALTER TABLE `tbl_customer_payment`
  MODIFY `cp_id` int(11) NOT NULL AUTO_INCREMENT;

--
-- AUTO_INCREMENT for table `tbl_customer_payment_details`
--
ALTER TABLE `tbl_customer_payment_details`
  MODIFY `cpd_id` int(11) NOT NULL AUTO_INCREMENT;

--
-- AUTO_INCREMENT for table `tbl_daily_production`
--
ALTER TABLE `tbl_daily_production`
  MODIFY `daily_production_id` int(11) NOT NULL AUTO_INCREMENT, AUTO_INCREMENT=4;

--
-- AUTO_INCREMENT for table `tbl_daily_production_details`
--
ALTER TABLE `tbl_daily_production_details`
  MODIFY `daily_production_detail_id` int(11) NOT NULL AUTO_INCREMENT, AUTO_INCREMENT=5;

--
-- AUTO_INCREMENT for table `tbl_daily_production_items`
--
ALTER TABLE `tbl_daily_production_items`
  MODIFY `production_item_id` int(11) NOT NULL AUTO_INCREMENT, AUTO_INCREMENT=14;

--
-- AUTO_INCREMENT for table `tbl_discount`
--
ALTER TABLE `tbl_discount`
  MODIFY `discount_id` int(11) NOT NULL AUTO_INCREMENT, AUTO_INCREMENT=7;

--
-- AUTO_INCREMENT for table `tbl_discounts`
--
ALTER TABLE `tbl_discounts`
  MODIFY `discount_id` int(11) NOT NULL AUTO_INCREMENT;

--
-- AUTO_INCREMENT for table `tbl_employee`
--
ALTER TABLE `tbl_employee`
  MODIFY `employee_id` int(11) NOT NULL AUTO_INCREMENT, AUTO_INCREMENT=34;

--
-- AUTO_INCREMENT for table `tbl_employee_classification`
--
ALTER TABLE `tbl_employee_classification`
  MODIFY `employee_class_id` int(11) NOT NULL AUTO_INCREMENT, AUTO_INCREMENT=12;

--
-- AUTO_INCREMENT for table `tbl_expenses`
--
ALTER TABLE `tbl_expenses`
  MODIFY `expense_id` int(11) NOT NULL AUTO_INCREMENT;

--
-- AUTO_INCREMENT for table `tbl_expenses_details`
--
ALTER TABLE `tbl_expenses_details`
  MODIFY `expense_detail_id` int(11) NOT NULL AUTO_INCREMENT;

--
-- AUTO_INCREMENT for table `tbl_general_parameters`
--
ALTER TABLE `tbl_general_parameters`
  MODIFY `general_parameter_id` int(11) NOT NULL AUTO_INCREMENT;

--
-- AUTO_INCREMENT for table `tbl_general_parameter_values`
--
ALTER TABLE `tbl_general_parameter_values`
  MODIFY `general_parameter_value_id` int(11) NOT NULL AUTO_INCREMENT;

--
-- AUTO_INCREMENT for table `tbl_inventory_adjustments`
--
ALTER TABLE `tbl_inventory_adjustments`
  MODIFY `adjustment_id` int(11) NOT NULL AUTO_INCREMENT;

--
-- AUTO_INCREMENT for table `tbl_inventory_adjustment_details`
--
ALTER TABLE `tbl_inventory_adjustment_details`
  MODIFY `adjustment_detail_id` int(11) NOT NULL AUTO_INCREMENT;

--
-- AUTO_INCREMENT for table `tbl_item_prices`
--
ALTER TABLE `tbl_item_prices`
  MODIFY `item_prices_id` int(11) NOT NULL AUTO_INCREMENT;

--
-- AUTO_INCREMENT for table `tbl_journals`
--
ALTER TABLE `tbl_journals`
  MODIFY `journal_id` int(11) NOT NULL AUTO_INCREMENT, AUTO_INCREMENT=8;

--
-- AUTO_INCREMENT for table `tbl_journal_entries`
--
ALTER TABLE `tbl_journal_entries`
  MODIFY `journal_entry_id` int(11) NOT NULL AUTO_INCREMENT;

--
-- AUTO_INCREMENT for table `tbl_journal_entry_details`
--
ALTER TABLE `tbl_journal_entry_details`
  MODIFY `journal_entry_detail_id` int(11) NOT NULL AUTO_INCREMENT;

--
-- AUTO_INCREMENT for table `tbl_notifications`
--
ALTER TABLE `tbl_notifications`
  MODIFY `notification_id` int(11) NOT NULL AUTO_INCREMENT, AUTO_INCREMENT=8;

--
-- AUTO_INCREMENT for table `tbl_packaging`
--
ALTER TABLE `tbl_packaging`
  MODIFY `packaging_id` int(11) NOT NULL AUTO_INCREMENT, AUTO_INCREMENT=23;

--
-- AUTO_INCREMENT for table `tbl_payment_option`
--
ALTER TABLE `tbl_payment_option`
  MODIFY `payment_option_id` int(11) NOT NULL AUTO_INCREMENT;

--
-- AUTO_INCREMENT for table `tbl_price_group`
--
ALTER TABLE `tbl_price_group`
  MODIFY `price_group_id` int(11) NOT NULL AUTO_INCREMENT, AUTO_INCREMENT=3;

--
-- AUTO_INCREMENT for table `tbl_price_notice`
--
ALTER TABLE `tbl_price_notice`
  MODIFY `price_id` int(11) NOT NULL AUTO_INCREMENT;

--
-- AUTO_INCREMENT for table `tbl_price_notice_details`
--
ALTER TABLE `tbl_price_notice_details`
  MODIFY `price_detail_id` int(11) NOT NULL AUTO_INCREMENT;

--
-- AUTO_INCREMENT for table `tbl_products`
--
ALTER TABLE `tbl_products`
  MODIFY `product_id` int(11) NOT NULL AUTO_INCREMENT, AUTO_INCREMENT=25;

--
-- AUTO_INCREMENT for table `tbl_product_brand`
--
ALTER TABLE `tbl_product_brand`
  MODIFY `product_brand_id` int(11) NOT NULL AUTO_INCREMENT, AUTO_INCREMENT=16;

--
-- AUTO_INCREMENT for table `tbl_product_categories`
--
ALTER TABLE `tbl_product_categories`
  MODIFY `product_category_id` int(11) NOT NULL AUTO_INCREMENT, AUTO_INCREMENT=4;

--
-- AUTO_INCREMENT for table `tbl_product_prices`
--
ALTER TABLE `tbl_product_prices`
  MODIFY `prod_price_id` int(11) NOT NULL AUTO_INCREMENT, AUTO_INCREMENT=148;

--
-- AUTO_INCREMENT for table `tbl_product_skus`
--
ALTER TABLE `tbl_product_skus`
  MODIFY `sku_id` int(11) NOT NULL AUTO_INCREMENT, AUTO_INCREMENT=164;

--
-- AUTO_INCREMENT for table `tbl_product_transactions`
--
ALTER TABLE `tbl_product_transactions`
  MODIFY `transaction_id` int(11) NOT NULL AUTO_INCREMENT, AUTO_INCREMENT=300;

--
-- AUTO_INCREMENT for table `tbl_pullout`
--
ALTER TABLE `tbl_pullout`
  MODIFY `pullout_id` int(11) NOT NULL AUTO_INCREMENT, AUTO_INCREMENT=4;

--
-- AUTO_INCREMENT for table `tbl_pullout_details`
--
ALTER TABLE `tbl_pullout_details`
  MODIFY `pullout_detail_id` int(11) NOT NULL AUTO_INCREMENT, AUTO_INCREMENT=43;

--
-- AUTO_INCREMENT for table `tbl_pullout_return`
--
ALTER TABLE `tbl_pullout_return`
  MODIFY `pullout_return_id` int(11) NOT NULL AUTO_INCREMENT;

--
-- AUTO_INCREMENT for table `tbl_pullout_return_details`
--
ALTER TABLE `tbl_pullout_return_details`
  MODIFY `pullout_return_detail_id` int(11) NOT NULL AUTO_INCREMENT;

--
-- AUTO_INCREMENT for table `tbl_purchase_order`
--
ALTER TABLE `tbl_purchase_order`
  MODIFY `po_id` int(11) NOT NULL AUTO_INCREMENT, AUTO_INCREMENT=5;

--
-- AUTO_INCREMENT for table `tbl_purchase_order_details`
--
ALTER TABLE `tbl_purchase_order_details`
  MODIFY `po_detail_id` int(11) NOT NULL AUTO_INCREMENT, AUTO_INCREMENT=29;

--
-- AUTO_INCREMENT for table `tbl_receiving`
--
ALTER TABLE `tbl_receiving`
  MODIFY `rr_id` int(11) NOT NULL AUTO_INCREMENT, AUTO_INCREMENT=4;

--
-- AUTO_INCREMENT for table `tbl_receiving_details`
--
ALTER TABLE `tbl_receiving_details`
  MODIFY `rr_detail_id` int(11) NOT NULL AUTO_INCREMENT, AUTO_INCREMENT=190;

--
-- AUTO_INCREMENT for table `tbl_requisition`
--
ALTER TABLE `tbl_requisition`
  MODIFY `request_id` int(11) NOT NULL AUTO_INCREMENT, AUTO_INCREMENT=11;

--
-- AUTO_INCREMENT for table `tbl_requisition_details`
--
ALTER TABLE `tbl_requisition_details`
  MODIFY `request_detail_id` int(11) NOT NULL AUTO_INCREMENT, AUTO_INCREMENT=73;

--
-- AUTO_INCREMENT for table `tbl_sales`
--
ALTER TABLE `tbl_sales`
  MODIFY `sales_id` int(11) NOT NULL AUTO_INCREMENT, AUTO_INCREMENT=3;

--
-- AUTO_INCREMENT for table `tbl_sales_details`
--
ALTER TABLE `tbl_sales_details`
  MODIFY `sales_detail_id` int(11) NOT NULL AUTO_INCREMENT, AUTO_INCREMENT=29;

--
-- AUTO_INCREMENT for table `tbl_sales_return`
--
ALTER TABLE `tbl_sales_return`
  MODIFY `sales_return_id` int(11) NOT NULL AUTO_INCREMENT;

--
-- AUTO_INCREMENT for table `tbl_sales_return_details`
--
ALTER TABLE `tbl_sales_return_details`
  MODIFY `return_detail_id` int(11) NOT NULL AUTO_INCREMENT;

--
-- AUTO_INCREMENT for table `tbl_sales_summary`
--
ALTER TABLE `tbl_sales_summary`
  MODIFY `sales_summary_id` int(11) NOT NULL AUTO_INCREMENT;

--
-- AUTO_INCREMENT for table `tbl_segment`
--
ALTER TABLE `tbl_segment`
  MODIFY `segment_id` int(11) NOT NULL AUTO_INCREMENT;

--
-- AUTO_INCREMENT for table `tbl_settings`
--
ALTER TABLE `tbl_settings`
  MODIFY `settings_id` int(11) NOT NULL AUTO_INCREMENT, AUTO_INCREMENT=2;

--
-- AUTO_INCREMENT for table `tbl_stock_alert`
--
ALTER TABLE `tbl_stock_alert`
  MODIFY `stock_alert_id` int(11) NOT NULL AUTO_INCREMENT, AUTO_INCREMENT=15;

--
-- AUTO_INCREMENT for table `tbl_stock_transfer`
--
ALTER TABLE `tbl_stock_transfer`
  MODIFY `stock_transfer_id` int(11) NOT NULL AUTO_INCREMENT, AUTO_INCREMENT=2;

--
-- AUTO_INCREMENT for table `tbl_stock_transfer_details`
--
ALTER TABLE `tbl_stock_transfer_details`
  MODIFY `stock_transfer_detail_id` int(11) NOT NULL AUTO_INCREMENT, AUTO_INCREMENT=17;

--
-- AUTO_INCREMENT for table `tbl_store_sales`
--
ALTER TABLE `tbl_store_sales`
  MODIFY `store_sales_id` int(11) NOT NULL AUTO_INCREMENT;

--
-- AUTO_INCREMENT for table `tbl_store_sales_details`
--
ALTER TABLE `tbl_store_sales_details`
  MODIFY `store_sales_detail_id` int(11) NOT NULL AUTO_INCREMENT;

--
-- AUTO_INCREMENT for table `tbl_suppliers`
--
ALTER TABLE `tbl_suppliers`
  MODIFY `supplier_id` int(11) NOT NULL AUTO_INCREMENT, AUTO_INCREMENT=28;

--
-- AUTO_INCREMENT for table `tbl_supplier_categories`
--
ALTER TABLE `tbl_supplier_categories`
  MODIFY `supplier_category_id` int(11) NOT NULL AUTO_INCREMENT, AUTO_INCREMENT=12;

--
-- AUTO_INCREMENT for table `tbl_supplier_payment`
--
ALTER TABLE `tbl_supplier_payment`
  MODIFY `sp_id` int(11) NOT NULL AUTO_INCREMENT;

--
-- AUTO_INCREMENT for table `tbl_supplier_payment_details`
--
ALTER TABLE `tbl_supplier_payment_details`
  MODIFY `spd_id` int(11) NOT NULL AUTO_INCREMENT;

--
-- AUTO_INCREMENT for table `tbl_users`
--
ALTER TABLE `tbl_users`
  MODIFY `user_id` int(11) NOT NULL AUTO_INCREMENT, AUTO_INCREMENT=34;

--
-- AUTO_INCREMENT for table `tbl_user_privileges`
--
ALTER TABLE `tbl_user_privileges`
  MODIFY `privilege_id` int(11) NOT NULL AUTO_INCREMENT, AUTO_INCREMENT=28;

--
-- AUTO_INCREMENT for table `tbl_warehouse`
--
ALTER TABLE `tbl_warehouse`
  MODIFY `warehouse_id` int(11) NOT NULL AUTO_INCREMENT, AUTO_INCREMENT=21;
COMMIT;

/*!40101 SET CHARACTER_SET_CLIENT=@OLD_CHARACTER_SET_CLIENT */;
/*!40101 SET CHARACTER_SET_RESULTS=@OLD_CHARACTER_SET_RESULTS */;
/*!40101 SET COLLATION_CONNECTION=@OLD_COLLATION_CONNECTION */;
